source,reference_1,n_references,identity,zeroshot_gemma3,zeroshot_qwen3,zeroshot_deepseek,ft_gemma3,ft_qwen3,ft_deepseek
Intervention for obese adolescents should be focused on developing healthy eating and exercise habits rather than on losing a specific amount of weight.,The treatment of adolescent obesity is focused on developing healthy eating and exercise habits rather than on losing a specific amount of weight.,1,Intervention for obese adolescents should be focused on developing healthy eating and exercise habits rather than on losing a specific amount of weight.,"Okay, here are a few options for rewriting that sentence, aiming for clarity and natural English flow while preserving the core message:

**Option 1 (More Detailed - Good for Beginners):**

""It’s important to help teenagers who are overweight to teach them how to eat healthier and get active regularly.  Instead of focusing solely on making them lose a certain amount of weight, we should prioritize teaching them good habits like eating nutritious foods and doing physical activity.""

**Option 2 (Slightly Shorter & More Direct):**

""Rather than trying to make them lose weight directly, it's better to encourage teenagers to develop healthy eating habits and start exercising. ”

**Option 3 (Breaking it Down – For Easier Processing):**

“Helping teenagers who are overweight is best done by encouraging them to eat well and be more active.  Don’t focus *only* on making them lose weight; instead, teach them about healthy food choices and regular exercise.”

---

**Why these changes work:**

* **Simpler Vocabulary:** Words like ""intervention,"" ""developing,"" ""focusing on,"" and ""losing"" were replaced with more common alternatives.
* **Paraphrasing:** I rephrased the original","The best way to help obese teens is to focus on helping them eat healthier and get more exercise, instead of trying to lose a specific amount of weight.",The intervention for obese adolescents should focus on developing healthy eating and exercise habits rather than on losing a specific amount of weight.,"For obese teenagers, intervention should focus on helping them develop healthy eating habits and exercise habits rather than trying to get them to lose weight.","For children who are overweight or obese, intervention is usually based on developing healthy eating and physical activity habits instead of trying to lose a specific amount of weight.",The intervention for obesity should focus on developing healthy eating and exercise habits rather than on losing a specific amount of weight.
"The liver may be enlarged, hard, or tender; massive hepatomegaly with easily palpable nodules signifies advanced disease.","Typically, the liver is enlarged and hard. It may feel tender and often lumpy.",1,"The liver may be enlarged, hard, or tender; massive hepatomegaly with easily palpable nodules signifies advanced disease.","Okay, here's a rewritten version of that complex sentence, aiming for clarity for someone who’s learning English and potentially unfamiliar with medical terminology:

**Option 1 (More Detailed - Good for Understanding):**

“Your liver might appear larger than usual – it could be hard or soft.  Specifically, if you see many small lumps called ‘nodules’ all over your liver, this could indicate that there’s a serious problem going on. This is often called ‘massive hepatomegaly,’ which means your liver has grown significantly and feels very firm.”

**Option 2 (Slightly Shorter & More Direct):**

“When your liver appears large, hard, or soft, it might be a sign of a serious illness.  Often, this is called ‘massive hepatomegaly’, where there are many noticeable lumps throughout your liver, suggesting a significant problem.”


**Here’s a breakdown of why these changes were made:**

*   **""The liver may be enlarged, hard, or tender""**: Replaced with ""Your liver might appear larger than usual – it could be hard or soft."" This uses more common language and explains the possible symptoms.
*   **""Massive hepatomegaly with easily palpable nodules","The liver might be swollen, firm, or painful; large swelling with noticeable lumps suggests serious illness.","I need to help the user rewrite a complex sentence for better understanding. Let me first read the instructions carefully. They want the rewritten sentence to be simpler for non-native speakers, which means I should replace complex terms with more straightforward language, possibly split longer sentences if needed, and ensure the grammar remains correct while preserving the original meaning.

Looking at the input sentence: ""The liver may be enlarged, hard, or tender; massive hepatomegaly with easily palpable nodules signifies advanced disease."" This seems to describe a liver condition where there are enlargement issues, possibly indicating different types of enlargement, and also mentions hepatomegaly, which might refer to a larger organ, along with some nodules that could signify something else.

First, let's break down the sentence into parts. The first part talks about the liver being enlarged, hard, or tender. The second part discusses hepatomegaly and nodules. So, perhaps combining these two points would make the sentence clearer.

Alternatively, maybe rephrasing each part separately to make them simpler. For example, instead of saying ""enlarged, hard, or tender,"" we could say ""enlarged"" since the other options are less important or redundant.

Similarly, ""massive hepatomegaly"" might","If the liver is enlarged, hard, or tender; if there are many large nodules that can be felt; If the nodules are easily palpable, this indicates advanced disease.","If the cirrhosis is severe enough, the liver becomes too big and painful to feel.","If the liver has been damaged, it may become swollen, hard, or soft. If there are large masses in the liver, they indicate advanced disease."
"Frequency, urgency, and nocturia are due to incomplete emptying and rapid refilling of the bladder. Decreased size and force of the urinary stream cause hesitancy and intermittency. Pain and dysuria are usually not present. Sensations of incomplete emptying, terminal dribbling, overflow incontinence, or complete urinary retention may ensue.","At first, men may have difficulty starting urination. Urination may also feel incomplete. Because the bladder does not empty completely, men have to urinate more frequently, often at night (nocturia).",1,"Frequency, urgency, and nocturia are due to incomplete emptying and rapid refilling of the bladder. Decreased size and force of the urinary stream cause hesitancy and intermittency. Pain and dysuria are usually not present. Sensations of incomplete emptying, terminal dribbling, overflow incontinence, or complete urinary retention may ensue.","Okay, here's a rewritten version of that complex sentence, aiming for clarity for an English speaker unfamiliar with medical terminology and nuanced phrasing:

**""Several factors are causing problems right now – frequency, a sudden need to urinate, and feeling like you’re having trouble emptying your bladder.  The bladder is shrinking and flowing faster than usual, which makes it hard to go to the bathroom. Sometimes there’s no pain or discomfort, but other times you might feel like you’re losing control of your urine flow – it could be leaking or overflowing.  It’s possible that your bladder isn’t getting emptied completely, or you’re experiencing a sudden urge to pee, or you’ve had a problem with holding your urine.”**

Here’s a breakdown of *why* I made these changes and what they achieve:

*   **Complex Words Replaced:** ""Frequency,"" ""urgency,"" ""nocturia,"" ""incomplete emptying,"" ""rapid refilling,"" ""decreased size and force,"" ""hesitancy,"" ""intermittency,"" ""pain and dysuria,"" ""sensations of incomplete emptying,"" ""terminal dribbling,"" ""overflow incontinence,"" and ""complete urinary retention"" were all replaced with more common and understandable terms","Frequency, urgency, and nocturia are caused by the bladder not emptying completely and filling quickly. A weaker and shorter urine stream leads to delays and repeated attempts to start urinating. Pain and difficulty urinating aren't common. People might feel that their bladder isn't emptying fully, have small drops of urine, or have trouble getting all the urine out. They might also have trouble passing all the urine, which can happen when the bladder doesn't empty completely.","The frequency, urgency, and nocturination are caused by insufficient emptying and rapid filling of the bladder. A smaller size and increased force of the urine lead to hesitation and inconsistency. Pain and dysuria are typically absent. In cases where there's incomplete emptying, terminal dribbling, or overflows, or complete retention of urine, these symptoms might occur.

---

I need to figure out how to approach this problem step-by-step. Let me start by understanding what the user is asking for.

First, the user provided an instruction to rewrite a complex sentence for better understanding. They also included an example response which shows how they broke down the sentence. So, my goal is to follow similar steps but ensure I correctly apply them to the given input.

Let me look at the input again:

""Frequency, urgency, and nocturia are due to incomplete emptying and rapid refilling of the bladder. Decreased size and force of the urinary stream cause hesitancy and intermittency. Pain and dysuria are usually not present. Sensations of incomplete emptying, terminal dribbling, overflow incontinence, or complete urinary retention may ensue.""

And the example response was:

""The frequency, urgency, and nocturination are caused by insufficient emptying and rapid filling of","The frequency, urgency, and nocturia are due to incomplete emptying and rapid refilling of the bladder. Decreased size and force of the urinary stream causes hesitancy and intermittent flow. Pain and dysuria are usually absent. Sensations of incomplete emptying, terminal dribbling, overflow incontinence, or complete urinary retention may result.","The symptoms include frequent urination, an urgent need to urinate, and painful urination. A sensation that the bladder is full even when little urine has been voided; intermittent leakage of small amounts of urine at bedtime; and sometimes total inability to urinate occur.","If the bladder is too small, water will accumulate inside the bladder when urine comes out. This causes pain and difficulty passing urine. If the bladder is full, water accumulates outside the bladder, causing overflow."
Desmopressin,"Sometimes, the drug desmopressin",1,Desmopressin,"Okay, here's a rewritten version of “Desmopressin” aiming for clarity for someone unfamiliar with the scientific term, along with explanations of why I made the changes:

**Option 1 (More Detailed - Good for general understanding):**

“Desmopressin is a naturally occurring chemical compound found in the brains of prairie dogs. It’s known for its ability to help regulate dopamine levels – a neurotransmitter that plays a crucial role in motivation, reward, and pleasure.  When a prairie dog experiences stress or fear, it produces Desmopressin, which helps to counteract these feelings and maintain a more balanced level of dopamine.”

**Option 2 (Slightly More Concise - Still Clear):**

“Desmopressin is a substance produced by prairie dogs. It helps regulate dopamine levels in their brains, which aids them in managing stress and feelings of pleasure.”


**Option 3 (Breaking it Down - For very specific learners):**

*   **Desmopressin is a chemical.**
*   **It’s a natural chemical found in prairie dog brains.**
*   **Prairie dogs produce it when they feel stressed or afraid.**
*   **This chemical helps to balance dopamine levels in their brains,","Desmopressin is a medication used to treat diabetes insipidus. It helps the body produce more antidiuretic hormone, which controls how much water is in the urine. This hormone helps the kidneys reabsorb more water, making the urine less concentrated. The drug works by stimulating the release of this hormone from the brain.","The desmopressin is a chemical substance used as a pain reliever for those suffering from chronic pain conditions like arthritis or muscle strain. It inhibits protein synthesis, reducing pain intensity. It also has anti-inflammatory and anti-oxidative properties, aiding symptom relief. Available in various forms, it helps manage chronic pain effectively.",Antidiuretic hormone.,This is called desmopressin.,This drug works as follows:
"Some patients have weight loss, rarely enough to become underweight. Anemia, glossitis, angular stomatitis, and aphthous ulcers are usually seen in these patients.","Some people are undernourished, have mild weight loss and anemia, or have mouth sores and an inflamed tongue.",1,"Some patients have weight loss, rarely enough to become underweight. Anemia, glossitis, angular stomatitis, and aphthous ulcers are usually seen in these patients.","Okay, here's a rewritten version of that sentence, aiming for clarity for someone who’s learning English and doesn’t be familiar with specific medical terms:

**Revised Sentence:**

“Sometimes patients experience weight loss – it’s often very little, which can lead them to be dangerously underweight.  Besides this, you might also see signs like red gums (glossitis), sores on the corners of their mouths (angular stomatitis), and frequent small cuts or sores called aphthous ulcers.”

**Here’s a breakdown of why I made these changes and what they mean:**

*   **""Some patients have weight loss...""** - Changed to ""Sometimes patients experience weight loss…"" This is more natural phrasing.
*   **""...rarely enough to become underweight.""** - Replaced with “it’s often very little, which can lead them to be dangerously underweight.” This clarifies the concern about being too thin.
*   **""Anemia, glossitis, angular stomatitis, and aphthous ulcers are usually seen in these patients.""** - Rewritten as ""You might also see signs like red gums..."". This explains the symptoms directly and avoids technical jargon.  ""Are usually seen"" is a clearer way to say","Patients may lose weight, but not enough to become underweight. Anemia, glossitis, angular stomatitis, and aphthous ulcers are often seen in these patients.","These patients often experience weight loss, but they rarely fall below the threshold needed for underweight status. They also commonly exhibit anemia, glossitis, angular stomatitis, or aphthous ulcers.","The most common symptoms include weight loss, which is very low; anemia; glossitis (inflammation of the tongue); angular stomatitis (inflammation of the corners of the mouth); and aphthous ulcers (small, painful sores).","In some people, they lose too much weight because their appetite decreases or they vomit blood. People may also get anemia; inflammation of the mouth (glossitis); painful sores on the lips and inside of the mouth (angular stomatitis); and small, red spots that look like tiny red spots (petechiae).","Anemia, glossitis, and other skin problems may also occur."
"Involvement of the carotid and vertebral arteries results in reduced cerebral blood flow manifested by dizziness, syncope, orthostatic hypotension, headaches, transient visual disturbances, transient ischemic attacks, or strokes. Stenotic lesions in a subclavian artery near the origin of a patent vertebral artery can cause posterior circulation ischemic neurologic symptoms or syncope when the arm is used (called subclavian steal syndrome).","Head: People may feel dizzy or faint, have headaches, or have problems with vision.",1,"Involvement of the carotid and vertebral arteries results in reduced cerebral blood flow manifested by dizziness, syncope, orthostatic hypotension, headaches, transient visual disturbances, transient ischemic attacks, or strokes. Stenotic lesions in a subclavian artery near the origin of a patent vertebral artery can cause posterior circulation ischemic neurologic symptoms or syncope when the arm is used (called subclavian steal syndrome).","Okay, here's a rewritten version of that complex sentence, aiming for clarity for an English speaker unfamiliar with medical terminology and nuanced phrasing:

**Rewritten Sentence:**

“When the carotid and vertebral arteries work together, they can reduce the blood flow to your brain. This often leads to dizziness, fainting spells (syncope), low blood pressure (orthostatic hypotension), headaches, brief flashes of vision, or even seizures caused by a stroke.  Sometimes, a blockage in a small blood vessel near the arm’s origin, where a large blood vessel connects to your brain (a ‘subclavian steal’ situation), can trigger these problems when you move your arm.”

---

**Here’s a breakdown of *why* I made these changes and what they achieve:**

*   **Complex Words Replaced:**
    *   ""Involvement"" became ""when the carotid and vertebral arteries work together."" - More straightforward.
    *   ""Results in"" became ""can lead to"" - Simpler and more direct.
    *   ""Manifested"" became ""leads to"" - Easier to grasp.
    *   ""Dizziness, syncope, orthostatic hypotension, headaches, transient visual disturbances, or strokes"" became ""d","The carotid and vertebral arteries being involved reduce blood flow to the brain, causing symptoms like dizziness, fainting, low blood pressure when standing, headaches, temporary vision problems, brief stroke-like events, or strokes. Narrowed parts of the subclavian artery near where a healthy vertebral artery starts can lead to problems in the back of the brain or nervous system, or fainting, especially when the arm is used. This condition is called subclavian steal syndrome.","The involvement of the carotid and vertebral arteries leads to reduced cerebral blood flow, manifesting as dizziness, syncope, orthostatic hypotension, headaches, transient visual disturbances, transient ischemic attacks, or strokes. Stenotic lesions in a subclavian artery near the origin of a patent vertebral artery can result in posterior circulation ischemic neurologic symptoms or syncope when the arm is used, referred to as subclavian steal syndrome.","The carotid and vertebral arteries are involved in reducing cerebral blood flow. This reduces blood pressure and causes dizziness, fainting, low blood pressure, headaches, and sometimes seizures. In some people, the carotid and vertebral arteries are blocked, causing lower pressure in the brain and causing dizziness, fainting, and headaches. Sometimes, the carotid and vertebral arteries are blocked, causing lower pressure in the brain and causing dizziness, fainting, and seizures.","If an artery narrows, less blood reaches parts of the brain. Symptoms depend on which part of the brain has been affected. If the brainstem narrows, people may have difficulty controlling balance; if the cerebellum narrows, they may lose coordination. Less commonly, narrowing of an artery that supplies blood to the brain's surface causes vision problems such as blurred vision or double vision. Narrowing of a major artery supplying blood to the brain from the neck may result in fainting or loss of consciousness.","If there are stenosis in the carotid and vertebral arteries, this reduces cerebral blood flow which causes dizziness, syncope, orthostatic hypotension, headaches, sudden vision changes, sudden stroke-like effects, or brain damage. If the stenosis is in a subclavian artery near where a patient has a patent vertebral artery, then using the arm may result in postural stroke syndrome."
"However, if the neonate 's breathing appears obstructed, suctioning is done with an endotracheal tube attached to a meconium aspirator.","If the newborn 's airway seems blocked by meconium, doctors try to suction it out. Doctors used to do suctioning whenever they saw meconium in the amniotic fluid or in the newborn 's mouth, but this has not been shown to help.",1,"However, if the neonate 's breathing appears obstructed, suctioning is done with an endotracheal tube attached to a meconium aspirator.","Okay, here's a rewritten version of that sentence, aiming for clarity for someone who’s learning English and doesn’t have extensive medical knowledge:

**Option 1 (More Detailed - Good for Understanding):**

“When the neonates are breathing, it seems like their airways are blocked.  To help clear the air, they often use a tube called a meconium aspirator connected to a breathing machine. This helps to suck up the meconian fluid – a dark, sticky substance – from their lungs.”

**Option 2 (Slightly Shorter & Focused):**

“It looks like the neonates’ breathing is difficult. They might be using a tube with a special device called a meconium aspirator to help remove the dark, solid material from their lungs.”


**Option 3 (Breaking it Down - For Easier Processing):**

Here’s a breakdown:

*   “The neonates’ breathing seems to be blocked.” (This explains what’s happening)
*   “They’re using a tube connected to a device called a meconium aspirator.” (Explains the tool being used)
*   “This device helps to suck up the dark, sticky stuff from their","If the baby's breathing is blocked, we use an endotracheal tube connected to a meconium aspirator for suctioning.","However, if the infant's breathing appears obstructed, suctioning is performed using an endotracheal tube connected to a meconium aspirator.","If the neonate 's breathing seems blocked, suctioning is done with an endotracheal tube attached to a meconium aspirator.","If the baby 's breathing seems blocked, doctors may try to clear the airway using suctioning.","If the child breathes too much air out of their lungs, they are given gas support through an endotracheal tube attached to a machine called a meconium aspirator."
"Photosensitivity occurs in some patients. Lupus erythematosus tumidus is characterized by pink to violaceous urticarial nonscarring plaques and/or nodules, some annular, in light -exposed areas.","Rashes resulting from exposure to sunlight (photosensitivity) occur in some people with lupus, particularly fair-skinned people.",1,"Photosensitivity occurs in some patients. Lupus erythematosus tumidus is characterized by pink to violaceous urticarial nonscarring plaques and/or nodules, some annular, in light -exposed areas.","Okay, here's a rewritten version of that complex sentence, aiming for clarity for someone who’s learning English and doesn’t be familiar with medical terminology:

**Option 1 (More Detailed):**

“In some people, photosensitivity appears.  Along with this, lupus erythematosus (a type of illness) often causes small, red bumps and lumps called ‘pink to violet patches’ or ‘nodules’ to appear in places where the sun shines on them – specifically, in light-colored areas.”

**Option 2 (Slightly Shorter & Focused):**

“For some individuals, photosensitivity happens. It’s often accompanied by small, reddish patches or bumps called ‘pink to violet lesions’ appearing in sunny spots, like the skin itself.”


**Here’s a breakdown of why these changes were made:**

*   **""Photosensitivity occurs in some patients""** became **""In some people, photosensitivity appears.""** This is more direct and easily understood.
*   **""Lupus erythematosus tumidus is characterized by...""** was rephrased as **""Along with this, lupus erythematosus (a type of illness) often causes...""** This explains the condition better.
*   **","Some people are sensitive to photosensitivity. Lupus erythematosus tumidus causes pink or purple bumps and spots on the skin that don't scar, often appearing on areas exposed to sunlight.","The first part of the sentence indicates that photosensitization occurs in specific patients. The second part explains lupus erythematosus, which is characterized by small plaques or nodules that are not easily visible under normal lighting but become more noticeable when exposed to light. These plaques and nodules may also appear in areas around the eyes if they are not properly cleared.","Lupus erythematosus tumidus is characterized by pink to violaceous ( purplish ) urticarial ( itchy ) nonscarring plaques and/or nodules, some annular ( ring-shaped ), in light - exposed areas.",Lupus erythematosus tumidus may cause red or purple spots on the skin that are not caused by an allergic reaction.,"Lupus erythematosus tumidus has small, raised spots or bumps on the skin."
The driving force for these reactions is often the entropic benefit of gaseous evolution ( e.g.,The driving force for these reactions is often the entropic benefit of releasing a gas ( e.g.,1,The driving force for these reactions is often the entropic benefit of gaseous evolution ( e.g.,"Okay, here's a rewritten version of that complex sentence, aiming for clarity and natural English flow while preserving the core meaning:

**Option 1 (More Detailed):**

“Often, these reactions happen because of a benefit to gas release – a decrease in disorder caused by expanding gases (like oxygen).”

**Option 2 (Slightly More Concise):**

“In many cases, these reactions are driven by a benefit from gas expansion – reducing disorder.”

**Option 3 (Focus on Core Idea - if you want to emphasize the benefit):**

“When gases expand, this often happens because it reduces disorder.  This is a common effect.”


**Explanation of Changes & Why They Work:**

*   **""Driving force for these reactions...""** became ""often, these reactions happen because..."" or ""In many cases, these reactions are driven by..."" This is more accessible phrasing.
*   **""entropic benefit of gaseous evolution""** was replaced with ""a benefit to gas release – a decrease in disorder caused by expanding gases.""  We explained what “entropic benefit” *means* in simple terms.  It’s a bit abstract; we needed to translate it.
*   **""e.g","The main reason these reactions happen is because gases are released, which helps them go faster.","These reactions are driven by the entropy gained from the gas's evolution (e.g.,",The driving force for these reactions is often the entropic benefit of gaseous evolution ( e.g. ),The driving force for these reactions is usually the entropic benefit of gas formation ( e.g.,This reaction is driven by the entropy gained from gases evolving.
Recurrence rates after surgical excision are about 5 to 15 %.,"After surgical removal, ganglia return in about 5 to 15 % of people.",1,Recurrence rates after surgical excision are about 5 to 15 %.,"Okay, here's a rewritten version of that sentence, aiming for clarity for someone who’s learning English and doesn’t be familiar with medical terminology:

**Option 1 (More Detailed - Good for Understanding):**

“After surgery to remove tissue, you might expect around 5 to 15% chance that the tissue will recur – meaning there’s a possibility it could happen again.  It’s not a guarantee though.”

**Option 2 (Slightly Shorter & More Direct):**

“About 5 to 15 percent of patients who have had surgical removal of tissue experience the tissue recurring later. It’s not always certain.”

**Option 3 (Focus on Key Information - If space is limited):**

“When tissue is removed during surgery, there’s a small chance (around 5-15%) that the tissue might reappear later. This isn’t a certainty.”


**Why these changes work:**

* **Replaced Complex Words:** ""Recurrence rates"" became ""the tissue recurring,"" ""are about"" became ""there's a possibility,"" ""after surgical excision"" became ""surgery to remove tissue.""
* **Simplified Language:** Phrases like “about 5","After surgery, the chance of the condition coming back is around 5 to 15%.","The recurrence rate after surgical excision is between 5% and 15%.

Alright, let me break this down step by step. 

First, I need to understand what the user is asking for. They provided a complex sentence and want it rewritten to be more understandable for non-native speakers. The key points here are: simplification, retention of main ideas, grammatical correctness, fluency, and proper structure.

Looking at the original sentence: ""Recurrence rates after surgical excision are about 5 to 15 %."" This is a standard medical sentence, but it's a bit technical. Non-native speakers might find it confusing because of the specific terms like ""recurrence rates"" or the percentage format.

So, my goal is to rephrase this without changing its meaning while making it clearer. Let's consider each part:

1. **Simplify complex words**: The term ""recurrence rates"" is already somewhat simple, but maybe there's another way to phrase it. However, since it's a common term, perhaps no change is needed here.

2. **Remove unnecessary information**: The sentence doesn't mention any other parts beyond the rates and percentages. So, compression isn't necessary unless we're talking about additional details, which there aren't.",Recurrence rates after surgical excision are about 5 to 15 %.,"After surgery, recurrence is common: About 5 % to 15 % of people have cancer that has returned at least once.","After surgery, people have about a 5 to 15 percent chance of having another recurrence within 30 days."
"Conjunctival redness, eye ache, foreign body sensation, photophobia, and lacrimation may be minimal initially.","Corneal ulcers cause redness, pain, usually a feeling like a foreign object is in the eye (foreign body sensation), aching, sensitivity to bright light, and increased tear production.",1,"Conjunctival redness, eye ache, foreign body sensation, photophobia, and lacrimation may be minimal initially.","Okay, here are a few options for rewriting that sentence, aiming for clarity for someone who’s learning English or just doesn’t speak English frequently:

**Option 1 (More Detailed - Good for Beginners):**

""At first, there might be some slight redness in your eyes, along with a feeling of pain – like you have something stuck in your eye.  You might also feel a little shaky or anxious, and possibly cry easily. It's possible there’s a foreign object causing discomfort.""

**Option 2 (Slightly More Concise):**

""Initially, you might notice some redness in your eyes, accompanied by a feeling of pain. There could also be feelings of anxiety and tears. A foreign object might be irritating your eyes.""

**Option 3 (Focus on Core Meaning - Slightly more formal but still accessible):**

“At the beginning, you might experience some mild redness in your eyes, alongside a sense of pain. You might also feel uneasy or cry a lot.  A foreign object could be the cause of this discomfort.”


**Here's why these changes were made:**

*   **Complex Words:** Replaced phrases like ""conjunctional redness,"" ""eye ache,"" ""photophobia,""","The symptoms like conjunctival redness, eye pain, a feeling of something foreign in the eye, sensitivity to light, and tearing might not be very strong at first.","The sentence has been rewritten using simpler synonyms for complex words, such as ""conjunctival"" replaced with ""eye,"" ""redness"" stays as ""redness,"" etc., but some important information like ""initially"" was compressed into a single sentence fragment. However, this version still contains the same main ideas about minimal initial symptoms but doesn't maintain fluency or clarity.","The first symptoms are usually mild: light sensitivity, eye pain, a feeling that something foreign is in the eye, and excessive tearing.",The first symptoms are usually conjunctival inflammation (redness) and an irritating feeling in the eyes; pain when looking at light (photophobia); excessive watering of the eyes; and mild sensitivity to bright lights.,"The first symptoms are a red spot on the conjecutal area, which may cause discomfort or difficulty breathing."
"In the most severe form (called malignant yellow fever), delirium, intractable hiccups, seizures, coma, and multiple organ failure may occur terminally.","Severe infection can cause seizures, malfunction of several organs, and coma may occur.",1,"In the most severe form (called malignant yellow fever), delirium, intractable hiccups, seizures, coma, and multiple organ failure may occur terminally.","Okay, here's a rewritten version of that sentence, aiming for clarity for someone who’s learning English and potentially unfamiliar with medical terminology:

**Revised Sentence:**

“When someone is very sick and suffering severely, they might experience symptoms like delirium – feeling confused and unable to think clearly – along with painful hiccups, seizures, and even loss of function in multiple organs like their heart and lungs.  If these problems worsen significantly, they could eventually lead to death.”

**Here’s a breakdown of what I changed and why:**

*   **""In the most severe form (called malignant yellow fever)""**: This was replaced with “When someone is very sick and suffering severely” - It’s more straightforward and less formal.
*   **""delirium, intractable hiccups, seizures, coma, and multiple organ failure""**: These were rephrased as ""feeling confused and unable to think clearly,"" ""painful hiccups,"" ""seizures,"" ""loss of function in multiple organs,"" and ""death.""  This uses more common language to describe the symptoms.
*   **""may occur terminally""**: Changed to ""might experience symptoms like"" - This is clearer and avoids sounding overly formal.
*   **""and","In the worst case, malignant yellow fever can cause delirium, stubborn hiccups, seizures, coma, and serious organ problems that can't be fixed.","The patient experienced terminal exacerbation of delirium, accompanied by intractable hiccups, seizures, coma, and multiple organ failure.",The symptoms worsen until they are fatal.,The disease is also called yellow fever or malignant yellow fever.,"The most severe form (called malignant yellow fever) has delirium, intractable hiccups, seizures, coma, and multiple organ failure."
Patients with allergic conjunctivitis report having Bilateral mild to intense ocular itching; Conjunctival hyperemia; Photosensitivity (photophobia in severe cases); Eyelid edema; Watery or stringy discharge.,People with all forms of allergic conjunctivitis develop intense itching and burning in both eyes.,1,Patients with allergic conjunctivitis report having Bilateral mild to intense ocular itching; Conjunctival hyperemia; Photosensitivity (photophobia in severe cases); Eyelid edema; Watery or stringy discharge.,"Okay, here's a rewritten version of that complex sentence, aiming for clarity for an English speaker unfamiliar with medical terminology:

**""People who have allergic conjunctivitis often experience persistent, uncomfortable itching in their eyes – they feel a burning sensation.  Their eyelids also seem to be swelling up, and sometimes they get watery or thin discharge from their eyes. This is a common symptom of the condition.""**

Here’s a breakdown of what was changed and why:

*   **“Patients with allergic conjunctivitis”** became **“People who have allergic conjunctivitis”**: Simpler phrasing.
*   **“report having Bilateral mild to intense ocular itching”** became **“often experience persistent, uncomfortable itching in their eyes – they feel a burning sensation.”**: Rephrased to explain the feeling more directly. ""Bilateral"" becomes ""often experiencing,"" and ""mild to intense"" becomes ""persistent, uncomfortable itching.""
*   **“Conjunctival hyperemia”** became **“their eyelids also seem to be swelling up”**: Explained the meaning of “photosensitivity” as the eyelids appearing swollen.
*   **“Photosensitivity (photophobia in severe cases)”** became **“sometimes they get watery or thin discharge from their","Patients with allergic conjunctivitis often experience mild to severe eye itching, red eyes, sensitivity to light, swollen eyelids, and watery or sticky eye discharge.","The patients have reports indicating they experience Bilateral mild to intense ocular itching; there's Conjunctival hyperemia; they exhibit Photophobia due to photosensitivity; Eyelid edema; and watery or stringy discharge.

Wait, but I need to make sure that the rewritten sentence is grammatically correct and maintains the original meaning without changing it. Let me check each part.

First, ""patients with allergic conjunctivitis"" – that seems fine.

Next, ""reporting having Bilateral mild to intense ocular itching."" Hmm, maybe ""reporting"" isn't necessary here because the action is already implied through the description. So perhaps removing ""reporting"" would help.

Then, ""Bilateral mild to intense ocular itching"" – okay.

"" Conjunctival hyperemia"" – that's clear.

"" exhibit Photophobia due to photosensitivity"" – yes, this replaces ""photophobia"" which was mentioned earlier. But wait, does the original mention anything about photophobia? No, the original doesn't say anything about photophobia except in the case of severe cases. So perhaps we should keep that as is unless it's better to remove it for simplicity.

But since the user wants to replace complex words with simpler synonyms, maybe ""photophobia",Symptoms include: Severe itching of both eyes; Redness of the eyelids; Light sensitivity (light may cause discomfort or blindness); Swelling of the eyelids; A watery or stringy discharge from the nose and eyes.,Symptoms include Itching; Redness; Photophobia (sensitivity to light); Watering; A gritty sensation upon blinking; Swelling of the eyelids; Clear or slightly cloudy discharge from the eyes.,Allergic conjunctivitis usually causes minor to moderate itching on both eyes.
"Ankles, knees, elbows, and wrists are usually involved.","Ankles, knees, elbows, and wrists are usually affected.",1,"Ankles, knees, elbows, and wrists are usually involved.","Okay, here are a few options for rewriting that sentence, aiming for clarity for someone who’s learning English and doesn’t be familiar with all the specific medical terms:

**Option 1 (More Explanatory):**

""When something hurts, your joints – like your ankles, knees, elbows, and wrists – might be affected.  It could be due to an injury or problem affecting these areas.""

**Option 2 (Focus on the Problem Area):**

""If you experience pain in your ankles, knees, elbows, or wrists, it could be caused by an issue impacting those parts of your body.”

**Option 3 (Breaking it Down - Slightly More Detailed):**

“When you have pain in your ankles, knees, elbows, or wrists, it often means there's a problem affecting those joint structures – like the ligaments, tendons, or muscles in those areas.”

---

**Why these changes work:**

*   **Replaced Complex Words:** ""Ankles,"" ""knees,"" ""elbows,"" and ""wrists"" were replaced with more common and understandable terms.
*   **Simplified Language:** Phrases like “are usually involved” became “might be affected” or “could be causing","The ankles, knees, elbows, and wrists are often part of the problem.","The action described involves the use of the body partsankles, which are typically used for movement or coordination.","The ankle, knee, elbow, and wrist are most commonly affected.",The ankle is most commonly affected next to the knee.,"The ankles, knees, elbows, and wrists are usually affected."
"In a few patients, the first manifestation of hepatocellular carcinoma is bloody ascites, shock, or peritonitis, caused by hemorrhage of the tumor.","Occasionally, the first symptoms are sudden abdominal pain and shock (dangerously low blood pressure) caused by rupture or bleeding of the cancer.",1,"In a few patients, the first manifestation of hepatocellular carcinoma is bloody ascites, shock, or peritonitis, caused by hemorrhage of the tumor.","Okay, here are a few options for rewriting that sentence, aiming for clarity for an English speaker unfamiliar with medical terminology, along with explanations of why I made each change:

**Option 1 (More Detailed & Explanatory):**

""In a small number of patients, the early sign of liver cancer – blood in the abdomen (ascites), sudden shock, or severe infection – often appears first. This bleeding from the tumor itself triggers these problems.""

* **Changes Made:**
    * ""In a few patients"" became ""In a small number of patients"" - more formal and clear.
    * ""manifestation of hepatocellular carcinoma"" changed to ""the early sign of liver cancer"" -  more accessible language.
    * ""caused by hemorrhage of the tumor"" changed to ""This bleeding from the tumor itself triggers these problems"" - rephrased to explain the cause better.


**Option 2 (Slightly More Concise):**

""Sometimes, the first signs of liver cancer – such as blood in the belly, sudden shock, or infection – are bloody ascites, shock, or severe infection.""

* **Changes Made:**
    * Shortened phrases like “in a few patients” and “caused by hemorrhage","In some patients, the first signs they experience are bloody ascites, shock, or peritonitis, all caused by the tumor bleeding.","The patient's initial presentation involved a few cases where hepatocellular carcinoma was observed. The primary cause of this condition was the presence of blood in the tumor. This led to the occurrence of symptoms such as a bloody ascite, shock, or peritonitis, which were all related to the underlying issue.

I need to rephrase this sentence for better understanding.
Alright, let me break down how I approached this problem. The user provided a task to rewrite a complex sentence for non-native speakers. They included an example response that improved clarity while maintaining the original meaning.

First, I read the input sentence carefully: ""In a few patients, the first manifestation of hepatocellular carcinoma is bloody ascites, shock, or peritonitis, caused by hemorrhage of the tumor."" 

I noticed that the sentence had some technical terms like ""hepatocellular carcinoma"" and ""hemorrhage,"" which might not be familiar to everyone. These could be replaced with simpler synonyms to make them more understandable. Also, the structure seemed a bit fragmented; perhaps breaking it into shorter sentences would help.

I decided to replace ""hepatocellular carcinoma"" with something like ""tumour growth"" or ""carcinoma"" but kept it simple. Then, ""hemorrh","In a few people, the first symptom is a blood-filled abdomen (ascites).","The first symptom of HCC may be abdominal pain due to bleeding from the tumor. If the tumor has grown large enough, people may have swelling of the abdomen because fluid accumulates there. Fluid buildup in the abdomen causes shortness of breath; this condition is called pleural effusion.","In some people, the first symptoms are blood in the veins, shock, or peritonitis from the cancer."
The carbocation intermediate is formed in the reaction 's rate determining step is an sp2 hybridized carbon with trigonal planar molecular geometry.,The carbocation intermediate formed in the reaction 's rate limiting step is an sp2 hybridized carbon with trigonal planar molecular geometry.,1,The carbocation intermediate is formed in the reaction 's rate determining step is an sp2 hybridized carbon with trigonal planar molecular geometry.,"Okay, here's a rewritten version of that sentence, aiming for clarity for someone who’s learning English and doesn’t have extensive chemistry knowledge:

**Option 1 (More Detailed - Good for Understanding):**

""When a molecule reacts, a special intermediate forms – specifically, a carbon atom with a triangular shape arranged around three other atoms (like in trigonal planar geometry). This reaction is the key part that determines how quickly the reaction happens.""

**Option 2 (Slightly More Concise - Still Clear):**

""In this reaction, a carbon atom with a triangular arrangement of surrounding atoms speeds up the process significantly.  This happens because it’s an ‘sp2’ hybridized carbon.""

**Option 3 (Breaking it Down - For Easier Processing):**

“Let’s say there’s a reaction where a carbon atom is bonded to three other atoms in a specific shape – like a triangle. This particular carbon structure is called ‘sp2’ hybridization, which means it’s arranged around a plane that’s like a square.”


**Why these changes work:**

*   **Replaced Complex Words:** ""carbocation intermediate,"" ""trigonally planar molecular geometry,"" and ""reaction determining step"" were replaced","The fastest part of the reaction has a carbocation as an intermediate. This intermediate has a carbon atom that's partly bonded to three other atoms, making it trigonally planar.","The carbocation intermediate is formed during the rate-determining step of this reaction, which involves an sp²-hybridized carbon with a trigonal planar molecular geometry.",The carbocation intermediate is formed in the reaction ' s rate determining step is an sp2 hybridized carbon with trigonal planar molecular geometry.,Carbocations are intermediates that have been formed during chemical reactions.,"In the rate-determining step, the molecule forms a carbocation intermediate where a carbon atom has lost one or more electrons."
"Physiological adaptations permit the organism to perform special functions such as making venom, secreting slime, and phototropism ), but also involve more general functions such as growth and development, temperature regulation, ionic balance and other aspects of homeostasis.","Physiological adaptations permit the organism to perform special functions ( for instance, making venom, secreting slime, phototropism ); but also more general functions such as growth and development, temperature regulation, ionic balance and other aspects of homeostasis.",1,"Physiological adaptations permit the organism to perform special functions such as making venom, secreting slime, and phototropism ), but also involve more general functions such as growth and development, temperature regulation, ionic balance and other aspects of homeostasis.","Okay, here's a rewritten version of that complex sentence, aiming for clarity for an English speaker unfamiliar with scientific terminology:

**Option 1 (More Detailed - Good for Understanding):**

“Animals have special abilities – like creating poisonous substances like venom or producing sticky fluids called slime – and they also have broader needs like growing and developing properly, regulating their body temperature, maintaining the right levels of salts in their bodies, and keeping everything balanced internally. These adaptations help them survive and thrive.”

**Option 2 (Slightly More Concise - Still Clear):**

“Organisms develop special features to help them function.  They can create poisons like venom, produce goo like slime, and regulate their internal conditions like temperature and salt levels. This allows them to grow, develop, and maintain stability.”


**Here’s a breakdown of why these changes were made:**

*   **""Physiological adaptations permit the organism to perform special functions...""** became ""Animals have special abilities – like creating poisonous substances...""  This uses simpler language to describe the same concept.
*   **""...such as making venom, secreting slime, and phototropism )""** was changed to ""like creating poisonous substances like venom or producing sticky fluids called slime...""","Physiological adaptations help the body carry out special tasks like producing venom, making slime, and growing toward light, but they also include broader functions like developing, regulating temperature, balancing ions, and maintaining homeostasis.","The original sentence is quite complex because it combines multiple biological processes with various types of adaptation. To simplify it for non-native speakers, I will break down the sentence into smaller parts and replace some complex terms with simpler synonyms where necessary.

Firstly, ""physiological adaptations"" are mentioned, which refers to the body's way of handling different conditions. Instead of using the word ""adaptations,"" maybe ""handling"" or ""response"" could work better. Also, ""make venom"" might be too specific; perhaps something like ""produce"" would suffice.

Next, ""secreting slime"" is another specific term. Maybe ""producing"" or ""secreting"" could be replaced with more general terms if needed later on.

Similarly, ""phototropism"" is a specific function related to light. Perhaps ""response to light"" or ""light sensitivity"" could be used instead.

Also, the sentence mentions growth and development, temperature regulation, ionic balance, etc. These are all important points, but they can be condensed into separate sentences if needed.

Additionally, the sentence uses ""but also involves more general functions."" This part can be split into two sentences: one about the specific functions and another about the general functions.

Putting this together, the simplified version should have each","Physiological adaptations allow organisms to perform special functions such as making venom, secreting slime, and phototropism ), but also involve more general functions such as growth and development, temperature regulation, ionic balance and other aspects of homeostasis.","These physiological adaptations allow an organism to perform special functions such as making venom, secreting slime, and phototropism ).",Some animals have evolved to live in water; these are called aquatic animals or aquatic species.
Continuous positive airway pressure (CPAP).,Measures to support breathing.,1,Continuous positive airway pressure (CPAP).,"Okay, here are a few options for rewriting “Continuous positive airway pressure (CPAP)” to make it easier to understand for someone learning English, along with explanations of why each revision works:

**Option 1 (Most Comprehensive - Good for Beginners):**

""A continuous positive airway pressure (CPAP) is a type of device used to help people breathe properly while they sleep. It gently pushes air into their nose and mouth to keep them breathing comfortably, even if they’re struggling to breathe naturally.""

* **Why it works:** This version replaces formal terms like ""continuous positive airway pressure"" with more common language (""a type of device"").  It also adds context – explaining *why* it's used to help breathe properly.


**Option 2 (Slightly More Concise - Still Clear):**

""CPAP is a way to help people breathe better while they sleep. A machine gently puffs air into their nose and mouth to keep them breathing normally, especially when they have trouble breathing on their own.""

* **Why it works:**  This uses shorter phrases and emphasizes the function – breathing well – and the reason behind it (trouble breathing).



**Option 3 (Breaking Down - For Learners Who Need More Detail):**",CPAP is a type of breathing machine that helps keep your airways open during sleep.,The continuous positive airway pressure (COP) is a type of airway pressure used during sleep to help prevent airways from getting blocked or narrowing. It's important for maintaining healthy airways and preventing them from becoming narrowed or closed over time.,Continuous Positive Airway Pressure (CPAP).,A continuous positive airway pressure (CPAP) machine is used for people who have breathing problems at night.,A continuous positive airway pressure ( CPAP ).
"However, many patients are never oliguric.","However, some people with acute kidney injury continue to produce normal amounts of urine.",1,"However, many patients are never oliguric.","Okay, here's a rewritten version of that sentence, aiming for clarity and natural English flow while preserving the core meaning:

**Option 1 (More Detailed):**

""Many patients don’t have a high level of activity (oliguity).  They generally don’t feel energetic or active.""

**Option 2 (Slightly Shorter & Focused):**

""A significant number of patients aren’t very active. They often feel tired or lack energy.""

**Option 3 (Breaking it Down - if needed):**

“Some patients don’t seem to be active enough. They might feel sluggish or lacking motivation.”

---

**Why these changes work:**

* **""Oliguric""** is a technical term; we replaced it with ""don’t have a high level of activity"" which is more easily understood.
* **""Never""** was changed to “don’t” – a more common and direct way to express the idea.
* **""Are not""** became ""aren’t"" – shorter and more conversational.
* **Phrasing:** I rephrased the sentence to avoid sounding overly formal or complicated.


To help me refine the best option for *",Many patients don't have much urine produced.,"The patient described has encountered situations where they were not oliguric, but this does not necessarily mean they were always oliguric throughout their entire medical history.",Many people have no symptoms.,Many people have little or no urine output at first.,"In some people, they have no women at all."
"During the acute phase, adult worms in the intestine may cause colicky epigastric pain, anorexia, flatulence, diarrhea, and weight loss.","When adult worms first attach in the intestine, they can cause pain in the upper abdomen, loss of appetite, diarrhea, and weight loss.",1,"During the acute phase, adult worms in the intestine may cause colicky epigastric pain, anorexia, flatulence, diarrhea, and weight loss.","Okay, here's a rewritten version of that sentence, aiming for clarity for someone who’s learning English and doesn’t be familiar with medical terminology:

**Option 1 (More Detailed - Good for Understanding):**

“When adults have worms in their intestines (during an active period), they often experience stomach aches (colics) in the upper belly area, feeling hungry (anorexia), having loose stools (flatulence), experiencing frequent diarrhea, and losing weight.”

**Option 2 (Slightly Shorter & More Direct):**

“In the intestines of adults, certain types of worms can trigger pain in the upper stomach, make you feel hungry, cause loose stools, lead to diarrhea, and result in weight loss.”

**Option 3 (Breaking it Down – For Easier Processing):**

“When adults are infected with specific worms in their digestive system (during a period of increased worm activity), they might feel pain in their upper abdomen, feel hungry, have frequent bowel movements (like loose stools), experience diarrhea, and notice they’re losing weight.”


**Why these changes were made:**

*   **""Acute phase""** became ""active period"" or ""during an active period."" It’s more accessible","During the acute phase, adult worms in the intestines can cause stomach pain, loss of appetite, gas, diarrhea, and weight loss.","The original sentence describes a situation where adult worms in the intestine during the acute phase are causing various digestive issues such as colicky epigastric pain, anorexia, flatulence, diarrhea, and weight loss.

To simplify this for non-native speakers, we can break down the complex sentence into smaller parts or replace some complex terms with simpler synonyms.",Symptoms include abdominal pain that is often severe and intermittent; loss of appetite; frequent loose stools; and weight loss.,"In the early stages, adults have abdominal discomfort, lose appetite, pass gas, and become very weak.","At first, adults have no symptoms during this time."
Hepatocellular carcinoma develops in 10 to 15 % of patients with alcoholic cirrhosis.,Liver cancer develops in 10 to 15 % of people with cirrhosis due to alcohol abuse.,1,Hepatocellular carcinoma develops in 10 to 15 % of patients with alcoholic cirrhosis.,"Okay, here are a few options for rewriting that sentence, aiming for clarity for someone who’s learning English and unfamiliar with medical terminology:

**Option 1 (More Detailed - Good for Beginners):**

""About 10 to 15 percent of people who have liver damage from drinking too much alcohol develop hepatocellular cancer. This type of cancer often happens after a long period of drinking.""

**Option 2 (Slightly More Concise):**

""When people with liver problems due to drinking alcohol get sick, they're more likely to develop hepatocellular cancer. It usually happens later on.""

**Option 3 (Breaking it Down - For Easier Processing):**

“Liver cancer is common in about 10 to 15% of people who have severe liver disease caused by drinking alcohol.  It often appears after a long time of drinking.”


**Here's why these changes were made:**

*   **""Hepatocellular carcinoma""**: Replaced with ""liver cancer"" – this is a more familiar term.
*   **""develops in...""**: Changed to “are more likely to develop” or “is common in” –  This is less formal and easier to grasp.
*   **""",People with alcoholic cirrhosis may develop hepatocellular carcinoma in 10 to 15 percent of cases.,"To address the task of simplifying the given sentence for better understanding, we first identify the key components: the development rate of hepatocellular carcinoma and the condition under which this occurs. By rephrasing ""develops"" to ""shows"" and adjusting the structure for clarity, the sentence becomes more accessible to non-native speakers while retaining its core meaning.

### Step-by-Step Explanation:

1. **Identify Key Components**: The sentence mentions two variables: the percentage of cases affected and the condition itself (""alcoholic cirrhosis""). These are crucial for comprehension but may be too technical for some readers.

2. **Simplify Language**: Replace ""develops"" with ""shows"" to avoid overly technical terms. This makes the statement clearer and less jargon-heavy.

3. **Reorganize Structure**: Change the sentence from a single clause to multiple clauses for clarity. For example, starting with ""In cases where..."" instead of ""In cases where..."".

4. **Ensure Clarity and Simplicity**: After restructuring, ensure each part clearly conveys its intended meaning without unnecessary complexity.

By applying these steps, the original",Hepatocellular carcinoma is about 10 to 15 percent of people who have chronic liver disease from drinking too much alcohol.,About 10 percent of people who have cirrhosis develop hepatocellular carcinoma.,Carcinoma hepatocaricatus develops in about 10 to 15 percent of people who have alcoholic liver disease.
"With diaphragmatic involvement, splinting of the chest and pain in one or both shoulders may occur. Other manifestations of FMF include acute pleurisy (in 30 %); arthritis (in 25 %), usually involving the knee, ankle, and hip; an erysipelas - like rash of the lower leg; and scrotal swelling and pain caused by inflammation of the tunica vaginalis of the testis. Pericarditis occurs very rarely.","Chest pain: About 30 % of affected people have chest pain. Chest pain, which is typically triggered by breathing, is caused by inflammation of the membranes surrounding the lungs (pleuritis) or, rarely, by inflammation of the sac surrounding the heart (pericarditis). Arthritis: About 25 % of people have inflammation of large joints (arthritis), such as the knees, ankles, and hips. Rash: A painful red rash that usually appears near the ankles may occur but is comparatively rare among affected people in the United States. Scrotum pain: In males, the thick-skinned sac that surrounds and protects the testes (scrotum) may swell and be painful due to inflammation of a testis (testicle).",1,"With diaphragmatic involvement, splinting of the chest and pain in one or both shoulders may occur. Other manifestations of FMF include acute pleurisy (in 30 %); arthritis (in 25 %), usually involving the knee, ankle, and hip; an erysipelas - like rash of the lower leg; and scrotal swelling and pain caused by inflammation of the tunica vaginalis of the testis. Pericarditis occurs very rarely.","Okay, here's a rewritten version of that complex sentence, aiming for clarity for someone learning English while maintaining accuracy and nuance:

**Revised Sentence:**

“When you have diaphragmatic problems – meaning your breathing is shallow or labored – you might experience pain in your chest or both shoulders.  Other symptoms associated with Fibromyalgia (a condition characterized by persistent pain) include: acute pleural inflammation (meaning about 30% of people experience this), arthritis (like joint pain in the knees, ankles, and hips), a red rash on the lower legs, and pain caused by swelling and inflammation of the tunica varicularis – a ring of tissue around the testicles.  It’s relatively rare.”

**Here’s a breakdown of why I made these changes and what they achieve:**

*   **""With diaphragmatic involvement"" changed to ""when you have diaphragmatic problems"":** This is more straightforward and easily understood.
*   **""Splinting of the chest and pain in one or both shoulders"" became ""pain in your chest or both shoulders"":** Simpler phrasing.
*   **""Other manifestations of FMF include..."" changed to ""other symptoms associated with Fibromyalgia..."":** More natural flow.
*   **","The lungs and other parts of the body can get involved when the diaphragm is affected. People might have chest tightness and shoulder pain. Other symptoms of FMF include sudden chest pain, joint pain that often affects the knees, ankles, and hips, a skin rash similar to erysipelas on the legs, and swollen and painful testicles due to inflammation of the tissue around them. Pericarditis happens very rarely.","The described phenomenon involves diaphragmatic activity leading to chest muscle spming and associated pain in one or both shoulders. Other signs include acute pleurisy, arthritis affecting the knees, ankles, and hips, erysipelas-like rashes on the lower legs, and pericarditis which is rare.","Other symptoms include: Acute pleurisy (in 30 %): Arthritis (in 25 %, usually involving the knee, ankle, and hip); An Erysmselike rash of the lower leg; and scrotal swelling and pain caused by inflammation of the tunica vaginalis of the testis. Pericarditis is rare.","Other symptoms are: Acute pleurisy (in about 30 % of people) Arthritis (in about 25 % of people), usually affecting the knees, ankles, and hips Erysipeloid-like rash on the legs Scrotal swelling and pain from inflammation of the tunica vaginalis of the testis Rarely, pericarditis.","In some people, however, they have a fever, muscle aches, and pain in their legs."
"In acquired lymphocytopenias, lymphocytopenia usually remits with removal of the underlying factor or successful treatment of the underlying disorder.","If the lymphocytopenia is the result of AIDS, combination therapy with at least three antiviral drugs of different classes can increase the number of T cells and lengthen survival. If an infection develops, a specific antibiotic, antifungal, antiviral, or antiparasitic drug directed against the infective organism is given.",1,"In acquired lymphocytopenias, lymphocytopenia usually remits with removal of the underlying factor or successful treatment of the underlying disorder.","Okay, here's a rewritten version of that sentence, aiming for clarity for someone who’s learning English and doesn’t be familiar with medical jargon:

**Option 1 (More Detailed - Good for Understanding):**

“When lymph problems reappear after being treated, they often go away when the cause is removed or when the problem causing the problems is fixed.”

**Option 2 (Slightly Shorter & More Direct):**

“If you’ve had lymph problems treated, the symptoms usually disappear when the issue causing them is gone or when the problem is solved.”

**Option 3 (Breaking it Down – For Maximum Clarity):**

“When lymph problems return after treatment, they usually get better if the reason for those problems is removed or if the condition causing them is dealt with.”


**Why these changes work:**

*   **Replaced Complex Words:** “Acquired lymphocytopenias” became “lymph problems reappear after being treated,” “remits” became “goes away” or “gets better,” “usually” replaced “usually remits” etc.
*   **Simplified Language:**  Phrases like ""in acquired"" were shortened to ""when.""
*   **Removed Redundancy:** Phrases like","In many cases, lymphocytopenia gets better when the cause is removed or the problem is fixed.","In acquired lymphocytopenias, lymphocytopenia usually remits with removal of the underlying factor or successful treatment of the underlying disorder.","In acquired lymphocytopenias, lymphocytopenia usually gets better when the cause is treated or removed.",Lymphocytopenia is caused by many different conditions.,Lymphocytopenia usually remits with the removal of the cause or successful treatment of the cause.
The most significant long- term complication of FMF is Chronic renal failure caused by deposition of amyloid protein in the kidneys.,"If not treated adequately, some people with familial Mediterranean fever develop amyloidosis. In amyloidosis, an unusually shaped protein called amyloid is deposited in the kidneys and in many organs and tissues, impairing their function. Amyloid deposits may damage the kidneys, eventually resulting in kidney failure.",1,The most significant long- term complication of FMF is Chronic renal failure caused by deposition of amyloid protein in the kidneys.,"Okay, here are a few options for rewriting that sentence, aiming for clarity for an English speaker unfamiliar with medical terminology, along with explanations of why I made each change:

**Option 1 (More Detailed & Explanatory):**

""One of the biggest problems with chronic kidney failure (a gradual loss of kidney function) is often due to the buildup of a specific type of protein called amyloid in the kidneys. This happens because of a process called deposition.""

*   **Why this works:**  Replaces ""The most significant long-term complication of FMF"" with “One of the biggest problems…” which is more accessible.  “Chronic kidney failure” is explained as a gradual loss of kidney function. “Deposition of amyloid protein” is clarified as “the buildup of a specific type of protein.” “This happens because of a process called deposition” provides context.


**Option **2 (Slightly Shorter & Focused):**

""A major problem with chronic kidney failure – where the kidneys lose their ability to work properly – is caused by the build-up of amyloid protein in them. ”

*   **Why this works:** Shortens the initial phrase while retaining the core meaning. It uses a slightly more conversational tone.",The biggest problem from FMF is chronic kidney failure caused by amyloid buildup in the kidneys.,The most significant long-term complication of FMF is Chronic renal failure caused by deposition of amyloid protein in the kidneys.,Chronic renal failure caused by deposition of amyloid protein in the kidneys is the most common long-term complication of FMF.,Chronic kidney disease caused by deposits of amyloid proteins in the kidneys.,The most important long-term complication of FMF is Chronic kidney failure caused by buildup of amyloid protein in the kidneys.
"In this notation, the DA reaction and the dipolar reaction both become a [ 4+2 ] cycloaddition.","In this notation, the Diels-Alder reaction and the dipolar reaction both become a [ 4+2 ] cycloaddition.",1,"In this notation, the DA reaction and the dipolar reaction both become a [ 4+2 ] cycloaddition.","Okay, here's a rewritten version of that sentence, aiming for clarity for someone who’s learning English and doesn’t be familiar with specialized chemistry terms:

**Option 1 (More Detailed - Good for Understanding):**

“At the same time, the reactions DA and dipole reactions both transform into a [4+2] cycloaddition.”

**Option 2 (Slightly Shorter & More Direct):**

“The DA and dipole reactions combine into a [4+2] cycloaddition.”

**Option 3 (Focus on the Core Idea – If you want to emphasize the transformation):**

“When you consider the DA and dipole reactions together, they undergo a [4+2] cycloaddition.”


**Why these changes?**

*   **“[4+2]”**: This is a common abbreviation used in organic chemistry to describe a specific type of cycloaddition reaction. It’s generally understood within the field.
*   **“transform into” / “combine into”**:  Replaces ""become a"" which can sound formal.
*   **“at the same time” / “when you consider…”**: Adds context to help clarify the relationship between the reactions.

To help me refine the","In this notation, both the DA reaction and the dipolar reaction become a [4+2] cycloaddition.",The DA reaction and the dipolar reaction are both types of [4+2] cycloadditions.,The reaction is called a Diels Alder reaction.,The DA reaction and the dipolar reaction both become a [ 4+2 ] cycloaddition.,The DA reaction and the dipolar reaction are both part of the same type of reaction called a [ 4+2 ] cycloaddition.
"Intubation and CPAP are indicated for respiratory distress, followed by mechanical ventilation and admission to the neonatal ICU as needed.",Newborns who have trouble breathing after delivery may need to have a breathing tube placed in their windpipe and be put on continuous positive airway pressure (CPAP). This technique allows newborns to breathe on their own while being given slightly pressurized oxygen. Newborns are admitted to the neonatal intensive care unit (NICU) and are given supplemental oxygen and may be placed on a ventilator (a machine that helps air get in and out of the lungs) if necessary.,1,"Intubation and CPAP are indicated for respiratory distress, followed by mechanical ventilation and admission to the neonatal ICU as needed.","Okay, here's a rewritten version of that sentence, aiming for clarity for someone who’s learning English and unfamiliar with medical terminology:

**Option 1 (More Detailed - Good for Understanding):**

“When someone has trouble breathing (respiratory distress), doctors often use an intubation – a way to connect their nose or mouth to the baby’s airway.  They might also perform mechanical ventilation, which is like using a machine to help the baby breathe. If the baby needs more help getting air, they might need to go to the neonatal intensive care unit (NICU) – a special area for very young babies.”

**Option 2 (Slightly Shorter & More Direct):**

“If a baby is having trouble breathing (respiratory distress), doctors will usually use an intubation to provide air. They might also use mechanical ventilation, a type of machine, to support the baby’s breathing.  In some cases, the baby needs to go to the NICU, a specialized unit for newborns.”

**Option 3 (Breaking it Down - For Easier Processing):**

“When a baby is struggling to breathe (respiratory distress), doctors might do two things: first, they insert a tube called an intubation","Intubation and CPAP are used when there's respiratory trouble, and then they may need mechanical ventilation and being admitted to the neonatal ICU if needed.","The user has provided a task to simplify a medical sentence. They need to replace complex terms like ""intubation"" and ""CPAP"" with simpler synonyms. Also, they should split the sentence into two parts if necessary. The goal is to make the sentence more understandable while keeping all the important points intact.

First, I'll identify the key components: intubation and CPAP are involved when there's respiratory distress. Then, mechanical ventilation follows. If mechanical ventilation isn't needed, the patient goes to the neonatal ICU.

I think the first part can be rewritten using ""inspiration"" instead of ""intubation."" So, ""Inspiration and CPAP are used..."" That makes sense because CPAP is a form of oxygen therapy.

Next, ""respiratory distress"" can be replaced with ""respiratory distress syndrome,"" but maybe just ""respiratory distress"" is sufficient since it's clear from context.

Then, ""followed by"" can be kept as is for clarity.

""Indiculated for"" can be changed to ""indicated that"" or ""indicates that,"" depending on the style guide being followed.

""Respiratory distress"" might not need to be repeated unless it's essential, which it seems it is.","If the baby has breathing problems, doctors may use an endotracheal tube to help breathe air, and sometimes they give the baby oxygen through a mask.","If breathing is too difficult, intubation may be necessary.","If breathing becomes difficult or impossible, they may start using oxygen masks (intubation) and then stop breathing."
"Lady Burdett-Coutts died of acute bronchitis at her home on Stratton Street, Piccadilly.","Lady Burdett-Coutts died of acute bronchitis at her house in Stratton Street, Piccadilly.",1,"Lady Burdett-Coutts died of acute bronchitis at her home on Stratton Street, Piccadilly.","Here are a few options for rewriting that sentence, aiming for clarity for an English speaker unfamiliar with the details:

**Option 1 (More Detailed - Good for general understanding):**

""Lady Burdett-Coutts passed away peacefully at her home in Piccadilly due to suffering from severe bronchitis. She died at her residence.""

**Option 2 (Slightly More Concise):**

""Lady Burdett-Coutts died of illness in Piccadilly – she suffered from bronchitis and passed away.""

**Option 3 (Focusing on the Core Event):**

“A woman named Lady Burdett-Coutts died after becoming very sick with bronchitis.  She lived in Piccadilly.”

---

**Why these changes work:**

* **Replaced Complex Words:** ""died of acute bronchitis"" became ""passed away peacefully due to suffering from severe bronchitis"" or ""died of illness"". “at her home” was shortened to “in her residence” or “in Piccadilly”.
* **Simplified Language:** Phrases like ""at her home on Stratton Street"" were replaced with more straightforward phrasing.
* **Removed Redundancy:**  The unnecessary detail about the location was removed.


To help me refine the rewrite even further, could you tell","Lady Burdett-Coutts passed away from acute bronchitis at her home on Stratton Street, Piccadilly.","The lady Burdett-Coutts died of acute bronchitis at her home on Stratton Street, Piccadilly.

Step-by-step explanation:

1. **Identify Complex Words**: The sentence contains ""complex word"" ""at her home on Stratton Street, Piccadilly."" which are considered complex for non-native speakers.

2. **Simplify by Paraphrasing**: Replace ""complex word"" with a simpler synonym like ""place,"" making the sentence clearer: ""Lady Burdett-Coutts died of acute bronchitis at her home on Stratton Street, Piccadilly.""

3. **Ensure Grammar and Fluency**: Check that the sentence is grammatically correct and flows naturally. It does, so no changes are needed.

4. **Retain Main Ideas**: The key points about the lady's death and location remain unchanged.

5. **Final Simplified Sentence**: The rewritten sentence maintains clarity, simplicity, and retains all essential information while being more understandable.",She died of bronchitis.,"She died from bronchitis at her home on Stratton Street, Piccadilly.","Lady Burdett-Coutts died of acute bronchitis at her home on Stratton Street, Piccadilly."
"If no symptoms develop within the first 6 h after ingestion, risk of serious toxicity is minimal.",Stage 2 (6 to 48 hours after the overdose): The person's condition can appear to improve.,1,"If no symptoms develop within the first 6 h after ingestion, risk of serious toxicity is minimal.","Okay, here are a few options for rewriting that sentence, aiming for clarity for someone who’s learning English or just doesn’t know the specific terminology:

**Option 1 (More Detailed - Good for Beginners):**

""If you don't experience any symptoms at all within the first six hours after taking something, there’s little chance of serious harm. ”

**Option 2 (Slightly More Concise):**

""If you don’t get any signs of trouble within the first six hours after eating it, the risk of serious problems is low.""

**Option 3 (Focus on Key Points - If Space Allows):**

“Even if you don’t feel sick right away after taking something, there’s a small chance it could cause serious problems.”

**Option 4 (Breaking it Down - For Easier Processing):**

“If you don’t have any symptoms within the first six hours after consuming something, there’s a low probability that it will cause serious harm.”


**Why these changes work:**

*   **Replaced Complex Words:** ""develop,"" ""risk of,"" ""serious toxicity,"" and ""involves"" were replaced with more common and understandable alternatives like “experience,” “","If no symptoms appear in the first 6 hours after eating, the chance of serious problems is very low.",The risk of serious toxicity is minimal.,"If no symptoms develop within the first six hours after eating the poisoned substance, the risk of serious toxicity is low.","The most common symptom is vomiting; however, if the person has had an allergic reaction or ingested too much at once, they may have difficulty breathing, dizziness, rapid heartbeat, low blood pressure, seizures, coma, or death. If these symptoms occur, medical treatment is needed immediately.","If no symptoms develop within the first 6 hours after eating, there is little chance of serious toxicity."
"Predisposing factors include brain disorders (eg, dementia, stroke, Parkinson disease), advanced age, sensory impairment (eg, impaired vision or hearing), alcohol intoxication, and multiple coexisting disorders. Precipitating factors include use of drugs (particularly 3 new drugs), infection, dehydration, shock, hypoxia, anemia, immobility, undernutrition, use of bladder catheters (whether urinary retention is present or not), hospitalization, pain, sleep deprivation, and emotional stress.","Delirium can result from less severe conditions in older people and in people who have had a stroke or who have dementia, Parkinson disease, or another disorder that causes nerve degeneration. These conditions include Minor illnesses (such as a urinary tract infection); Severe constipation; Pain; Use of a bladder catheter (a thin tube used to drain urine from the bladder); Dehydration; Prolonged sleep deprivation; Sensory deprivation (including being socially isolated and not having access to needed eyeglasses or hearing aids).",1,"Predisposing factors include brain disorders (eg, dementia, stroke, Parkinson disease), advanced age, sensory impairment (eg, impaired vision or hearing), alcohol intoxication, and multiple coexisting disorders. Precipitating factors include use of drugs (particularly 3 new drugs), infection, dehydration, shock, hypoxia, anemia, immobility, undernutrition, use of bladder catheters (whether urinary retention is present or not), hospitalization, pain, sleep deprivation, and emotional stress.","Okay, here's a rewritten version of that complex sentence, aiming for clarity for an English speaker unfamiliar with the nuances of medical terminology and complex phrasing. I’ve focused on simplifying vocabulary, restructuring the information logically, and maintaining the core meaning:

**Revised Sentence:**

“Several things can make someone unwell. These include problems with their brain (like dementia or stroke), getting older, having trouble seeing or hearing clearly (sensory impairments like vision or hearing loss), being drunk, or having other health issues going on.  Sometimes, these problems worsen if they start using certain medications – like four new drugs – or if they get sick, are dehydrated, experience shock, or aren’t eating enough (undernutrition).  Finally, feeling stressed can also contribute to the problem.”

**Here’s a breakdown of how I changed each part and why:**

*   **""Predisposing factors include...""** became **""Several things can make someone unwell. These include...""** - This is more direct and easily understood.
*   **""brain disorders (eg, dementia, stroke, Parkinson disease)""** became **""problems with their brain (like dementia or stroke)""** -  Simplified language and removed the technical term.
*   **""","The main causes include brain problems like dementia, stroke, or Parkinson's disease, as well as old age, trouble seeing or hearing, drinking too much alcohol, and having many other health issues.  
The things that make the situation worse include using new drugs, getting sick, not being able to drink enough water, losing oxygen, having low red blood cells, not moving much, not eating enough, using a catheter for urination (even if there's no problem with holding urine), staying in the hospital, feeling pain, not sleeping well, and being stressed.","The prepositional factors are associated with predispositional factors through various relationships, such as cognitive impairments linked to stroke, memory issues connected to dementia, etc. The precipitating factors are influenced by drug use, infection, dehydration, shock, hypoxia, anemia, immobility, under nutrition, bladder catheter use, hospitalization, pain, sleep deprivation, and emotional stress. These factors contribute to the development of complex conditions like neurological diseases, cardiovascular disorders","These are called precipitating factors. These include: Use of drugs (such as antidepressants, sleeping pills, and pain killers); Infection; Dehydration; Shock; Hypoxia; Anemia; Immobility; Pain; Sleep deprivation; Emotional stress; Use of bladder catheters (whether urinary retention is present or not); Hospitalization; Use of CAT scans.","The most common cause of delirium is aging; however, other causes are infections such as pneumonia, strokes, diabetes mellitus, kidney failure, heart problems, liver diseases, cancer, and neurological conditions like Alzheimer 's disease. Other medical conditions that may contribute to delirium include depression, thyroid dysfunction, and medications taken for psychiatric illness.",The most common cause of chronic kidney disease is a combination of these problems: Age over 65 years; Brain disorder such as dementia or stroke; Sensory impairments like vision or hearing loss; Alcohol abuse; Dehydration; Shock; Hypokalemia; Anemia; Immobility; Under nutrition; Use of urine catheter (which may result in retaining urine); Hospitalization for heart failure or other conditions; Pain; Sleep deprivation; Emotional stress.
VWF replacement when necessary.,"Sometimes, transfusion of blood clotting factors enriched in von Willebrand factor.",1,VWF replacement when necessary.,"Okay, here are a few options for rewriting that complex sentence, aiming for clarity and natural English while preserving its core meaning. I’ve focused on different levels of simplification:

**Option 1 (More Detailed - Good for Beginners):**

""If VWF (a type of protein) is needed, we need to find a substitute.""

*   **Why it works:** This directly addresses the core issue – finding an alternative. It uses common vocabulary (""substitute"") and explains what VWF is.

**Option 2 (Slightly More Complex, Still Understandable):**

""When VWF is required, we should consider alternatives.  Perhaps there's another protein that can perform the same function.""

*   **Why it works:** This introduces the idea of needing a substitute and suggests a potential solution. ""Perform the same function"" clarifies the purpose.

**Option 3 (Most Concise - Best if you want to quickly convey the message):**

""If VWF is needed, we need to find a replacement.""

*   **Why it works:** This is the most streamlined option. It’s short, direct, and easily understood.


**Option 4 (Adding Context - If appropriate for your audience):",Replace VWF when needed.,The VWF replacement was necessary for ensuring proper functionality during the replacement process.,"If this is not possible, doctors may try to replace VWF with another substance that does not cause similar symptoms.","If VWF is needed for blood clotting, then platelets are used instead.","When needed, VWF replaces another protein."
"After the prodrome, maculopapular lesions develop on the oropharyngeal mucosa, face, and arms, spreading shortly thereafter to the trunk and legs.","After 2 or 3 days, a rash of flat, red spots develops in the mouth and on the face. Shortly thereafter, It spreads to the trunk and legs, then the hands and feet.",1,"After the prodrome, maculopapular lesions develop on the oropharyngeal mucosa, face, and arms, spreading shortly thereafter to the trunk and legs.","Okay, here's a rewritten version of that complex sentence, aiming for clarity for an English speaker unfamiliar with medical terminology and nuanced descriptions:

**Revised Sentence:**

“Small spots and bumps appear on the lining of your mouth, face, and arms. These spots then start to spread outwards to your back and legs.”

**Explanation of Changes and Why They Were Made:**

*   **""maculopapular lesions""** became **""small spots and bumps""**: This is much more accessible language. ""Maculopapular"" is a technical term; “small spots” and “bumps” are easier to grasp.
*   **""develop on the oropharyngeal mucosa, face, and arms""** changed to **""these spots and bumps appear on the lining of your mouth, face, and arms.""**:  This clarifies *where* the lesions are located – the area where the mouth and face meet. It’s also broken down into smaller phrases.
*   **""spreading shortly thereafter to the trunk and legs""** became **""These spots then start to spread outwards to your back and legs.""**: This simplifies the spatial relationship – the spots move outward from the initial location.

---

**Important Note:** If","After the early stage, red-brown bumps appear on the mouth area, face, and arms, and then spread to the body parts like the trunk and legs soon after.","The lesions developed after the prologue, the mucosa, face, and arms were affected, then quickly spread to the trunk and legs.",The first symptoms are mild and may include a tingling sensation in the fingers and toes. These sensations usually disappear within hours after the onset of the rash.,The rash usually begins as small red spots that spread over the body within 24 hours after symptoms begin.,The first symptoms are usually severe at least 12 hours after the initial attack.
"Many males with breast cancer have inherited a BRCA mutation, but there are other causes, including alcohol abuse and exposure to certain hormones and ionizing radiation.","Many males with breast cancer have got it through a BRCA mutation, but there are other causes, including alcohol abuse and exposure to certain hormones and ionizing radiation.",1,"Many males with breast cancer have inherited a BRCA mutation, but there are other causes, including alcohol abuse and exposure to certain hormones and ionizing radiation.","Okay, here's a rewritten version of that sentence, aiming for clarity for someone who’s learning English and doesn’t be familiar with specific medical jargon:

**Option 1 (More Detailed - Good for Understanding):**

“A lot of men who have breast cancer often inherit a genetic defect called a BRCA mutation. However, this isn’s the only reason they get cancer.  In addition to this, they might also drink too much alcohol or be exposed to certain chemicals like radiation, which can increase their risk.”

**Option 2 (Slightly Shorter & Focused):**

“Men with breast cancer sometimes inherit a gene called BRCA. But besides that, they may also drink more alcohol or be exposed to harmful substances like certain hormones or radiation.”

**Option 3 (Breaking it Down – For Maximum Clarity):**

“Sometimes, men diagnosed with breast cancer inherit a genetic change called a BRCA mutation.  But it’s not just that. They might also drink more alcohol or be exposed to certain chemicals or radiation, which could make them more likely to develop cancer.”


**Why these changes were made:**

*   **Replaced Complex Words:** “inherited” became “inherit,” “have” became “who have","Male patients with breast cancer may have inherited a BRCA mutation, but there are other reasons for the condition, such as drinking alcohol or being exposed to certain hormones and radiation.","The original sentence is quite complex because it uses multiple terms like ""breast cancer,"" ""BRCA mutation,"" and ""alcohol abuse."" It's also a bit lengthy and might not be easy for someone who isn't familiar with all these medical terms or concepts. To make it clearer, I'll break it down into smaller parts.

First, I'll mention that many males with breast cancer have inherited a BRCA mutation. Then, I'll note that while this is one cause, there are others, such as alcohol abuse and exposure to certain hormones and ionizing radiation.

I think breaking it into two sentences would help: one about the BRCA mutation and another about the other causes. That way, each part is clear and less overwhelming.

Alternatively, maybe combining some parts could work better if they're related. But since they seem distinct, perhaps keeping them separate makes more sense.

So, putting it together:

1. Many males with breast cancer have inherited a BRCA mutation.
2. However, there are other causes, such as alcohol abuse and exposure to certain hormones and ionizing radiation.

That should make it easier for non-native speakers to follow without getting lost in the details.

Another thought: using simple synonyms where possible. For example, ""BRCA mutation"" could",The most common cause is a BRCA mutation.,Breast cancer may also result from an inherited change in one of many genes that increases the risk for developing breast cancer.,There are many types of breast cancer.
"Robert Headland of the Scott Polar Research Institute has suggested various reasons for these false sightings, ranging from `` too much rum '' to deliberate hoaxes designed to lure rival ships away from good sealing grounds.","Polar historian Robert Headland of the Scott Polar Research Institute has suggested various reasons for these false sightings, ranging from `` too much rum '' to deliberate hoaxes designed to lure rival ships away from good sealing grounds.",1,"Robert Headland of the Scott Polar Research Institute has suggested various reasons for these false sightings, ranging from `` too much rum '' to deliberate hoaxes designed to lure rival ships away from good sealing grounds.","Okay, here's a rewritten version of that sentence, aiming for clarity for an English speaker unfamiliar with the specific terminology:

**Option 1 (More Detailed - Good for Understanding):**

“Robert Headland, at the Scott Polar Research Institute, has identified several possible explanations for these misleading reports – things like excessive alcohol consumption or deliberately fabricated incidents meant to trick other ships into drifting further from safe areas.”

**Option 2 (Slightly More Concise):**

“Robert Headland suggests several possible causes for these false sightings, including drinking too much alcohol and setting up deliberate deception to guide ships away from safe harbors.”

**Option 3 (Breaking it Down - For Maximum Clarity):**

“Robert Headland, working at the Scott Polar Research Institute, believes there are several reasons why people might see strange things. These could be because they’ve drunk too much alcohol, or perhaps someone is intentionally creating a fake sighting to distract other ships.”


**Why these changes work:**

*   **Replaced Complex Words:** “suggested various reasons,” “ranging from” became “identified several possible explanations,” “designed to lure” became “intended to trick” etc.
*   **Simplified Language:**  Phrases like ""too much rum","Robert Headland from the Scott Polar Research Institute has proposed several reasons for these mistaken sightings, including ""too much rum"" and plans to trick other ships into moving away from good hunting areas.","The suggestion made by Robert Headland regarding false sightings ranges from what might be considered ""too much rum"" to something deliberately constructed as a hoax to draw attention away from proper sealing areas.","He said that there were many false sightings, ranging from `` too much rum '' to deliberate hoaxes designed to lure rival ships away from good sealing grounds.",He said that some people thought he was making up stories about seals because they were too drunk or wanted to fool other sealers into thinking there were more seals than there actually were.,"He said there were many other reasons for these false sightings: `` too much rum '', or deliberate hoaxes designed to lure rival ships away from good sealing points."
A PET scan also commonly is done to assess the extent of disease as well as the cervical lymphatics.,A positron emission tomography (PET) scan also commonly is done to assess the extent of the cancer and the lymph nodes in the neck.,1,A PET scan also commonly is done to assess the extent of disease as well as the cervical lymphatics.,"Okay, here are a few options for rewriting that sentence, aiming for clarity for an English speaker unfamiliar with medical terminology:

**Option 1 (More Detailed - Good for general understanding):**

""Often, a PET scan is used to check how widespread a disease is and to look for problems in the neck's lymph nodes.""

**Option 2 (Slightly More Concise):**

""A PET scan often helps determine if there’s a disease throughout the body and whether there are any issues with the lymph glands in the neck.""

**Option 3 (Breaking it Down - Best for clarity if you want to emphasize each part):**

“When looking for signs of illness, a PET scan might examine the whole area and also check for problems in the small tubes called lymphatics in the neck.”

---

**Why these changes were made:**

*   **Replaced Complex Words:** ""PET scan,"" ""assess the extent of,"" ""cervical lymphatics"" became more understandable phrases like “checking for signs of illness” or “looking for problems in the neck’s lymph nodes”.
*   **Simplified Language:** Phrases like ""also commonly is done"" were replaced with clearer alternatives like ""is often used"" or """,A PET scan is often used to check how serious the illness is and what the cervical lymphatic system looks like.,The PET scan was performed to evaluate the extent of the disease and cervical lymphatics were observed.,A PET scan may also be used to look for cancer in other parts of the body besides the lungs.,The doctor may use a computed tomography or magnetic resonance imaging scan to look for cancer spread through the lymph system.,A PET scan is often performed to measure the size of the cancer and to check for any abnormalities in the cervical lymph nodes.
"Other causes have been attributed to contaminants produced by outgassing of some types of building materials, volatile organic compounds ( VOC ), molds ( see mold health issues ), improper exhaust ventilation of ozone ( byproduct of some office machinery ), light industrial chemicals used within, or lack of adequate fresh-air intake/air filtration ( see Minimum Efficiency Reporting Value ).","Other causes have been contaminants produced by outgassing of some types of building materials, volatile organic compounds ( VOC ), molds ( see mold health issues ), improper exhaust ventilation of ozone ( byproduct of some office machinery ), using light industrial chemicals in the building, or lack of adequate fresh-air intake/air filtration ( see Minimum Efficiency Reporting Value ).",1,"Other causes have been attributed to contaminants produced by outgassing of some types of building materials, volatile organic compounds ( VOC ), molds ( see mold health issues ), improper exhaust ventilation of ozone ( byproduct of some office machinery ), light industrial chemicals used within, or lack of adequate fresh-air intake/air filtration ( see Minimum Efficiency Reporting Value ).","Okay, here's a rewritten version of that complex sentence, aiming for clarity for an English speaker unfamiliar with the specific technical terms, along with explanations of how I’ve made the changes:

**Rewritten Sentence:**

“Several factors could be responsible for problems caused by gases released from certain building materials – specifically, volatile organic compounds (VOCs).  These gases can also lead to mold growth, and sometimes, poor ventilation systems in offices contribute to this issue. Furthermore, some industrial chemicals used in buildings might not be properly managed, and insufficient fresh air intake or filters can worsen the problem.”

**Explanation of Changes & Why They Were Made:**

*   **Complex Words Replaced:**
    *   ""outgassing of some types of building materials"" became ""gas released from certain building materials."" This is more straightforward.
    *   ""volatile organic compounds (VOC)"" was simplified to “volatile organic compounds” - it’s a common term and easily understood.
    *   ""mold health issues"" became ""mold growth"" - it’s a clearer description.
    *   ""improper exhaust ventilation of ozone"" became ""poor ventilation systems in offices contribute to this issue."" This clarifies the connection between the problem and the environment","Other reasons for health problems include contaminants from certain building materials, like volatile organic compounds (VOCs), molds, poor ventilation that allows ozone (a byproduct of some office machines), and chemicals used in industry, plus not having enough fresh air or filters.","Other causes have been attributed to contaminants produced by outgassing of some types of building materials, volatile organic compounds (VOC), molds, improper exhaust ventilation of ozone (byproduct of some office machinery), light industrial chemicals used within, or lack of adequate fresh-air intake/air filtration (see Minimum Efficiency Reporting Value).","Other causes have been attributed to contaminants produced by outgassing of some types of building materials, volatile organic compounds ( VOC ), molds ( see mold health issues ), improper exhaust ventilation of ozone ( byproduct of some office machinery ), light industrial chemicals used within, or lack of adequate fresh-air intake/air filtration ( see Minimum Efficiency Reporting Value ).","Other possible reasons for asthma include exposure to certain substances such as dust mites, cockroach allergens, animal dander, pollen, ragweed, mold spores, and other airborne irritants.","Other causes include contaminants from outgassing of certain building materials, volatile organic compounds ( VOC ), molds ( see mold health issues ), improper exhaust ventilation of ozone ( byproduct of some office machinery ), light industrial chemicals used within, or lack of adequate fresh air intake/air filtration ( see Minimum Efficiency Reporting Value )."
Waist circumference and the presence of metabolic syndrome appear to predict risk of metabolic and cardiovascular complications better than BMI does.,"Waist circumference is measured. This measurement helps identify and quantify abdominal (visceral) obesity, which is fat that accumulates around the waist and in the abdomen. Abdominal obesity is much more harmful than fat that is distributed throughout the body under the skin (subcutaneous fat).",1,Waist circumference and the presence of metabolic syndrome appear to predict risk of metabolic and cardiovascular complications better than BMI does.,"Okay, here are a few options for rewriting that sentence, aiming for clarity for an English speaker unfamiliar with medical terminology and complex phrasing:

**Option 1 (More Detailed - Good for general understanding):**

""Measurements taken to determine someone’s waist size and whether they have metabolic syndrome – which means problems with your metabolism and heart health – seem to show they are at higher risk of developing complications from things like diabetes or heart attacks.  It’s generally considered more reliable than just looking at their weight.""

**Option 2 (Slightly Shorter & More Direct):**

""A person's waist circumference and signs of metabolic syndrome – indicating potential heart problems – provide clearer indications of future risks compared to simply measuring their weight.""

**Option 3 (Focus on Key Concepts - If you want to emphasize the core message):**

""When looking at a person’s waist size and whether they have metabolic syndrome (meaning trouble with their body’s energy use and heart health), it suggests they’re more likely to get serious health issues later on.""


---

**Why these changes were made:**

*   **Complex Words:** Replaced phrases like ""appear to predict,"" ""risk of metabolic and cardiovascular complications,"" and ""BMI",The waist size and having metabolic syndrome seem to predict a higher risk of metabolic and heart-related problems better than BMI does.,The waist circumference along with the presence of metabolic syndrome appears to better predict the risk of metabolic and cardiovascular complications compared to BMI.,Waist circumference and the presence of metabolic syndrome are good indicators of risk for heart disease and diabetes.,The waist-to-hip ratio is more important for predicting heart disease than BMI or total body fat percentage.,The waist circumference and the presence of metabolic syndrome are better at predicting risk of metabolic and cardiovascular complications than BMI does.
Clinically evident chronic venous insufficiency may not cause any symptoms but always causes signs; postphlebitic syndrome always causes symptoms.,"People with chronic venous insufficiency have leg swelling (edema), which typically is worse at the end of the day because blood must flow upward against gravity when a person is standing or sitting.",1,Clinically evident chronic venous insufficiency may not cause any symptoms but always causes signs; postphlebitic syndrome always causes symptoms.,"Okay, here's a rewritten version of that sentence, aiming for clarity for someone who’s learning English and doesn’t be familiar with medical jargon:

**Option 1 (More Detailed - Good for Understanding):**

“When your veins aren’t properly filled with blood (chronic venous insufficiency) often doesn’t show any signs at all. However, when they do leak (postphlebitic syndrome) usually does cause problems – you feel unwell or experience symptoms.”

**Option 2 (Slightly Shorter & More Direct):**

“If your veins don’t have enough space to return blood properly (chronic venous insufficiency), you might not notice anything at first. But if they do leak, you’ll likely feel sick or have other symptoms.”

**Option 3 (Breaking it Down - For Maximum Clarity):**

“Sometimes, when your veins aren’t working correctly (chronic venous insufficiency), there’s no obvious sign.  But when they do leak, you definitely feel unwell – maybe you get pain, fatigue, or other symptoms.”


**Why these changes work:**

* **Replaced Complex Words:** “Clinically evident” became “doesn’t show any signs at all,” “causes signs","Chronic venous insufficiency might not cause any symptoms, but it always leads to signs. Postphlebitic syndrome always causes symptoms.","The user has provided a clinical sentence which needs to be simplified for better understanding. The initial sentence is: "" Clinically evident chronic venous insufficiency may not cause any symptoms but always causes signs; postphlebitic syndrome always causes symptoms."" 

First, I'll break down each part of the sentence to identify key components. The first part mentions ""chronic venous insufficiency,"" which refers to a condition where blood flow isn't sufficient. It's important because this affects how the body handles pressure or swelling.

Next, the sentence states that this condition doesn't cause symptoms but does cause signs. Signs are often related to physical symptoms like pain or swelling. So, if someone has this condition, they might feel a specific sign rather than having a symptom directly.

Then there's another part about ""postphlebitic syndrome,"" which is associated with severe swelling after a hemorrhage. This syndrome definitely causes symptoms, such as severe pain or swelling.

Putting all these together, the sentence can be restructured to emphasize the relationship between the condition and its effects on the body. By simplifying some parts and restructuring others, the overall message becomes clearer without losing essential details.

So, the rewritten version would focus on the connection between the condition and its effects,",The first symptom is usually mild or no symptoms. Postphlebitic syndrome always causes symptoms.,"Symptoms caused by chronic venous insufficiency include: - Swelling of one or both legs (edema). - Skin changes such as discoloration, thickening, and hardening of the skin on the affected leg. - Lumps under the skin that are tender when touched. - A feeling of tightness or heaviness in the legs at night. - Skin ulcers near the ankles.","If there are no symptoms, people usually have severe pain when they feel blood in their veins."
"If there is no mass but cancer is otherwise suspected or if other tests are indeterminate, the following is done: Mammography.","When there is no lump but cancer is still suspected or when other test results are unclear, mammography is done.",1,"If there is no mass but cancer is otherwise suspected or if other tests are indeterminate, the following is done: Mammography.","Okay, here's a rewritten version of that sentence, aiming for clarity for an English speaker unfamiliar with medical terminology and complex phrasing:

**Option 1 (More Detailed):**

“If there’s any sign that cancer might be present, we start with a mammogram.  However, if other tests don’t give us a clear answer, we also consider other kinds of checks.”

**Option 2 (Slightly Shorter & More Direct):**

“If there’s any suspicion of cancer, we first perform a mammogram. If those tests aren’t conclusive, we’ll investigate other possibilities.”

**Option 3 (Breaking it Down - Good for Clarity):**

“If there’s any indication that cancer could be happening, we begin with a mammogram. If further tests don’t confirm anything, we’ll look at other possible causes.”


**Why these changes work:**

*   **“If there is no mass” became “If there’s any sign that cancer might be present”**: This replaces the formal phrase with a more understandable expression.
*   **“otherwise suspected” became “that cancer might be present”**: A clearer way to express the idea.
*","If there's no mass and cancer is otherwise suspected, then mammography is done.","""If there is no mass, then proceed with mammography.""","If there is any suspicion that cancer may be present, the doctor first does a mammogram.",Mammography may also detect cancers that have not yet caused any symptoms.,"If there is no mass but cancer is suspected or if other tests are not definite, doctors do a mammogram."
"Genital lesions cause painful epididymal swelling, deep perineal discomfort, or prostatic tenderness detected during rectal examination.","In men, the coiled tube on top of testes (epididymis) may swell, causing pain, or infection of the prostate gland (prostatitis) may cause discomfort.",1,"Genital lesions cause painful epididymal swelling, deep perineal discomfort, or prostatic tenderness detected during rectal examination.","Okay, here's a rewritten version of that sentence, aiming for clarity for someone who’s learning English and doesn’t be familiar with medical terminology:

**Option 1 (More Detailed - Good for Understanding):**

“When doctors examine your prostate area during a rectal exam, they often notice unusual lumps or swelling near the genitals. This can feel like pain, and might also be accompanied by discomfort in the lower part of your penis.”

**Option 2 (Slightly Shorter & More Direct):**

“During a check of your prostate, doctors sometimes find areas of swelling, pain, or tenderness in the genital area.  This could be due to problems with the glands near the prostate.”

**Option 3 (Breaking it Down – For Easier Processing):**

“When a doctor examines your prostate, they might see these things:  small bumps or swelling near the genitals, or pain in the lower part of your penis. It could be because of issues with the glands nearby.”


**Why These Changes Worked:**

* **Replaced Complex Words:** “Genital lesions,” “epididymal swelling,” “prostatic tenderness,” and “rectal examination” were replaced with more common and understandable terms.
* **Simplified","The genital lesions can cause pain and swelling in the epididymis, discomfort in the area near the waist, and tenderness in the prostate, which can be felt during a rectal exam.","The original sentence conveys pain from medical conditions during a specific exam. To aid non-native speakers, I'll replace complex terms with simpler ones while retaining key points.",The presence of genital lesions may cause pain during a rectal exam.,The genital area may become swollen and tender; pain may radiate down the thighs and around the groin; and the prostate gland may feel tender when examined through the anus.,The most common symptom of a benign prostatic hyperplasia is pain at the bottom of the penis when it is examined.
"Inflammatory breast cancer is characterized by peau d'orange, erythema, and enlargement of the breast, often without a mass. A nipple discharge is common.","In inflammatory breast cancer, the breast is warm, red, and swollen, as if infected (but it is not). A discharge from the nipple is common. Often, no lump can be felt in the breast, but the entire breast is enlarged.",1,"Inflammatory breast cancer is characterized by peau d'orange, erythema, and enlargement of the breast, often without a mass. A nipple discharge is common.","Okay, here are a few options for rewriting that sentence, aiming for clarity for an English speaker unfamiliar with medical terminology and nuanced descriptions:

**Option 1 (More Detailed - Good for Understanding):**

""Breast cancer that causes inflammation often looks like a reddish patch on the skin (peau d'orange), is red and swollen, and the breast might grow larger – sometimes there’s no noticeable lump present.""

**Option 2 (Slightly Shorter & More Direct):**

""When breast cancer develops, you might notice redness, swelling, and an enlarged breast.  It could also cause nipple discharge.""

**Option 3 (Breaking it Down - For Easier Processing):**

“Inflammation of the breast is a type of cancer. It frequently appears as a red area on the skin (like orange patches), feels puffy, and the breast might get bigger without showing any lumps. Sometimes, there’s a discharge from the nipple.”

---

**Why these changes were made:**

*   **Replaced Complex Words:** ""Inflammatory,"" ""peau d'orange,"" ""erythema,"" ""enlargement,"" ""mass,"" ""discharge"" were all replaced with more accessible terms.
*   **Simplified Language:** Phrases","Inflammatory breast cancer has orange skin, red spots, and swollen breasts, and sometimes there's no lump. A sore or fluid coming from the nipple is also common.","The original sentence is about inflammatory breast cancer, which has features like peau d'orange, erythema, and breast enlargement. It's usually accompanied by a mass but doesn't always have one. There are also instances where the nipple might discharge.

To simplify this for non-native speakers, I'll break it down step by step.

First, replace ""inflammatory breast cancer"" with something more straightforward, like ""breast cancer.""

Next, identify the key terms: ""peau d'orange,"" ""erythema,"" and ""enlargement."" Replace these with simpler words if possible. However, since they're specific medical terms, maybe just keep them as they are or find synonyms.

But wait, ""enlargement"" could be replaced with ""broadening"" or ""expanding."" Similarly, ""peau d'orange"" is a term from dermatology; perhaps it's better left as is unless there's a clear synonym.

Then, mention ""erythema"" as ""redness"" or ""flattened appearance.""

Also, note that the presence of a mass isn't essential, so we can omit that part.

Lastly, include the nipple discharge because it's mentioned in the original text.

Putting it all together:

Breast cancer",The skin on the chest may turn an orange color.,The skin on the breasts turns orange or reddish-pink; the breast becomes swollen and painful. Nipple discharge may occur.,The most common form of inflammatory breast cancer is peau d'orange.
"Acute ulcerative blepharitis is usually caused by bacterial infection (usually staphylococcal) of the eyelid margin at the origins of the eyelashes; the lash follicles and the meibomian glands are also involved. It may also be due to a virus (eg, herpes simplex, varicella zoster). Acute nonulcerative blepharitis is usually caused by an allergic reaction involving the same area (eg, atopic blepharodermatitis and seasonal allergic blepharoconjunctivitis, which cause intense itching, rubbing, and a rash; or contact sensitivity [ dermatoblepharoconjunctivitis ]).","Disorders that may cause blepharitis include bacterial (typically staphylococcal) infection of the eyelids or the ducts of the deeper glands that open at the edges of the eyelids, certain viral infections (usually herpes simplex), and allergic reactions (to pollens or sometimes to eye drops).",1,"Acute ulcerative blepharitis is usually caused by bacterial infection (usually staphylococcal) of the eyelid margin at the origins of the eyelashes; the lash follicles and the meibomian glands are also involved. It may also be due to a virus (eg, herpes simplex, varicella zoster). Acute nonulcerative blepharitis is usually caused by an allergic reaction involving the same area (eg, atopic blepharodermatitis and seasonal allergic blepharoconjunctivitis, which cause intense itching, rubbing, and a rash; or contact sensitivity [ dermatoblepharoconjunctivitis ]).","Okay, here's a rewritten version of that complex sentence, aiming for clarity and ease of understanding for someone learning English:

**Simplified Version:**

""Acute blepharitis, often caused by a bacteria like *Staphylococcus* growing on the edge of the eyelids, is common.  It also affects the tiny hair follicles (lash follicles) and the oil glands within the eyelids. Sometimes, this inflammation is triggered by a virus, such as the flu or chickenpox.  In other cases, it’s due to an allergy – like itchy skin reactions from things like allergies or contact sensitivities.""

---

**Here’s a breakdown of why I made these changes and what they achieve:**

*   **“Acute ulcerative blepharitis” changed to “Acute blepharitis”**: This is more straightforward.
*   **“is usually caused by…” changed to “often caused by…”**: A slightly more natural phrasing.
*   **“bacterial infection (usually staphylococcal)” changed to “bacteria like *Staphylococcus* growing…”**:  This clarifies the source of the infection. Using italics helps emphasize the specific bacteria.
*   **“of the eyelid margin at the origins of the eyelashes” changed to “growing on the","Acute ulcerative blepharitis is often because of a bacterial infection, like staphylococcus, on the edge of the eyelids where the睫毛 grow. This can affect the eyelash follicles and oil glands in the eye. It might also happen because of a virus, such as herpes simplex or varicella zoster. 

Acute non-ulcerative blepharitis happens when someone has an allergic reaction in the same area, causing itching, rubbing, and a rash. This can include conditions like atopic blepharodermatitis or seasonal allergic blepharoconjunctivitis.","The initial description involves two types of ulcers: acute ulcerative blepharitis and acute nonulcerative blepharitis. Both are associated with bacterial infections on the eyelid margin at the origins of the eyelashes. Additionally, the lash follicles and meibomian glands play a role in these conditions. If there's a viral component, such as herpes simplex or varicella zoster, this could contribute to the pathogenesis of the conditions described.",It may also be caused by a virus (such as herpes simplex or chickenpox); an allergic reaction (such as atopic blepharoconjunctivitis); or a bacterial infection (usually staph aureus).,"Blepharitis is inflammation of the eyelids. There are two types: acute and chronic. Acute blepharitis is often caused by bacteria on the eyelid margins where the eyelashes grow. This causes irritation and swelling of the eyelid lining. A common type of bacteria that causes this condition is Staphylococcus aureus. Other bacteria include Propionibacterium acnes. Less commonly, viruses such as Herpes simplex virus or Varicella-zoster virus may cause acute blepharitis. Chronic blepharitis is often caused by an allergy to dust mites or other allergens. People who have atopic dermatitis (eczema) are more likely to develop chronic blepharitis because they tend to rub their eyes excessively when they itch.","The most common form of acute blph is caused by bacteria: Staphylococcus aureus (a type of bacteria) causing a bacterial infection of the edge of the eyelid, the lash follicles, and the meibomian glands. Less commonly, a viral infection such as herpes simplex virus causes blph."
"Other manifestations of cirrhosis may be present. Cirrhosis, if compensated, may be asymptomatic. The liver is usually small; when the liver is enlarged, hepatic steatosis or hepatoma should be considered.","Symptoms may also result from the complications of cirrhosis (see Introduction, above). After cirrhosis develops, the liver usually shrinks.",1,"Other manifestations of cirrhosis may be present. Cirrhosis, if compensated, may be asymptomatic. The liver is usually small; when the liver is enlarged, hepatic steatosis or hepatoma should be considered.","Okay, here's a rewritten version of that complex sentence, aiming for clarity for an English speaker unfamiliar with medical terminology and nuanced phrasing:

**Revised Sentence:**

“Besides other signs of damage to the liver, you might also see signs of cirrhosis. If the liver is treated well, it might not cause any symptoms. Usually, the liver appears smaller than normal. However, if the liver becomes large – called hepatic steatosis or potentially a liver tumor – it’s important to investigate further.”

**Here’s a breakdown of why I made these changes and what they achieve:**

*   **""Other manifestations of cirrhosis may be present""** became **""Besides other signs of damage to the liver, you might see signs of cirrhosis.""** - This is more direct and easily understood.
*   **""If compensated, may be asymptomatic""** became **""If the liver is treated well, it might not cause any symptoms.""** -  This clarifies the meaning of ""compensated,"" which refers to treatment helping to reduce symptoms.
*   **""The liver is usually small; when the liver is enlarged, hepatic steatosis or hepatoma should be considered""** became **""Usually, the liver appears smaller than normal. However, if the","Cirrhosis can have other symptoms besides the usual signs. If the condition is not getting better, people might not feel any symptoms. The liver is often smaller than it should be; when it gets bigger, doctors might think about problems like fat buildup or cancer.","The other manifestation of cirrhosis might be present. If compensation occurs, it could be asymptomatic. The liver is generally small; when the liver becomes larger, hept asymptotic analysis or hepatoma should be considered.","The liver may become small when it is enlarged. If the liver is large enough that it blocks the passage of blood, this is called a blockage.","Cirrhosis may also cause other symptoms such as fluid accumulation in the abdomen (ascites). If the liver becomes too damaged, people often feel very tired. When this happens, doctors call it `` hepatic insufficiency '' because the liver does not work well enough anymore.","Cirrhosis may also cause damage to other organs such as the kidneys, lungs, heart, brain, and skin."
"Further evaluation may include enhanced CT or MRI of the head, neck, and chest; thyroid scan; barium swallow or bronchoscopy; and esophagoscopy.","In addition to asking questions about a person 's medical history, doctors base the diagnosis on laryngoscopy. Laryngoscopy is examination of the larynx, with a thin, flexible viewing tube. Additional testing may include Magnetic resonance imaging (MRI) or computed tomography (CT) of the head, neck, and chest; A scan of the thyroid gland; X-rays of the esophagus (barium swallow).",1,"Further evaluation may include enhanced CT or MRI of the head, neck, and chest; thyroid scan; barium swallow or bronchoscopy; and esophagoscopy.","Okay, here's a rewritten version of that complex sentence, aiming for clarity for an English speaker unfamiliar with medical terminology and procedures. I’ve focused on simplifying language, breaking down the information, and maintaining the core meaning:

**Rewritten Sentence:**

“To help diagnose potential problems with your head, neck, and chest, doctors might perform tests like a CT scan of the head, a neck X-ray, or a barium swallow to examine your esophagus or bronchoscopy to look inside your lungs.  These checks are often used when there’s a concern about something unusual.”

**Explanation of Changes & Why They Were Made:**

* **""Complex Sentence"" Removed:** The original sentence is already quite complex. Directly translating it would likely be confusing.
* **Replaced Complex Words:**
    * ""complex"" became ""potential problems"" – more relatable.
    * ""delicate"" became ""diagnose potential problems"" - clarifies the purpose.
    * “examine” became “look inside” – simpler phrasing.
    * “often performed” became “doctors might perform” – provides context.
* **Simplified Structure:**  I broke the original into shorter sentences and grouped related concepts.
* **Added Context:** Added phrases","The evaluation might include more detailed scans of the head, neck, chest, thyroid, and digestive tract, such as CT or MRI scans, a barium swallow or bronchoscopy, and an esophagoscopy.","The evaluation will involve enhanced CT or MRI scans of the head, neck, and chest; thyroid scanning; barium swallow or bronchoscopy; and esophagoscopy.","The doctor may also do an additional scan of the head, neck, and chest.","Doctors may also use computed tomography (CT) scans, magnetic resonance imaging (MRI), and other tests such as an endoscopy.",A doctor may also perform an ultrasound of the abdomen.
Endotracheal intubation and continuous positive airway pressure (CPAP) Mechanical ventilation as needed Supplemental oxygen as needed,Sometimes suctioning of the airways Measures to support breathing,1,Endotracheal intubation and continuous positive airway pressure (CPAP) Mechanical ventilation as needed Supplemental oxygen as needed,"Okay, here's a rewritten version of that complex sentence, aiming for clarity for someone unfamiliar with medical terminology and procedures, along with explanations of why I made the changes:

**Revised Sentence:**

“When someone has trouble breathing, doctors might use these methods. First, they insert a tube called an endotracheal intubation into their nose or mouth.  Then, they also use a device called a continuous positive airway pressure (CPAP) to keep their airways open. If they need more help breathing, they might give them supplemental oxygen through a machine. This helps support their breathing.”

**Explanation of Changes and Why They Were Made:**

*   **""Endotracheal intubation and continuous positive airway pressure (CPAP)""**:  This was shortened to ""inserting a tube called an endotracheal intubation into their nose or mouth.""  It’s much more understandable than the original phrasing.  ""Intubation"" is a technical term; explaining it as ""a tube inserted into the nose or mouth"" clarifies what it is.
*   **""Mechanical ventilation as needed""**:  Replaced this with “doctors might use these methods.”  ""Mechanical ventilation"" is a specialized medical term; simplifying it to ""doctors might use these","Use endotracheal tube placement and CPAP or mechanical ventilation as needed, along with supplemental oxygen if needed.",Endotracheal intubation and continuous positive airway pressure (CPAP) are mechanical ventilation techniques often used in respiratory care.,Oxygen via mask or ventilator; mechanical ventilation if breathing is too difficult; endotracheal intubation and CPAP for breathing problems; and supplemental oxygen when necessary.,"If breathing is too difficult, doctors may put tubes down both trachea and bronchus to keep air from getting out. This is called endotrachial intubation or `` tube placement ''. Doctors also give people supplemental oxygen if they are short of oxygen at home.",Endotracheal intubation and continuous positive airway pressure ( CPAP ) mechanical ventilation as needed supplement oxygen as needed
"In adults, BMI, defined as weight (kg) divided by the square of the height (m2), is used to screen for overweight or obesity (see table Body Mass Index (BMI)): Overweight = 25 to 29.9 kg/m2; Obesity = 30 kg/m2.",Obesity is diagnosed by determining the BMI.,1,"In adults, BMI, defined as weight (kg) divided by the square of the height (m2), is used to screen for overweight or obesity (see table Body Mass Index (BMI)): Overweight = 25 to 29.9 kg/m2; Obesity = 30 kg/m2.","Okay, here's a rewritten version of that sentence, aiming for clarity for someone who’s learning English and doesn’t be familiar with specific medical terminology:

**Option 1 (More Detailed - Good for Beginners):**

“When adults are measured, their weight is calculated by dividing their weight in kilograms by the *square* of the length of their height in meters. This measurement is called Body Mass Index (BMI).  Here’s how it works:

*   If their weight is between 25 and 29.9 kilograms per square meter, they are considered underweight.
*   If their weight is 30 kilograms per square meter or more, they are classified as overweight.”

**Option 2 (Slightly Shorter & More Conversational):**

“Doctors often use a number called Body Mass Index (BMI) to check if someone is overweight or obese. It’s based on how much weight they have compared to their height. For example, if someone weighs 25 to 29.9 kg per square meter, they’re underweight. If they weigh 30 kg or more, they’re considered overweight.”

**Option 3 (Focusing on the Core Concept – Best","Adults use BMI, which is calculated by dividing your weight in kilograms by your height in meters squared, to check if you're overweight or obese. The rule is that overweight is when your BMI is between 25 and 29.9, and obesity is when it's 30 or higher.","The adult population's BMI score is calculated by dividing their weight in kilograms by the square of their height in meters. This metric helps determine if someone is underweight, normal weight, overweight, or obese based on predefined ranges.","In adults, BMI, which is weight (kg) divided by the square of height (m2), is used to screen for overweight or obesity (see table Body Mass Index (BMI)).",For example: A person who weighs 160 pounds has an ideal body mass index if their height is 5 feet 8 inches tall.,"For example, if someone weighs 170 pounds and is 6 feet tall, their BMI is about 24."
History of present illness should include the following: Whether the current discharge is unilateral or bilateral; What its color is; How long it has lasted; Whether it is spontaneous or occurs only with nipple stimulation; Whether a mass or breast pain is present.,Nipple discharge is a cause for concern when it Occurs without the nipple 's being squeezed or stimulated by other means (when it occurs spontaneously); Occurs in women aged 40 or older; Comes from only one breast; Is bloody or pink; Is accompanied by a lump that can be felt; Occurs in a boy or man.,1,History of present illness should include the following: Whether the current discharge is unilateral or bilateral; What its color is; How long it has lasted; Whether it is spontaneous or occurs only with nipple stimulation; Whether a mass or breast pain is present.,"Okay, here's a rewritten version of that complex sentence, aiming for clarity for someone who’s learning English and doesn’t be familiar with all medical terminology:

**“To understand why the person currently experiencing this illness, we need to consider these details:** First, **is the discharge happening one area at a time (unilateral) or both areas simultaneously (bilateral)?** Second, **what color is the liquid they are leaking?** Third, **how long has this leakage been going on?**  Fourth, **did this happen on their own, or did it occur when they touched or stimulated their breasts?** Finally, **are there any lumps or painful sensations in the breast area?”**

**Here’s a breakdown of *why* I made these changes:**

*   **Complex Words:** Replaced phrases like ""History of present illness"" with more straightforward language (""To understand why...""). “Should include” became “need to consider.” “Whether” was replaced with “is” for better flow.
*   **Paraphrasing:** Reworded sentences using different wording while maintaining the same core meaning.
*   **Compression:** Removed unnecessary words and phrases.
*   **Adding Context:** Added clarifying questions to","The history of the current illness should include: whether the discharge is one-sided or both-sided, what color it is, how long it's been going on, if it happens on its own or only when you touch the nipples, and if there's a lump or pain in the breast.","The history of present illness should include whether the current discharge is unilateral or bilateral; what its color is; how long it has lasted; whether it is spontaneous or occurs only with nipple stimulation; whether a mass or breast pain is present.

Wait, but I think the user wants me to replace some complex words with simpler synonyms. Let me check the instruction again.

Ah, right! The instruction says to rewrite the complex sentence by replacing complex words with simpler synonyms. So, for example, ""history"" could become ""the study of events,"" which might not directly help, but perhaps another approach.

But looking at the input provided, it's already a bit clear. It lists points about the current illness, each as separate sentences. Maybe the issue is more about clarity than complexity.

Alternatively, maybe the problem is that the sentence is too long and complicated, making it difficult for non-native speakers to grasp quickly. So, breaking it down into shorter, simpler sentences would help.

Looking back at the instruction, the goal is to rewrite the complex sentence by replacing complex words with simpler synonyms, compressing if necessary, and ensuring grammar and fluency while retaining the main ideas.

So, let's look at the input:

""History of present illness should include the following: Whether the current",History of present illness should include: Whether the current discharge is unilateral or bilateral; What its color is; How long it has lasted; Whether it is spontaneous or occurs only with nipple stimulation; Whether a mass or breast pain is present.,"The woman also tells her doctor whether the discharge started suddenly or gradually, what color it is, how long it has been there, whether she had sex recently, and if any other parts of her body are affected.","If the discharge is on one side of the body, this is called a unilateral discharge. If it is on both sides, then it is a bilateral discharge."
"Patients with positive fecal occult blood tests require colonoscopy, as do those with lesions seen during sigmoidoscopy or an imaging study.","People with blood in their stool require colonoscopy, as do those with abnormalities seen during a sigmoidoscopy or an imaging study.",1,"Patients with positive fecal occult blood tests require colonoscopy, as do those with lesions seen during sigmoidoscopy or an imaging study.","Okay, here are a few options for rewriting that sentence, aiming for clarity for someone who’s learning English and doesn’t be familiar with medical jargon:

**Option 1 (More Detailed - Good for Beginners):**

""If a patient test shows positive signs of blood in their stool (fecal occult blood), they usually need a colonoscopy.  Also, if they have spots or abnormalities found during a sigmoidoscopy (a type of colon examination) or through an imaging scan, they might also need a colonoscopy.""

**Option 2 (Slightly Shorter & More Direct):**

""People who test positive for blood in their stool often need a colonoscopy.  They may also need a colonoscopy if they have lesions detected during a sigmoidoscopy or through an imaging test.""

**Option 3 (Breaking it Down – For Easier Processing):**

“If a doctor finds blood in your stool (fecal blood), you likely need a colonoscopy.  Sometimes, they might also need a colonoscopy if they see unusual spots or changes on a sigmoidoscopy or an imaging scan.”


**Why these revisions work:**

* **Simpler Vocabulary:** Words like ""require,"" ""seen,"" and","People who have a positive result for hidden blood in their stool need a colonoscopy, just like those who have certain issues found during a sigmoidoscopy or an imaging test.","The patient has a positive fecal occult blood test, which necessitates a colonoscopy. Additionally, if there are lesions detected during sigmoidoscopy or an imaging study, they should also undergo a colonoscopy.",People who have had fecal occult blood tests usually need a colonoscopy. People who have had a lesion seen during a sigmoidoscopy or an imaging study may also need a colonoscopy.,People who have had a positive fecal occult blood test need a colonoscopy. People who have had lesions found during a sigmoidoscopy also need a colonoscopy.,"People who have a positive result on a stool test need a colonoscopy, which is a procedure where doctors examine the contents of the rectum."
A feeling of scratchiness or of a foreign body may be caused by either a conjunctival or a corneal disorder.,A feeling of scratchiness or a foreign body sensation may be caused by a disorder of the conjunctiva (the thin membrane that lines the eyelid and covers the front of the eye) or of the cornea.,1,A feeling of scratchiness or of a foreign body may be caused by either a conjunctival or a corneal disorder.,"Okay, here are a few options for rewriting that sentence, aiming for clarity and natural English flow while preserving the core meaning:

**Option 1 (More Detailed - Good for Beginners):**

""Feeling like something is scratching or feeling like a foreign object might be due to problems with your eye's surface – either the area around your eye (conjunctival) or the outer layer of your eye (cornea).  These issues could be caused by various conditions.""

**Option 2 (Slightly Shorter & More Direct):**

""Scratchiness or a foreign sensation in your eye could be caused by problems with the surface of your eye, such as the conjunctiva or the cornea. These conditions might result from different illnesses.""

**Option 3 (Breaking it Down - For Easier Processing):**

“You might feel scratchy or like something foreign is irritating your eye. This could be because of problems with the lining of your eye (conjunctiva) or the clear part of your eye (cornea). It could be due to things like an illness.”

---

**Why these changes were made:**

*   **Replaced Complex Words:** ""Conjunctival"" became ""around your eye,"" ""cornea""",A feeling of scratchiness or something like a foreign object might happen because of a problem with the eye's outer layer or the clear part of the eye.,The feeling of scratchiness or a foreign body might be caused by either a conjunctival or a corneal disorder.,A feeling of scratchiness or of a foreign body may be caused by either a conjunctival or a corneal disorder.,The sensation of scratchiness or of a foreign body may be caused by an eye infection such as conjunctivitis or a problem with the cornea.,A feeling of scratchiness or of a foreign body may be caused by a condition of the cornea.
Identified rhythm disturbances and underlying disorders are investigated and treated (see table Some Treatments for Arrhythmias).,Other identified rhythm disturbances and underlying disorders are investigated and treated (see Abnormal Heart Rhythms).,1,Identified rhythm disturbances and underlying disorders are investigated and treated (see table Some Treatments for Arrhythmias).,"Okay, here are a few options for rewriting that sentence, aiming for clarity and natural English flow while maintaining the core meaning:

**Option 1 (More Detailed & Explanatory):**

""Doctors are looking carefully at heart rhythms and trying to find reasons why they’re disrupted. They also treat people who have problems with their heartbeat.  You can find more details about different treatments for heart arrhythmias in a table below.""

**Option 2 (Slightly Shorter & More Direct):**

""Researchers investigate rhythm disturbances and potential underlying issues in people experiencing heart problems. Treatment options are listed in a table.""

**Option 3 (Focus on Clarity - Good for Beginners):**

“When doctors notice irregular heartbeats, they examine the cause. They then offer treatment options found in a list.”


**Why these changes work:**

*   **Replaced Complex Words:** ""Identified rhythm disturbances and underlying disorders"" became ""looking carefully at heart rhythms and finding reasons why they's disrupted"" or ""researchers investigating rhythm disturbances and potential underlying issues"".
*   **Simplified Language:** Phrases like ""are investigated and treated"" were shortened to phrases like ""doctors are looking at"" or ""researchers investigate"".
*   **Removed",The doctor looks at problems with the heart's beat and other issues that cause them and tries to fix them. (See the table for treatments for arrhythmias.),The identified rhythm disturbances and underlying disorders are being studied and managed according to the provided table.,The rhythm is found to be abnormal and there may be an underlying disorder.,The doctor also looks for other problems that may have caused the arrhythmia.,They may also have other conditions such as diabetes or heart failure.
"Vasculitic skin lesions may include mottled erythema on the palms and fingers, periungual erythema, nail -fold infarcts, urticaria, and palpable purpura. Petechiae may develop secondary to thrombocytopenia.","Mottled red areas on the sides of the palms and up the fingers, redness and swelling around the nails, and flat, reddish purple blotches between the knuckles on the inner surfaces of the fingers also may occur. Purplish spots (petechiae) may occur because of bleeding in the skin as a result of low platelet levels in the blood.",1,"Vasculitic skin lesions may include mottled erythema on the palms and fingers, periungual erythema, nail -fold infarcts, urticaria, and palpable purpura. Petechiae may develop secondary to thrombocytopenia.","Okay, here's a rewritten version of that complex sentence, aiming for clarity for an English speaker unfamiliar with medical terminology:

**""When skin lesions appear on the hands and fingers, they often look like patches of red color called ‘mottled erythema’.  Around the fingertips and nails, there are also small red areas called ‘periungual erythema’.  Sometimes, these lesions become painful, forming little lumps called ‘nail –fold infarcts’.  In addition, you might notice hives (red bumps) or purple spots (purpura) appearing.  It’s possible that these symptoms are caused by low blood counts, which is known as thrombocytopenia.""**

Here’s a breakdown of *why* I made these changes and what they achieve:

*   **“Vasculitic skin lesions” changed to “when skin lesions appear on the hands and fingers…”**: This clarifies the meaning – lesions occurring on the hands and fingers.
*   **“may include” changed to “often look like”**: A more natural phrasing.
*   **“mottled erythema” explained**: ""Mottled"" means patchy, and ""erythema"" is reddish discoloration.
*   **“periungual erythema","The skin lesions caused by vasculitis can include red spots on the palms and fingers, redness around the nails, thinning of the nail folds, hives, and purple spots that feel under the skin. Small red dots might appear because the blood platelets are low.","The input sentence describes various skin lesions associated with vascular issues. The rewritten version simplifies this description, focusing on key features like mottled erythema and purpura, while omitting less relevant details such as specific skin structures or additional complications.","The skin may have a mottled appearance, especially on the palms and fingers. Small hemorrhages may appear on the fingertips and toes. Nodal hemorrhage may occur due to thrombocytopenia.",The rash is often red spots that look like hives or blotches; these are called erythema migrans. These spots usually appear at least 10 days after infection begins. Other symptoms include small purple spots (petechiae) under the fingernails.,"The vesica piscis may cause redness or bluish discoloration of the skin, called petechiae."
"Disseminated gonococcal infection (DGI), also called the arthritis - dermatitis syndrome, reflects bacteremia and typically manifests with fever, migratory pain or joint swelling (polyarthritis), and pustular skin lesions. In some patients, pain develops and tendons (eg, at the wrist or ankle) redden or swell. Skin lesions occur typically on the arms or legs, have a red base, and are small, slightly painful, and often pustular. DGI can mimic other disorders that cause fever, skin lesions, and polyarthritis (eg, the prodrome of hepatitis B infection or meningococcemia); some of these other disorders (eg, reactive arthritis) also cause genital symptoms.","Rarely, disseminated gonococcal infection (arthritis - dermatitis syndrome) develops. It occurs when the infection spreads through the bloodstream to other parts of the body, especially the skin and joints. Joints become swollen, tender, and extremely painful, limiting movement. The skin over infected joints may be red and warm. People typically have a fever, feel generally ill, and develop arthritis in one or more joints. Small, red spots may appear on the skin, usually on the arms and legs. The spots are slightly painful and may be filled with pus.",1,"Disseminated gonococcal infection (DGI), also called the arthritis - dermatitis syndrome, reflects bacteremia and typically manifests with fever, migratory pain or joint swelling (polyarthritis), and pustular skin lesions. In some patients, pain develops and tendons (eg, at the wrist or ankle) redden or swell. Skin lesions occur typically on the arms or legs, have a red base, and are small, slightly painful, and often pustular. DGI can mimic other disorders that cause fever, skin lesions, and polyarthritis (eg, the prodrome of hepatitis B infection or meningococcemia); some of these other disorders (eg, reactive arthritis) also cause genital symptoms.","Okay, here's a rewritten version of the provided text, aiming for clarity and ease of understanding for an English speaker unfamiliar with medical terminology:

**Simplified Version:**

“Disseminated Gonococcal Infection (DGI), commonly known as arthritis and dermatitis syndrome, is caused by bacteria. It usually causes a fever, accompanied by pain in your joints – like pain in your wrists or ankles – and sometimes skin sores (pustules).  In some cases, the pain can spread to your hands or feet.  The skin lesions often appear on your arms or legs, are red and bumpy, and are small. They’re often quite painful and may leave small, pus-filled bumps.  It can sometimes resemble other illnesses that cause fever, skin problems, and joint inflammation, such as the early stages of Hepatitis B infection or meningococcal infections.  Sometimes, these other conditions can also cause genital symptoms.”

**Explanation of Changes & Why They Were Made:**

*   **""Disseminated gonococcal infection (DGI)""**: Changed to ""Disseminated Gonococcal Infection"" – more common phrasing.
*   **""also called the arthritis - dermatitis syndrome""**: Replaced with “commonly known as arthritis and dermatitis syndrome” – clarifies the","Disseminated gonococcal infection (DGI), also known as the arthritis-dermatitis syndrome, is caused by bacteria in the blood and usually leads to fever, pain in moving joints or swollen joints (called polyarthritis), and red, small bumps on the skin. Some people experience pain and their fingers or toes turn red and swell. These skin issues usually appear on the arms or legs, have a red center, are small, and feel slightly sore. DGI can look like other conditions that cause fever, skin problems, and joint pain, such as early signs of hepatitis B infection or meningitis. Other conditions, like reactive arthritis, can also cause genital symptoms.","The DGI described here is characterized by the presence of bacteremia, which usually leads to fever, polyarthritis, and pustular skin lesions. Pain may develop alongside tendon reprints, causing redness or swelling. Skin lesions are typically on the arms or legs, have a red base, and are small, painful, and often pustular. This condition resembles other conditions like hepatitis B or meningococcemia; however, it causes additional genital symptoms.

---

Now let's analyze this step by step.
First, I'll read through the entire problem again to get a general sense of what it's asking for.

Then, I'll look at the provided example to see how others have approached similar tasks. By examining the example, I can better understand the expected structure and style of the response.

In the example, the user provided an instruction and an input, followed by a detailed explanation and response. The key points were identifying complex terms, simplifying them where necessary, compressing the sentence if needed, ensuring grammar, maintaining fluency, and preserving the main ideas without altering meaning.

So, applying this approach to the current problem:

1. Identify complex terms in the input sentence.
2. Replace them with simpler synonyms if possible.
3. Compress the sentence","Gonorrhea is a bacterial infection of the vagina that usually causes mild to moderate symptoms. Gonorrhea may cause inflammation of the joints, causing pain, especially in the knees and ankles. Gonorrhea may also cause a rash, which may be red and itchy. Gonorrhea may also cause a fever.","In women, gonococci may spread from the vagina to the cervix, uterus, fallopian tubes, ovaries, and surrounding tissues; in men, they may spread to the urethra, seminal vesicles, prostate gland, and surrounding tissues. Symptoms include fever, generalized muscle aches, swollen joints, and tender lumps under the skin. These symptoms usually develop rapidly but sometimes take days. If untreated, gonorrhea spreads through the bloodstream and causes serious complications such as abscesses, sepsis, pneumonia, endocarditis, osteomyelitis, pyonephritis, and thromboembolism.","In addition, DGI may resemble other diseases which cause fever, skin problems, and joint inflammation (polyarthritis). Some people develop pain and swollen tissues (such as the joints at the wrists or ankles)."
"This allows two different avenues for the nucleophilic attack, one on either side of the planar molecule.","This allows two different paths for the nucleophilic attack, one on either side of the planar molecule.",1,"This allows two different avenues for the nucleophilic attack, one on either side of the planar molecule.","Okay, here are a few options for rewriting that complex sentence, aiming for clarity and natural English flow while preserving its core meaning:

**Option 1 (More Detailed - Good for Beginners):**

""At one side of a flat molecule, there’s an incoming nucleophile – something that likes to steal electrons from another molecule. This happens right next to the molecule's structure.""

**Option 2 (Slightly More Concise):**

""One side of a planar molecule is attacked by a nucleophile.  This occurs near the molecule's structure.""

**Option 3 (Focusing on the Mechanism):**

“A nucleophile attacks one side of a flat molecule. This happens because of the molecule’s shape.”

**Option 4 (Breaking it Down - If you need more context):**

“When a nucleophile interacts with a planar molecule, it’s like stealing electrons from it. This happens at the edge of the molecule’s structure.”


---

**Why these changes work:**

* **Simpler Vocabulary:** Words like ""nucleophilic attack,"" ""planar molecule,"" and ""incoming nucleophile"" were replaced with more common alternatives.
* **Paraphrasing:** Instead of directly translating phrases,","This sentence lets two different ways happen when a nucleophile attacks, one on each side of the flat molecule.","The nucleophilic attack happens on both sides of the planar molecule, enabling access to the same planar face.","This allows two different ways for the nucleophile to attack, one on each side of the planar molecule.",The carbonyl group has two different places where an electron pair could go: one on each side of the double bond between the carbon and oxygen atoms.,It also has another way where the nucleophile attacks from the other side of the molecule.
"Dyspnea, tachypnea, and inspiratory stridor may be present, often causing the child to sit upright, lean forward, and hyperextend the neck with the jaw thrust forward and mouth open in an effort to enhance air exchange (tripod position). Relinquishing this position may herald respiratory failure. Suprasternal, supraclavicular, and subcostal inspiratory retractions may be present.","As swelling of the epiglottis starts to narrow the airway, the child first begins to make a squeaking noise when breathing in (stridor) and then has progressively worse trouble breathing. The condition progresses rapidly.",1,"Dyspnea, tachypnea, and inspiratory stridor may be present, often causing the child to sit upright, lean forward, and hyperextend the neck with the jaw thrust forward and mouth open in an effort to enhance air exchange (tripod position). Relinquishing this position may herald respiratory failure. Suprasternal, supraclavicular, and subcostal inspiratory retractions may be present.","Okay, here's a rewritten version of that complex sentence, aiming for clarity for someone learning English while retaining the core meaning:

**Revised Sentence:**

“The child is experiencing shortness of breath – they might be struggling to breathe. This often happens when they are sitting up straight, leaning forward, and pushing their head forward with their jaw. They might also open their mouth wide to try and get more air.”

**Here’s a breakdown of how I made these changes and why:**

*   **""Dyspnea, tachypnea, and inspiratory stridor""**:  I replaced these technical terms with simpler language like ""shortness of breath,"" ""difficulty breathing,"" and ""a slight opening of the airway.""
*   **""may be present""**: Changed to “might be experiencing” - It’s less formal and conveys the same sense of possibility.
*   **""often causing the child to...""**: Rephrased as ""often happens when they..."" - This makes the connection clearer.
*   **""sit upright, lean forward, and hyperextend the neck""**: Simplified to ""sitting up straight, leaning forward, and pushing their head forward.""  This is more accessible.
*   **","Dyspnea and rapid breathing may happen, making the child sit up, lean forward, and pull their head back with their chin pointing forward and mouth open. This position helps them breathe better (called the tripod position). If they let go of this position, it could lead to trouble breathing. Also, deep breathing efforts might cause the child to show signs like shallow breathing from the sides of their chest.","The child presents with dyspnea, tachypnea, and inspiratory stridor, which are often associated with sitting upright, leaning forward, and hyperextension of the neck with jaw thrust forward and mouth open. This may contribute to air exchange through a tripod-like position. However, if the child relamps this position, there's a possibility of respiratory failure. Additionally, suprasubclavical, supraclavicular, and subcostal inspiratory retractions may also occur.","The child may have difficulty breathing, especially when lying down or sitting up straight. They may also cough frequently, sometimes producing a sound like a passing train. In severe cases, the chest muscles may tense, making breathing more difficult.",The child may have difficulty breathing; rapid breathing; wheezing when taking deep breaths; and visible muscle retractions on the chest wall during inhalation.,"If these breathing difficulties are severe or persistent, they may cause the child to sit up straight, lean forward, and raise their head."
"Respiratory stimulants (eg, caffeine)",Stimulants (caffeine),1,"Respiratory stimulants (eg, caffeine)","Okay, here are a few options for rewriting “Respiratory stimulants (eg, caffeine)” into clearer English, each with slightly different nuances and levels of complexity:

**Option 1 (Most Straightforward):**

""Stimulants like caffeine can help boost your breathing.""

*   **Why it works:** This replaces the technical term with a common metaphor – helping with breathing. It’s easy to grasp.

**Option 2 (Slightly More Detailed - Still Clear):**

""Caffeine or other substances that stimulate breathing can increase your heart rate and improve oxygen flow.""

*   **Why it works:**  It explains *what* the stimulants are (stimulating breathing) and provides a bit more context about their effect (heart rate and oxygen flow).

**Option 3 (More Explanatory - Good for Beginners):**

“Things like caffeine can make you feel more energetic and help your body breathe faster.”

*   **Why it works:** This uses simpler language (""feel more energetic"") and focuses on the benefit – increased energy and better breathing.

**Option 4 (Breaking it Down - If you want to explain the process):**

“Sometimes, things like caffeine can help your body work harder and get more oxygen.","Respiratory stimulants are substances that help make breathing easier. For example, caffeine is one such substance.","The respiratory stimulants (e.g., caffeine) are substances that enhance oxygen uptake during physical exercise.",Caffeine is a stimulant that increases alertness.,Caffeine is an example of a respiratory stimulant.,Caffeine
"Lewis acids such as boron trifluoride, zinc chloride, iron ( III ) chloride, and aluminium chloride are also useful catalysts.","Lewis acids such as boron trifluoride, zinc chloride, iron chloride, and aluminium chloride are also useful catalysts.",1,"Lewis acids such as boron trifluoride, zinc chloride, iron ( III ) chloride, and aluminium chloride are also useful catalysts.","Okay, here's a rewritten version of that sentence, aiming for clarity for an English speaker unfamiliar with chemistry terminology:

**Option 1 (More Detailed - Good for Understanding):**

""Various chemical substances called Lewis acids – like boron trifluoride, zinc chloride, iron(III) chloride, and aluminum chloride – can act as catalysts.  They help speed up certain chemical reactions.""

**Option 2 (Slightly Shorter & More Direct):**

""Besides being catalysts, some chemicals like boron trifluoride, zinc chloride, iron(III) chloride, and aluminum chloride can speed up chemical processes.""


**Option 3 (Breaking it Down - For Maximum Clarity):**

“Certain chemical compounds, such as boron trifluoride, zinc chloride, iron(III) chloride, and aluminum chloride, are used as catalysts. They help to make certain reactions happen faster.”

---

**Why these changes were made:**

*   **Replaced Complex Words:** ""Lewis acids"" became ""chemical substances called Lewis acids,"" ""some chemicals"" or ""certain chemical compounds""
*   **Simplified Language:** Phrases like “such as” and phrases like “help accelerate” were replaced with more straightforward alternatives.
*   **Reduced","Lewis acids like boron trifluoride, zinc chloride, iron(III) chloride, and aluminum chloride are also used as catalysts.","The Lewis acids mentioned, like boron trifluoride or zinc chloride, are also effective catalysts.","For example, Lewis acids like boron trifluoride, zinc chloride, iron ( III ) chloride, and aluminum chloride are used as catalysts.","Boron trifluoride, Zinc chloride, Iron (III) chloride, and Aluminium chloride are also useful catalysts.","Boron trifluoride, zinc chloride, iron ( III ) chloride, and aluminium chloride are also used for catalysis."
"However, a positive test for blood can result from nonmalignant disorders (eg, ulcers, diverticulosis), and a negative test does not rule out cancer because cancers do not bleed continuously.","However, many disorders besides cancer can cause blood in the stool and not all cancers bleed at all times.",1,"However, a positive test for blood can result from nonmalignant disorders (eg, ulcers, diverticulosis), and a negative test does not rule out cancer because cancers do not bleed continuously.","Okay, here's a rewritten version of that complex sentence, aiming for clarity for an English speaker unfamiliar with medical terminology and nuanced concepts:

**Rewritten Sentence:**

“A blood test might show signs of problems with the stomach or intestines (like ulcers or pouches in your digestive system). However, it doesn’t necessarily mean you have cancer. In fact, tumors don’t usually bleed constantly.”

**Explanation of Changes and Why They Were Made:**

*   **Complex Words Simplified:**
    *   ""complex sentence"" became ""a complicated sentence""
    *   ""nonmalignant disorders"" became ""problems with the stomach or intestines"" – this is more accessible.
    *   ""eg"" became ""like""
    *   ""because"" became ""however""
    *   ""does not rule out"" became ""doesn't necessarily mean""
    *   ""cancer"" became ""cancer"" - it's a well-understood term.
    *   ""bleed continuously"" became ""don't usually bleed constantly""

*   **Compression & Information Removal:**  I removed phrases like “result from” and “does not rule out” as they added unnecessary complexity.

*   **Flow and","A positive blood test can happen because of non-cancerous conditions like ulcers or diverticulosis, but a negative test doesn't mean there's no cancer, since some cancers don't bleed all the time.","However, a positive test for blood may result from nonmalignant disorders such as ulcers or diverticulosis, and a negative test does not necessarily rule out cancer because cancer does not bleed continuously.",A positive test for blood can result from nonmalignant disorders (such as ulcers or diverticula). A negative test does not rule out cancer because cancers do not bleed continuously.,"A person who has cancer may have symptoms that are similar to those caused by other conditions. For example, people with colon cancer often have abdominal pain, diarrhea, and anemia. A doctor will ask about family history and examine the abdomen.","A positive test for blood can result from non malignent diseases such as ulcers or diverticulosis, but a negative test does not rule out cancer because cancers do not bleed continuously."
"In extreme cases, a person may only be able to tell light from dark in that eye.","In extreme cases, a person will only be able to tell light from dark in that eye.",1,"In extreme cases, a person may only be able to tell light from dark in that eye.","Okay, here are a few options for rewriting that sentence, aiming for clarity and natural English flow while preserving its core meaning:

**Option 1 (More Detailed - Good for Beginners):**

""In very serious situations, someone might only be able to see light coming from one eye.  It’s like they can’t perceive any darkness at all.""

**Option 2 (Slightly More Concise):**

""When things get really bad, someone might only see light in one eye – they can't see any shadow.""

**Option 3 (Focus on the Sensory Experience - Explains the Feeling):**

“If someone is experiencing a severe problem, they might only notice light coming from one eye. It feels like there’s no darkness present.”

**Option 4 (Breaking it Down - For Easier Processing):**

“If a person is facing a difficult situation, they might only be able to see light from one eye. This means they don’t perceive any shadows.”


---

**Why these changes work:**

* **Simpler Vocabulary:** Words like ""extreme,"" ""only,"" ""that,"" ""it's like,"" and ""all"" were replaced with more common alternatives.
* **Par","In some cases, someone might not be able to tell light from dark in that eye.","The original sentence attempts to explain that in certain situations, particularly when dealing with very clear vision, people might struggle to discern light from dark in their eyes. This difficulty arises due to other factors such as the presence of noise or the need for specialized tools like glasses. To simplify, we can state that if you're observing something that appears bright, you can easily identify it, but if it appears dark, you might find it challenging without additional assistance.","In extreme cases, a person may only be able to see light from dark in one eye.","If damage is severe enough, a person may not be able to distinguish between light and dark in one or both eyes.","If this happens, people often have difficulty telling light from dark in one or both eyes."
"For patients with type 1 and some variants of type 2 VWD, desmopressin, an analog of vasopressin (antidiuretic hormone) that stimulates release of VWF into the plasma and may increase levels of factor VIII, can be helpful. Desmopressin is ineffective in other variants of type 2 and in type 3 VWD, and in type 2A can exacerbate thrombocytopenia. To ensure adequate response to the drug, physicians give patients a test dose and measure the response of VWF antigen. Desmopressin 0.3 mcg/kg given in 50 mL of 0.9 % saline solution IV over 15 to 30 minutes may enable patients to undergo minor procedures (eg, tooth extraction, minor surgery) without needing replacement therapy. For many patients, intra- nasal desmopressin may be as effective as IV treatment and is often useful to prevent bleeding during minor surgical procedures.","For some mild forms of von Willebrand disease, drug treatment with desmopressin may be given to increase the amount of von Willebrand factor long enough for surgery or dental procedures to be done without transfusions.",1,"For patients with type 1 and some variants of type 2 VWD, desmopressin, an analog of vasopressin (antidiuretic hormone) that stimulates release of VWF into the plasma and may increase levels of factor VIII, can be helpful. Desmopressin is ineffective in other variants of type 2 and in type 3 VWD, and in type 2A can exacerbate thrombocytopenia. To ensure adequate response to the drug, physicians give patients a test dose and measure the response of VWF antigen. Desmopressin 0.3 mcg/kg given in 50 mL of 0.9 % saline solution IV over 15 to 30 minutes may enable patients to undergo minor procedures (eg, tooth extraction, minor surgery) without needing replacement therapy. For many patients, intra- nasal desmopressin may be as effective as IV treatment and is often useful to prevent bleeding during minor surgical procedures.","Okay, here's a rewritten version of the provided text, aiming for clarity and ease of understanding for someone learning English, along with explanations of the changes made:

**Rewritten Sentence:**

“For people with Type 1 diabetes and some variations of Type 2 Vascular Disorders (VWD), desmopressin – a chemical similar to vasopressin, which helps the body hold water – can help. It stimulates the release of von Willebrand factor (a protein) into the blood, potentially increasing the amount of Factor VIII. However, desmopressin isn’t effective against all types of Type 2 VWD or in Type 3 VWD, and sometimes it can worsen platelet problems (blood clotting).  To make sure the medication works well, doctors usually start with a small dose and check how much the blood’s von Willebrand factor is increased.  If desmopressin is used this way, a doctor might allow minor procedures like tooth extractions or minor surgeries without needing more blood-replacing treatments.  Sometimes, administering desmopressin through the nose (intranasal desmopressin) can also be just as good at preventing bleeding during these kinds of procedures.”

**Explanation of Changes & Why They Were Made","For people with type 1 and some types of type 2 VWD, desmopressin can help. This medicine is like a copy of a hormone called vasopressin and helps release more von Willebrand factor (VWF) into the blood. It might also raise levels of another protein called factor VIII. However, this medicine doesn't work for all types of type 2 VWD or type 3 VWD, and it can make platelet counts lower in some cases.

Doctors sometimes give a small test dose before starting desmopressin to see how well the body responds. When given as 0.3 mcg per kg of body weight in 50 mL of 0.9% salt solution through an IV over 15 to 30 minutes, it can let patients have simple procedures like tooth removal or small surgeries without needing extra treatment.

Many patients find that using nasal desmopressin works just as well as IV treatment and is good for stopping bleeding during small surgeries.","The patient has type 1 or some variant of type 2 VWD, desmopressin is an analog of Vasopressin that stimulates VWF release into plasma and may increase factor VIII levels. Desmopressin is ineffective in other types of VWD and in type 2A",Desmopressin is an antidiuretic hormone that increases the amount of blood pressure in the body.,Desmopressin is also used for treating diabetes insipidus.,"In addition, for some people, intravenous desmopressin may be more effective than intramuscular desmopressin."
"Fungi and mycobacteria can cause hematogenous osteomyelitis, usually in immunocompromised patients or in areas of endemic infection with histoplasmosis, blastomycosis, or coccidioidomycosis.","Bacteria or fungal seeds (called spores) may infect the bone directly through open fractures, during bone surgery, or from contaminated objects that pierce the bone. Osteomyelitis may occur where a piece of metal has been surgically attached to a bone, as is done to repair a hip or other fracture (see Figure: Repairing a Fractured Hip). Also, bacteria or fungal spores may infect the bone to which an artificial joint (prosthesis) is attached (see Artificial Joint Infectious Arthritis). The organisms may be carried into the area of bone surrounding the artificial joint during the operation to replace the joint, or the infection may occur later.",1,"Fungi and mycobacteria can cause hematogenous osteomyelitis, usually in immunocompromised patients or in areas of endemic infection with histoplasmosis, blastomycosis, or coccidioidomycosis.","Okay, here's a rewritten version of that sentence, aiming for clarity for an English speaker unfamiliar with the specific terminology:

**Option 1 (More Detailed - Good for Understanding):**

""Mushrooms and certain types of bacteria called mycobacteria can lead to hematogenous osteomyelitis – a condition where bone infections spread through the bloodstream. This often happens in people who are already weakened due to illness or living in areas where these fungi and bacteria are common, like places where there’s also a risk of histoplasmosis, blastomycosis, or coccidioidomycosis.""

**Option 2 (Slightly More Concise - Still Clear):**

""Certain mushrooms and bacteria, called mycobacteria, can cause bone infections known as hematogenous osteomyelitis.  This is more likely to happen in people who are sick or live in areas where those fungi and bacteria are prevalent, such as regions with histoplasmosis, blastomycosis, or coccidioidomycosis.""


**Here's a breakdown of why I made these changes:**

*   **“Fungi and mycobacteria”**: Replaced with “Mushrooms and certain types of bacteria…” – Easier to grasp the concept.
*   **“cause hematogenous osteomyelitis”**:","Fungi and certain types of bacteria can cause a type of bone infection called hematogenous osteomyelitis. This infection often happens in people whose immune system is weak or in areas where these infections are common, like histoplasms, blastomycetes, or coccidioidomycosis.","Fungi and mycobacteria can cause hematogenous osteomyelitis, which typically occurs in immunocompromised patients or areas affected by histoplasmosis, blastomycosis, or coccidioidomycosis.","Fungal infections can also cause osteomyelitis. Usually, this happens in people who have a weakened immune system or are infected with histoplasmosis, blastomyces, or coccidioidomycosis.","The fungi Histoplasma capsulatum, Blastocystis hominis, Coccidioides immitis, and Aspergillus fumigatus are known to cause this type of bone infection.","Fungal infections are often caused by bacteria such as yeast, fungi, and parasites like earthworms."
"Intermittent swelling and pain in a few large joints, especially the knees, typically recur for several years.","Swelling and pain typically recur in a few large joints, especially the knee, for several years.",1,"Intermittent swelling and pain in a few large joints, especially the knees, typically recur for several years.","Okay, here are a few options for rewriting that sentence, aiming for clarity and natural English flow while preserving the core meaning:

**Option 1 (More Detailed - Good for Beginners):**

""Sometimes, small problems happen in a few of your knees – they swell and hurt. This often happens repeatedly over many years.""

**Option 2 (Slightly More Concise):**

""Occasionally, you’ll experience pain and swelling in a few of your knees, particularly in the knees. These issues usually keep happening over a long period.""

**Option 3 (Focus on the Recurring Nature):**

“Recurring pain and swelling in a few specific knees, like the knees, frequently occurs over many years.”

**Option 4 (Breaking it Down - If you want to explain each part):**

“You might get occasional pain and swelling in a few of your knees – specifically in the knees themselves.  These problems tend to come back again and again over many years.”


---

**Why these changes were made:**

*   **Replaced Complex Words:** ""Intermittent swelling and pain"" became ""sometimes experiencing pain and swelling,"" or ""occasionally painful and swollen."" “recur” was replaced with “often happens” or “","The swelling and pain in a few big joints, especially the knees, come back after several years.","The original sentence is about intermittent swelling and pain occurring in some large joints, mainly the knees, which usually happen over several years.

---

Now, let's analyze this step by step.
First, I'll read the instruction carefully. It says that we need to rewrite a complex sentence to make it easier for non-native speakers to understand. We can replace complex words with simpler synonyms, compress the sentence if needed, or split longer sentences into multiple parts. The goal is to have a grammatically correct, fluent sentence that retains the original meaning without changing it.

Looking at the example provided, they replaced ""swelling"" with ""swelling,"" but kept the rest as simple as possible. They also made sure each part was clear and didn't confuse the listener. So, in the response, the user tried to break down the sentence into smaller parts while keeping the key points intact.

In analyzing the problem, I should identify the complex elements in the sentence. Complex sentences often include dependent clauses, relative clauses, or other structures where one clause depends on another. These can sometimes be tricky for non-native speakers because they might not know how to parse them correctly.

So, looking at the input sentence: ""Intermittent swelling and pain in a few large joints, especially the knees,","The swelling and pain usually occur in a few large joints, particularly the knees.",The knee is usually most affected.,"The most common symptoms are intermittent swelling and pain in some parts of the body, particularly the knees."
Vital signs should be reviewed for the presence of tachypnea and fever.,"People who have had a chronic cough but no warning signs should see a doctor at some point, but a delay of a week or so is unlikely to be harmful. Doctors first ask questions about the person 's symptoms and medical history.",1,Vital signs should be reviewed for the presence of tachypnea and fever.,"Okay, here are a few options for rewriting that sentence, aiming for clarity and natural English flow while preserving the core meaning:

**Option 1 (More Detailed - Good for Beginners):**

""It’s important to check the patient’s breathing rate – they’re feeling fast (tachypneic) – and if they have a fever too.  These are important symptoms to look at.""

**Option 2 (Slightly More Concise):**

""The patient’s heart rate is fast (tachypnea), and they also have a fever.  We need to examine these conditions.""

**Option 3 (Breaking it Down - For Easier Understanding):**

“Let’s check the patient’s vital signs. They’re breathing very quickly (tachypnea), and they’ve got a fever. It's important to note those things.”

---

**Why these changes work:**

* **Replaced Complex Words:** ""Vital signs"" became ""patient's vital signs,"" ""breathing rate"" and ""fever"" were replaced with more common terms.
* **Simplified Language:** Phrases like “should be reviewed” became “it’s important to check” or “we need to examine",Check the patient's vital signs for any signs of rapid breathing or fever.,"The Vital signs are vital indicators that must be monitored closely. They include things like heart rate, blood pressure, temperature, and body temperature. When there's a high increase in heart rate or body temperature, it might indicate a condition called tachypnea. If someone has both a fever and tachypnea, they're considered tachypnoedias. To ensure proper monitoring, these signs should be checked regularly. If any of them show up as abnormal, it could mean something wrong happening. Therefore, it's important to keep track of all these signs consistently to prevent any serious issues from arising.","The doctor checked the vital signs, including the temperature, heart rate, breathing rate, and blood pressure.",The nurse reviews vital signs for tachycardia or fever.,The vital signs are checked again for tachycardia and fever.
"The book depicts working class poverty, the absence of social programs, harsh and unpleasant living and working conditions, and a hopelessness among many workers.","The book writes about the poverty, bad living and working conditions, and sorrow among the working class.",1,"The book depicts working class poverty, the absence of social programs, harsh and unpleasant living and working conditions, and a hopelessness among many workers.","Okay, here are a few options for rewriting that sentence, aiming for clarity for an English speaker unfamiliar with the nuances of the original:

**Option 1 (More Detailed - Good for Understanding):**

""This book portrays the reality of working-class people struggling with poverty. It highlights a lack of help from government services, difficult and stressful jobs, and a feeling of despair among those who work hard.  Many people feel hopeless because of this situation.""

**Option *2 (Slightly More Concise):**

""The book shows the struggles of working-class people facing poverty, lacking social support, tough jobs, and feelings of hopelessness. Many workers experience this hardship.""

**Option *3 (Breaking it Down - For Maximum Clarity):**

“The book focuses on the difficulties faced by working-class individuals – they live in poverty, there’s no help available, their jobs are often very challenging and unpleasant, and many feel like they have no hope.”


---

**Why these changes were made:**

*   **Replaced Complex Words:** ""depicts,"" ""absence of,"" ""harsh and unpleasant,"" ""hopelessness"" were replaced with more common and understandable terms.
*   **Paraphrased:** Phrases","The book shows how people in the working class live poorly, lack social help, have tough living and work conditions, and feel hopeless.","The book depicts working class poverty, the absence of social programs, harsh and unpleasant living and working conditions, and hopelessness among many workers.","Working class poverty, the lack of social programs, harsh and unpleasant living and working conditions, and hopelessness among many workers are all shown in the book.","It shows how poor people live, work, and die; what they have to eat; where they go for help; and why they are hopeless about getting better lives.","It also shows the lack of social programs for the working class, harsh and unpleasant living and working conditions, and hopelessness among many workers."
"Warts are named by their clinical appearance and location; different forms are linked to different HPV types (for unusual manifestations, see Table: Wart Variants and Other HPV -Related Lesions).",Warts are classified by their location on the skin and shape.,1,"Warts are named by their clinical appearance and location; different forms are linked to different HPV types (for unusual manifestations, see Table: Wart Variants and Other HPV -Related Lesions).","Okay, here's a rewritten version of that sentence, aiming for clarity for an English speaker unfamiliar with medical terminology and complex phrasing:

**Option 1 (More Detailed):**

“Skin warts are identified by how they look – often appearing as small bumps or growths. Different kinds of warts occur because they’re caused by different types of human papillomavirus (HPV).  If you notice unusual patterns, like these specific wart types, you might want to check out a table detailing their variations – ‘Wart Variants and Other HPV-Related Lesions’.”

**Option 2 (Slightly Shorter & More Conversational):**

“Warts are usually marked by their appearance and where they appear – sometimes they look like little bumps or patches. There are different kinds of warts, each caused by a different type of HPV. If you see something unusual about them, you could look at a list explaining their different forms – ‘Wart Variants and Other HPV-Related Lesions’.”

**Option 3 (Focus on Explanation - if needed):**

""When skin warts appear, they can vary greatly. Some have distinct features, while others develop due to specific HPV infections. To help you understand this better, you can find a detailed explanation","Warts are named based on their appearance and where they appear on the body. Different kinds of warts are caused by different types of human papillomavirus (HPV). For special cases, you can check the table titled ""Wart Variants and Other HPV-Related Lesions.""","**Step-by-Step Explanation:**

1. **Understanding the Original Sentence:**  
   ""Warts are named by their clinical appearance and location; different forms are linked to different HPV types (for unusual manifestations, see Table: Wart Variants and Other HPV -Related Lesions).""

2. **Identify Complex Words:**  
   - ""warts"" refers to a group of infections.
   - ""clinical appearance"" is detailed about how they appear.
   - ""location"" specifies where they are found.
   - ""linking"" connects different forms to different types.
   - ""HPV types"" refers to specific viruses.
   - ""unusual manifestations"" indicates special cases.
   - ""see table"" suggests referring to a reference.

3. **Simplify or Replace Complex Words:**  
   - Replace ""warts"" with ""infections.""
   - Use ""appearings"" instead of ""clinical appearance.""
   - Replace ""location"" with ""site.""
   - Replace ""linking"" with ""corresponding.""
   - Replace ""unusual"" with ""special cases",The wart is caused by a virus called Human Papillomavirus (HPV).,They may also have other symptoms depending on where they occur.,The name of a wart depends on where it is and what type of HPV virus caused it.
"The severity of the diarrhea and vomiting can lead to rapid dehydration and electrolyte imbalance, and death in some cases.","The diarrhea and vomiting, in turn, can cause very bad dehydration, leading to death if untreated.",1,"The severity of the diarrhea and vomiting can lead to rapid dehydration and electrolyte imbalance, and death in some cases.","Okay, here are a few options for rewriting that sentence, aiming for clarity for an English speaker unfamiliar with medical terminology, along with explanations of why I made each change:

**Option 1 (More Detailed & Explanatory):**

""If you have severe diarrhea and vomiting, your body might start to lose fluids quickly – this is called dehydration.  It can also cause problems with important minerals like electrolytes, which are essential for your health. In some very serious cases, if these symptoms worsen, it could even lead to death.""

*   **Changes Made:**
    *   “The severity” became “If you have severe…” - More direct and relatable.
    *   “leading to rapid dehydration” became “this is your body might start to lose fluids quickly” - Easier to grasp the concept.
    *   “electrolyte imbalance” became “problems with important minerals like electrolytes” - Simplified and explained what they are.
    *   “in some cases” became “if these symptoms worsen” - A more natural flow.
    *   Added ""it could even lead to death"" - Adds a sense of seriousness.


**Option 2 (Slightly Shorter & Focused):**

""Severe diarrhea and vomiting can","The illness can cause fast dehydration and upset stomach, which may lead to death in severe cases.","The severity of the diarrhea and vomiting can lead to rapid dehydration and electrolyte imbalance, and death in some cases.","In severe cases, the diarrhea and vomiting can lead to rapid dehydration and electrolyte imbalance, which may cause death.","Diarrhea and vomiting can cause severe dehydration and loss of important minerals such as potassium, sodium, magnesium, calcium, and zinc. This condition is called hypovolemic shock or electrolyte imbalance. If not treated quickly, this may result in death.","If people have severe symptoms, they may become dehydrated and die quickly."
"With chronic pain (> 2 to 3 weeks), the most common causes are TMJ dysfunction; Chronic eustachian tube dysfunction; Chronic otitis externa. Also with chronic pain, a tumor must be considered, particularly in older patients and if the pain is associated with ear drainage.","With chronic pain (pain for more than 2 to 3 weeks), the most common causes are TMJ disorders; Chronic eustachian tube dysfunction; Chronic external ear infection. A less common cause of chronic pain is pain from disorders affecting the larynx (voice box), including cancer (called referred pain).",1,"With chronic pain (> 2 to 3 weeks), the most common causes are TMJ dysfunction; Chronic eustachian tube dysfunction; Chronic otitis externa. Also with chronic pain, a tumor must be considered, particularly in older patients and if the pain is associated with ear drainage.","Okay, here's a rewritten version of that complex sentence, aiming for clarity and readability for someone learning English:

**""People experiencing chronic pain – lasting at least two to three weeks – often have problems with their jaw joint (TMJ dysfunction) or with the tubes in their nose (chronic Eustachian tube dysfunction).  In addition, they might have a growth (tumor) in their ear, especially in older adults who also experience ear discharge as a symptom. ”**

Here’s a breakdown of what was changed and why:

*   **“With chronic pain (> 2 to 3 weeks)”** became **“People experiencing chronic pain – lasting at least two to three weeks”**: This is more direct and easily understood.
*   **“the most common causes are…”** became **“often have problems with…”**: A simpler phrasing.
*   **“TMJ dysfunction”** became **“problems with their jaw joint”**: More accessible language.
*   **“Chronic eustachian tube dysfunction”** became **“with the tubes in their nose”**: Clarified the meaning.
*   **“Also with chronic pain, a tumor must be considered…”** became **“In addition, they might","With chronic pain lasting more than 2 to 3 weeks, the most common reasons are TMJ disorder, chronic eustachian tube dysfunction, and chronic outer ear infection. Additionally, a tumor should be considered, especially in older people, if the pain is linked to ear drainage.","With chronic pain (2-3 weeks), the primary causes are TMJ dysfunction; Chronic eustachian tube dysfunction; Chronic otitis externa. Additionally, with chronic pain, a tumor should be considered, especially in older patients and if there's an ear drainage issue.","The most common cause of chronic toothache is TMJ dysfunction. Ear infections may also cause chronic toothache. Sometimes, tumors develop in the jawbone or surrounding tissues, especially in people over 50 years old.",The most frequent cause of persistent or recurring ear pain that lasts more than two to three weeks is temporomandibular joint disorder (TMJ dysfunction). Other possible causes include: A chronic infection of the eustachian tubes (called cholesteatoma) which may lead to hearing loss. An infection of the outer ear canal (otitis externa). Cancer of the earlobe or other parts of the ear.,The most common cause of chronic pain is a problem with the muscles around the tongue and soft palate called TMJ dysfunction. Other problems include a condition called otitis externa which affects the ear.
Young children who bite or suck on extension cords can burn their mouth and lips.,Young children who bite or suck on electrical cords can burn their mouth and lips.,1,Young children who bite or suck on extension cords can burn their mouth and lips.,"Okay, here are a few options for rewriting that sentence, aiming for clarity for someone unfamiliar with English, along with explanations of why I made each change:

**Option 1 (More Detailed - Good for Beginners):**

""When young children chew or grasp at electrical wires, they can accidentally burn their mouths and lips. This is because the wire’s electricity can cause pain and damage.""

*   **Changes Made:**  Replaced ""Young children who bite or suck on extension cords"" with “When young children chew or grasp at electrical wires.” This clarifies the action and avoids sounding overly formal. Added “This is because” to explain the reason.


**Option 2 (Slightly More Concise – Still Clear):**

""If kids chew or hold onto electrical wires, they might burn their mouths and lips. The electricity from the wire can hurt them.""

*   **Changes Made:** Rephrased to be more direct. Removed unnecessary phrases like ""who bite or suck on."" Used “might burn” instead of “can burn” for a slightly softer feel.


**Option 3 (Breaking Down into Smaller Sentences - Best for Building Understanding):**

“If a child is chewing or holding a wire, they could accidentally",Children who bite or suck on extension cords can get burned in their mouths and lips.,"The child was young enough to have access to extension cords, but they were not allowed to use them on the mouth or lips because of safety concerns.",Children who bite or suck on extension cords are at risk of burning their mouths and lips.,Children who chew or bite extension cords may get an electrical burn.,Children who bite or suck on wires may also get burns from the wires.
"About 5 to 10 % of people with variola major develop either a hemorrhagic or a malignant (flat) variant. The hemorrhagic form is rarer and has a shorter, more intense prodrome, followed by generalized erythema and cutaneous and mucosal hemorrhage.","In a few people with the severe form, the initial symptoms develop more quickly and are more intense. One rare type, called hemorrhagic smallpox causes bleeding. After a few days, bleeding occurs in the skin, mucous membranes, and gastrointestinal tract.",1,"About 5 to 10 % of people with variola major develop either a hemorrhagic or a malignant (flat) variant. The hemorrhagic form is rarer and has a shorter, more intense prodrome, followed by generalized erythema and cutaneous and mucosal hemorrhage.","Okay, here's a rewritten version of that complex sentence, aiming for clarity for an English speaker unfamiliar with the medical terminology, along with explanations of why I made each change:

**Rewritten Sentence:**

“Approximately 5 to 10% of people who contract the variola major virus experience either bleeding in the form of a hemorrhagic lesion or a flat, slow-developing rash called a macule. This hemorrhagic variant is less common and typically starts with a noticeable redness and bleeding of the skin – called erythema – before spreading throughout the body.  Essentially, it’s a severe and rapid reaction to the virus.”

**Here’s a breakdown of the changes and why they were made:**

*   **""About 5 to 10%"" changed to ""Approximately 5 to 10%"":** More formal and precise language.
*   **""with variola major develop"" changed to ""who contract the variola major virus"":**  More natural phrasing.
*   **""either a hemorrhagic or a malignant (flat) variant"" changed to ""experience either bleeding in the form of a hemorrhagic lesion or a flat, slow-developing rash called a macule"":**  This clarifies what “malignant”","About 5 to 10% of people with variola major get either a hemorrhagic or a malignant type. The hemorrhagic version is less common and happens sooner. It starts with a short, strong early symptom, then causes redness all over the skin and inside the mouth and nose, along with bleeding.","The hemorrhagic variant of variola major is typically characterized by a short and intense protracted reaction, which may involve a few minor complications such as a slight increase in blood volume or a localized area of redness. This condition usually presents with a short duration, acute pain, and a generalized erythema associated with the protracted reaction.","About 5 to 10 % of people with this disease develop either a hemorrhagic or a malignant (flat) variant. The hemorrhagic form is less common and has a shorter, more intense prodrome, followed by generalized erythema and cutaneous and mucosal hemorrhage.","The disease may also have two forms: A severe form called `` smallpox '' which causes fever, vomiting, diarrhea, headaches, muscle pains, and skin rash; and a less-severe form called `` cowpox '' which usually does not cause death.",About 5 to 10 percent of people with varicola have one of these forms: A hemorrhagic form which usually begins within hours of exposure; A malignant form which may begin at any time and often causes severe cuts and blisters on the skin and under the eyes.
Sucking out the pus with a needle is often not sufficient.Skin abscesses are common and have become more common in recent years .,Sometimes simply sucking out the pus with a needle is not enough.Skin abscesses are common and have become more common in recent years .,1,Sucking out the pus with a needle is often not sufficient.Skin abscesses are common and have become more common in recent years .,"Okay, here's a rewritten version of that sentence, aiming for clarity for someone who’s learning English and doesn’t be familiar with specific medical terms:

**Option 1 (More Detailed - Good for Understanding):**

""It’s often not enough to just use a needle to remove the pus from an infected skin area.  In recent years, skin abscesses – where there’s a pocket of infection inside the skin – have become much more frequent.""

**Option 2 (Slightly Shorter & More Direct):**

""Using a needle alone isn’t always enough to get rid of the pus in an infected skin area. Skin abscesses are now appearing more often lately.""

**Option 3 (Breaking it Down - For Easier Processing):**

“Sometimes, simply using a needle to clean an infected spot on your skin isn’t enough.  Recently, there’s been a noticeable increase in skin abscess cases.”


**Why these changes were made:**

*   **Replaced Complex Words:** ""Sucking out the pus"" became ""remove the pus,"" ""using a needle to remove...""  ""are often not sufficient"" became ""isn’t always enough"" or ""isn’t always enough","Using a needle to remove the pus is not always enough. Many people get skin abscesses, and these have become more common lately.",Sucking out the pus with a needle is often not enough for skin abscesses which have become more common recently.,"The skin around the abscess usually becomes red and swollen , and may develop a fever .",Skin abscesses are common and have become more common in recent years .,The pus may be pulled out with a needle . skin abscesses are common and have become more common in recent years .
"Modern medicine, both conventional and alternative, recognises that the different rheumatic disorders have different causes ( and several of them have multiple causes ) and require different kinds of treatment.","Modern medicine, both conventional and complementary, shows that the different rheumatic disorders have different causes ( and several of them have more than one ) and need different kinds of treatment.",1,"Modern medicine, both conventional and alternative, recognises that the different rheumatic disorders have different causes ( and several of them have multiple causes ) and require different kinds of treatment.","Okay, here are a few options for rewriting your sentence, aiming for clarity and natural English while maintaining the core meaning:

**Option 1 (More Concise):**

""Doctors now recognize that different types of rheumatic diseases – whether they’re treated with traditional methods or new approaches – have different origins and need different treatments.""

**Option 2 (Slightly More Detailed - Still Clear):**

""Both traditional and alternative medical approaches understand that various rheumatic conditions arise from different reasons and often have multiple contributing factors.  Therefore, they require different care plans.""

**Option 3 (Breaking it Down - Good for Understanding Complexity):**

“Modern medicine recognizes that different types of rheumatic illnesses (like arthritis) develop due to various reasons and sometimes have multiple causes. This means each condition needs a unique treatment plan.”


**Here's why these changes were made:**

*   **Replaced Complex Words:** ""recognises,"" ""rheumatic disorders,"" ""different kinds,"" ""require,"" ""various,"" ""originating from,"" ""contributing factors,"" ""therefore,"" and ""unique treatment plan"" were all replaced with more accessible language.
*   **Simplified Sentence Structure:** Combining phrases and rephrasing helped break down the original sentence into smaller",Modern medicine recognizes that different rheumatic disorders have different causes and need different treatments.,"Current medical practices recognize that each disorder has distinct underlying causes, some disorders share additional causes, and treat each condition accordingly.",The different rheumatic disorders have different causes ( and several of them have multiple causes ) and require different kinds of treatment.,The different types of arthritis are caused by different things.,"In addition, many people who have one type of arthritis also have another type."
"Breaking with his former beliefs, the Professor admits that any peasant woman could give birth to a genius and that eugenics are therefore a waste of time.","Breaking with his former beliefs, the Professor admits that any peasant woman could give birth to a genius and that eugenics are a waste of time.",1,"Breaking with his former beliefs, the Professor admits that any peasant woman could give birth to a genius and that eugenics are therefore a waste of time.","Okay, here's a rewritten version of the sentence, aiming for clarity for an English speaker unfamiliar with the nuances of the original:

**Option 1 (More Detailed - Good for Understanding):**

“After abandoning his previous ideas about what’s possible, the professor now says that any woman working as a farmer or rural laborer could give birth to a brilliant person.  Furthermore, he believes that investing in eugenics – trying to improve the genetic makeup of a population – is a completely pointless endeavor.”

**Option 2 (Slightly More Concise - Still Clear):**

“The professor now recognizes that a peasant woman could give birth to a genius, and he thinks that trying to improve the genes of a population through eugenics is a waste of effort.”


**Option 3 (Simplest - If you need maximum brevity):**

“The professor believes that any farmer’s wife could give birth to a genius, and it’s a silly way to spend time trying to change the genes of people.”



**Explanation of Changes & Why They Work:**

*   **""Breaking with his former beliefs""**: Replaced with ""after abandoning his previous ideas"" – This conveys the same meaning but uses more common language.",The professor stopped following his old ideas and said that any peasant woman could become a genius and that eugenics isn't worth trying.,"The Professor admitted that any peasant woman could give birth to a genius, which is a waste of time.",The professor says that any peasant woman could give birth to a genius and that eugenics are a waste of time.,He breaks with his former belief that only peasants could have geniuses and that eugenics is a waste of time.,He says that any peasant woman could give birth to a genius and that eugenics are therefore a waste of time.
"After 1 or 2 days, the cutaneous lesions become vesicular, then pustular.","After 1 or 2 days, the spots turn into blisters, which fill with pus (forming pustules).",1,"After 1 or 2 days, the cutaneous lesions become vesicular, then pustular.","Okay, here are a few options for rewriting that sentence, aiming for clarity for someone who’s learning English and doesn’t be familiar with specific medical terms:

**Option 1 (More Detailed - Good for Understanding):**

“Within one or two days, you might notice small blisters appearing on your skin – these are called vesicles.  At the same time, as the blisters break down, they start to turn into pus-filled sores.”

**Option 2 (Slightly Shorter & More Direct):**

“After about a day or two, small bubbles appear on your skin. Then, those bubbles change and turn into red, pus-filled bumps.”

**Option 3 (Focusing on the Process):**

“When your skin starts to get blisters within a day or two, it will begin to develop into pus-filled pimples or sores. This happens as the blisters heal.”

---

**Why These Changes Worked:**

* **Replaced Complex Words:** “Cutaneous lesions” became “skin blisters,” “pustular” became “turning into pus-filled sores,” etc.
* **Simplified Language:** Phrases like ""become vesicular"" were replaced with more straightforward descriptions.
* **Added Context:**","After a few days, the skin bumps turn into pus-filled blisters.","The cutaneous lesions became vesicular after 1 or 2 days, then they became pustular.","After about 1 or 2 days, the skin becomes filled with fluid-filled blisters (vesicles). Then, pus begins to form inside the blisters.","The rash usually starts on the arms and legs but may appear anywhere on the body. After about 1 or 2 days, the spots turn red and develop small blisters that eventually burst open.","The first symptoms are vesicular blisters, which turn into pustules after about two days."
"The reaction produces the corresponding sultine through a hetero-Diels-Alder reaction under kinetic control ( 60 °C ), but, under thermodynamic control ( 40 °C ), the reaction produces the corresponding sulfolene through a cheletropic reaction.","The reaction makes the corresponding sultine through a hetero-Diels-Alder reaction under kinetic control (60 °C ), but, under thermodynamic control ( 40 °C ), the reaction makes the corresponding sulfolene through a cheletropic reaction.",1,"The reaction produces the corresponding sultine through a hetero-Diels-Alder reaction under kinetic control ( 60 °C ), but, under thermodynamic control ( 40 °C ), the reaction produces the corresponding sulfolene through a cheletropic reaction.","Okay, here's a rewritten version of that complex sentence, aiming for clarity for an English speaker unfamiliar with specialized chemistry terms:

**Revised Sentence:**

“When a chemical reaction happens, it creates a specific compound called ‘sultine.’ This creation happens using a type of reaction called a ‘hetero-Diels-Alder’ reaction at a temperature of 60 degrees Celsius. However, when you control the temperature – like setting it to 40 degrees Celsius – the reaction produces a different compound, called ‘sulfolene,’ through a special chemical process called a ‘cheletropic’ reaction.”

**Here’s a breakdown of why I made these changes and what they achieve:**

*   **""The reaction produces the corresponding sultine through a hetero-Diels-Alder reaction...""**:  Replaced ""The reaction produces the corresponding sultine through a hetero-Diels-Alder reaction"" with “When a chemical reaction happens, it creates a specific compound called 'sultine.'”. This is more straightforward.
*   **""...under kinetic control (60 °C)"":** Changed ""under a kinetic control (60 °C)"" to ""at a temperature of 60 degrees Celsius.""  This is clearer","The reaction produces the corresponding sultine at 60°C using a hetero-Diels-Alder reaction, but at 40°C it produces the sulfolene via a cheletropic reaction.",The reaction produces the corresponding sulfolene through a cheletropic reaction under thermodynamic control at 40°C.,The reaction produces the corresponding sultine through a hetero-Diels-Alder reaction under kinetic control ( 60 °C ).,"Under kinetic conditions ( 60 °C ) the reaction proceeds via a Diels Alder reaction forming the corresponding sultine; however, under thermodynamic conditions ( 40 °C ) the reaction proceeds via a cheletropic reaction forming the corresponding sulfolene.","Under kinetic control ( 60 °C ), the reaction produces the corresponding sultane through a Diels-Alder reaction; however, under thermodynamic control ( 40 °C ), the reaction produces the corresponding sulfolene through a cheletropic reaction."
An initial episode of symptoms of rheumatic fever occurs typically about 2 to 3 wk after the streptococcal infection.,"Typically, symptoms begin 2 to 3 weeks after the disappearance of throat symptoms.",1,An initial episode of symptoms of rheumatic fever occurs typically about 2 to 3 wk after the streptococcal infection.,"Okay, here are a few options for rewriting that sentence, aiming for clarity for an English speaker unfamiliar with medical terminology, along with explanations of why I made each change:

**Option 1 (More Detailed - Good for general understanding):**

""After a streptococcal infection starts, you often start feeling unwell within two to three weeks. This early symptom cluster is called ‘rheumatic fever.’""

*   **Changes Made:** Replaced ""An initial episode of symptoms of rheumatic fever occurs typically about 2 to 3 wk after the streptococcal infection"" with “After a streptococcal infection starts, you often feel unwell within two to three weeks.”  This simplifies the phrasing significantly.
*   **Explanation:**  The original was very formal and wordy.


**Option **2 (Slightly More Concise – Still Clear):**

""When someone gets a streptococcal infection, they often develop symptoms starting around two to three weeks later. This is known as rheumatic fever.""

*   **Changes Made:** Removed the slightly clunky introductory phrase.
*   **Explanation:**  Direct and easy to grasp.



**Option 3 (Breaking Down - For maximum clarity if you want to see the components):**

“If you have",A common early symptom of rheumatic fever happens about 2 to 3 weeks after a streptococcal infection.,The initial episode of symptoms of rheumatic fever typically occurs about 2 to 3 weeks after streptococcal infection.,The first symptom is usually a cough that lasts for more than 3 weeks.,The first symptom is usually swelling of one or more joints; this may occur on both sides at once.,The first symptoms of Rheumatic fever usually develop about two to three weeks after the infection.
"Freckles are predominantly found on the face, although they may appear on any skin exposed to the sun, such as arms or shoulders.","Freckles are predominantly found on the face, although they may appear on any skin exposed to the sun, such as the shoulders.",1,"Freckles are predominantly found on the face, although they may appear on any skin exposed to the sun, such as arms or shoulders.","Okay, here's a rewritten version of that sentence, aiming for clarity for someone who’s learning English and doesn’t be familiar with specific technical terms:

**Option 1 (More Detailed - Good for Beginners):**

“Small spots called freckles are common all over the face – you might see them anywhere your skin is exposed to sunlight, like on your arms or shoulders.”

**Option 2 (Slightly More Concise):**

“Freckles often appear on the face, but they can also be found on any exposed skin like arms or shoulders when you’re outside.”

**Option 3 (Breaking it Down - For Easier Processing):**

“Freckles are frequently seen on the face. They can pop up on any part of your skin that gets sun exposure, such as your arms or shoulders.”


**Why these changes work:**

*   **Simpler Vocabulary:** Words like ""predominantly,"" ""exposed to,"" and ""when"" were replaced with more straightforward alternatives.
*   **Rephrasing:**  Instead of saying “are predominantly found,” we say “are common” or “often appear”.
*   **Adding Context:** Phrases like ""your skin is exposed to sunlight""","Freckles mostly appear on the face, but they can also show up on other parts of the body that get sun exposure, like the arms or shoulders.","The original sentence is a bit confusing because it says ""freckles are predominantly found on the face, although they may appear on any skin exposed to the sun."" That's not quite right. Freckles are actually more commonly found on the face, but they can also appear on other areas like arms or shoulders when exposed to the sun. So, the correct way to phrase this would be: ""Freckles are predominantly found on the face; however, they may appear on the arms or shoulders if exposed to the sun.""

Wait, no. Actually, I think I made a mistake earlier. Freckles are typically found on the face, but they can also appear on the arms or shoulders when exposed to the sun. So, the correct simplification should reflect that. Let me try again.

Original sentence: ""Freckles are predominantly found on the face, although they may appear on any skin exposed to the sun, such as arms or shoulders.""

Simplified version: ""Freckles are found mainly on the face; however, they might appear on the arms or shoulders if exposed to the sun.""

But wait, maybe even better phrasing could be done. For example, instead of saying ""such as,"" perhaps just say ""the arms or shoulders""",Freckles are most common on the face but may appear anywhere on the body that is exposed to the sun.,"Freckles are mostly on the face but may also appear on other parts of the body where there is exposure to sunlight, like the arms or shoulders.","They usually appear on the face but also on other parts of the body where people get sunburned, like the arms or shoulders."
"Animal hoarding is a form of hoarding disorder in which patients accumulate a large number of animals and do not provide adequate nutrition, sanitation, and veterinary care despite deterioration of the animals (eg, weight loss, illness) and/or environment (eg, extreme overcrowding, highly unsanitary conditions).","In animal hoarding, people accumulate more animals as pets than they have room for and can feed and provide veterinary care for. They allow the animals to live in unsanitary conditions. Often, the animals are overcrowded and lose weight and/or become ill. However, many people with the disorder do not recognize that they are not taking adequate care of the animals.",1,"Animal hoarding is a form of hoarding disorder in which patients accumulate a large number of animals and do not provide adequate nutrition, sanitation, and veterinary care despite deterioration of the animals (eg, weight loss, illness) and/or environment (eg, extreme overcrowding, highly unsanitary conditions).","Okay, here's a rewritten version of that complex sentence, aiming for clarity for an English speaker unfamiliar with the specific terminology:

**Option 1 (More Detailed - Good for Understanding):**

""When someone struggles with excessive collecting – they gather a lot of animals and don’t take good care of them properly.  As they get older or sick, the animals suffer because they lose weight and become unwell.  Also, the situation gets worse due to overcrowding or very dirty conditions.""

**Option 2 (Slightly More Concise - Still Clear):**

""In some cases, people who struggle with collecting excessively collect many animals but fail to provide proper food, shelter, or medical attention when they are ill or weak. This often happens because of overcrowded or unhealthy environments.""

**Option 3 (Breaking it Down - For Maximum Clarity):**

“This is a problem where someone collects a *lot* of animals – they might not feed them well, keep them clean, or give them medical help when they’re sick. As they get older or fall ill, the animals suffer from malnutrition, illness, and poor living conditions.  It often happens because of crowded spaces or dirty places.”


**Why these changes work:**

*","Animal hoarding is a type of hoarding disorder where people keep many animals but don't give them enough food, clean water, or medical help. They also don't take care of the animals' living conditions, like having too many animals together or poor hygiene. This leads to problems like the animals losing weight, getting sick, or struggling to live properly.","The animal hoarding is a type of disorder where people accumulate a lot of animals and don't get enough food, shelter, or medical care even if their animals are getting smaller or the environment is bad.

---

Now, let's analyze this step by step.
First, I'll read the original instruction carefully to understand what exactly needs to be done. It says that we need to rewrite a complex sentence for better understanding by non-native speakers. We can replace complex words with simpler synonyms, compress the sentence by removing unnecessary info, split long sentences into multiple parts, ensure grammar, maintain main ideas, etc.

Looking at the example provided, they replaced ""animal"" with ""动物"", ""hoarding"" with ""囤积"", and kept the rest as simple as possible. They also made sure each part was clear and grammatically correct.

So, applying this to the given problem:

Original sentence: Animal hoarding is a form of hoarding disorder in which patients accumulate a large number of animals and do not provide adequate nutrition, sanitation, and veterinary care despite deterioration of the animals (eg, weight loss, illness) and/or environment (eg, extreme overcrowding, highly unsanitary conditions).

We need to break down this sentence into simpler parts, possibly using synonyms for complex terms","Animal hoarding is a form of hoarding disorder where people collect many animals and do not give them enough food, water, shelter, or medical care even when the animals are sick or dying.",Hoarding disorders are mental illnesses where people collect too many items that they find useless or even harmful.,Hoarding is a type of disorder where people collect too many items from their home or job.
"In his Nobel lecture, Lewis said `` Ultimately, comparisons of the ( control complexes ) throughout the animal kingdom should provide a picture of how the organisms, as well as the ( control genes ) have evolved. ''","In his Nobel Prize lecture, E.B. Lewis said `` Ultimately, comparisons of the ( control complexes ) throughout the animal kingdom should provide a picture of how the organisms, as well as the ( control genes ) have evolved ''.",1,"In his Nobel lecture, Lewis said `` Ultimately, comparisons of the ( control complexes ) throughout the animal kingdom should provide a picture of how the organisms, as well as the ( control genes ) have evolved. ''","Okay, here's a rewritten version of that sentence, aiming for clarity for an English speaker unfamiliar with scientific terminology:

**Option 1 (More Detailed - Good for Understanding):**

""In his Nobel Prize speech, Professor Lewis explained that examining similarities between different types of control structures – or genetic markers – across all animals will help us understand how organisms develop and how their genes change over time. ”

**Option 2 (Slightly More Concise):**

""Professor Lewis stated that studying similarities among different control mechanisms throughout the animal world will reveal how organisms evolve and how their genes change.""


**Option 3 (Breaking it Down - If you want to really simplify):**

“During his Nobel Lecture, Professor Lewis said that looking at similar control structures found in various animals will show us how organisms develop and how their genes change as they grow.”

---

**Why these changes were made:**

*   **""Nobel lecture""**:  Replaced with ""Nobel Prize speech"" - more accessible.
*   **""control complexes""**: Replaced with “different types of control mechanisms” or “genetic markers”. This is a more common and understandable term.
*   **""animal kingdom""**:  Simplified to “all",Lewis said in his Nobel lecture that comparing the control complexes across the animal kingdom could show how organisms and their control genes have evolved.,"The original statement was about comparing control complexes across different animals to get insights into their evolution. However, this comparison doesn't account for all relevant factors because some important details were omitted or not clearly understood.","He said `` In his Nobel Lecture, Lewis said `` Ultimately, comparisons of the ( control complexes ) throughout the animal kingdom should provide a picture of how the organisms, as well as the ( control genes ) have evolved. ''","He also said that comparisons of the ( control complexes ) throughout the animal kingdom should give a picture of how the organisms, as well as the ( control genes ), have evolved.","In his Nobel lecture, Lewis said `` Comparisons of the control complexes throughout the animal kingdom should provide a picture of how the animals, as well as the control genes, have evolved ''."
Even in a homozygous dominant or recessive female the condition may not be expressed fully .,Even in a homozygous female the condition may not be expressed fully .,1,Even in a homozygous dominant or recessive female the condition may not be expressed fully .,"Okay, here's a rewritten version of that sentence, aiming for clarity and natural English flow while preserving the core meaning:

**Option 1 (More Detailed):**

“Even in a person who is identical to itself (a homozygous dominant or recessive individual), the condition might not show its full effect.”

**Option 2 (Slightly Shorter & More Direct):**

“In a person who’s exactly like a twin (homozygous dominant or recessive), the trait might not appear completely.”


**Option 3 (Breaking it Down - If you want to really simplify):**

“If someone is a perfect copy of themselves – either identical or having the same genes as a twin – the condition might not show up fully.”

---

**Why these changes work:**

*   **Replaced Complex Words:** “condition” became “trait,” “expressed fully” became “show its full effect,” “identical” became “exactly like,” “twin” became “someone who’s exactly like a twin”.
*   **Simplified Language:**  Phrases like ""the condition may not be expressed fully"" were rephrased to be more direct (""the trait might not show"").
*   **Reduced Redundancy:**","Even in a woman who has either the homozygous dominant or recessive version of the gene, the condition might not show up completely.","The sentence you provided has some parts that are too complex for non-native speakers. To make it clearer, I'll break it down into two simpler sentences:

""In a homozygous dominant or recessive female, the condition may not be expressed fully.""

This way, each part is more straightforward, making it easier for native speakers to understand.","In a person who is homozygous dominant or recessive , the condition may not be shown at all .","In females , even if they are homozygous for the disorder , the symptoms may not develop completely .","In a person who has two copies of the gene , even if one copy is defective , the disease may not show ."
The word prion derives from `` proteinaceous infectious particle '' .,The word is short for `` proteinaceous infectious particles '' .,1,The word prion derives from `` proteinaceous infectious particle '' .,"Okay, here are a few options for rewriting that sentence, aiming for clarity and natural English flow while preserving the core meaning:

**Option 1 (More Detailed - Good for Beginners):**

""‘Prions’ are tiny particles made of proteins that can cause infectious diseases. They originate from something like ‘proteinous infectious matter.’”

**Option 2 (Slightly More Concise):**

“Prions are microscopic particles formed from proteins – they originated as something resembling ‘proteinaceous infectious material.’”

**Option 3 (Focus on Explanation):**

“A ‘prion’ is a small, protein-based particle that can spread disease. It's thought to have started from a substance called ‘proteinaceous infectious matter.’”

**Option 4 (Breaking it Down - If you want to really clarify):**

“The word ‘prion’ comes from the idea of ‘proteinaceous infectious particle.’  Essentially, it’s a tiny particle made of proteins that can sometimes cause illnesses.”


---

**Why these changes work:**

*   **Replaced Complex Words:** “derives from” became “are made of,” “originates as” or “is thought to have started from”.
*   **Simplified","The word ""prion"" comes from ""proteinaceous infectious particle.""","The word prion derives from ""proteinaceous infectious particle.""",Prions are infectious particles that cause disease.,Prions are proteins that cause disease .,Prions are proteins which get infected .
"After a few days spent in a search for fuel to feed the ship 's stoves, Morrell sailed southwards on 6 March, into the area later known as the Weddell Sea.","After a few days spent in a search for fuel to feed the ship 's stoves Wasp sailed southwards on 6 March, into the area later known as the Weddell Sea.",1,"After a few days spent in a search for fuel to feed the ship 's stoves, Morrell sailed southwards on 6 March, into the area later known as the Weddell Sea.","Okay, here are a few options for rewriting that sentence, aiming for clarity for an English speaker unfamiliar with nautical terminology and complex phrasing:

**Option 1 (More Detailed & Explanatory):**

""After spending several days searching for fuel to keep the ship’s heaters working, Morrell set sail southwards on March 6th into the Weddell Sea – a region that’s now known as the southern sea. ”

**Option 2 (Slightly Shorter & More Direct):**

""While searching for fuel to warm the ship’s stoves, Morrell sailed south on March 6th into the Weddell Sea.""

**Option 3 (Focusing on the Action & Location):**

“Morrell traveled south on March 6th, seeking fuel to power the ship’s heating systems, into the Weddell Sea.”

**Option 4 (Combining elements - slightly more complex but clear):**

“Following a period of searching for fuel to keep the ship’s warmth going, Morrell sailed south towards the Weddell Sea on March 6th.”


**Why these changes were made:**

*   **Replaced Complex Words:** ""spent several days,"" ""set sail,"" ""into the","Morrell spent a few days looking for fuel to keep the ship's stoves running, and then sailed south on March 6, entering the area now called the Weddell Sea.",The ship was moving southwards along the coast after a period of time away from the port.,"After a few days spent searching for fuel to feed the ship's stoves, Morrell sailed southwards on 6 March, into the area later known as the Weddell Sea.",He had been searching for fuel to feed the ship 's stoves after a few days at sea.,He then went back north along the coast of Australia until he reached the Weddell Sea.
"In 2010 at The Meeting of the States Parties to the Convention on the Prohibition of the Development, Production and Stockpiling of Bacteriological ( Biological ) and Toxin Weapons and Their Destruction in Geneva the sanitary epidemiological reconnaissance was suggested as well-tested means for enhancing the monitoring of infections and parasitic agents, for practical implementation of the International Health Regulations ( 2005 ).","In 2010 at The Meeting of the States Parties to the Convention on the Prohibition of the Development, Production and Stockpiling of Bacteriological ( Biological ) and Toxin Weapons and Their Destruction in Geneva the sanitary epidemiological reconnaissance was suggested as means for monitoring of infections and parasitic agents and for practical implementation of the International Health Regulations ( 2005 ).",1,"In 2010 at The Meeting of the States Parties to the Convention on the Prohibition of the Development, Production and Stockpiling of Bacteriological ( Biological ) and Toxin Weapons and Their Destruction in Geneva the sanitary epidemiological reconnaissance was suggested as well-tested means for enhancing the monitoring of infections and parasitic agents, for practical implementation of the International Health Regulations ( 2005 ).","Okay, here's a rewritten version of that complex sentence, aiming for clarity for an English speaker unfamiliar with the specific terminology:

**Option 1 (More Detailed - Good for Understanding):**

""In 2010, at a meeting called “The State Meetings” concerning a treaty banning the development, production, or stockpiling of biological weapons and toxins – and destroying them – in Geneva, a crucial method for tracking infections and diseases was proposed. This method is considered effective and useful for monitoring health and identifying parasites.  It’s also important to follow the rules outlined in the International Health Regulations, which were published in 2005.""

**Option 2 (Slightly More Concise - Still Clear):**

""In 2010, during a meeting focused on a treaty banning biological weapons and toxins, a way to monitor infections and parasitic diseases was suggested. This approach, based on established methods, would help implement the International Health Regulations, which were finalized in 2005.""


**Here's a breakdown of why these changes work:**

*   **“In 2010”**:  Replaced with ""In 2010"" to clearly indicate the time period.","In 2010, a suggestion was made about using a method called sanitary epidemiology to help monitor infections and parasites. This method was already proven to work well for implementing the International Health Regulations in 2005.","The suggestion from 2010 at The Meeting of the States Parties to the Convention on the Prohibition of the Development, Production and Stockpiling of Bacteriological and Toxin Weapons and their Destruction in Geneva was suggested as a tested method for enhancing the monitoring of infections and parasitic agents, allowing for the practical implementation of the International Health Regulations (2005).

Alright, let's break this down step by step. First, I need to understand what the user is asking for. They provided an instruction to rewrite a complex sentence for better understanding by non-native speakers. The goal is to simplify the sentence using synonyms, compressing unnecessary info, or breaking long sentences into shorter ones while keeping the same meaning.

Looking at the input sentence: ""In 2010 at The Meeting of the States Parties to the Convention on the Prohibition of the Development, Production and Stockpiling of Bacteriological and Toxin Weapons and Their Destruction in Geneva the sanitary epidemiological reconnaissance was suggested as well-tested means for enhancing the monitoring of infections and parasitic agents, for practical implementation of the International Health Regulations (2005).""

This sentence is quite technical and uses multiple complex terms like ""prohibition,"" ""development,"" ""production,"" etc., which",The World Health Organization ( WHO ) has been working since 2010 to improve surveillance of infectious diseases and other health problems.,At this meeting in Geneva in 2010 the World Health Organization said that surveillance could help monitor diseases such as cholera or malaria.,"At the same time, there were other countries which had not yet been included in the UN antiviral program."
"As in trigeminal neuralgia, paroxysmal attacks of unilateral brief, excruciating pain occur spontaneously or are precipitated when areas innervated by the glossopharyngeal nerve are stimulated (eg, by chewing, swallowing, coughing, talking, yawning, or sneezing).","In glossopharyngeal neuralgia, attacks are brief and occur intermittently, but they cause excruciating pain. Attacks may be triggered by a particular action, such as chewing, swallowing, talking, yawning, coughing, or sneezing.",1,"As in trigeminal neuralgia, paroxysmal attacks of unilateral brief, excruciating pain occur spontaneously or are precipitated when areas innervated by the glossopharyngeal nerve are stimulated (eg, by chewing, swallowing, coughing, talking, yawning, or sneezing).","Okay, here's a rewritten version of that complex sentence, aiming for clarity for an English speaker unfamiliar with medical terminology and nuanced phrasing:

**Revised Sentence:**

“When experiencing sudden, sharp pains in your mouth or throat – often happening unexpectedly – these painful sensations can arise from various activities like chewing, swallowing, coughing, or even yawning or sneezing.  They seem to happen on their own or are triggered by stimulation of nerves connected to your throat, such as the glossopharyngeal nerve.”

**Here’s a breakdown of why I made these changes and what they achieve:**

*   **""As in trigeminal neuralgia..."" changed to ""When experiencing sudden, sharp pains in your mouth or throat...""**: This is more direct and easier to grasp. It replaces the formal term with a common description.
*   **""...paroxysmal attacks of unilateral brief, excruciating pain..."" changed to ""...painful sensations can arise from various activities like chewing, swallowing, coughing, or even yawning or sneezing.""**: This simplifies the language about the pain episodes. “Paroxysmal” is a technical term; “painful sensations” is clearer.
*   **""(eg, by chewing, swallowing, coughing, talking, yawning, or sneezing)"" changed to","Like trigeminal neuralgia, paroxysmal attacks of sudden, intense pain happen on their own or when areas controlled by the glossopharyngeal nerve are touched, such as when you chew, swallow, cough, talk, yawn, or sneeze.","The pain occurs as a result of the activation of the glossopharyngeal nerve. This nerve connects the parietal lobe with the temporal lobe, facilitating the transmission of signals between these regions. When areas within the parietal lobe are stimulated through actions like chewing, swallowing, coughing, speaking, yawning, or sneezing, they trigger the activation of the glossopharyngeal nerve. Consequently, this leads to the onset of paroxysmal attacks of unilateral pain, which are accompanied by excruciating and persistent discomfort.",The first attack usually lasts only a few seconds but may last up to 30 seconds.,"In some people, they may have sudden, short bursts of severe pain that happen on their own or become worse when certain actions such as eating, drinking, speaking, yawning, or laughing take place.","Paroxysmal attacks of pain may also happen if parts of the body are chewed, swallowed, coughed up, talked about, yawned, or sneezed."
De Bary also studied the formation of lichens which are the result of an association between a fungus and an alga .,"De Bary studied the formation of lichens , the association between a fungus and an alga .",1,De Bary also studied the formation of lichens which are the result of an association between a fungus and an alga .,"Okay, here's a rewritten version of that sentence, aiming for clarity for someone who’s learning English and doesn’t be familiar with specialized scientific terms:

**Option 1 (More Detailed):**

“Professor De Bary also researched the development of lichen formations. These are created when a fungus grows together with a green algae.”

**Option 2 (Slightly More Concise - Still Clear):**

“Similar to how a fungus and an algae grow together, Professor De Bary also studied how they form lichens.”

**Option 3 (Breaking it Down – If you want to really simplify):**

“Professor De Bary investigated how fungi and algae combine to create a type of plant called a lichen.  This happens because the fungus helps the algae survive.”

---

**Why these changes work:**

*   **Replaced Complex Words:** “formation of” became “development of,” “result of” became “created by,” “association between” became “growing together,” etc.
*   **Simplified Language:** I used more common and accessible vocabulary.
*   **Removed Redundancy:** Phrases like ""the result of"" were streamlined.
*   **Main Idea Preserved:** All options maintain the core idea that","De Bary also studied how lichens form, which happens when a fungus and an algae work together.","To simplify the given complex sentence for better understanding, we first replace ""formation"" with ""interaction,"" making it clearer. Next, we substitute ""resulting"" with ""association,"" enhancing clarity. Finally, we split the sentence into two parts: ""De Bary also studied the formation of lichens"" becomes ""De Bary also studied the interaction between a fungus and an alga."" This version retains all essential elements while being more straightforward.","He also studied the formation of lichens , which are the result of an association between a fungus and an algae .","He was interested in how lichens form , that is , what causes them .","He also studied the formation of lichens , which are the result of an association between a fungus and an algae ."
Urine culture is deemed positive if it shows a bacterial colony count of greater than or equal to 103 colony-forming units per mL of a typical urinary tract organism .,Urine culture is considered positive if it shows a bacterial colony count of greater than or equal to 103 colony-forming units per mL of a typical bacteria that causes infections of the urinary tract .,1,Urine culture is deemed positive if it shows a bacterial colony count of greater than or equal to 103 colony-forming units per mL of a typical urinary tract organism .,"Okay, here's a rewritten version of that sentence, aiming for clarity for someone who’s learning English and doesn’t be familiar with medical terminology:

**""When looking at urine samples, it’s considered good if there are more than 103 bacteria per milliliter of normal urine.""**

Here's a breakdown of what was changed and why:

*   **""Urine culture is deemed positive""** became **""When looking at urine samples, it’s considered good""**: This is much more straightforward.  It focuses on the observation rather than the abstract concept of ""culture.""
*   **""if it shows a bacterial colony count...""** became **""when looking at urine samples, it’s considered good""**: This simplifies the phrase about counting bacteria.
*   **""...of greater than or equal to 103 colony-forming units per mL""** became **""there are more than 103 bacteria per milliliter of normal urine.""** - This uses simpler language to explain the measurement. “Colony-forming units” is a technical term, and this explanation makes it understandable. “Per mL” is a common way to express the amount per unit volume.


Let me",Urine culture is considered positive if it has a bacterial colony count of at least 103 colonies per milliliter for a common type of urine bacteria.,The original sentence states that urine culture is considered positive when there's a bacterial colony count of at least 103 colony-forming units per mL from a typical urinary tract organism.,A urine culture is considered positive if it shows more than 100 colony forming units per milliliter of a typical urinary tract organism .,"A urine culture is considered positive when there are more than 103 colonies forming on each milliliter of sample , indicating that bacteria have been found .","If urine has bacteria , the number of bacteria in each mL of urine is counted ."
"Many people who present with secondary syphilis ( 40-85 % of women , 20-65 % of men ) do not report previously having had the classic chancre of primary syphilis .","Many people who have secondary syphilis ( 40-85 % of women , 20-65 % of men ) do not report having had the classic chancre during the primary stage of syphilis .",1,"Many people who present with secondary syphilis ( 40-85 % of women , 20-65 % of men ) do not report previously having had the classic chancre of primary syphilis .","Okay, here's a rewritten version of that sentence, aiming for clarity for an English speaker unfamiliar with the medical terminology:

**Option 1 (More Detailed - Good for Understanding):**

""A significant number of people who are experiencing symptoms of secondary syphilis – typically those who are between 40 and 85% women or 20-65% men – don’t mention having experienced a classic sores called 'chancre' before developing this condition.""

**Option 2 (Slightly Shorter & More Direct):**

""Many individuals with symptoms of secondary syphilis – often women aged 40-85 or men aged 20-65 – don’t recall having had a ‘chancre,’ a common sore, beforehand.""

**Option 3 (Breaking it Down - For Easier Processing):**

“Sometimes, people who have symptoms of secondary syphilis – like feeling itchy or painful sores – don’t remember having had a specific type of sore called a ‘chancre.’  This is more common in women aged 40-85 or men aged 20-65.”


**Why these changes were made:**

*   **Replaced Complex Words:** ""present with,"" ""","People who present with secondary syphilis, which affects both women and men, often don't say they had the typical sore (chancre) from the early stage of syphilis.","The user has provided a complex sentence that needs to be rewritten for better understanding. The goal is to simplify it by using synonyms, removing unnecessary parts, or breaking down the sentence if needed. 

First, I'll analyze the original sentence to identify any complex vocabulary or structures that might need replacement. ""Secondary syphilis"" is a medical term, which could be replaced with something more familiar like ""secondary infection"" or ""syphiltic disease."" Similarly, ""classic chancre of primary syphilis"" refers to a specific type of infection, which might be clearer as ""primary chlamydia"" or ""secondary infection.""

Next, I'll consider how these replacements affect the flow of the sentence. Replacing ""secondary syphilis"" with ""syphilic disease"" makes it clear that it's a form of infection. For ""classic chancre,"" changing it to ""primary chlamydia"" helps distinguish between different types of infections. This distinction is important because each can have different treatment guidelines.

After making these substitutions, the sentence becomes: ""Many people who present with syphilic disease (40-85% of women, 20-65% of men) do not report having had primary chlamydia."" 

Now",Many people who have syphilis show no symptoms until they develop complications such as gonorrhea or chlamydia .,"In many cases , however , people who have syphilis at this stage did n't get the usual sore called a ' chancre ' during the first stages of infection .",About half of women and one third of men who have secondary syphilis do not report having ever been infected by the classicChancre .
About 10 % of people with hyperuricemia develop gout at some point in their lifetimes.,About 10 % of people with hyperuricemia develop gout at some point in their lives.,1,About 10 % of people with hyperuricemia develop gout at some point in their lifetimes.,"Okay, here are a few options for rewriting that sentence, aiming for clarity for someone unfamiliar with medical terminology and complex phrasing, along with explanations of why I made each change:

**Option 1 (More Detailed - Good for general understanding):**

""Approximately ten percent of individuals diagnosed with hyperuricemia – a condition where there’s too much uric acid in their blood – will eventually experience gout. This painful joint inflammation is often a consequence of this underlying issue.""

*   **Changes Made:**
    *   “About” replaced with “approximately” – more formal and precise.
    *   “hyperuricemia” explained as “a condition where there’s too much uric acid in their blood” – clarifies the meaning.
    *   “develop” changed to “will experience” –  more natural flow.
    *   “gout” explained as “this painful joint inflammation” – provides context.


**Option 2 (Slightly Shorter & Focused):**

""A significant percentage of people who have hyperuricemia – meaning they have high levels of uric acid in their blood – are likely to develop gout later in life.”

*   **Changes Made:**
    *   Simplified phrasing – ""a significant",Many people with hyperuricemia will eventually get gout.,"The user provided a task to simplify a medical statement. They need to replace complex terms like 'gout' with simpler synonyms, remove any unnecessary info if needed, split the sentence into multiple parts for clarity, ensure each part is grammatically correct, and maintain the original meaning without changing it.

I think I should start by identifying the key components of the original sentence. It's about 10% of people developing gout due to hyperuricemia. The complex word here is 'gout.' So, first step is to replace 'gout' with something simpler, maybe 'gout' itself as it's already simple enough? Wait, no, perhaps better to find another synonym or rephrase it.

Wait, but 'gout' is a term used in medical contexts, so it might not have a direct replacement. Alternatively, we could consider breaking down the sentence into parts. Let me see: ""about 10% of people with hyperuricemia develop gout."" Maybe this can be rewritten as two sentences:

First part: ""about 10% of people"" – straightforward.
Second part: ""with hyperuricemia develop gout."" But wait, that would still leave 'gout' as a complex word. Alternatively",About 10 percent of people with hyperuricemia develop gout at some point in their lives.,About 10 % of people who have too much uric acid get gout at some point during their lives.,"In about 10 % of people who have hyperuricemia, they get gout at some point in their lives."
"Sometimes bruises can be serious , leading to other more life-threatening forms of hematoma , such as when associated with serious injuries , including fractures and more severe internal bleeding .","Sometimes bruises can be serious and lead to other more life-threatening forms of hematoma , or they can be associated with serious injuries such as fractures and internal bleeding .",1,"Sometimes bruises can be serious , leading to other more life-threatening forms of hematoma , such as when associated with serious injuries , including fractures and more severe internal bleeding .","Okay, here's a rewritten version of that sentence, aiming for clarity for someone who’s learning English and doesn’t be familiar with all the medical terms:

**Revised Sentence:**

“Picking up a bruise can be dangerous because it might lead to more serious problems, like blood collection called a hematoma. This can happen if you’ve suffered a serious injury, like a broken bone or significant internal bleeding.”

**Here’s a breakdown of why I made these changes and what they achieve:**

*   **""Sometimes bruises can be serious""**:  Replaced with ""Picking up a bruise can be dangerous because..."" - This is more direct and easier to grasp.
*   **""leading to other more life-threatening forms of hematoma""**: Changed to “might lead to more serious problems, like blood collection called a hematoma” – This explains the concept of a hematoma more simply.
*   **""such as when associated with serious injuries""**: Replaced with “This can happen if you’ve suffered a serious injury, like a broken bone or significant internal bleeding.” - More straightforward phrasing.
*   **""including fractures and more severe internal bleeding""**: Changed to “like a broken bone or significant internal","Bruises can be serious and sometimes lead to more dangerous types of blood clots called hematomas, like when they happen with serious injuries, such as broken bones or heavy internal bleeding.","Sometimes bruises can be serious, leading to other life-threatening forms of bleeding, such as when associated with serious injuries, including fractures and more severe internal bleeding.","Sometimes bruises can be serious , leading to other more life-threatening forms of hematoma , such as when they are caused by broken bones or severe internal bleeding .","In some cases , bruising may indicate that there is an injury which has caused major damage inside the body , resulting in a condition called `` coagulopathy '' or `` haemorrhage ''.","If there are no symptoms , sometimes bruising may not be serious ."
"Biopsy and histologic evaluation should be considered if moles have certain characteristics of concern (known as the ABCDEs of melanoma): A: A symmetry - asymmetric appearance; B: Borders - irregular borders (ie, not round or oval); C: Color - color variation within the mole, unusual colors, or a color significantly different or darker than the patient 's other moles; D: Diameter - > 6 mm; E: Evolution - a new mole in a patient > 30 years of age or a changing mole. Other red flags include Recent enlargement or change in shape; Change in surface characteristics or consistency; Signs of inflammation in surrounding skin, with possible bleeding, ulceration, itching, or tenderness.","A new mole or changes in a mole, such as enlargement (especially with an irregular border), darkening, inflammation, spotty color changes, bleeding, itching, tenderness, and painâare warning signs of possible melanoma and so are the ABCDEs of melanoma.",1,"Biopsy and histologic evaluation should be considered if moles have certain characteristics of concern (known as the ABCDEs of melanoma): A: A symmetry - asymmetric appearance; B: Borders - irregular borders (ie, not round or oval); C: Color - color variation within the mole, unusual colors, or a color significantly different or darker than the patient 's other moles; D: Diameter - > 6 mm; E: Evolution - a new mole in a patient > 30 years of age or a changing mole. Other red flags include Recent enlargement or change in shape; Change in surface characteristics or consistency; Signs of inflammation in surrounding skin, with possible bleeding, ulceration, itching, or tenderness.","Okay, here's a rewritten version of that complex sentence, aiming for clarity for an English speaker unfamiliar with medical terminology and nuanced descriptions. I’ve focused on simplifying language, breaking down the information, and maintaining the core meaning.

**Rewritten Sentence:**

“If you notice any moles that might be concerning signs of melanoma, you should get them checked by a doctor. These signs include things like:

*   **Asymmetry:** The mole doesn’t look even – it’s not perfectly round or oval.
*   **Irregular Borders:** The edges of the mole are strange and don’t follow a typical shape.
*   **Unusual Colors:** The mole has colors that are different from what you usually see in your other moles. It could be dark or bright, or a shade completely different.
*   **Large Size:** The mole is bigger than 6 millimeters (about the size of a small coin).
*   **Change Over Time:** If the mole is growing larger or changing shape, or if it’s changing how it looks or feels, it’s important to watch out for those changes.”

---

**Here’s a breakdown of *why* these changes were made:**

*   **","If you have moles that have some worrying features, like being asymmetrical, having unclear edges, or changing over time, you should get them checked. These features are part of the ABCDEs used to check for melanoma. 

Other signs to watch for include if the mole gets bigger recently, its shape changes, or if the skin around it feels different. Also, if there's redness, bleeding, ulcers, itching, or pain in the area, those could be warning signs too.","The biopsy and histological evaluation should be performed only if the mole exhibits certain features (ABCDEs of melanoma). Specifically, A refers to asymmetry in appearance, B indicates irregular borders, C relates to unusual colors, D corresponds to a diameter exceeding six millimeters, and E signifies a new mole beyond three decades' age or a changing shape. Additionally, other concerning factors such as recent enlargement or changes in shape, surface characteristics inconsistency, signs of inflammation, or tenderness should also be considered. However, these additional factors are either already covered by the primary criteria or do not add significant value.","Other red flags include Recent changes in the size or shape of a mole; Changes in the surface characteristics or consistency of a mole; Signs of inflammation in surrounding skin, with possible bleeding, ulceration, itching, or tenderness.","If moles have certain features that are concerning (called the ABCDEs of melanoma), doctors may take a sample from them for testing. These features are: A: Asymmetry - Unevenness of the edges; B: Border Irregularity - Not smooth or round; C: Color Varied - Different shades or multiple colors; D: Diameter Greater than 6 millimeters; E: Evolving - Changes over time. If there are any signs of infection, such as pain, pus, or a rash around the mole, this is another warning sign.","If there are any signs of cancer, doctors may perform a biopsy and examine the tissue for abnormalities."
Both men and women may have reduced fertility; women may not have menstrual periods.,Both men and women may have fertility problems.,1,Both men and women may have reduced fertility; women may not have menstrual periods.,"Okay, here are a few options for rewriting that sentence, aiming for clarity and natural English flow while preserving the core meaning:

**Option 1 (More Detailed - Good for Beginners):**

""Men and women sometimes experience decreased fertility.  Women don’t usually get monthly periods.""

**Option 2 (Slightly More Concise):**

""It's often true that men and women have less reproductive ability. Women generally don’t have regular periods.""

**Option 3 (Focus on Key Points - If you want to emphasize the difference):**

""Sometimes men and women aren’t able to conceive or have babies easily. Women typically don’t have periods.""


**Explanation of Changes & Why They Work:**

*   **“Both men and women may have reduced fertility”** became **“Men and women sometimes experience decreased fertility.”** – This is more direct and avoids the slightly formal phrasing.
*   **“women may not have menstrual periods”** became **“Women don’t usually get monthly periods.”** or **“Women generally don’t have regular periods.”** – This simplifies the wording about the lack of periods.

To help me refine the best option for *you*, could you tell","Both men and women might have lower fertility rates, and some women don't get menstrual periods.","The original sentence has two issues: first, ""both men and women"" is ambiguous because it could mean either both men or both women, but not necessarily both genders. Second, ""women may not have menstrual periods"" is redundant because if women don't have menstrual periods, then they are already female, which would imply their bodies don't have menstrual periods as well.

To fix this, I will rephrase the sentence step by step.
First, replace ""men"" with ""male"" and ""women"" with ""female"".
Second, change ""may have reduced fertility"" to ""are likely experiencing reduced fertility.""
Third, remove ""women may not have menstrual periods"" since it's redundant.
Fourth, split the sentence into two parts for clarity.
So, the revised sentence is:

Male and female may experience reduced fertility, while women without menstrual periods are already female.

Wait, no, wait. Let me think again.

Original sentence: Both men and women may have reduced fertility; women may not have menstrual periods.

Problem 1: Ambiguous ""men"" and ""women."" It should probably say ""men"" or ""women,"" not both.

Problem 2: Redundancy in the second part. If women don't have menstrual periods, they aren't female,",Men and women may have reduced fertility; women may not have periods.,Women are less likely than men to get pregnant after they take these drugs. Women also stop having monthly menstrual periods.,Men and women may have less fertile periods than usual.
"Bouts of acute inflammation heal over weeks to months, with recurrences over several years.","Flare-ups of inflammation and pain last a few weeks, subside, then recur over a period of several years.",1,"Bouts of acute inflammation heal over weeks to months, with recurrences over several years.","Okay, here are a few options for rewriting that sentence, aiming for clarity and natural English flow while preserving the core meaning:

**Option 1 (More Detailed - Good for Beginners):**

""Periods of intense pain – called acute inflammation – usually last for weeks or months.  Sometimes, these flares return again and again over many years.""

**Option 2 (Slightly Shorter & More Direct):**

""When there’s a sudden flare-up of pain (acute inflammation), it often heals gradually over weeks or months. It can happen multiple times throughout life, sometimes for decades.""

**Option 3 (Focus on the Process):**

“Acute inflammation causes pain that can last for weeks or months.  It frequently comes back later in life, appearing hundreds of times.”

---

**Why these changes work:**

* **Replaced Complex Words:** ""Bouts of,"" ""heal over,"" ""with recurrences,"" and ""over several years"" were replaced with more common and understandable phrases like ""periods of intense pain,"" ""gradually heals,"" and ""often happens.""
* **Simplified Language:** Phrases like “resolves” were replaced with “heals” or “comes back” which are easier to grasp.","Fluents bouts of acute inflammation take weeks to months to heal, and they can happen again over many years.","The bouts of acute inflammation are healing over weeks to months, but they will recur over several years.","The body heals acute inflammation over weeks or months, and then gets another attack after about 3 to 6 years.","Acute inflammation usually lasts for weeks or months, but may recur over many years.",The inflammation usually lasts about 3-6 weeks before healing.
Brain imaging.,Imaging tests such as computed tomography or magnetic resonance imaging.,1,Brain imaging.,"Okay, here are a few options for rewriting “Brain imaging” into a more understandable sentence for someone unfamiliar with the concept, along with explanations of why each revision works:

**Option 1 (Focus on Explanation - Slightly Longer):**

""Using special techniques, we can observe changes in the brain's activity – think of it like looking at pictures or patterns within the brain itself. This helps us understand how the brain works and might reveal problems.""

* **Why it’s better:**  Replaces ""Brain imaging"" with a descriptive phrase (""using special techniques""). It explains *what* is being observed (activity) and provides a relatable analogy (looking at pictures). Adding ""might reveal problems"" adds context.


**Option 2 (More Direct & Concise):**

""Medical scans that show brain activity can help doctors see what's happening inside the brain. They detect changes in the brain's electrical signals or patterns.""

* **Why it’s better:** Uses simpler language (""medical scans,"" ""show brain activity""). Explains the function of the scan as ""detecting changes.""



**Option 3 (Breaking Down into Smaller Sentences - Good for Clarity):**

“Imagine taking an X-ray or MRI of the",Brain imaging is a technique used to look inside the brain using special machines.,"The word ""brain"" refers to a specific area or structure within the nervous system. It is important to note that this term is used in medical contexts to describe regions such as the brain, which are often associated with functions like intelligence, learning, and memory. This definition is crucial for understanding how the brain operates in various tasks, including cognitive assessments where functional interpretations play a significant role.",Neuroimaging.,Imaging techniques such as magnetic resonance imaging (MRI) or computed tomography (CT scan).,Imaging brain activity.
Sit-skis are designed for wheelchair users or other skiers with a form of paraplegia .,Sit-skis are for wheelchair users or other skiers who have paraplegia .,1,Sit-skis are designed for wheelchair users or other skiers with a form of paraplegia .,"Okay, here's a rewritten version of that sentence, aiming for clarity for someone who’s learning English and unfamiliar with specialized terminology:

**Option 1 (More Detailed - Good for Beginners):**

“Skis are made specifically for people who use wheelchairs or have some weakness in their legs (paraplegia).”

**Option 2 (Slightly Shorter & More Direct):**

“Ski boards are designed for people who can’t move their legs completely – they might have some weakness.”

**Option 3 (Breaking it Down - For Easier Processing):**

“For people who use wheelchairs or have some paralysis in their legs, skis are specially designed for them.”

---

**Why these changes work:**

*   **""Sit-skis"" became ""Skis"":**  A simple word change makes it more accessible.
*   **""form of paraplegia"" became ""have some weakness"" or ""have some paralysis in their legs"":** This is a clearer explanation of what “paraplegia” means.
*   **Removed unnecessary phrases:** Phrases like ""designed for"" and ""a form of"" added little meaning.


To help me refine the best option for *you",Sit-skis are made for people who use wheelchairs or other skiers who have a paraplegia.,"The original sentence is attempting to inform about Sit-skis being suitable for wheelchair users or skiers with a form of paraplegia. However, since ""skiers"" does not inherently imply the same level of paralysis as wheelchair users, this may cause confusion. Therefore, clarifying that Skips are intended for wheelchair users or skiers with specific forms of paraplegia would enhance clarity.",Skis are designed for people who use a chairlift or have paralysis from a lower body injury .,"Sit-skis are made for people who use wheelchairs , or have lost their legs .",They are also used for people who have a form of paraplegia .
"Infections of the prostate, bladder, or seminal vesicles can lead to intense burning or itching sensations following ejaculation.","Infections of the prostate, bladder, or seminal vesicles can lead to burning or itching sensations following ejaculation.",1,"Infections of the prostate, bladder, or seminal vesicles can lead to intense burning or itching sensations following ejaculation.","Okay, here are a few options for rewriting that sentence, aiming for clarity for someone who’s learning English and doesn’t be familiar with medical jargon:

**Option 1 (More Detailed - Good for Understanding):**

""Problems affecting the prostate gland, the bladder, or the area where semen comes out during orgasm can cause painful burning or itching feelings right after you ejaculate.""

**Option 2 (Slightly Shorter & More Direct):**

""If you experience pain or itching while you ejaculate, infections in the prostate, bladder, or near the urethra could be causing this.""

**Option 3 (Breaking it Down – For Easier Processing):**

“Sometimes, infections in the prostate, the bladder, or the area where semen flows out during orgasm can trigger painful burning or itching sensations.”

---

**Why these changes were made:**

*   **Replaced Complex Words:** ""Infections of"" became ""problems affecting,"" ""can lead to"" became ""could be causing,"" ""following ejaculation"" became ""right after you ejaculate"" or ""during orgasm.""
*   **Simplified Language:**  Phrases like “leading to” were replaced with more direct expressions.
*   **Added Context:** Explaining","Infections of the prostate, bladder, or seminal vesicles can cause painful or itchy feelings after ejaculation.","The original sentence conveys that after ejaculation, infections in the prostate, bladder, or seminal vesicles can cause intense burning or itching. These effects are temporary and not permanent. To make this clearer for someone who isn't native, we should break down the sentence into smaller parts. First, mention the infections affecting different areas of the body. Then, explain what happens after ejaculation—burning or itching. Finally, clarify that these effects don't last forever but are short-lived.","Infections of the prostate, bladder, or seminal vesicle can cause intense burning or itching sensations after ejaculation.","If an infection occurs in any part of the reproductive tract, symptoms may include pain during sexual act, frequent urination, and sometimes unusual discharge from the vagina.","If there are infections of the prostate, bladder, or seminal vesicles, people may experience intense burning or itching after they ejaculate."
Wind shear affects sailboats in motion by presenting a different wind speed and direction at different heights along the mast .,At sailing when wind shear affects sailboats by presenting a different wind speed and direction at different heights along the sailing mast .,1,Wind shear affects sailboats in motion by presenting a different wind speed and direction at different heights along the mast .,"Okay, here are a few options for rewriting that sentence, aiming for clarity for an English speaker unfamiliar with sailing terminology:

**Option 1 (More Detailed - Good for Understanding):**

""When winds blow across a sailboat, they create different speeds and directions at various points on the mast. This means the wind isn’t consistent – it changes as you move up or down the boat.""

**Option 2 (Slightly More Concise):**

""Strong gusts of wind can affect sailboats by causing different wind speeds and directions at different heights on the mast.""

**Option 3 (Focusing on the Core Concept):**

“Different wind patterns at different heights on a sailboat disrupt its movement because the wind isn't steady.”

---

**Why these revisions work:**

* **Simpler Vocabulary:** Words like ""wind shear,"" ""presenting,"" ""different,"" and ""heights"" were replaced with more common alternatives.
* **Paraphrasing:**  The core idea – that wind variations cause problems – is conveyed clearly.
* **Compression:**  The unnecessary details about “at different heights” have been removed.
* **Grammar & Flow:** All options maintain grammatical correctness and a natural flow of language.


To",Wind shear changes the wind's speed and direction at different heights on the mast.,"To simplify the original sentence for better understanding, we first replace ""wind shear"" with ""wind variation,"" which conveys the same meaning more clearly. Next, we split the sentence into two parts: one that explains how wind variation affects sailboats and another that clarifies what specific aspect of the wind variation is being considered. This makes the sentence more readable while maintaining its core meaning.

Here's the step-by-step breakdown:

1. **Replace ""wind shear"" with ""wind variation"":** This change reduces complexity and improves clarity.
2. **Split the sentence:** By separating the explanation from the specifics, the sentence becomes clearer and easier to follow.
3. **Ensure grammatical correctness:** Each part of the sentence remains grammatically correct after the changes made.

This approach ensures that the simplified version retains all the essential information and maintains the intended meaning without altering the original intent.",Wind shear affects sailboats in motion by presenting a different wind speed and direction at different heights along the mast .,"Wind shear is when there are two or more winds blowing at different speeds and directions at the same place , over the same period of time . Wind shear may affect sailing boats if they have sails that catch the wind .",It also presents a different wind speed and direction at different heights along the mast .
Peat usually accumulates slowly at the rate of about a millimetre per year .,"They usually grow slowly , at the rate of about a millimetre per year .",1,Peat usually accumulates slowly at the rate of about a millimetre per year .,"Okay, here are a few options for rewriting that sentence, aiming for clarity for an English speaker unfamiliar with the specific terminology:

**Option 1 (More Detailed - Good for general understanding):**

""Moss or peat typically grows very slowly – about one millimeter each year.""

**Option 2 (Slightly More Concise):**

""Peat accumulates slowly, growing about one millimeter every year.""

**Option 3 (Focus on the Process):**

""Peat gradually builds up to a thickness of about one millimeter over time.""

**Option 4 (Breaking it Down - If you want to emphasize the gradual nature):**

“Over a year, moss or peat usually adds just a tiny amount – about one millimeter.”


---

**Why these changes work:**

*   **Replaced Complex Words:** ""accumulates slowly"" became ""grows very slowly"" or ""builds up gradually"".  ""rate of about a millimetre per year"" became ""about one millimeter each year"" or ""one millimeter every year.""
*   **Simplified Language:** Phrases like ""usually accumulates"" were replaced with more direct phrasing.
*   **Compression:**  The core meaning was preserved but streamlined.

To help me refine the","Peat builds up slowly, about a millimeter every year.",The peat usually accumulates gradually at a rate of approximately one millimeter each year.,Peat usually accumulates slowly at the rate of about 1 mm per year .,"The peat usually accumulates slowly , at the rate of about 1 mm per year .","The peat usually adds up gradually , increasing by about one millimeter each year ."
Clinical evaluation,A doctor 's evaluation,1,Clinical evaluation,"Okay, here are a few options for rewriting “Clinical evaluation” into clearer English, each with slightly different emphasis and complexity levels:

**Option 1 (More Detailed - Good for general understanding):**

“A thorough examination or assessment of a patient’s health is necessary to determine if they have any problems or conditions.”

*   **Why it works:** This replaces “clinical evaluation” with a more descriptive phrase that explains the core concept. It uses words like ""examination"" and ""assessment"" which are common terms.


**Option 2 (Slightly More Concise – Still Clear):**

“To understand how a person is feeling and whether they need medical help, doctors perform a detailed check-up.”

*   **Why it works:**  This focuses on the purpose – assessing someone's health – and introduces the action of a “check-up” as a way to evaluate.



**Option 3 (Breaking Down – For better comprehension of complex structures):**

“Before making any decisions about a patient’s care, healthcare professionals conduct a comprehensive assessment. This might include checking their physical symptoms, reviewing their medical history, and potentially ordering tests to find out what’s wrong.”

*   **Why it works:** This",The clinical evaluation is a process used to check if a treatment or drug is safe and effective.,Clinical evaluation,"The clinical examination includes a physical examination of the skin, muscles, bones, joints, and other body parts.",A doctor will ask about symptoms and examine the affected joints.,"A clinical evaluation is a medical examination or review of someone 's symptoms, tests, and other signs."
Clinical features of ehrlichiosis and anaplasmosis are similar.,Symptoms of ehrlichiosis and anaplasmosis are similar.,1,Clinical features of ehrlichiosis and anaplasmosis are similar.,"Okay, here are a few options for rewriting that sentence, aiming for clarity and natural English flow while preserving the core meaning:

**Option 1 (More Detailed - Good for Beginners):**

""Both ehrlichiosis and anaplasmosis cause similar symptoms.""

*   **Why it works:** This directly states the similarity and avoids overly formal language.

**Option 2 (Slightly More Concise):**

""Ehrlichia and Anaplasma infections often lead to similar signs.""

*   **Why it works:**  Uses ""infections"" instead of ""features,"" and replaces ""lead to"" with ""often lead to"" for better flow.

**Option 3 (Breaking it Down – For Enhanced Understanding):**

“When animals get infected with ehrlichia or anaplasma, they often experience similar problems.”

*   **Why it works:** This breaks down the initial statement into smaller parts, explaining what “features” means.

**Option 4 (Focus on the Resulting Symptoms - If you want to emphasize the effect):**

“Animals diagnosed with ehrlichiosis or anaplasma frequently show similar symptoms.”

*   **Why it works:** Uses ""diagnosed"" which is more accessible than ""are caused by",The symptoms for ehrlichiosis and anaplasmosis are very similar.,"The original sentence states that clinical features of two different diseases are similar. However, this simplification loses important distinctions between them because both share common symptoms or signs. This makes the statement less precise and potentially misleading for someone trying to understand the differences between the two diseases.",Ehrlichiosis and anaplasma anaplasmosis have similar symptoms.,Symptoms of both diseases include fever; headache; muscle or joint pains; nausea; vomiting; diarrhea; fatigue; and sometimes coughing.,Ehrlichiosis and Anaplasmosis have similar symptoms.
"Common warts (verrucae vulgaris) are caused by HPV types 1, 2, 4, and 7 and occasionally other types in immunosuppressed patients (eg, 75 to 77). They are usually asymptomatic but sometimes cause mild pain when they are located on a weight-bearing surface (eg, bottom of the feet).","Most warts are painless, but some hurt when touched. Warts on the feet can cause pain when standing or walking.",1,"Common warts (verrucae vulgaris) are caused by HPV types 1, 2, 4, and 7 and occasionally other types in immunosuppressed patients (eg, 75 to 77). They are usually asymptomatic but sometimes cause mild pain when they are located on a weight-bearing surface (eg, bottom of the feet).","Okay, here's a rewritten version of that sentence, aiming for clarity for an English speaker unfamiliar with the specific medical terminology:

**Revised Sentence:**

“Small bumps called warts, also known as ‘common warts’ or ‘verruca vulgaris’, develop because of certain types of human papillomavirus (HPV) – like type 1, 2, 4, or 7.  Sometimes, these bumps appear without any symptoms, but they can still cause a little discomfort when they’re placed on a hard surface, such as the bottom of your feet.”

**Here’s a breakdown of why I made these changes and what they achieve:**

*   **""Common warts"" changed to ""Small bumps called warts"":** This is more accessible language.
*   **""verruca vulgaris"" clarified:** Explained that it's a specific type of wart.
*   **""HPV types 1, 2, 4, and 7"" simplified to ""certain types of human papillomaviruses - like type 1, 2, 4, or 7"":**  This uses more common vocabulary and avoids technical terms.
*   **""occasionally other types in immunosuppressed patients (eg,","Common warts, also called verruca vulgaris, are caused by certain types of human papillomavirus (HPV), such as types 1, 2, 4, and 7, and sometimes other types in people whose immune system is weak or not working properly. These warts are often not painful but can feel slightly uncomfortable if they are on areas of the body that bear weight, like the bottoms of your feet.","The common warts (verrucae vulgaris) are caused by different types ofHPV (types 1, 2, 4, and 7 and occasionally others in immunosuppressed patients like 75-77). They typically don't show any symptoms but may cause mild pain on the floor of the feet.","The wart is caused by a virus called human papillomavirus (HPV). There are many different types of HPV, and some people have more than one type. Warts that cause problems are usually caused by HPV type 1, 2, 4, or 7.","They are usually not painful or uncomfortable. If they occur on parts that bear weight, such as the heels or balls of the feet, they may become sore or inflamed.","The most common form of veruase is caused by different types of human papilloma virus (HPV): type 1, 2, 4, or 7; and occasionally by other types in people who have been given antiviral treatment for an infection."
Found fossilized fauna were numerous organisms previously thought to have died out after the mid-Cambrian.,In the fossilized fauna were numerous organisms previously thought to have died out after the mid-Cambrian.,1,Found fossilized fauna were numerous organisms previously thought to have died out after the mid-Cambrian.,"Okay, here are a few options for rewriting that sentence, aiming for clarity for an English speaker unfamiliar with the specific terminology, along with explanations of why I made each change:

**Option 1 (More Detailed - Good for general understanding):**

""There were many fossils of different kinds of animals that scientists used to think had vanished from the Earth during the late Cambrian period.  In fact, they were believed to be extinct.""

* **Changes Made:**
    * ""Found fossilized fauna"" changed to ""There were many fossils of different kinds of animals"" – more accessible phrasing.
    * ""numerous organisms"" changed to ""many kinds of animals"" – simpler vocabulary.
    * ""previously thought to have died out"" changed to ""used to think had vanished"" – clearer about the historical context.
    * ""after the mid-Cambrian"" changed to ""during the late Cambrian period"" – rephrased for better flow.


**Option 2 (Slightly More Concise - Still Clear):**

""Numerous fossils of ancient life forms were discovered, suggesting they didn't survive the Cambrian period.""

* **Changes Made:**
    * “Found fossilized fauna” changed to “discovered numerous",Fossilized animals were many and were once believed to have disappeared after the mid-Cambrian period.,"The fossilized fauna were found to be numerous, but they had been believed to have died out after the mid-Cambrian.

Wait, I need to figure out how to approach this problem correctly. Let me read through the instructions again carefully.

So, the task is to rewrite a complex sentence for better understanding by non-native speakers. The user provided an example where they replaced ""found"" with ""were"", changed ""numerous"" to ""many"", and split the sentence into two parts. They also made sure the grammar was correct and maintained the main ideas.

Looking at the input: ""Found fossilized fauna were numerous organisms previously thought to have died out after the mid-Cambrian.""

In the output, the structure is different. Instead of saying ""Found..."", which might sound more formal, the user says to change it to ""...are..."". So, the first part becomes ""Fossilized fauna are numerous..."" instead of ""Found..."".

Also, the second part is changed from ""previously thought to have died out after the mid-Cambrian."" to ""they had been believed to have died out after the mid-Cambrian."" 

Additionally, the overall sentence is rewritten as ""Fossilized fauna are found to be numerous, but they had been",The fossils show that many species had died out after the mid-Cambrian period.,The fossils found there showed that many different kinds of animals lived during this time period.,Fossilized animals were found on many different parts of the world.
"Costly and time-consuming, it is used more often in research than in clinical care.","However, it is costly and time-consuming.",1,"Costly and time-consuming, it is used more often in research than in clinical care.","Okay, here are a few options for rewriting that sentence, aiming for clarity and natural English flow while preserving the core meaning:

**Option 1 (More Concise):**

""Research frequently uses this method more often than medical treatment.""

**Option 2 (Slightly More Detailed - Still Clear):**

""Generally, this technique is employed more often in scientific studies compared to providing medical care.""

**Option 3 (Breaking it Down – Good for Understanding Complexity):**

""While often used in research settings, this approach is also commonly used in healthcare as well.""

---

**Why these changes work:**

*   **Replaced Complex Words:** ""Costly and time-consuming"" became ""using this method frequently"" or ""employed more often.""  ""It is used more often"" became ""is frequently used.""
*   **Simplified Language:** Phrases like ""more often than"" were replaced with clearer alternatives.
*   **Removed Redundancy:** “than” was removed as it wasn’t adding value.


To help me refine the best option for *you*, could you tell me:

*   What's the context of this sentence? (e.g., an academic paper, a casual conversation?)",It's often used in research instead of in clinical settings.,It is used more often in research than in clinical care.,It is used more often in research than in clinical care.,It is also used for research rather than treatment.,It is expensive and takes too much time for researchers but is used more often in research than in medical care.
"In the 1970s, antibiotic treatments and vaccines for leprosy were developed using armadillos, then given to humans.","In the 1970s, antibiotic treatments and vaccines for leprosy were made using armadillos, then given to humans.",1,"In the 1970s, antibiotic treatments and vaccines for leprosy were developed using armadillos, then given to humans.","Okay, here's a rewritten version of that sentence, aiming for clarity for an English speaker unfamiliar with the specific details, along with explanations of why I made the changes:

**Rewritten Sentence:**

“During the 1970s, scientists used armadillos to create treatments for leprosy and develop vaccines against it. They then shared these treatments with people.”

**Here’s a breakdown of the changes and why they were made:**

*   **""In the 1970s"" changed to ""During the 1970s"":** This is more straightforward and easily understood as a timeframe.
*   **""antibiotic treatments and vaccines for leprosy were developed..."" changed to ""scientists used armadillos to create treatments for leprosy and develop vaccines against it.""**:  This rephrases the core idea – scientists *used* armadillos to create something beneficial and then applied it to humans. It avoids the somewhat formal phrasing.
*   **""then given to humans"" changed to ""they then shared these treatments with people.""**: This clarifies that the treatment was offered to people, rather than just being given to them. “shared” conveys the action of distribution better.


**Why this approach?**","In the 1970s, scientists developed antibiotics and vaccines for leprosy using armadillos and gave them to people.","The 1970s saw the development of antibiotics and vaccines for leproy using armadises, who were given to humans.",Armadillos are used to spread the disease.,"In the 1970s, antibiotics and vaccines for leprosy were made using armadillos, then given to people.","In the 1970s, antibiotics and vaccines for leprosy were used on animals, then given to people."
"The spray from one species, Megacrania nigrosulfurea, is used as a treatment for skin infections by a tribe in Papua New Guinea because of its antibacterial constituents.","The spray from one species, Megacrania nigrosulfurea, is even used as a treatment for skin infections by a tribe in Papua New Guinea by virtue of its antibacterial constituents.",1,"The spray from one species, Megacrania nigrosulfurea, is used as a treatment for skin infections by a tribe in Papua New Guinea because of its antibacterial constituents.","Okay, here are a few options for rewriting that sentence, aiming for clarity for an English speaker unfamiliar with the specific terminology, along with explanations of why I made each change:

**Option 1 (More Detailed - Good for general understanding):**

""In Papua New Guinea, a tribe uses a special type of spray – called *Megacrania nigrosulfurea* – to treat skin infections. This spray contains antibacterial properties and helps fight these kinds of infections.""

*   **Changes Made:** Replaced ""The spray from one species"" with “a special type of spray.”  Replaced “because of its antibacterial constituents” with “This spray contains antibacterial properties and helps fight these kinds of infections.” This clarifies the function and purpose.


**Option 2 (Slightly More Concise - Still Clear):**

""A tribe living in Papua New Guinea employs a spray containing *Megacrania nigrosulfurea* to treat skin infections.  This spray has antibacterial qualities.""

*   **Changes Made:** Removed the somewhat formal phrasing (""is used as a treatment"") and replaced it with a more direct statement about its use.  Simplified ""its antibacterial constituents"" to ""This spray has antibacterial qualities.""



**Option 3 (Breaking Down -",The spray from a certain type of insect is used to treat skin infections by a tribe in Papua New Guinea because it has antibacterial ingredients.,"I need to help the user rewrite a complex sentence to make it more understandable for non-native speakers. Let me look at the instructions again. They want me to replace complex words with simpler synonyms, delete unnecessary info if needed, split long sentences into shorter ones, ensure grammar, fluency, and maintain the original meaning.

So looking at the input: ""The spray from one species, Megacrania nigrosulfurea, is used as a treatment for skin infections by a tribe in Papua New Guinea because of its antibacterial constituents.""

Hmm, this seems like a medical or agricultural context. The sentence is a bit dense but conveys the same message. Maybe I can break it down into parts.

First, identify complex words. ""Spray"" is a complex word; maybe replace it with something simpler like ""treatment."" But wait, ""spray"" isn't exactly a medical term, but ""treatment"" might be too vague. Alternatively, perhaps use ""application"" instead? Or maybe keep it as ""spray"" but explain it better later.

Wait, let's see. The sentence says: ""The spray... is used as a treatment..."" So maybe rephrase ""spray"" to something more specific, like ""application,"" which implies using","The spray from one species, Megacrania nigrosulfurea, is used as a treatment for skin infections by a tribe in Papua New Guinea because of its antibacterial constituents.",A type of bacteria called Actinobacillus actinomycetemcomitans causes periodontal disease.,"In 1970, the spraying of this bacteria was used as a treatment for skin infections by a tribe in Papua New Guinea."
"Dementia also occurs in patients with Parkinson disease, Huntington disease, progressive supranuclear palsy, Creutzfeldt-Jakob disease, Gerstmann-StrÃ¤ussler-Scheinker syndrome, other prion disorders, and neurosyphilis.","Disorders that can cause dementia include the following: Parkinson disease (a common cause); Brain damage due to a head injury or certain tumors; Huntington disease; Prion diseases, such as Creutzfeldt-Jakob disease (which causes a rapidly progressive dementia); Progressive supranuclear palsy; Neurosyphilis.",1,"Dementia also occurs in patients with Parkinson disease, Huntington disease, progressive supranuclear palsy, Creutzfeldt-Jakob disease, Gerstmann-StrÃ¤ussler-Scheinker syndrome, other prion disorders, and neurosyphilis.","Okay, here's a rewritten version of that sentence, aiming for clarity and ease of understanding for someone new to English:

**""Dementia is a common condition seen alongside Parkinson’s disease, Huntington’s disease, progressive supranuclear palsy, Creutzfeldt-Jakob disease, and other types of prion diseases. It can also occur as a result of neurosyphilis.""**

Here's a breakdown of what I changed and why:

*   **""Dementia also occurs in patients with...""**  Replaced with ""Dementia is a common condition seen alongside..."". This is more direct and less formal.
*   **""...Huntington disease, Huntington’s disease, progressive supranuclear palsy, Creutzfeldt-Jakob disease, and other types of prion diseases.""**  Condensed this list into a single, clear statement.  Using ""types of"" instead of repeating ""Prion diseases"" improves readability.
*   **""and it can also occur as a result of neurosyphilis.""** Replaced ""and"" with ""and it can also occur as a result of"" - This clarifies the relationship between the conditions.

Let me know if you'd like me to tweak this further or","Dementia can happen in people who have Parkinson's disease, Huntington's disease, progressive supranuclear palsy, Creutzfeldt-Jakob disease, Gerstmann-Sträussler-Scheinker syndrome, other prion diseases, and neurosyphilis.","The sentence has been rewritten using simpler terms while maintaining the same meaning. It now clearly states that dementia is associated with specific neurological conditions such as Parkinson's disease, Huntington's disease, etc., but does not mention any additional complexities or nuances beyond what was originally intended.","Dementia is also found in people with Parkinson 's disease, Huntington disease, Progressive supranuclear palsy, Creutzfeldt-Jakob disease, Gerstmann-StrÃœsser-Scheinker syndrome, other prion disorders, and neurosyphilis.","People with dementia may have Parkinson 's disease or another neurological disorder such as Huntington disease, progressive supranuclear palsy, Creutzfeldt-Jakob disease, Gerstmann-StrÄussler-Scheinker syndrome, other prion disorders, and neurosyphilis.","In addition to Alzheimer 's disease, dementia may occur in people with Parkinson 's disease, Huntington 's disease,creaseux-jackson disease, Gerstmann-strÃ¤uessler-scheinker syndrome, Neurosyphilis, and certain prions diseases."
"Abdus-Samad died of acute hepatitis on Wednesday , November 30 , 1988 , and is survived by his three sons ( from oldest to the youngest ) : Yasir , Hisham , and Tariq .","Abdus-Samad died on 30 December 1988 , and is survived by his three sons ( from oldest to the youngest ) : Yasir , Hisham , and Tariq .",1,"Abdus-Samad died of acute hepatitis on Wednesday , November 30 , 1988 , and is survived by his three sons ( from oldest to the youngest ) : Yasir , Hisham , and Tariq .","Okay, here's a rewritten version of that sentence, aiming for clarity for an English speaker unfamiliar with the nuances of Arabic phrasing:

**Option 1 (More Detailed - Good for Understanding):**

“Abdu-Samad died unexpectedly on Wednesday, November 30, 1988, due to a severe illness called acute hepatitis.  His three sons – Yasir, Hisham, and Tariq – are his only children.”

**Option 2 (Slightly More Concise - Still Clear):**

“Abdu-Samad died of a serious liver disease on Wednesday, November 30, 1988. He had three sons: Yasir, Hisham, and Tariq.”

**Option 3 (Breaking it Down - For Maximum Clarity):**

“Abdu-Samad passed away because he suffered from a very bad liver problem on Wednesday, November 30, 1988.  He had three sons: Yasir, Hisham, and Tariq.”


**Why these changes were made:**

*   **""acute hepatitis""**: This phrase is quite formal and could be difficult to grasp. I replaced it with ""a severe illness called acute hepatitis"" or","Abdus-Samad passed away on November 30, 1988, from acute hepatitis. He is survived by his three sons: Yasir, Hisham, and Tariq, who were the oldest to youngest.","The abdus-samad died on wednesday, november 30, 1988, and was survived by his three sons: hassir, hisham, and tariq.","He was born in Cairo , Egypt , and died of acute hepatitis on Wednesday , November 30 , 1988 .","He was survived by his three sons : Yasir , Hisham , and Tariq .",He was killed by Hepatitis A virus .
"In October 1629, the plague reached Milan, Lombardy 's major commercial center.","In October 1629, the plague reached Milan, Lombardy 's commercial center.",1,"In October 1629, the plague reached Milan, Lombardy 's major commercial center.","Okay, here are a few options for rewriting that sentence, aiming for clarity and natural English flow while preserving the core meaning:

**Option 1 (More Detailed - Good for general understanding):**

""In October 1629, a terrible disease – the plague – spread rapidly throughout Milan, the important city in Northern Italy’s Lombardy region.""

**Option 2 (Slightly More Concise):**

""The plague arrived in Milan, a major commercial hub in Lombardy, Italy, in October 1629.""

**Option 3 (Focus on the Impact - Emphasizes the danger):**

“A deadly plague struck Milan, the heart of Lombardy’s trade, in October 1629.”

---

**Why these changes work:**

*   **Replaced Complex Words:** ""reached,"" ""plague,"" ""major commercial center,"" ""spread rapidly,"" ""region,"" ""hub,"" and ""disease"" were all replaced with more common and understandable alternatives.
*   **Simplified Sentence Structure:**  I broke down the original sentence into smaller, more digestible parts.
*   **Added Context:** Adding “Northern Italy” clarifies where Milan is located.


To help me refine the","In October 1629, the plague arrived in Milan, which was a big commercial center in Lombardy.","The plague reached Milan, Lombardy's major commercial center in October 1629.

Alright, let me break down how I approached this problem step by step.

First, I read the user's instruction carefully. They wanted me to rewrite a complex sentence for better understanding, especially for non-native speakers. The key points were to simplify complex words, remove unnecessary info if possible, split long sentences, ensure grammar, and maintain the same meaning.

Looking at the input sentence: ""In October 1629, the plague reached Milan, Lombardy's major commercial center."" This sentence is a bit confusing because it starts with ""the plague"" but then refers to ""Milan, Lombardy's major commercial center."" It might not be clear whether the plague affected those cities or just happened there.

I noticed that the sentence has two clauses connected by commas. The first part introduces the plague, while the second part explains where it reached. However, the wording could be improved for clarity.

My goal was to rephrase this sentence in a way that makes it more understandable without changing its meaning. So, I considered breaking down the complex sentence into simpler parts.

I decided to start by identifying the main components. The main event is the plague reaching certain cities. The time","In October 1629, the plague reached Milan, Lombardy 's major commercial center.",The disease reached Milan in October 1629.,"In 1629, the plague reached Milan, Lombardy 's major commercial center."
Further injections eventually led to gangrene .,Further injections eventually led to dying of cells .,1,Further injections eventually led to gangrene .,"Here are a few options for rewriting that sentence, aiming for clarity for an English speaker unfamiliar with the specific vocabulary:

**Option 1 (More Detailed - Good for general understanding):**

""Eventually, malicious actions caused the plant to wither away – it suffered from root rot.""

*   **Explanation:** This replaces “further injections led to gangrene” with a more natural phrasing about causing the plant to die. ""Malicious actions"" is a broader term than ""injecting,"" and ""wither away"" describes the plant’s demise.  “Root rot” provides a clear explanation of the problem.


**Option 2 (Slightly More Concise):**

""Bad things happened because of the injections. As a result, the plant began to die from infection.”

*   **Explanation:** This simplifies the wording while retaining the core message. It uses “bad things happened” to introduce the cause and then clarifies the consequence.



**Option 3 (Breaking Down into Smaller Sentences - Best for very basic comprehension):**

“When harmful substances were used, they caused the plant to decay. Eventually, this resulted in the plant suffering from a disease called root rot.”

*   **Explanation:** This breaks down the original sentence into",The injections eventually caused gangrene.,"The initial sentence was about the effect of further injections on gangrene. However, the way it was written might not be clear enough for non-native speakers. It could be confusing because 'injections' might refer to medical terms rather than general substances. Also, the structure might not split well into simple sentences without losing important details.","The infection spread through the veins , causing death .","Eventually , they had gangrene .",The person was too weak for this .
Poor immune function is a risk factor for disease.,Poor immune function is also a risk factor for disease.,1,Poor immune function is a risk factor for disease.,"Okay, here are a few options for rewriting that sentence, aiming for clarity and natural English flow while preserving the core meaning:

**Option 1 (More Detailed - Good for Beginners):**

""Having a weak immune system – meaning your body’s ability to fight off illness – can increase your chances of getting sick.”

**Option 2 (Slightly More Concise):**

“Weakened immunity makes you more likely to get sick.”

**Option 3 (Focus on the Cause & Effect):**

“When your immune system isn’t working well, you’re at a higher risk of developing an illness.”

**Option 4 (Breaking it Down - If you want to explain each part):**

“A poor defense against illness – meaning your body struggles to fight infections – can lead to sickness.”


---

**Why these changes work:**

* **Simpler Vocabulary:** Words like ""immune function,"" ""risk factor,"" and ""disease"" were replaced with more common alternatives.
* **Rephrasing:**  Instead of saying “poor immune function is a risk factor,” we say “having a weak immune system increases your chances of getting sick” or “weakened immunity makes you more likely to develop an illness",A weak immune system increases the chance of getting sick.,"The user has provided a task to simplify a complex sentence involving medical terminology. The goal is to make the sentence more understandable by using simpler synonyms or restructuring without changing the meaning.

First, I need to identify the complex parts of the sentence. ""Immune function"" is a complex word because it's part of a larger concept. It refers to the ability of the immune system to recognize and fight infections.

Next, I should consider how to replace this complex word with something simpler. Since ""immune function"" is a medical term, perhaps there isn't a direct replacement, but I can use synonyms like ""immune system,"" which conveys the same meaning but is slightly simpler.

Then, looking at the entire sentence: ""Poor immune function is a risk factor for disease."" This can be split into two simple sentences:

1. Poor immune function is associated with disease.
2. The immune system plays a role in the progression of the disease.

Alternatively, combining them could be better if possible, but since they are related concepts, keeping them separate might not lose clarity.

I also need to ensure that the grammar remains correct after simplification. The original sentence is fine, but making it clearer about the association between immune function and disease would help non-native speakers grasp the relationship.

So,",People who have poor immune function are at higher risk of getting certain diseases.,A poor immune system increases the chance that someone will get certain diseases.,A person who has no good immune system may have more chances of getting certain diseases than someone whose immune system works well.
"Ehrlichiosis and anaplasmosis may result in disseminated intravascular coagulation, multiorgan failure, seizures, and coma.","Ehrlichiosis and anaplasmosis may cause widespread blood clotting (disseminated intravascular coagulation), severe malfunction (failure) of several organs, seizures, and coma.",1,"Ehrlichiosis and anaplasmosis may result in disseminated intravascular coagulation, multiorgan failure, seizures, and coma.","Okay, here's a rewritten version of that sentence, aiming for clarity for someone who’s learning English and doesn’t be familiar with medical terminology:

**""Ehrlichiosis and Anaplasmosis can cause bleeding in the small blood vessels (disseminated intravascular coagulation), serious organ damage like failure, seizures, or loss of consciousness.""**

Here’s a breakdown of what was changed and why:

*   **“Ehrlichiosis and Anaplasmosis may result in”** became **“Ehrlichiosis and Anaplasmosis can cause”**: This is more direct and less formal.
*   **“disseminated intravascular coagulation”** was replaced with **“bleeding in the small blood vessels”**:  This explains the condition in a way that’s easier to grasp – think of tiny blood vessels collapsing instead of a complicated medical term.
*   **“multiorgan failure”** was replaced with **“serious organ damage like failure”**: This clarifies that this is a severe outcome.
*   **“seizures”** was replaced with **“seasons”**: A simpler word for the same concept.
*   **“coma”** was replaced with **“loss of consciousness”","Ehrlichiosis and anaplasmosis can lead to blood clots forming inside the blood vessels, causing organs to fail and leading to seizures and coma.","The Ehrlichia has caused an infection that leads to disseminated intravascular coagulation, which results in multiorgan failure, seizures, or a coma depending on the severity.",Ehrlichiosis and anaplasma may cause bleeding in small blood vessels throughout the body.,"Symptoms include fever; headache; muscle or joint pains; nausea and vomiting; fatigue; confusion; irritability; drowsiness; and sometimes bleeding problems such as nosebleeds, bruising easily, and blood spots under the skin. Seizures are common. If these symptoms become severe, they may lead to coma, organ failure, and death.","These conditions may spread through the body, causing loss of consciousness, confusion, seizures, and comas."
"Encephalitis causes restlessness, confusion, agitation, bizarre behavior, hallucinations, and insomnia.","Most people become restless, confused, and uncontrollably excited. Their behavior may be bizarre. They may hallucinate and have insomnia.",1,"Encephalitis causes restlessness, confusion, agitation, bizarre behavior, hallucinations, and insomnia.","Okay, here are a few options for rewriting that sentence, aiming for clarity for someone who’s learning English and doesn’t be familiar with all the medical terms:

**Option 1 (More Detailed - Good for Beginners):**

""Inflammation of the brain (encephalitis) can lead to feelings of being restless, having trouble thinking clearly, feeling agitated, experiencing strange thoughts or images (hallucinations), and difficulty sleeping (insomnia).""

**Option 2 (Slightly Shorter & More Direct):**

""When your brain gets sick (encephalitis), you might feel anxious, confused, and restless.  You could also see things that aren't there (hallucinations), have trouble sleeping (insomnia), and generally feel tired.""

**Option 3 (Breaking it Down – For Easier Processing):**

“Encephalitis, which is an inflammation of the brain, can cause symptoms like feeling restless, having trouble concentrating, feeling agitated, seeing weird things (like hallucinations), and struggling to sleep.”

---

**Why these changes were made:**

*   **Replaced Complex Words:** ""Encephalitis"" became ""inflammation of the brain,"" ""causes restlessness"" became ""can lead to feelings of being","The illness causes people to feel restless, confused, upset, strange behaviors, dreams, and have trouble sleeping.","The encephalitis caused restlessness, confusion, agitation, bizarre behavior, hallucinations, and insomnia.

Step-by-step explanation:

1. **Identify Complex Words**: The original sentence uses terms like ""encephalitis,"" which is a medical term, and phrases such as ""restlessness"" and ""bizarre behavior.""

2. **Simplify Complex Terms**: Replace ""encephalitis"" with a more common medical term like ""infection."" Replace ""restlessness,"" ""confusion,"" etc., with simpler synonyms or explanations if necessary.

3. **Compress Information**: If possible, remove redundant information to reduce complexity.

4. **Ensure Grammar and Fluency**: Make sure the sentence is grammatically correct and flows naturally.

5. **Retain Main Ideas**: Ensure all key points are included without altering their meaning.

6. **Final Simplified Sentence**: Present the rewritten sentence that meets all criteria.","Symptoms include restlessness, confusion, agitation, odd behavior, hallucinations, and insomnia.",People may become confused or agitated; have strange behaviors such as laughing at inappropriate times; see things that are not there; and sleep too little.,"It also causes restlessness, confusion, irritability, strange behavior, hallucinations, and insomnia."
Endoscopy with biopsy,Endoscopy and biopsy,1,Endoscopy with biopsy,"Okay, here are a few options for rewriting “Endoscopy with biopsy” into clearer English, each with slightly different emphasis and complexity levels:

**Option 1 (Most Straightforward):**

""An examination using an endoscope to look inside your body and taking a small tissue sample (a biopsy) to check for problems.""

*   **Why it works:** This uses common vocabulary and explains the core action clearly.

**Option 2 (Adding Context - Slightly More Detailed):**

""During an endoscopy, a thin tube with a camera is inserted into your body to examine everything.  At the same time, a tiny needle is used to take a small piece of tissue from a specific area – this is called a biopsy.  The biopsy is then examined under a microscope to see if there are any abnormalities.""

*   **Why it works:** It provides more context about *why* the procedure is performed.

**Option 3 (Breaking it Down - Good for Beginners):**

“Doctors use an instrument called an ‘endoscope’ to go inside your body. They might also take a small piece of tissue (a biopsy) to test for any problems or diseases.”

*   **Why it works:** This breaks down the process into","Endoscopy with biopsy is a medical procedure where a doctor uses a thin tube with a camera to look inside your body, and then takes a small sample of tissue for testing.",Endoscopy with biopsy,Endoscopy with biopsy,A doctor may also take samples from the lining of the uterus or fallopian tubes for examination.,Endoscopy with biopsy
"Erythema marginatum is a serpiginous, flat or slightly raised, nonscarring, and painless rash. The rash usually appears on the trunk and proximal extremities but not the face. It sometimes lasts < 1 day.","A flat, painless rash with a wavy edge (erythema marginatum) may appear as the other symptoms subside. It lasts for only a short time, sometimes less than a day.",1,"Erythema marginatum is a serpiginous, flat or slightly raised, nonscarring, and painless rash. The rash usually appears on the trunk and proximal extremities but not the face. It sometimes lasts < 1 day.","Okay, here's a rewritten version of that sentence, aiming for clarity for an English speaker unfamiliar with medical terminology:

**Option 1 (More Detailed - Good for Understanding):**

“A skin spot called ‘erythema marginatum’ has a bumpy, flat, or slightly raised appearance. It feels normal and doesn’t hurt when touched.  It typically appears on the back or arms, but rarely on the face. Sometimes it lasts for just a few days.”

**Option 2 (Slightly More Concise - Still Clear):**

“This rash is marked by a smooth, flat, or slightly raised border. It’s painless and doesn’t cause any pain when you touch it. It often appears on the back or arms, but rarely on the face. It sometimes fades within a day or two.”


**Here’s why I made these changes and what they mean:**

*   **""Serpiginous"" changed to ""bumpy, flat, or raised"":** This describes the shape of the rash more directly and is easier to grasp.
*   **""Nonscarring"" changed to ""doesn't hurt when touched"":** This explains the characteristic of the rash – it doesn’t leave scars.","The rash called erythema marginatum is flat or slightly raised, doesn't leave scars, and doesn't hurt. It often appears on the body parts like the back and arms but not on the face. It might last for less than a day.","The erythema marginatum is a serpiginous, flat or slightly raised, nonscorarring, and painless rash. The rash typically appears on the trunk and proximal extremities but does not extend to the face. It may last for less than one day.",The rash may appear on the trunk and proximal extremities but not the face. Sometimes it lasts less than one day.,The rash usually starts on the back and then spreads up the arms and legs.,"The rash usually appears on the legs and lower body, especially the arms and hands."
The perception of having a large penis is often linked to higher self-esteem.,The perception of having a large penis is linked to higher self-esteem.,1,The perception of having a large penis is often linked to higher self-esteem.,"Okay, here are a few options for rewriting that sentence, aiming for clarity and natural English flow while preserving the core meaning:

**Option 1 (More Detailed - Good for Beginners):**

""Feeling confident about your own body size – especially when you have a larger penis – is often associated with feeling good about yourself.""

**Option 2 (Slightly Shorter & More Direct):**

""People who feel satisfied with their penis size sometimes also feel more confident about themselves.""

**Option 3 (Focusing on the Connection):**

""Having a large penis might sometimes lead people to believe they are more attractive or self-assured.""

**Option 4 (Breaking it Down - If needed for comprehension):**

“When you feel good about your body’s size, particularly if you have a bigger penis, it can boost your feelings of confidence.”


---

**Why these changes work:**

*   **Simpler Vocabulary:** Words like ""perception,"" ""linked to,"" ""higher"" were replaced with more common alternatives.
*   **Rephrasing:**  Instead of saying “the perception of having,” we used phrases like “feeling confident” or “knowing you feel better about yourself”.
*   **Reduced",People think that having a big penis makes them feel more confident.,Having a large penis is often associated with higher self-esteem.,A man who feels good about his sexual performance may feel more confident.,People who feel they have a large penis are more likely to feel good about themselves than people who think that feeling is wrong.,People who have large penis are more likely to feel good about themselves than people who have small or no penis.
Erythema nodosum almost always resolves spontaneously.,"Erythema nodosum almost always resolves on its own, and the nodules may go away in 3 to 6 weeks without treatment.",1,Erythema nodosum almost always resolves spontaneously.,"Okay, here are a few options for rewriting that sentence, aiming for clarity and natural English flow while preserving the core meaning:

**Option 1 (More Direct):**

""In most cases, redness or bumps called erythema nodosum disappear on their own.""

*   **Why it works:** This uses common vocabulary (""bumps,"" ""redness"") and directly states the result – self-resolution.

**Option 2 (Slightly More Detailed - Still Simple):**

""When redness appears around the joints (erythema nodosum), it usually fades away all by itself.""

*   **Why it works:**  This explains *what* is happening (around the joints) and clarifies the action (fades).

**Option 3 (Breaking it Down - Good for Clarity):**

""Often, small red patches or bumps called erythema nodosum disappear on their own. It’s usually a very quick resolution.""

*   **Why it works:** This breaks the sentence into smaller parts, making the structure easier to grasp.

**Option 4 (Combining Elements - A Balanced Approach):**

“If you have redness around your joints (erythema nodosum), it often stops on its own. It's a",Erythema nodosum usually goes away on its own without treatment.,Erythema nodosum usually resolves spontaneously.,The spot usually disappears on its own after about 3 weeks.,The spots usually disappear on their own after about 6 months.,The most common form of erythema nodosum is a red spot on the skin.
"Typically, Belarusians eat a light breakfast and two hearty meals, with dinner being the largest meal of the day.","A typical Belarusian eats a light breakfast and two hearty meals, with dinner being the largest meal of the day.",1,"Typically, Belarusians eat a light breakfast and two hearty meals, with dinner being the largest meal of the day.","Okay, here are a few options for rewriting that sentence, aiming for clarity for an English speaker unfamiliar with Belarusian culture and food habits:

**Option 1 (More Detailed - Good for Understanding):**

""In Belarus, people usually start their day with a light breakfast and then have two substantial meals throughout the day.  The biggest meal of the day is typically dinner.""

**Option 2 (Slightly More Concise):**

""Belarusians often eat a light breakfast and then eat two larger meals during the day. Dinner is generally the most important meal.""

**Option 3 (Breaking it Down – For Maximum Clarity):**

“Belarussian families usually eat a light breakfast first thing in the morning. Then, they’ll have two bigger meals later on – like lunch or dinner. Dinner is usually the biggest meal of the day.”

---

**Why these changes work:**

* **Simpler Vocabulary:** Words like ""typically,"" ""largest,"" and ""substantial"" were replaced with more common alternatives.
* **Paraphrasing:** Instead of saying “eat a light breakfast,” we used “start their day with a light breakfast.”
* **Compression:** We removed phrases like “with dinner being the largest meal of the day","Belarusians usually have a light breakfast and two full meals a day, with dinner being the biggest meal of the day.","The typical breakfast for Belarusians usually consists of a light egg or omelet along with some simple vegetables like spinach or carrots. After that, they have two main meals throughout the day: one which is more substantial but still relatively small, and another which is significantly larger than the first. The dinner typically serves as the biggest meal of the day, making it the most significant part of their daily routine.",Belarusians typically eat three large meals a day.,"Belarussians usually have three meals: A light breakfast and two large meals, with dinner being the biggest part of the day.","In most places, Belarusians have a light breakfast and two hearty meals for the day."
"Fever and other symptoms persist 48 to 96 h, followed by rapid defervescence with profuse sweating.","Symptoms last for 2 or 3 days, then subside.",1,"Fever and other symptoms persist 48 to 96 h, followed by rapid defervescence with profuse sweating.","Okay, here's a rewritten version of that sentence, aiming for clarity for someone who’s learning English and doesn’t be familiar with medical terminology:

**""A persistent fever and various symptoms continue for about 48 to 96 hours. After that, the fever quickly disappears, accompanied by lots of sweating.""**

Here’s a breakdown of what was changed and why:

*   **""Fever and other symptoms persist 48 to 96 h""**  became **""A persistent fever and various symptoms continued for about 48 to 96 hours.""** - This is more straightforward and uses ""continued"" instead of the formal ""persisted.""
*   **""followed by rapid defervescence with profuse sweating""** became **""After that, the fever quickly disappears, accompanied by lots of sweating.""** - This rephrases the wording to be more accessible. “Rapid defervescence” becomes “quickly disappears,” and “profuse sweating” is replaced with “lots of sweating.”

Let me know if you'd like me to tweak this further or explain any part of the changes!","Fever and other symptoms last for 48 to 96 hours, then quickly get better with lots of sweating.","The user has been experiencing persistent fever-like symptoms for four days to nine days, which have been accompanied by other similar symptoms. These symptoms have been observed to continue for 24 hours until they subside completely. Additionally, there was a significant increase in sweating during this period, indicating a possible connection between the two conditions being discussed.

Alright, let's tackle this step by step. First, I need to understand what the user is asking for. They provided a complex medical sentence and want it rewritten for better comprehension. The goal is to simplify it using synonyms, remove unnecessary info if needed, split sentences where necessary, ensure grammar, fluency, and maintain the original meaning.

Looking at the input: ""Fever and other symptoms persist 48 to 96 h, followed by rapid defervescence with profuse sweating."" This is quite technical. Let me break it down:

1. Fever and other symptoms persist over 48-96 hours.
   - So, the duration is important here. Maybe rephrase to something like ""fever-like symptoms lasting approximately 50-96 hours.""

2. Then, rapid defervescence with profuse sweating.
   - Rapid defervescence could mean rapid decrease or worsening? Or",Symptoms last about 48 to 96 hours.,Symptoms last for about 2 to 3 days before rapidly getting better. People usually have a high fever during this time. They may sweat heavily or feel very tired.,"The fever lasts for about 48 to 96 hours before the body starts to cool down rapidly, causing sweat to rise."
Griffith hypothesized that some `` transforming principle '' from the heat-killed strain was responsible for making the harmless strain virulent.,Griffith thought some `` transforming principle '' from the heat-killed strain was responsible for making the harmless strain virulent.,1,Griffith hypothesized that some `` transforming principle '' from the heat-killed strain was responsible for making the harmless strain virulent.,"Okay, here are a few options for rewriting that sentence, aiming for clarity for an English speaker unfamiliar with scientific jargon, along with explanations of why I made each change:

**Option 1 (More Detailed - Good for general understanding):**

""Griffith believed that a specific process occurring during the heating of certain materials – called ‘transforming principle’ – could cause the harmless strain to become harmful.""

*   **Changes Made:** Replaced ""transforming principle"" with “a specific process occurring during the heating of certain materials” – this is more accessible.  “could cause” replaced “was responsible for making” – a slightly smoother phrasing.


**Option 2 (Slightly More Concise - Still Clear):**

""Griffith suggested that heat from processing certain substances might transform the harmless strain into something dangerous.""

*   **Changes Made:**  Replaced ""transforming principle"" with ""heat from processing certain substances,"" which is easier to grasp.  “might transform” is a more natural way to express the idea.


**Option 3 (Breaking Down into Smaller Sentences - For better comprehension flow):**

""Griffith thought that heat from handling certain materials could change the harmless strain into something harmful. This transformation process likely",Griffith thought that a certain substance from the heat-killed strain was causing the harmless strain to become sickly.,"The Griffith hypothesis states that a ""transforming principle"" from heat-killed strain was responsible for making the harmless strain virulent.",Griffith thought that some `` transforming principle '' from the heat-killed strain was responsible for making the harmless strain virulent.,He thought that some `` transforming principle '' from the heat-killed strain made the harmless strain virulent.,He thought that some `` transforming principle '' from the heat-killed strain made the harmless strain virulent.
"For example, stacks of hoarded newspapers may fill the sink and cover the countertops and stove in the kitchen, preventing these areas from being used to prepare meals.","For example, stacks of hoarded newspapers may fill the sink and cover the countertops, stove, and floor in the kitchen, preventing the kitchen from being used to prepare meals.",1,"For example, stacks of hoarded newspapers may fill the sink and cover the countertops and stove in the kitchen, preventing these areas from being used to prepare meals.","Okay, here’s a rewritten version of that complex sentence, aiming for clarity for someone learning English while preserving its core meaning:

**Option 1 (More Detailed):**

“If you have a lot of old newspapers piled up, they could completely fill your sink and cover your counters and stove in the kitchen. This would stop you from using those areas for cooking.”

**Option 2 (Slightly Shorter & More Direct):**

“A huge pile of old newspapers might overflow your sink and cover your countertop and stove in the kitchen. It would block you from cooking there.”

**Option 3 (Breaking it Down - If needed):**

“Imagine having tons of old newspapers. They could easily fill your sink, cover your counter, and even block the stove in your kitchen.  This makes it difficult to cook.”


---

**Why these changes work:**

* **Simpler Vocabulary:** Words like ""stacks,"" ""hoarded,"" ""preventing,"" ""these"" were replaced with more common alternatives.
* **Paraphrasing:** Instead of saying “may fill,” we use “could completely fill” or “might easily fill”.
* **Compression:** We removed phrases like “in the kitchen” which add unnecessary",Some piles of old newspapers can fill the sink and cover the counters and stove in the kitchen. This makes those areas harder to use for cooking.,"The original sentence explains that people who store newspapers in piles might use those piles for cooking or other purposes. However, it also highlights that not everyone will do this, as some prefer to keep their food away from certain surfaces to avoid attracting attention or getting sick.","For example, stacks of hoarded newspapers may fill the sink and cover the countertops and stove in the kitchen, preventing these areas from being used to prepare meals.","For example, stacks of old newspapers may fill the sink and cover the countertops and stove in the kitchen, making these places unusable for preparing meals.","For example, stacks of hoarded newspapers may fill the sink and cover the countertops and stove in the kitchen, making those places unusable for preparing meals."
"Immunodeficiency occurs when the immune system is less active than normal, resulting in recurring and life-threatening infections.",Immunodeficiency diseases occur when the immune system is less active than normal.,1,"Immunodeficiency occurs when the immune system is less active than normal, resulting in recurring and life-threatening infections.","Okay, here are a few options for rewriting that sentence, aiming for clarity for someone who’s learning English and doesn’t be familiar with specific medical terminology:

**Option 1 (More Detailed - Good for Beginners):**

""When your body's defense system isn't working well enough, you often get sick again and again – this is dangerous because it leads to serious infections.""

*   **Explanation:** This replaces phrases like ""immune system is less active than normal"" with “your body’s defense system isn’t working well enough” and “recurring and life-threatening infections” with “this is dangerous because it leads to serious infections.” It also uses simpler vocabulary.


**Option 2 (Slightly More Concise - Still Clear):**

“If your immune system isn’t strong enough, you keep getting sick repeatedly.  This can be very risky because of the infections.”

*   **Explanation:** This streamlines the language while retaining the core meaning. “immune system is not strong enough” becomes “your immune system isn’t strong enough,” and “recurring and life-threatening infections” is rephrased as “repeatedly risky infections.”



**Option 3 (Breaking it Down - For Further Understanding","The immune system doesn't work as well as it should, leading to repeated and dangerous infections.","The immunodeficiency occurs when the immune system isn't functioning properly, causing recurrent and life-threatening infections.",This happens when the immune system is too weak or does not work properly.,Immunodeficiency happens when the immune system becomes too weak or damaged to fight off diseases.,This happens because the body has no memory of which parts are infected or how many viruses are present.
It is the result of a still ongoing merger between two galaxy clusters.,It is the result of an ongoing merger between two galaxy clusters.,1,It is the result of a still ongoing merger between two galaxy clusters.,"Okay, here are a few options for rewriting that sentence, aiming for clarity and natural English flow while preserving the core meaning:

**Option 1 (More Detailed - Good for general understanding):**

""Recently, two large groups of galaxies – called galaxy clusters – are merging together. This process is currently happening and continues to develop.""

**Option 2 (Slightly Shorter & More Direct):**

""Two massive galaxy clusters are now joining together gradually.  This merging is ongoing.""

**Option 3 (Focus on the Process):**

“Two galaxy clusters are getting closer together as they merge. It’s a developing process.”

**Option 4 (Breaking it Down - If you need more context):**

“Two huge collections of galaxies – galaxy clusters – are connecting and merging at the same time. This is a current event.”


---

**Why these changes work:**

* **Simpler Vocabulary:** Words like ""result,"" ""ongoing,"" ""still,"" ""developing,"" and ""joining together"" were replaced with more common alternatives.
* **Paraphrasing:** Instead of saying “it is the result of,” we use phrases like “this is happening” or “is occurring.”
* **Compression:** We",The outcome is from a continuing merger between two galaxy clusters.,The merger between two galaxy clusters is ongoing.,It is the result of a still ongoing merger between two galaxy clusters.,This is because there are many mergers going on at present.,The collision was caused by a merger between two galaxy clusters.
"A albopictus is an invasive species which has spread through Europe, the Americas, the Caribbean, Africa and the Middle East.","However, the Asian tiger mosquito spreads easily, and lives in Europe, the Americas, the Caribbean, Africa, and the Middle East.",1,"A albopictus is an invasive species which has spread through Europe, the Americas, the Caribbean, Africa and the Middle East.","Okay, here are a few options for rewriting that sentence, aiming for clarity for someone who’s learning English and doesn’t be familiar with specialized scientific terms:

**Option 1 (More Detailed - Good for Beginners):**

""The European Pipestone Fly, also known as an Albopictus, has now invaded many places around the world – including Europe, North America, South America, Africa, and parts of the Middle East.”

*   **Changes Made:** Replaced “albopictus” with “Pipestone Fly” (a more understandable name).  Rephrased ""has spread through"" to ""has now invaded."" Added “also known as” for context. Explained “Europe, North America, South America, Africa, and parts of the Middle East” to provide a clearer picture of where it's been found.


**Option 2 (Slightly Shorter & More Conversational):**

“The Albopictus butterfly has spread far and wide. It’s currently found in Europe, North America, South America, Africa, and parts of the Middle East.”

*   **Changes Made:** Simplified phrasing (""spread through"" became ""spread far and wide""). Used ""butterfly"" for a more relatable image.","The Asian tiger mosquito is a type of invasive species that has spread to Europe, the Americas, the Caribbean, Africa, and the Middle East.","The albopictus is an invasive species that has spread across Europe, the Americas, the Caribbean, Africa, and the Middle East.

Alright, let's break this down step by step. 

First, I need to understand what the original sentence is saying. It says, ""A albopictus is an invasive species which has spread through Europe, the Americas, the Caribbean, Africa and the Middle East."" So, the key points are: the name of the species, what it is, and where it has been found.

Now, the goal is to rewrite this sentence for non-native speakers. They might not know what 'albopictus' means or how to parse the location information correctly. So, I should simplify this.

I think the first thing to do is replace any complex terms with simpler ones. In this case, 'invasive species' is already pretty simple, but maybe there's another way to phrase it. However, since it's already straightforward, perhaps no replacement is needed here.

Next, I notice that the sentence is a bit long and could be split into multiple sentences for clarity. For example, instead of stating all the locations at once, breaking them into separate sentences would help. Also, removing unnecessary information like commas when they","An albopictus is an invasive species which has spread across Europe, the Americas, the Caribbean, Africa and the Middle East.","The Asian tiger mosquito is an invasive species that has spread throughout Europe, Asia, Africa, Australia and Oceania.","An albopictus is an invasive species which has spread across Europe, the Americas, the Caribbean, Africa and the Middle East."
"By using the term adaptation for the evolutionary process, and adaptive trait for the bodily part or function ( the product ), one may distinguish the two different senses of the word. Adaptation is one of the two main processes that explain the observed diversity of species, such as the different species of Darwin 's finches.","By using the term adaptation for the evolutionary process, and adaptive trait for the bodily part or function ( the product ), the two senses of the word may be distinguished.",1,"By using the term adaptation for the evolutionary process, and adaptive trait for the bodily part or function ( the product ), one may distinguish the two different senses of the word. Adaptation is one of the two main processes that explain the observed diversity of species, such as the different species of Darwin 's finches.","Okay, here's a rewritten version of the sentence, aiming for clarity and natural English flow while preserving the core meaning:

**Rewritten Sentence:**

“When we consider evolution, we can say that there are two ways to think about ‘adaptation.’  One way is to describe a specific change in a living thing – this is called an adaptive trait. Another way is to think of it as a general process that helps different species develop unique features. For example, the diverse beak shapes seen in Darwin’s finches illustrate this kind of adaptation.”

**Explanation of Changes & Why They Were Made:**

*   **Complex Words Replaced:**
    *   ""By using the term adaptation"" became ""When we consider evolution, we can say that..."" - This is more direct and less formal.
    *   ""For the product"" became ""this is a general process"" - Simpler phrasing.
    *   ""The different species of Darwin’s finches"" became ""the diverse beak shapes seen in Darwin’s finches"" - More descriptive and easier to grasp.
*   **Compression:**  I removed phrases like “one may distinguish the two different senses” which add unnecessary complexity.
*   **Paraphrasing:**","Using the term ""adaptation"" to refer to the evolutionary process and ""adaptive trait"" for the body parts or functions (the product), you can differentiate between the two meanings of the word ""adaptation."" Adaptation is one of the two main processes that explain the diversity of species, like the different types of birds in Darwin's finches.","The term adaptation refers to the process where organisms adjust their traits to fit their environment, while the adaptive trait is the specific feature or function that allows an organism to survive or adapt to its surroundings. By distinguishing these two concepts, we can better understand how species vary and evolve over time.",Adaptation is one of the two main reasons why there are many kinds of plants and animals on Earth.,"Adaptation is one of the two major processes that explain the observed diversity of species, like the different species of Darwin 's finches.","Adaptation is one of the two main processes that explain the diversity of species, such as the different species of Darwin 's finches."
"In pathology, it specifically refers to a sharp injury which damages the dermis of the skin.","In pathology, it specifically means a sharp injury which damages the dermis of the skin.",1,"In pathology, it specifically refers to a sharp injury which damages the dermis of the skin.","Okay, here are a few options for rewriting that sentence, aiming for clarity and natural English flow while preserving the core meaning:

**Option 1 (More Detailed - Good for Beginners):**

""When examining skin injuries, it means a sudden, painful damage to the layer of skin called the epidermis. This is often a serious problem.""

**Option 2 (Slightly More Concise):**

""In medical studies, 'pathological injury' describes a sudden, painful damage to the skin’s outer layer – the dermis.""

**Option 3 (Breaking it Down - For Easier Processing):**

“During a medical examination, ‘pathological injury’ refers to a sudden and severe injury affecting the skin’s outer layer, known as the dermis.”

**Option 4 (Focus on the Core Concept):**

“A sudden and damaging injury to the skin’s outer layer, called the dermis, is a specific type of pathology.”


---

**Why these changes work:**

* **Simpler Vocabulary:**  Words like ""refer to,"" ""damages,"" ""layer,"" and ""examination"" were replaced with more common alternatives.
* **Paraphrasing:** Instead of saying “it specifically refers to,”","In pathology, this term means a sudden injury that harms the skin's outer layer.",The original sentence is about a sharp injury on the dermis causing damage.,"In pathology, it specifically refers to a sharp injury that damages the dermis of the skin.",It is also called an abrasion or graze.,It also means a sharp injury to the skin.
Genitourinary syndrome of menopause includes symptoms and signs due to estrogen deficiency such as Vulvovaginal atrophy; Urinary urgency; Dysuria; Frequent UTIs.,"Genitourinary syndrome of menopause is a new, more accurate term used to refer to symptoms that affect the vagina and urinary tract and that are caused by menopause, such as vaginal dryness, pain during sexual intercourse, urinary urgency, and urinary tract infections.",1,Genitourinary syndrome of menopause includes symptoms and signs due to estrogen deficiency such as Vulvovaginal atrophy; Urinary urgency; Dysuria; Frequent UTIs.,"Okay, here's a rewritten version of that sentence, aiming for clarity for someone who’s learning English and unfamiliar with medical terminology:

**""During menopause, women often experience changes in their reproductive system. These changes include thinning of the walls around the genitals (Vulvovaginal atrophy) – this is called vaginal dryness – along with needing to urinate urgently (Urinary urgency), experiencing pain when they need to urinate (Dysuria), and having frequent urinary infections (Frequent UTIs).""**

Here’s a breakdown of what I changed and why:

*   **“Genitourinary syndrome of menopause”** became **“During menopause, women often experience changes in their reproductive system.”** - This is more accessible language.
*   **“includes symptoms and signs”** became **“These changes include…”** -  A clearer way to phrase it.
*   **“due to estrogen deficiency”** became **“because of changes in their reproductive system.”** - Explains the reason behind the symptoms.
*   **“Vulvovaginal atrophy”** became **“thinning of the walls around the genitals”** - A bit more descriptive.
*   **“Urinary urgency”** became","The genitourinary syndrome of menopause happens because of low estrogen levels and causes symptoms like vaginal dryness, frequent urination, painful urination, and more frequent urinary tract infections.","The user has provided a complex sentence about genitourinary syndrome of menopause and wants it rewritten for better understanding by non-native speakers. They also specified that the rewritten version should be grammatically correct, fluent, and maintain the original meaning without alteration.

First, I need to identify any complex words or phrases within the sentence. ""Genitourinary"" refers to the genital area, which might not need simplification unless there's a specific nuance intended. However, since it's part of a medical term, perhaps it's already clear enough.

Next, looking at the other parts: ""syndrome of menopause"" – this seems straightforward. Then, ""includes symptoms and signs due to estrogen deficiency."" Here, ""estrogen deficiency"" could be replaced with something more familiar, like ""low estrogen levels,"" but maybe even simpler terms are acceptable if they're commonly understood.

Moving on, the list of symptoms: ""Vulvovaginal atrophy""; ""Urinary urgency""; ""Dysuria""; ""Frequent UTIs."" These seem pretty straightforward, but perhaps some can be phrased differently for clarity. For example, ""Frequent UTIs"" could be kept as is, but ""Vulvovaginal atrophy"" might",Menopause also causes changes in women who have had menopause. These include vulvar atrophy (thinning of the vaginal walls); Urgency to urinate; Painful urination (dysuria); Frequent urinary tract infections.,The genitourinary syndrome of menopause is caused by low levels of female hormones called estrogens. Symptoms include: Atrophic阴道炎 (Vulvovaginitis); Urgency and frequency of urination; Painful urination (Dysuria); Increased risk for urinary tract infections (UTIs).,Symptoms include vulvovaginal atrophy; urinary urgency; dysuria; frequent UTIs.
"Hot, wet compresses may relieve some pain.","Hot, wet compresses may help relieve the pain in inflamed lymph nodes.",1,"Hot, wet compresses may relieve some pain.","Here are a few options for rewriting that sentence, aiming for clarity for an English speaker unfamiliar with the nuances of medical terminology:

**Option 1 (Focus on simple explanation):**

""Applying warm, damp cloths can help soothe some aches and pains.""

*   **Why it works:** Replaces “hot, wet compresses” with a more common and understandable phrase. ""Soothe"" replaces ""relieve"" – both convey the same idea of providing comfort.

**Option 2 (More detailed but still accessible):**

""Warm and moist bandages might provide temporary relief from discomfort.""

*   **Why it works:** Uses slightly more formal language (""moist bandages"") while remaining clear.  “Temporary relief” clarifies the benefit.

**Option 3 (Breaking down the original into smaller parts - good if you want to emphasize the core concept):**

""Warm cloths or bandages can sometimes help reduce pain. They feel soothing.""

*   **Why it works:** Separates the elements – “warm cloths” and “bandages” – making it easier to grasp. Adding “they feel soothing” provides context.


---

To help me refine the best option for *you*, could you tell me:

*   **What is","Using hot, wet compresses can help ease some pain.","The hot, wet compresses are intended to alleviate some pain.",A hot compress may relieve some pain.,"Cold, wet compresses may help reduce inflammation and numb the area where the person is having the problem. Hot, wet compresses may also help.","Some people use hot, soft compresses to ease their symptoms."
"However, compared with Alzheimer disease, vascular dementia tends to cause memory loss later and to affect executive function earlier.","However, compared with Alzheimer disease, vascular dementia tends to cause memory loss later and to affect judgment and personality less. Vascular dementia tends to cause difficulty planning and initiating actions earlier than Alzheimer disease.",1,"However, compared with Alzheimer disease, vascular dementia tends to cause memory loss later and to affect executive function earlier.","Okay, here are a few options for rewriting that sentence, aiming for clarity and natural English flow while maintaining the core meaning:

**Option 1 (More Detailed & Explanatory):**

""When Alzheimer’s disease develops, people often forget things later on and start having trouble with their thinking and planning sooner than others.  Vascular dementia typically causes memory problems later in life and usually affects thinking and decision-making much more quickly.""

**Option 2 (Slightly Shorter & More Direct):**

""Alzheimer's disease often leads to memory loss later and difficulties with thinking and problem-solving earlier than other forms of dementia.""

**Option 3 (Focusing on the Difference - Good for emphasizing the contrast):**

“In Alzheimer’s disease, people frequently lose memories later, while with vascular dementia, they often struggle with thinking and making decisions right away.”


**Option 4 (A bit more compressed – use if space is limited):**

“Alzheimer’s can lead to forgetting later and struggling with thinking early, whereas vascular dementia often causes these issues faster.”



---

**Why these changes were made:**

*   **Complex Words:** Replaced phrases like ""tend to cause"" with more direct","Comparing this with Alzheimer's disease, vascular dementia usually causes memory loss later and affects executive functions sooner.","The sentence you provided has some issues that need to be addressed for clarity. Here's a revised version:

""The vascular dementia tends to cause memory loss later, while its functional aspects are affected earlier.""

This version improves clarity by removing unnecessary relative clauses and consolidates the information into two independent clauses for better readability.","In Alzheimer 's disease, people usually have memory loss before they have problems with other functions like planning or decision making.",Vascular dementia usually causes memory loss later than Alzheimer 's disease. Vascular dementia also affects people 's ability to think clearly and plan things more early on than Alzheimer 's disease does.,Vascular dementia also causes memory loss later than Alzheimer disease.
"Below his gaping anus, his dangling penis and scrotum are visible, as well as a golden ring on the ring finger of his left hand.","Below his gaping anus, his dangling penis and scrotum were visible, as well as a ring on the ring finger of his left hand.",1,"Below his gaping anus, his dangling penis and scrotum are visible, as well as a golden ring on the ring finger of his left hand.","Okay, here's a rewritten version of that sentence, aiming for clarity and natural English flow while preserving the core meaning:

**Option 1 (More Detailed - Good for Understanding):**

""Beneath his loose and exposed anal opening, he had visible, small penises and scrotums.  In addition, there was a golden ring on the tip of his left hand.""

**Option 2 (Slightly More Concise - Still Clear):**

""He had visible penises and scrotums beneath his loose anus.  A golden ring was also present on the tip of his left hand.""

**Option 3 (Breaking it Down - For Maximum Clarity if Needed):**

“His anal opening was slightly slack, revealing two small testicles and scrotums.  At the tip of his left hand, there was a golden ring.”


**Explanation of Changes & Why They Work:**

*   **""Gapping anus"" changed to ""loose and exposed anal opening"":** This is more descriptive and understandable than the original phrasing.
*   **""Dangling penis and scrotum"" changed to ""visible penises and scrotums"":**  This clarifies that they were *visible*, not hanging down.
*   **""as well","Underneath his open hole, his hanging penis and scrotum are visible, along with a yellow ring on his left hand's ring finger.","The complex sentence provided is about the appearance of his body parts. It's a bit confusing because it uses some technical terms like ""diametrically opposite"" which might not be standard for everyone. I need to simplify this sentence to make it more understandable for someone who isn't native English speaker.

First, let me break down the original sentence. It says: Below his gaping anus, his dangling penis and scrotum are visible, as well as a golden ring on the ring finger of his left hand.

So, he has a anus below him, a penis hanging from it, a scrotum (which is a type of organ around the anus), and also a golden ring on his left hand's ring finger.

I think the key here is to replace any complex or technical terms with simpler ones. For example, ""diametrically opposite"" could be replaced with something like ""opposite each other across the diameter."" But wait, in this case, maybe it's better to just say ""below"" instead of ""diametrically opposite.""

Also, the word ""golden ring"" should be simplified. Maybe just ""ring"" since it's already clear what kind of ring it refers to.

Now, looking at the structure, the sentence is a bit","Below his gaping anus, his dangling penis and scrotum were visible, along with a golden ring on the ring finger of his left hand.","He is wearing no clothes below his waist; his gaping anus, dangling penis and scrotum are all exposed, as well as a golden ring on the ring finger of his left hand.","His gaping anus, his dangling penis and scrotum are visible, as well as a golden ring on the ring finger of his left hand."
They called this uptake and incorporation of DNA by bacteria transformation ( See Avery-MacLeod-McCarty experiment ) The results of Avery et al.,They called this uptake and incorporation of DNA by bacteria transformation.,1,They called this uptake and incorporation of DNA by bacteria transformation ( See Avery-MacLeod-McCarty experiment ) The results of Avery et al.,"Okay, here's a rewritten version of that complex sentence, aiming for clarity for an English speaker unfamiliar with the specific scientific terminology:

**Option 1 (More Detailed - Good for Understanding):**

""Scientists discovered that bacteria could take up and incorporate DNA through a process called 'transformation.' Specifically, they performed an experiment known as the Avery-MacLeod-McCarty experiment, which showed how DNA is transferred from one bacterium to another.""

**Option 2 (Slightly Shorter & More Direct):**

""Bacteria are able to absorb and incorporate DNA using a process called transformation.  The famous Avery-MacLeod-McCarty experiment demonstrated this.""

**Option 3 (Focus on Core Idea - If you want to emphasize the key point):**

“When bacteria receive DNA through a transformation process, they effectively take it up and integrate it into themselves.”


**Why these changes work:**

*   **Replaced Complex Words:** ""uptake and incorporation"" became ""take up and incorporate,"" ""transformation"" replaced ""process,"" and ""et al."" was removed.
*   **Simplified Language:** Phrases like ""This result of..."" were rephrased to be more direct (""showed this"").
*","They called this process of DNA taking up and being used by bacteria the ""Avery-MacLeod-McCarty experiment."" The results from that study were published by Avery et al.","The bacteria incorporated DNA through this uptake and incorporation of DNA by transformation.

Explanation:  
- **Simplified Synonyms**: ""incorporated"" replaces ""incorporated,"" which is already clear.  
- **Compression**: The sentence is compressed for clarity.  
- **Splitting Sentence**: The sentence is split into two parts for better understanding.  
- **Maintaining Main Ideas**: The key points are retained without changing their meaning.",The result was that they found out that bacteria could take up DNA from other bacteria.,The process is called transformation.,The process of incorporating DNA into bacterial cells was first discovered by Avery et al.
Preliminary research results from Hong Kong also indicated this as the probable reason for many deaths during the SARS epidemic in 2003.,Preliminary research results from Hong Kong also suggest this as the probable reason for many deaths during the SARS epidemic in 2003.,1,Preliminary research results from Hong Kong also indicated this as the probable reason for many deaths during the SARS epidemic in 2003.,"Okay, here are a few options for rewriting that sentence, aiming for clarity and natural English flow while preserving the core meaning:

**Option 1 (More Detailed - Good for general understanding):**

""Research findings from Hong Kong also suggest that this likely caused many deaths during the SARS epidemic in 2003.""

**Option 2 (Slightly Shorter & More Direct):**

""Studies show that this might have been a significant factor in causing many deaths during the SARS outbreak in 2003 in Hong Kong.""

**Option 3 (Focus on the Cause - Emphasizes the Reason):**

""Based on recent research, it's believed that this particular situation – the SARS epidemic – could have led to a large number of deaths in Hong Kong.""

**Option 4 (Breaking it Down - If you want to see the components):**

“Hong Kong’s research suggests that this is probably why there were many deaths during the SARS epidemic in 2003.”


---

**Why these changes work:**

*   **Simpler Vocabulary:** Words like ""indicated,"" ""probable,"" ""likely,"" ""cause,"" and ""contributed to"" were replaced with more common alternatives.
*",Earlier studies in Hong Kong showed that this was likely the cause of many deaths during the 2003 SARS outbreak.,The preliminary research results from Hong Kong indicate that this was likely the cause of many deaths during the SARS epidemic in 2003.,Preliminary research results from Hong Kong showed that this was the most likely cause of many deaths during the SARS outbreak in 2003.,In China preliminary research results from Hong Kong also indicated that this was the probable cause of death for many people during the SARS epidemic in 2003.,Research done in Hong Kong showed that most people who died from the disease were not vaccinated.
"It is named after John Hilton Edwards, who first described the syndrome in 1960.","It is named after John H. Edwards, who first described the syndrome in 1960.",1,"It is named after John Hilton Edwards, who first described the syndrome in 1960.","Okay, here are a few options for rewriting that sentence, aiming for clarity and natural English flow while maintaining the core meaning:

**Option 1 (More Detailed - Good for general understanding):**

""The syndrome was first described by John Hilton Edwards in 1960. Since then, it’s been known as this condition.""

**Option 2 (Slightly Shorter & More Direct):**

""John Hilton Edwards, who first documented this syndrome in 1960, now calls it [the syndrome].""

**Option 3 (Focus on the Origin - Slightly more formal but clear):**

“Described in 1960 by John Hilton Edwards, this syndrome has become known as [the syndrome] ever since.”

**Option 4 (Breaking it Down - If you want to emphasize the key elements):**

“Originally described by John Hilton Edwards in 1960, this condition is now recognized as [the syndrome].”


---

**Why these changes work:**

* **Simpler Vocabulary:** Words like ""described,"" ""documented,"" and ""known as"" are generally easier to grasp than phrases like ""named after"" or ""first described.""
* **Paraphrasing:**","The condition was named after John Hilton Edwards, who first described it in 1960.","The sentence has been rewritten using simpler synonyms for complex words, such as ""syndrome"" replaced with ""symptom,"" and ""first described"" becomes ""first mentioned."" Additionally, the sentence has been compressed by removing redundant information while preserving the main ideas. Finally, the sentence has been split into two simple sentences: ""It is named after John Hilton Edwards, who first mentioned the syndrome in 1960.""","The syndrome was named for John Hilton Edwards, who first described it in 1960.","The name was given by Dr. John H. Edwards, who first described the condition in 1960.",The symptoms are usually mild at first but get worse over time.
"If an underlying disorder is identified, it should be treated.",Treatment of underlying disorders.,1,"If an underlying disorder is identified, it should be treated.","Okay, here are a few options for rewriting that sentence, aiming for clarity and natural English while preserving the core meaning:

**Option 1 (More Detailed & Explanatory):**

""If there’s a problem with someone’s mental health, it’s important to figure out how to help them.  This means addressing the issue and providing support.""

**Option 2 (Slightly More Concise):**

""When a mental health issue is found, we need to find ways to help the person.""

**Option 3 (Focus on Action - Good for a general audience):**

""If someone has a mental health problem, we should take steps to care for them – like finding solutions or offering assistance.""

**Option 4 (Breaking it Down - If you want to really clarify):**

“If a condition affecting their mind is discovered, we should consider how to help them. This could involve figuring out what's causing the problem and offering support.”


---

**Why these changes work:**

* **Simpler Vocabulary:** Words like ""underlying,"" ""identified,"" ""treated,"" and ""addressed"" were replaced with more common alternatives.
* **Rephrasing:** Instead of saying “it should","If a serious health problem is found, it should be treated.",The underlying disorder should be treated.,"If an underlying disorder is found, it should be treated.","If there are any other problems that caused the person 's symptoms, they should also be treated.","If an underlying disorder is found, treatment begins."
"Symptoms usually improve within two days, but may last for up to seven days.","Symptoms improve within two days, but can last for up to seven days.",1,"Symptoms usually improve within two days, but may last for up to seven days.","Okay, here are a few options for rewriting that sentence, aiming for clarity and natural English flow while preserving the core meaning:

**Option 1 (More Detailed - Good for general understanding):**

""Most of the symptoms usually start to get better within two days. However, they might linger for up to seven days as well.""

**Option 2 (Slightly Shorter & More Direct):**

""Symptoms typically improve within two days; sometimes they can last up to seven days.""

**Option 3 (Focus on the Duration - Emphasizes the length):**

""In most cases, the symptoms will lessen within two days.  However, they could persist for up to seven days.""


---

**Why these changes work:**

* **Simpler Vocabulary:** Words like ""symptoms"" were replaced with more common terms like ""the symptoms.""
* **Rephrasing:** Instead of saying ""usually improves,"" we used phrases like ""usually starts to get better"" or ""will tend to improve.""
* **Reduced Complexity:**  The original sentence had multiple clauses and complex phrasing. Breaking it down into shorter sentences makes it easier to process.
* **Maintaining Meaning:** All options maintain the essential meaning – that the","The symptoms usually get better in two days, but they might last up to seven days.","Symptoms typically improve within two days, though they might continue for up to seven days.","The symptoms usually get better after about 2 or 3 days, but they may last up to seven days.","The symptoms usually get better after about 24 hours, but they may last as many as 7 days.","The symptoms usually get better after about two days, but they may continue for up to seven days."
"Pliny the Younger provided an account of his death, and suggested that he collapsed and died through inhaling poisonous gases emitted from the volcano.","Pliny the Younger wrote an account of his death, and suggested that he collapsed and died through inhaling poisonous gases emitted by the volcano.",1,"Pliny the Younger provided an account of his death, and suggested that he collapsed and died through inhaling poisonous gases emitted from the volcano.","Okay, here are a few options for rewriting that sentence, aiming for clarity for someone who’s learning English and doesn’t be familiar with very formal language:

**Option 1 (More Detailed - Good for Beginners):**

“Pliny the Younger wrote about his death and said that he fell ill and died because of fumes released from the volcano.”

**Option 2 (Slightly More Concise):**

“Pliny the Younger described how he died – he collapsed and died due to gas fumes coming from a volcano.”

**Option 3 (Focus on the Core Idea - Slightly more sophisticated):**

“Pliny the Younger documented his demise and believed the cause was poisonous gases escaping from the volcano.”

---

**Why these changes work:**

*   **Replaced Complex Words:** “provided an account of” became “wrote about,” “suggested that he collapsed and died” became “said he fell ill and died,” and “inhaling poisonous gases” became “released gas fumes.”
*   **Simplified Language:**  Phrases like ""and that he collapsed"" were shortened to ""he fell ill and died.""
*   **Removed Redundancy:** Phrases like ""through inhaling"" were streamlined to ""because of",Pliny the Younger wrote about his death and said he fell sick and died because he breathed in harmful gases from the volcano.,"The Pliny the Younger provided an account of his death, and suggested that he collapsed and died through inhaling poisonous gases emitted from the volcano.

Step-by-step explanation:

1. **Identify the complexity**: The original sentence uses ""pliny the younger"" which is a term for a person, and ""poisonous gases"" which are technical terms. These need simplification.

2. **Simplify the complex word**: Replace ""pliny the younger"" with ""person"" and ""poisonous gases"" with ""poisonous gases"".

3. **Restructure the sentence**: Ensure the sentence flows naturally while keeping all key points intact.

4. **Ensure grammar and fluency**: Make sure the sentence is grammatically correct and easy to read.

5. **Retain main ideas**: Keep the essential message about the collapse and gas emission without adding unnecessary details.

6. **Final check**: Verify that the simplified sentence is both understandable and maintains the original meaning accurately.","Pliny the Younger wrote about his death, and said that he had fallen ill and died because of breathing in poisonous gases released by the volcano.","Pliny the Elder said that Vesuvius had erupted violently, killing many people.",He said that he had died because he had swallowed gas from the volcano.
"Sociobiology investigates social behaviors, such as mating patterns, territorial fights, pack hunting, and the hive society of social insects.","Ethology investigates collective animal behavior, such as mating patterns, territorial fights, pack hunting, and the hive society of social insects.",1,"Sociobiology investigates social behaviors, such as mating patterns, territorial fights, pack hunting, and the hive society of social insects.","Okay, here are a few options for rewriting that sentence, aiming for clarity for someone who’s learning English and doesn’t be familiar with all the specific scientific terms:

**Option 1 (More Detailed - Good for Beginners):**

""Scientists studying social behavior – like how people find partners, fight over territory, hunt together as a group, or live in large colonies of insects – examine different types of social life.""

*   **Why it works:** Replaces “sociobiology” with a more understandable term (""studying social behavior""), uses ""mating patterns,"" ""territorial fights,"" ""pack hunting,"" and ""hive society"" with broader descriptions.  “Examine different types of social life” provides context.


**Option 2 (Focus on Core Concepts - Slightly More Advanced):**

""Researchers study various ways humans interact socially, including things like courtship rituals, battles between groups of animals, cooperative hunting within a colony, and living in large insect communities.""

*   **Why it works:** Uses slightly more formal language while still conveying the core idea. It emphasizes the *types* of social behaviors being studied.



**Option 3 (Shortest & Most Concise - Best if you need maximum simplicity):**

""Social","Sociobiology looks at how animals behave in groups, like how they mate, fight over territory, hunt together, and live in organized groups.",社会生物学研究社会行为，如雌性交配、领地争夺、群体狩猎和昆虫群体的 hive社会。,"Sociobiology studies social behavior, such as mating patterns, territorial fights, pack hunting, and the hive society of social insects.",Social behavior is how people or animals interact with each other.,Sociobiology also looks at how different species interact with each other.
People with bipolar disorder often face problems with social stigma.,People with bipolar disorder switch between these two states.,1,People with bipolar disorder often face problems with social stigma.,"Okay, here are a few options for rewriting that sentence, aiming for clarity and natural English flow while preserving the core meaning:

**Option 1 (More Detailed & Explanatory):**

""Individuals with bipolar disorder frequently experience difficulties and negative attitudes from others due to the social judgment they may receive.""

*   **Why it works:** Replaces ""people with bipolar disorder"" with “individuals with bipolar disorder,” uses “difficulties and negative attitudes” instead of “problems with social stigma,” and clarifies the reason – social judgment.

**Option **2 (Slightly Shorter & More Direct):**

""Those who have bipolar disorder often encounter prejudice or criticism from people around them.""

*   **Why it works:**  Uses “prejudice or criticism” which are more common phrases than “social stigma.” It’s concise and gets the point across.

**Option 3 (Breaking it Down - Good for Clarity):**

“When someone has bipolar disorder, they sometimes feel unwanted or criticized by others. This can be really hurtful and difficult to deal with.”

*   **Why it works:** Breaks down the initial statement into smaller parts. It explains *why* the social stigma is problematic (""feeling unwanted or criticized"").",People with bipolar disorder sometimes have trouble getting respect from others.,People with bipolar disorder often face problems with social stigma.,Bipolar disorder is a mental health condition that affects people differently.,Bipolar disorder is also called manic depression. People with bipolar disorder may have other mental disorders such as schizophrenia or major depressive disorder.,Bipolar disorder also causes problems with social stigma.
Many fish use electric fields to detect buried prey.,Many fish use electric fields to find buried prey.,1,Many fish use electric fields to detect buried prey.,"Here are a few options for rewriting that sentence, aiming for clarity for an English speaker unfamiliar with the specific scientific detail:

**Option 1 (More Explanatory):**

""Lots of fish have a special ability – they can sense when something is hidden underwater. They use this ability to find and catch their food.""

**Option 2 (Focus on the Mechanism):**

""Fish often use electrical signals to find things that are hidden beneath the ground or sediment. This helps them to hunt.""

**Option 3 (Slightly More Detailed - Still Relatively Simple):**

“Fish living near the bottom of the water usually have a way to notice when something is buried.  They use this method to locate and capture their meals.”

---

**Why these changes work:**

* **Replaced Complex Words:** ""use electric fields to detect"" became ""have a special ability – they can sense when something is hidden underwater"" or ""use electrical signals to find""
* **Simplified Language:** Phrases like “to detect buried prey” were replaced with more direct expressions.
* **Removed Redundancy:**  The original sentence was a bit wordy.


To help me refine the best revision further, could you tell me:",Many fish use electricity to find hidden food.,"The initial sentence states that many fish utilize electric fields for detecting hidden prey. However, this statement lacks clarity because it doesn't specify which type of fish are involved or how exactly the electric field is utilized. It also omits essential details such as the specific species of fish being observed or the exact purpose behind using the electric field.",Many fish use electric fields to detect buried prey.,Electricity is used for communication between some species of fish.,Electric fields are used for many purposes.
"Infected joints are swollen, and the overlying skin may be warm and red.",The skin over the infected joints may be warm and red.,1,"Infected joints are swollen, and the overlying skin may be warm and red.","Okay, here's a rewritten version of that sentence, aiming for clarity and natural English flow while preserving the core meaning:

**Option 1 (More Detailed):**

""When joints become infected, they often feel puffy and warm.  At the same time, the skin around them might appear red and sensitive.""

**Option 2 (Slightly Shorter & More Direct):**

""If your joints get sick, they might feel like they’re swelling and feel warm.  The skin around them could also be red and inflamed.""


**Option 3 (Breaking it Down - if needed):**

“When your joints are infected, they tend to swell up.  At the same time, the skin around them might feel hot and have a reddish appearance.”

---

**Why these changes work:**

*   **Synonyms:** I replaced words like ""infected"" with ""become sick,"" ""swollen"" with ""puffy,"" and ""red"" with ""red and inflamed.""
*   **Compression:**  I shortened phrases like ""the overlying skin may be"" to “the skin around them might” or “the skin around them could”.
*   **Removed Redundancy:** Phrases like ""and the resulting","The infected joint is swollen, and the skin over it might feel warm and red.","To simplify the understanding of ""Infected joints are swollen, and the overlying skin may be warm and red,"" we replace the complex word ""overlying"" with ""underlying."" This makes the sentence clearer: ""Infected joints are swollen, and the underlying skin may be warm and red.""

This simplification retains the original meaning while making it more accessible to non-native speakers.","Infected joints are swollen, and the area around the joint may be warm and red.","The infected joint is usually swollen, painful, and warm to the touch.","The joint may swelling, and the outer layer of the joint may be warm and red."
"Initial symptoms of rabies are nonspecific: fever, headache, and malaise.","Rabies may begin with a fever, headache, and a general feeling of illness (malaise).",1,"Initial symptoms of rabies are nonspecific: fever, headache, and malaise.","Okay, here's a rewritten version of that sentence, aiming for clarity for someone who’s learning English and doesn’t be familiar with very specific medical terms:

**Option 1 (More Detailed - Good for Understanding):**

""The first signs of rabies often don’t seem like a serious illness. You might feel unwell with a fever, have a headache, and just feel generally tired or weak. It’s not clear if this is actually rabies – it could be something else.""

**Option 2 (Slightly Shorter & More Direct):**

""Early symptoms of rabies usually include feeling sick – a fever, headaches, and tiredness.  It’s difficult to tell whether these symptoms are actually rabies because they can also be caused by other things.""

**Option 3 (Breaking it Down - For Easier Processing):**

“When you first notice rabies symptoms, they’re often vague – like feeling feverish, having a headache, and feeling generally unwell. It’s not always obvious whether those symptoms are actually rabies; there might be another cause too.”


**Why These Changes Worked:**

* **Replaced Complex Words:** ""nonspecific,"" ""malaise,"" ""describe,"" ""cause,"" ""becomes","The first signs of rabies are not specific; they include fever, headache, and feeling unwell.","The initial symptoms of rabies are nonspecific: fever, headache, and malaise.

Step-by-step explanation:

1. **Understanding the Original Sentence**: The original sentence states that the initial symptoms of rabies are nonspecific, including fever, headache, and malaise.

2. **Identifying the Need for Simplification**: To make this sentence more understandable for non-native speakers, we need to simplify the vocabulary while retaining the key points.

3. **Replacing Complex Words**: ""Nonspecific"" can be replaced with ""not specific,"" which is simpler and conveys the same meaning.

4. **Maintaining Clarity and Flow**: After simplifying, the sentence should still flow naturally and maintain clarity about what the initial symptoms entail.

5. **Ensuring Grammar and Fluency**: The simplified version must be grammatically correct and easy to read.

6. **Retaining Main Ideas**: The simplified sentence should convey the same essential information as the original one without altering its meaning.

7. **Final Sentence**: The simplified sentence clearly states that the initial symptoms are nonspecific, providing all necessary details in a clear and concise manner.

**Answer:** The initial symptoms of rab","The first symptoms of rabies are mild and often confused with other illnesses. These include fever, headache, and malaise.","The first symptoms of rabies include fever, headache, and general discomfort or illness.","The initial symptoms of rabies include fever, headache, and malaise."
The Hammond-Leffler postulate suggests that this too will increase the rate of carbocation formation.,The Hammond-Leffler postulate says that this too will increase the rate of carbocation formation.,1,The Hammond-Leffler postulate suggests that this too will increase the rate of carbocation formation.,"Okay, here are a few options for rewriting that sentence, aiming for clarity and natural English flow while preserving the core meaning:

**Option 1 (More Detailed - Good for Beginners):**

""The Hammond-Leiborne theory says that adding more reactants will also speed up the formation of carbocations.""

**Option 2 (Slightly More Concise):**

""Adding more substances will generally increase the rate at which carbocations form.""

**Option 3 (Focus on the Core Idea - Clearer):**

""When you add more things, it’s likely to make carbocations form faster.""

**Option 4 (Breaking it Down - For Enhanced Understanding):**

“The Hammond-Leiborne hypothesis proposes that increasing the amount of something will accelerate the creation of carbocations.”


---

**Why these changes work:**

* **Simpler Vocabulary:**  Words like ""postulate,"" ""increase,"" ""adding,"" and ""speeds up"" were replaced with more common alternatives.
* **Paraphrasing:** Instead of directly translating ""The Hammond-Leiborne postulate suggests..."", we reworded it as “The Hammond-Leiborne theory says…” or “The Hammond-Leiborne",The Hammond-Leffler postulate says that this will also speed up the formation of carbocations.,The Hammond-Leffler postulate suggests that this too will increase the rate of carbocation formation.,The Hammond-Leffler postulate says that this too will increase the rate of carbocation formation.,This is called the Hammond-Leffler postulate.,This also happens when there are multiple sites for attack.
"Filamentation is the anomalous growth of certain bacteria, such as E. coli, in which cells continue to elongate but do not divide ( no septa formation ).","Filamentation is the anomalous ( not normal ) growth of certain bacteria, such as E. coli, in which cells continue to elongate but do not divide ( no septa formation ).",1,"Filamentation is the anomalous growth of certain bacteria, such as E. coli, in which cells continue to elongate but do not divide ( no septa formation ).","Okay, here's a rewritten version of that sentence, aiming for clarity for someone who’s learning English and doesn’t be familiar with specific microbiology terms:

**Option 1 (More Detailed - Good for Beginners):**

""When certain types of bacteria – like *Escherichia coli* – start growing abnormally, they don’t divide properly. Instead of dividing into separate cells (they don’t form walls called septa), they keep growing and lengthening.""

**Option 2 (Slightly More Concise - Still Clear):**

""Sometimes, bacteria, particularly *E. coli*, grow in a strange way. They grow longer than usual and don’t divide because they don’t have any walls separating their cells (they don’t form septa).""

**Option 3 (Breaking it Down - For Further Understanding):**

“Imagine bacteria growing slowly.  But sometimes, one type, *E. coli*, starts growing rapidly and forming long strands.  They don’t split up into individual cells; instead, they just keep getting longer and longer.”


**Why these changes were made:**

*   **Replaced Complex Words:** ""Filamentation,"" ""anomalous growth,"" ""elongate,"" ""","Filamentation is when some bacteria, like E. coli, grow longer and longer but don't split or form septa.","The filamentation process refers to the abnormal growth of specific bacteria like E. coli where they keep growing longer without dividing, resulting from their inability to form septa.","Filamentation is an abnormal growth of certain bacteria, such as E. coli, where cells continue to grow but do not divide ( no septa formation ).",This process is called filamentation.,This is called filamentation.
Two polio vaccines are used throughout the world to combat poliomyelitis ( or polio ).,Two polio vaccines are used throughout the world against poliomyelitis ( or polio ).,1,Two polio vaccines are used throughout the world to combat poliomyelitis ( or polio ).,"Here are a few options for rewriting that sentence, aiming for clarity for an English speaker unfamiliar with the specific terminology:

**Option 1 (More Concise):**

""Polio vaccines are widely used globally to protect against polio.""

*   **Why it works:** This is the most straightforward and easily understood version. It directly states the core message.

**Option 2 (Adding Context - Slightly More Detailed):**

""To prevent polio, many countries use polio vaccines. These vaccines help protect children from this disease.""

*   **Why it works:**  This adds context – explaining *why* the vaccines are used – making it more understandable.

**Option 3 (Breaking Down the Original - For Greater Clarity):**

“Various countries worldwide administer polio vaccines. These vaccines aim to shield children from the effects of polio.”

*   **Why it works:** This breaks down the original sentence into smaller parts, clarifying each element.

**Option 4 (Combining Elements):**

“Because polio is a serious illness, many countries have implemented polio vaccination programs. These vaccines offer protection to children who might contract the disease.”

*   **Why it works:** This combines elements of option 1 and 2, providing a bit more detail","Two polio vaccines are used around the world to fight poliomyelitis, also known as polio.",The two polio vaccines are used across the globe to fight off polio.,Polio is a disease that causes paralysis.,There are two types of vaccine for polio: an oral vaccine and a killed injectable vaccine.,Two polio vaccines are used around the world to fight polio .
This increased risk is greatest at two to three months of age.,This risk is highest in infants who are two to three months old.,1,This increased risk is greatest at two to three months of age.,"Here are a few options for rewriting that sentence, aiming for clarity for an English speaker unfamiliar with the nuances:

**Option 1 (More Direct):**

""The biggest danger to a baby’s development usually happens between two and three months old.""

**Option 2 (Adding Context - Slightly More Detailed):**

""When a baby is only two or three months old, there’s a significantly higher chance of experiencing problems with their health and growth.""

**Option 3 (Breaking it Down – Good for Clarity):**

“Developing is most risky during the first two to three months of life.  It's often when babies start to feel unwell or experience changes.”

---

**Why these revisions work:**

* **Simpler Vocabulary:** Words like ""increased risk,"" ""greatest danger,"" and ""developing"" were replaced with more common alternatives.
* **Directness:** The rewritten sentences directly state the core message.
* **Contextualization:** Option 2 adds a little context about potential developmental issues.


To help me refine the best option for *you*, could you tell me:

*   **What is the overall context of this sentence?** (e.g., a medical report, a parenting guide",The risk is highest when the child is about 2 to 3 months old.,The increased risk is highest when someone is between two and three months old.,The risk of developing autism symptoms after two to three months of age is highest.,The risk increases during the first 2-3 months after birth.,The risk increases as soon as children are two or three years old.
"Thalassemia can cause significant complications, including iron overload, bone deformities and cardiovascular illness.","Thalassemia can cause significant complications, including pneumonia, iron overload, bone deformities and cardiovascular illness.",1,"Thalassemia can cause significant complications, including iron overload, bone deformities and cardiovascular illness.","Okay, here are a few options for rewriting that sentence, aiming for clarity for someone who’s learning English and doesn’t be familiar with medical terminology:

**Option 1 (More Detailed - Good for Beginners):**

""Having thalassemia can lead to serious problems. It might cause your body to have too much iron, leading to painful changes in your bones, and it could also damage your heart. ”

**Option 2 (Slightly More Concise):**

""Thalassemia can cause many difficulties. This can result in your body absorbing too much iron, causing bone problems and potentially damaging your heart.""

**Option 3 (Breaking it Down – For Easier Processing):**

“When you have thalassemia, your body might struggle to get enough iron.  This leads to problems like painful bone changes and even damage to your heart.”

---

**Why these revisions work:**

* **Simpler Vocabulary:** Words like ""complications,"" ""causing,"" ""might,"" and ""can"" were replaced with more common alternatives.
* **Rephrasing:** Instead of saying “cause significant complications,” we used phrases like “lead to serious problems” or “can result in many difficulties”.
* **Adding Context:** Explaining *why","Thalassemia can lead to serious problems like too much iron in the body, bones that are shaped differently, and heart issues.","The thalassemia can lead to serious issues such as iron overload, bone changes, and cardiovascular problems.

Alright, let me break this down step by step. 

First, I need to understand what the user is asking for. They provided a complex sentence about thalassemia causing various complications. My job is to simplify this sentence for better understanding. 

Looking at the original sentence: ""Thalassemia can cause significant complications, including iron overload, bone deformities and cardiovascular illness."" 

I notice that the word ""can"" is used here, which might not be necessary if we're just trying to convey the idea more simply. Also, the structure could be made clearer by breaking it into shorter sentences or using more straightforward language.

So, my plan is to rephrase the sentence while keeping all the key points intact but making it easier to understand. Let's see:

1. Replace ""Thalassemia can cause..."" with something like ""Thalassemia causes..."". This removes the redundant ""can"" and makes it clearer.
2. Then, instead of listing each complication separately, maybe combine them into a single sentence for clarity.
3. Ensure that the new sentence maintains all the important information without adding any unnecessary details.","Thalassemia can cause significant complications, including iron overload, bone deformities and cardiovascular illness.",The most common complication is anemia caused by too many abnormal hemoglobin molecules that interfere with oxygen delivery throughout the body.,"It may also lead to severe complications such as iron overload, bone deformities and cardiovascular problems."
Lyme disease has 3 stages: Early localized; Early disseminated; Late.,Lyme disease has three stages: Early localized; Early disseminated (widespread); Late.,1,Lyme disease has 3 stages: Early localized; Early disseminated; Late.,"Okay, here are a few options for rewriting that sentence, aiming for clarity and natural English flow while preserving the core meaning:

**Option 1 (More Detailed - Good for Beginners):**

""Lyme disease progresses through three different phases: first, it starts as a small area; second, it spreads to other areas; and finally, it becomes more serious.""

**Option 2 (Slightly Shorter & More Direct):**

""Lyme disease has three stages: early symptoms, widespread infection, and later stages.""

**Option 3 (Focus on Progression - Emphasizes Development):**

""Lyme disease develops in three stages: initially appearing as localized problems, then spreading throughout the body, and eventually becoming a more advanced condition.""

---

**Why these changes work:**

* **Simpler Vocabulary:** Words like ""localized,"" ""disseminated,"" and ""late"" were replaced with more common terms like ""small area,"" ""spreading to other areas,"" and ""later stages.""
* **Reduced Complexity:**  Phrases like ""has three stages"" were rephrased to be more straightforward (""progresses through three phases"").
* **Clearer Flow:** The sentences are structured to read more naturally.","Lyme disease has three stages: the early localized stage, the early disseminated stage, and the late stage.","The description provided is somewhat ambiguous because it doesn't specify which stage of the disease each part refers to. It's unclear whether ""disseminated"" means spread out or localized, affecting how the disease progresses. Without clear definitions, it's difficult to determine the exact nature of the disease progression.",The Lyme disease stage is early.,There are three stages of Lyme disease: Localized stage; Disseminated stage; Late stage.,"There are three stages of Lyme disease: early localized, early spread, and late infection."
"The nervous system consists of a ventral nerve cord, with one ganglion in each segment, and an anterior nerve ring surrounding the pharynx.","It consists of a ventral nerve cord, with one ganglion in each segment, and an anterior nerve ring surrounding the pharynx.",1,"The nervous system consists of a ventral nerve cord, with one ganglion in each segment, and an anterior nerve ring surrounding the pharynx.","Okay, here's a rewritten version of that sentence, aiming for clarity for someone who’s learning English and doesn’t be familiar with very specialized medical terminology:

**Option 1 (More Detailed - Good for Understanding):**

“Your body has a network called the nervous system. It’s made up of two main parts: a tube running down your spine (the ventral nerve cord) and a ring of nerves around your throat (an anterior nerve ring).”

**Option 2 (Slightly Shorter & More Direct):**

“The nervous system includes a spinal tube with a ganglion in each segment and a ring of nerves around the throat.”

**Option 3 (Breaking it Down – If you want to really simplify):**

“Think of your body like this: it has a central tube – the nervous system – with small groups of nerves called ganglia located in each part of your spine.  Also, there’s a ring of nerves just around your throat.”


---

**Why these changes were made:**

*   **""Nervous System""**: This is a common term, but often explained as ""your body's network.""
*   **""Ventral Nerve Cord""**: Replaced with","The nervous system has a main rod-like structure called a ventral nerve cord, and there's a group of nerves called a ganglion in each part of the system. There's also a ring of nerves around the throat.","The nervous system comprises a ventral nerve cord, which has one ganglion in each segment, and an anterior nerve ring surrounding the pharynx.","The nervous system is made up of a ventral nerve cord, with one ganglion in each segment, and an anterior nerve ring around the pharynx.","It has a ventral nerve cord that runs down the length of the body; there is one ganglion in each segment, and an anterior nerve ring around the mouth.","The nervous system has a ventral nerve cord, with one ganglion in each segment, and an anterior nerve ring around the mouth."
"Manifestations typically involve some combination of the joints, heart, skin, and CNS (1).","The most common symptoms of rheumatic fever are Joint pain; Fever; Chest pain or palpitations caused by heart inflammation (carditis); Jerky, uncontrollable movements (Sydenham chorea); Rash; Small bumps (nodules) under the skin.",1,"Manifestations typically involve some combination of the joints, heart, skin, and CNS (1).","Okay, here are a few options for rewriting that sentence, aiming for clarity and natural English flow while preserving the core meaning:

**Option 1 (More Detailed - Good for Beginners):**

""When something happens, it often includes movements at joints, changes in the heart, damage to the skin, or problems with the brain itself (1).""

**Option 2 (Slightly More Concise):**

""Symptoms might include joint pain, changes in your heart rate, skin issues, or problems with your brain (1).""

**Option 3 (Focus on the Core Idea - Slightly more formal but still accessible):**

""Various symptoms can occur, such as problems with movement at joints, changes in your heartbeat, damage to your skin, or difficulties with your brain (1).""


**Explanation of Changes Made:**

*   **“Manifestations” replaced with “when something happens”**: This is a more common and easily understood phrase.
*   **“typically involve some combination of” replaced with “often includes” or “might include”**:  This simplifies the phrasing.
*   **“joints, heart, skin, and CNS” simplified**: Replaced with ""movements at joints, changes in the heart, skin issues","The manifestations usually include the joints, heart, skin, and central nervous system (CNS).","The original sentence uses ""joint,"" ""heart,"" ""skin,"" and ""cNS"" which are all complex terms. To simplify understanding, I will replace each complex word with a simpler synonym. Additionally, since these terms are part of a larger structure, they might carry additional meanings beyond their literal definitions. Therefore, it's important to ensure that the replacements don't introduce ambiguity or unintended interpretations.","The symptoms usually include joint pains, a high fever, a cough, shortness of breath, muscle aches, and a headache.",The first symptom is usually joint pain that may affect multiple joints at once or gradually over time.,"The most common symptoms are joint pain, muscle aches, and swelling on the knees and ankles (2)."
MRI coupled with magnetic resonance cholangiopancreatography (MRCP) is now frequently used for diagnosis and can show masses in the pancreas as well as provide more optimal visualization of ductal changes consistent with chronic pancreatitis.,MRCP shows the bile and pancreatic ducts more clearly than does CT.,1,MRI coupled with magnetic resonance cholangiopancreatography (MRCP) is now frequently used for diagnosis and can show masses in the pancreas as well as provide more optimal visualization of ductal changes consistent with chronic pancreatitis.,"Okay, here's a rewritten version of that sentence, aiming for clarity for an English speaker unfamiliar with medical terminology and complex phrasing:

**""Nowadays, doctors often use MRI combined with Magnetic Resonance Cholangiography (MRCP) to diagnose patients. This technique helps them find lumps in the pancreas and provides a much clearer view of how the ducts inside the pancreas are changing over time – which is particularly important for people with chronic pancreatitis.""**

Here’s a breakdown of what was changed and why:

*   **“MRI coupled with magnetic resonance cholangiography (MRCP)”**  became **“MRI combined with Magnetic Resonance Cholangiography”**.  This is more straightforward.
*   **“is now frequently used”** became **“doctors often use”**. Simpler and more direct.
*   **“for diagnosis and can show masses”** became **“to help them find lumps and provides a much clearer view”**.  Rephrased to explain the function and benefit.
*   **“in the pancreas”** became **“in the pancreas”**.
*   **“and provide more optimal visualization of ductal changes consistent with chronic pancreatitis”** became **“and provides a much clearer view of how the","MRI used with MRCP is now often used for diagnosing problems and can show masses in the pancreas, as well as help see the ductal changes that are linked to chronic pancreatitis better.",The MRI coupled with magnetic resonance cholangiopancreatography (MRCP) is commonly utilized for diagnosis and displays masses in the pancreas alongside enhanced visualization of ductal changes consistent with chronic pancreatitis.,The MRI combined with Magnetic Resonance Cholangiography (MRCP) is now commonly used for diagnosis and can show masses in the pancreas as well as provide better visualization of ductal changes that are consistent with chronic pancreatitis.,"In addition, doctors may use an imaging technique called magnetic resonance cholangiopancreatography (MRCP). This allows them to see any stones or narrowing of the pancreatic ducts that might have caused chronic pancreatitis.",MRI coupled with magnetic resonance cholangiopancreatography (MRCP) is now frequently used for diagnosis and can show masses in the pancreas as well as provide better view of ductal changes consistent with chronic pancreatitis.
"Dexamethasone at doses of 0.15, 0.3 and 0.6 mg/kg appear to be all equally effective.","Dexamethasone at doses of 0.15, 0.3 and 0.6 mg/kg appear to be all equally good.",1,"Dexamethasone at doses of 0.15, 0.3 and 0.6 mg/kg appear to be all equally effective.","Okay, here are a few options for rewriting that sentence, aiming for clarity for an English speaker unfamiliar with medical terminology and complex phrasing:

**Option 1 (More Detailed - Good for Understanding):**

""When given doses of 0.15 milligrams per kilogram (mg/kg) of dexamethasone, or 0.3 mg/kg, or 0.6 mg/kg, they seem to work exactly the same way.""

**Option *2 (Slightly More Concise):**

""Dexamethasone pills at dosages of 0.15, 0.3, or 0.6 mg/kg seem to have the same effect.""

**Option *3 (Breaking it Down - For Easier Processing):**

“Studies show that when you give your pet with 0.15 mg/kg, 0.3 mg/kg, or 0.6 mg/kg of dexamethasone, they all have the same strength.”


**Explanation of Changes & Why They Work:**

*   **""At doses of...""**:  Replaced ""Dexamethasone at doses of..."" with a more direct phrase.
*   **""all equally effective""**: Replaced with “seem","Dexamethasone at doses of 0.15, 0.3, and 0.6 mg per kg seems to have the same effect.","The dose levels of 0.15, 0.3, and 0.6 mg/kg for dexamethasone appear to be equally effective.",Dexamethasone is an anti-inflammatory drug that is used to treat asthma.,At these levels Dexamethasone is not as effective.,The most common form of dexamethasone is a liquid which is taken as a solution.
"A few months prior to the London Paralympics, he had problems with his tendons.","A few months before the London Paralympics, he had problems with his tendons.",1,"A few months prior to the London Paralympics, he had problems with his tendons.","Okay, here are a few options for rewriting that sentence, aiming for clarity and natural English flow while preserving the core meaning:

**Option 1 (More Detailed - Good for Beginners):**

""About six months before the London Paralympic Games, he was experiencing difficulties with his wrist tendons.""

*   **Why it works:** Replaces ""problems with his tendons"" with “experiencing difficulties with his wrist tendons,” which is more accessible.  “Wrist” clarifies what kind of tendon issue it is.

**Option 2 (Slightly More Concise):**

""Just a few months before the London Paralympics, he started having issues with his tendons.”

*   **Why it works:** Uses “issues” instead of “problems” – a common and easily understood term.

**Option 3 (Breaking it Down - For Enhanced Understanding):**

""Around six months before the London Paralympics, he noticed he had trouble with his tendons. This meant he felt pain or stiffness in his wrists.""

*   **Why it works:**  This breaks down the initial statement into smaller parts. It explains *why* he was experiencing issues – pain or stiffness.

**Option 4 (Combining Elements - A Balanced Approach):**

""","A few months before the London Paralympics, he had some trouble with his tendon.","The user provided a task to simplify a complex sentence involving a medical term. They need to replace ""tendons"" with a simpler word like "" tendon."" Also, they should ensure the sentence flows naturally while keeping all key points intact.",He had problems with his tendons for about six months before the Paralympics.,He had some problems with his tendons about six months before the London Paralympics.,He also has problems with his tendons.
Esophageal candidiasis is an opportunistic infection of the esophagus by Candida albicans.,Esophageal candidiasis is an infection of the esophagus by Candida albicans.,1,Esophageal candidiasis is an opportunistic infection of the esophagus by Candida albicans.,"Okay, here are a few options for rewriting that sentence, aiming for clarity and natural English flow while preserving the core meaning:

**Option 1 (More Detailed - Good for Beginners):**

""Candida albicans, a type of yeast, can sometimes infect the lining of your esophagus – the part of your digestive tract that connects your mouth to your stomach. This infection is called esophageal candidiasis.""

**Option 2 (Slightly More Concise):**

""Candida albicans, a yeast, can cause an infection in the esophagus.  This happens when the lining of your esophagus gets invaded by the yeast.""

**Option 3 (Breaking it Down - For Easier Understanding):**

“Sometimes, a yeast called *Candida albicans* can grow inside the walls of your esophagus. This leads to an infection called esophageal candidiasis.”

---

**Why these changes were made:**

*   **""Opportunistic infection""**: Replaced with ""can sometimes infect"" or ""can cause an infection"" to explain the concept more clearly.
*   **""the esophagus""**: Simplified to ""the lining of your digestive tract"" or ""the esophagus"" for broader understanding.
*   **""connecting your mouth to your stomach",The infection happens when Candida albicans enters the esophagus.,"The esophagus is a muscular tube that carries food and drinks from the mouth to the throat. It is divided into three sections: the upper section, the middle section, and the lower section. Each section has specific functions for transporting food and drinks. The esophagus is also known as the pharynx. It plays a significant role in",It is also called esophageal candidiasis or Candida esophagitis.,Candida albicans is one type of fungus that causes this disease.,Candida albicans causes esophageal candidiasis.
"During childhood, she suffered from partially collapsed lungs twice, had pneumonia four to five times a year, as well as a ruptured appendix and a tonsillar cyst.","She had a collapsed lung twice, had pneumonia four or five times each year and had problems with her appendix and tonsils.",1,"During childhood, she suffered from partially collapsed lungs twice, had pneumonia four to five times a year, as well as a ruptured appendix and a tonsillar cyst.","Okay, here's a rewritten version of that sentence, aiming for clarity for someone who’s learning English and potentially unfamiliar with medical terminology:

**Option 1 (More Detailed - Good for Understanding):**

“When she was growing up, she experienced several health problems during her childhood. She often had trouble breathing – two times she suffered from partially collapsed lungs.  She also had pneumonia repeatedly throughout the year, around four to five times.  In addition, she sometimes had a ruptured appendix and a tonsillar cyst.”

**Option 2 (Slightly Shorter & Focused):**

“Growing up, she faced several respiratory issues. Twice she struggled with partially collapsed lungs, and she frequently had pneumonia.  She also experienced a ruptured appendix and a tonsillar cyst throughout the year.”

**Option 3 (Breaking it Down - For Maximum Clarity):**

“As a child, she had several health problems. First, she had two episodes where her lungs collapsed. Second, she had pneumonia many times a year.  She also had a ruptured appendix and a tonsillar cyst at different times.”

---

**Why these changes were made:**

*   **Complex Words:** Replaced phrases like ""suffered from partially collapsed lungs""","During childhood, she had trouble breathing because her lungs weren't working properly twice and got pneumonia four to five times a year. She also had a torn appendix and a swollen bump in her tonsils.","The user has provided a complex sentence that needs to be rewritten for better understanding. The goal is to simplify it by using synonyms, removing unnecessary details, or breaking down the sentence into smaller parts while ensuring it remains grammatically correct and retains the original meaning.

First, I'll analyze each part of the sentence:

1. ""During childhood"" – this is straightforward but could be rephrased if needed.
2. ""she suffered from partially collapsed lungs twice"" – here, ""suffered from"" might be replaced with ""had been suffering from"" to make it smoother.
3. ""times a year"" – ""year"" is already clear, so no change needed.
4. ""as well as a ruptured appendix and a tonsillar cyst."" – these are specific medical terms; they should remain unless there's a need to explain them further.

Next, I'll consider how to split the sentence for clarity. Since the original sentence is a single complex sentence, perhaps breaking it into two would help.

So, rewriting it step by step:

- Start with ""She had been suffering from collapsed lungs twice.""
- Then mention the other conditions: ""and also had pneumonia four to five times a year,"" followed by ""along with a ruptured appendix and a","She had pneumonia four to five times a year, had a ruptured appendix and a tonsillopharyngitis.","She also had asthma, bronchitis, pneumonia, anemia, and a ruptured appendix.",She had pneumonia four to five times per year.
Drooling or a very sick appearance indicate other medical conditions.,Drooling or a sick appearance can mean a different illness.,1,Drooling or a very sick appearance indicate other medical conditions.,"Okay, here are a few options for rewriting that sentence, aiming for clarity and natural English flow while preserving the core meaning:

**Option 1 (More Detailed & Explanatory):**

""Signs of illness, like drooliness or a noticeably unwell state, often point to something else going wrong with your health. It could be a sign of a more serious medical problem.""

**Option 2 (Slightly Shorter & More Direct):**

""If you’re drooling or looking very sick, it might mean another medical issue is present.""

**Option 3 (Breaking it Down - Good for Clarity):**

“Drooling or appearing very unwell could signal that there’s a different medical condition affecting you.  It's a possible indication of something more serious.”


---

**Why these changes work:**

*   **Replaced Complex Words:** ""Indicate"" became ""point to,"" ""indicate"" became ""signal,"" ""demonstrate"" became ""might mean.""
*   **Simplified Language:** Phrases like “a very sick appearance” were rephrased as “noticeably unwell” or “looking very sick”.
*   **Removed Redundancy:**  Phrases like ""other medical conditions",Drooling or a very sick look suggest other health problems.,The message indicates that drool or a very sick appearance suggests other medical conditions.,Drooling or a very sick appearance may indicate other medical conditions.,"If they are not able to drink water, they may become dehydrated. If they have an infection, they may have a fever. Frequent vomiting indicates that there is too much acid in their stomachs. Frequent vomiting also means that the person has had too many meals. Frequent vomiting makes them feel weak because they lose fluids and electrolytes. Frequent vomiting causes dehydration.","If someone has a severe cough, they may drool or have a sickly look."
"Donald Hopkins has written, `` Jenner 's unique contribution was not that he inoculated a few persons with cowpox, but that he then proved ( by subsequent challenges ) that they were immune to smallpox.","`` Jenner 's unique contribution was not that he inoculated a few persons with cowpox, but that he then proved ( by subsequent challenges ) that they were immune to smallpox.",1,"Donald Hopkins has written, `` Jenner 's unique contribution was not that he inoculated a few persons with cowpox, but that he then proved ( by subsequent challenges ) that they were immune to smallpox.","Okay, here's a rewritten version of the sentence, aiming for clarity and natural English flow while preserving the core meaning:

**Option 1 (More Detailed):**

“Donald Hopkins wrote, ‘Jenner’s unique contribution wasn’t simply about inoculating people with cowpox; rather, he demonstrated later that they possessed immunity against smallpox.’”

**Option 2 (Slightly More Concise - Good for Flow):**

“Donald Hopkins pointed out that Jenner’s contribution was not just about giving people cowpox inoculation, but that he showed later that they were naturally resistant to smallpox.”

**Option 3 (Breaking it Down – If you want to really simplify):**

“Donald Hopkins said that Jenner didn’t just give people cowpox shots; he proved that they couldn’t catch smallpox.  Later, he demonstrated this fact.”


**Why these changes work:**

*   **Replaced Complex Words:** “that he inoculated” became “didn’t simply about inoculating” or “didn’t just give…”
*   **Simplified Language:** Phrases like ""was not that"" became ""wasn’t simply about"" or ""didn’t just...""
*   **Removed Redund","Donald Hopkins wrote, ""Jenner's real contribution wasn't that he gave a few people cowpox, but that he showed they were immune to smallpox later on through challenges.""","The user provided a task to simplify a complex sentence for non-native speakers. They need to replace complex words with simpler synonyms, compress if necessary, split sentences, ensure grammar, and maintain meaning.

Looking at the input: ""Donald Hopkins has written, `jennner's unique contribution was not that he inoculated a few persons with cowpex, but that he then proved (by subsequent challenges) that they were immune to smallpex.""

Wait, there are some typos here. Let me check:

- ""jennner"" should probably be ""jennner""? Or maybe ""jenny""? Wait, no, the correct word is ""jenny"". So perhaps ""jenny"".

But let me see the exact words in the original sentence.

Original sentence: ""jennner's unique contribution was not that he inoculated a few persons with cowpex, but that he then proved (by subsequent challenges) that they were immune to smallpex.""

So, the typos are:

1. ""jennner"" instead of ""jenny"".
2. ""cowpex"" instead of ""cowpex"" (probably a typo).
3. ""smallpex"" instead of ""smallpex"".

Also, the original sentence seems to","He wrote, `` Jenner 's unique contribution was not that he inoculated a few persons with cowpox, but that he then proved ( by subsequent challenges ) that they were immune to smallpox. ''","Jenner 's unique contribution was not that he inoculated a few people with cowpox, but that he then showed that these people were immune to smallpox.",He said that his work had been important because he showed that people could get out of smallpox if they got cowpox.
"Treprostinil can be given intravenously or subcutaneously, but the subcutaneous form can be very painful.","Treprostinil ( Remodulin) can be given intravenously or subcutaneously, but the subcutaneous form can be very painful.",1,"Treprostinil can be given intravenously or subcutaneously, but the subcutaneous form can be very painful.","Okay, here's a rewritten version of that sentence, aiming for clarity for someone who’s learning English and potentially unfamiliar with medical terminology:

**Option 1 (More Detailed - Good for Understanding):**

“Treprostinil can be administered either through the veins (intravenous) or under the skin (subcutaneous). However, the subcutaneous form can often cause significant pain.”

**Option 2 (Slightly More Concise):**

“Treprostinil can be given as an injection into the bloodstream (intravenous) or directly into the skin (subcutaneous).  But, the subcutaneous route can sometimes be quite uncomfortable.”

**Option 3 (Breaking it Down – For Easier Processing):**

“Treprostinil can be delivered in two ways: intravenously (through a vein) or under the skin (directly on the surface).  However, the area where you inject it might feel very sensitive when using the subcutaneous method.”


**Why these changes work:**

* **Replaced Complex Words:** ""Treprostinil"" became ""Treprostinil,"" ""intravenously"" became ""through the veins,"" ""subcutaneously"" became ""directly into the skin,"" and ""can be given"" became ""can be","Treprostinil can be given through IV injection or under the skin, but the under-the-skin version can be really uncomfortable.","The initial instruction requires rewriting a complex sentence for better understanding. The input sentence explains that Treprostinil can be taken via IV or subcutaneous methods, but the subcutaneous version is particularly painful.

To address this, I will first identify the complex parts of the sentence. ""Subcutaneous"" is a complex word because it combines two elements: ""sub-"" and ""cutaneous."" It's important to replace this with a simpler synonym like ""subcutaneous,"" which might not add any new meaning here.

Next, I'll look at the structure of the sentence. It mentions both forms of treatment but focuses on the pain associated with subcutaneous. So, perhaps restructuring the sentence to separate these points would help.

I think breaking down the sentence could involve changing ""intravenously or subcutaneous"" to something more straightforward. Maybe just saying ""intravenous or subcutaneous"" isn't necessary; perhaps using ""intravenous or subcutaneous"" is redundant since they are already clear.

Alternatively, focusing on the pain aspect: instead of saying ""the subcutaneous form can be very painful,"" maybe rephrasing it as ""the subcutaneous form is particularly painful.""

Putting it all together, the rewritten sentence should clearly state the available","Treprostinil can be given intravenously or subcutaneously, but the subcutaneous form can be very painful.",The drug is available as an injection under special conditions.,"Treprosin can also be taken under the skin, but this may cause pain."
Most patients eventually require institutionalization.,Full-time assistance or nursing home care is needed.,1,Most patients eventually require institutionalization.,"Here are a few options for rewriting that sentence, aiming for clarity for an English speaker unfamiliar with the nuances of medical terminology:

**Option 1 (More Explanatory):**

""Eventually, many people need to go into a hospital or care facility because they’re unable to look after themselves.""

*   **Why it works:** This replaces “require institutionalization” with a more relatable phrase – needing help from a hospital.  It also clarifies the reason – lack of ability to manage independently.

**Option 2 (Slightly More Detailed - Still Relatively Simple):**

""As a result, some individuals often find themselves needing to live in a hospital or other care center due to their health conditions.”

*   **Why it works:** ""As a result"" is a good transition word. ""Individuals"" is broader than ""patients,"" and ""health conditions"" provides context.

**Option 3 (Breaking it Down - Good for Understanding Complexities):**

“If someone isn't able to take care of themselves, they might end up needing to be hospitalized.  This happens because they have serious health problems.”

*   **Why it works:** This breaks down the initial statement into smaller parts. It explains *why*",Many people end up needing to stay in a hospital or care facility.,The patient's condition necessitates institutionalization.,Many people need to go to an institution for treatment.,Eventually most people need help living at home or in an institution.,The majority of people who have this problem will need institutionalization.
"Most patients have pelvic pain (which is sometimes crampy), vaginal bleeding, or both.","Most women have vaginal bleeding or spotting, cramping or pain in the lower abdomen, or both.",1,"Most patients have pelvic pain (which is sometimes crampy), vaginal bleeding, or both.","Okay, here are a few options for rewriting that sentence, aiming for clarity and natural English flow while preserving the core meaning:

**Option 1 (More Detailed - Good for Beginners):**

""Many people experience pain in their pelvis – sometimes it feels like a muscle ache.  They might also notice some bleeding from their vagina.""

**Option 2 (Slightly More Concise):**

""Some patients report pain in their pelvis, which can feel like cramps, and sometimes they also experience vaginal bleeding.""

**Option 3 (Breaking it Down - For Easier Processing):**

“A lot of people suffer from pelvic pain. It can sometimes be uncomfortable, like a muscle tightening.  In addition, they might also have light bleeding from their vagina.”

---

**Why these changes work:**

* **Simpler Vocabulary:** Words like ""having"" were replaced with more common alternatives like “experience” or “report”.
* **Rephrasing:** Instead of saying ""has pelvic pain,"" we use phrases like ""experience pain in their pelvis"" or ""report pain in their pelvis"".
* **Adding Context:** Adding ""which can feel like a muscle tightening"" helps clarify the sensation.
* **Using Parallel Structure:** Using similar","Many people experience pelvic pain, vaginal bleeding, or both.","Most patients have pelvic pain (sometimes crampy), vaginal bleeding, or both.","The most common symptoms are pain in the lower abdomen, sometimes painful; bleeding from the vagina; and sometimes, both.",The most common symptoms are pelvic pain (often severe during menstruation) and abnormal uterine bleeding.,The most common symptom is pain in the lower part of the vagina (called pelvic pain).
"In humans, it is defined as a body core temperature below 35.0°C ( 95.0°F ).",Hypothermia is any body temperature lower than 35.0°C ( 95.0°F ).,1,"In humans, it is defined as a body core temperature below 35.0°C ( 95.0°F ).","Okay, here are a few options for rewriting that sentence, aiming for clarity for someone who’s learning English or isn’t fluent:

**Option 1 (More Detailed - Good for Beginners):**

""When a person's body temperature drops below 35 degrees Celsius (95 degrees Fahrenheit), this is considered a problem.""

**Option 2 (Slightly More Concise):**

""It’s normal for a person’s body temperature to drop below 35°C. If it happens, it could be serious.""

**Option 3 (Focus on the Core Idea - Clearer):**

“If your body temperature falls below 35°C, it means your internal temperature has dropped significantly.”

**Option 4 (Breaking it Down - For Easier Processing):**

Here’s a breakdown: “Humans have a body temperature typically between 35°C and 36°C.  If it drops below 35°C, it’s a concerning situation.”


---

**Why these changes work:**

* **Simpler Vocabulary:** Words like ""defined,"" ""normal,"" ""significant,"" and ""drop"" were replaced with more common alternatives.
* **Reph","Humans have a normal body temperature, but when it drops below 35.0°C (95.0°F), it's considered low body temperature.","The human body's core temperature is below 35 degrees Celsius (which is equivalent to about 95 degrees Fahrenheit).

Alright, let me break this down step by step. 

First, I need to understand the original instruction. It says that I should rewrite a complex sentence to make it easier for non-native speakers. This involves using synonyms or simple language where needed, compressing unnecessary info if possible, and ensuring the sentence remains grammatically correct and maintains the original meaning.

Looking at the input provided: ""In humans, it is defined as a body core temperature below 35.0°C ( 95.0°F )."" So, the original sentence is a bit wordy and uses some technical terms like ""body core temperature,"" which might not be necessary for clarity.

My goal is to simplify this. Let's see:

1. Replace ""body core temperature"" with something more straightforward. Maybe just ""core temperature.""
2. Remove any redundant information. The original mentions both Celsius and Fahrenheit, but since we're focusing on core temperature, maybe keeping one unit would suffice.
3. Ensure the sentence flows naturally while being clear.

So putting it together: ""In humans, it is defined as a core temperature below 35.0°C."" That","In humans, it is defined as a body temperature below 35.0 °C ( 95.0 °F ).","A normal human body temperature ranges from about 97.6 degrees Fahrenheit ( 37 degrees Celsius ) to about 98.2 degrees Fahrenheit ( 37.1 degrees Celsius ), depending on individual differences.","In humans, it is defined as a body core temperature below 36.2°C ( 97.4°F )."
An analog-to-digital converter ( ADC ) performs the reverse function.,An analog-to-digital converter ( ADC ) performs the reverse operation.,1,An analog-to-digital converter ( ADC ) performs the reverse function.,"Okay, here are a few options for rewriting that sentence, aiming for clarity for someone who’s learning English and doesn’t be familiar with technical jargon:

**Option 1 (More Explanatory):**

""A device called an ‘analog-to-digital converter’ (ADC) does the opposite – it converts signals from the past (analog) into digital numbers.""

**Option 2 (Slightly More Concise):**

""An analog-to-digital converter (ADC) transforms signals from the old days (analog) into digital data.""

**Option 3 (Breaking it Down - Good for Clarity):**

“Imagine a device that takes signals from the past (like radio waves or light) and turns them into digital information (like computer code). That's what an analog-to-digital converter (ADC) does.”

**Option 4 (Focus on the Core Concept):**

“An ADC changes analog signals into digital signals – essentially converting something that wasn’t meant to be a number into one that *can* be counted.”


---

**Why these revisions work:**

* **Simpler Vocabulary:** Words like ""performs the reverse function"" became ""does the opposite"" or ""transforms...""",The ADC does the opposite of what it does in digital systems.,"The analog-to-digital converter (ADC) converts continuous-time signals into discrete values at specific intervals. It achieves this by sampling the signal's amplitude at regular intervals and converting these samples into digital form through a process known as sampling. This method ensures accurate conversion between analog and digital signal representations. The ADC operates based on sampling principles, capturing the overall behavior of the signal during measurement. By implementing this approach, the ADC effectively transforms an analog signal into a digital one, preserving its essential characteristics.",A converter from an analog signal to a digital signal is called an Analog-to-Digital Converter or ADC.,A digital-to-analog converter ( DAC ) does this.,A digital-to-analog converter ( DAC ) converts digital signals back to analog signals.
"Complicated UTIs are more difficult to treat and usually requires more aggressive evaluation, treatment and follow-up.","A complicated UTI is more difficult to treat and usually needs more aggressive evaluation, treatment, and follow-up.",1,"Complicated UTIs are more difficult to treat and usually requires more aggressive evaluation, treatment and follow-up.","Okay, here's a rewritten version of that sentence, aiming for clarity for someone who’s learning English and doesn’t be familiar with medical jargon:

**Option 1 (More Detailed - Good for Understanding):**

“Having a UTI (Urinary Tract Infection) is harder to fix and often needs a more thorough examination and treatment plan. It also typically involves more careful monitoring afterward.”

**Option 2 (Slightly Shorter & More Direct):**

“UTIs are harder to cure and generally require more testing and stronger treatments, along with ongoing checks.”

**Option 3 (Breaking it Down – If you want to really simplify):**

“When you have a UTI, it’s trickier to get rid of.  It usually needs a more detailed check-up and stronger medicine, plus we need to keep an eye on your health afterwards.”


**Why these changes work:**

*   **Replaced Complex Words:** “Complicated” became “harder to fix,” “requires” became “needs,” “usually” became “generally,” “evaluation” became “examination,” “treatment” became “treatment plan,” “follow-up” became “monitoring afterward,” “testing” became “check-up,”","Untreated UTIs can be harder to fix and need a stronger approach to check, treat, and follow up.",The complicated UTIs are difficult to manage and frequently require aggressive measures such as treatment and follow-up.,"In complicated UTIs, doctors try to find out what caused them.",A complicated urinary tract infection is one that has become serious or dangerous.,These conditions are often treated with antibiotics or other drugs.
"Nonetheless, when he fell ill with smallpox, Anne Marie nursed him until his recovery.","Nonetheless, when he fell ill with smallpox, she nursed him until his recovery.",1,"Nonetheless, when he fell ill with smallpox, Anne Marie nursed him until his recovery.","Okay, here are a few options for rewriting that sentence, aiming for clarity and natural English flow while preserving the core meaning:

**Option 1 (More Direct):**

""When he got sick with smallpox, Anne Marie took care of him all the way through his recovery.""

*   **Explanation:** This replaces phrases like ""fell ill with"" with “got sick with,” “until” with “all the way through,” and “nursed” with “took care of.”

**Option 2 (Slightly More Detailed - Still Simple):**

""While he was suffering from smallpox, Anne Marie cared for him throughout his recovery.""

*   **Explanation:**  This uses “suffering from” which is a good synonym for “fell ill with,” and “cared for” to express the action of nursing.

**Option 3 (Breaking it Down – Good for Clarity):**

“When he contracted smallpox, Anne Marie stayed with him until he recovered.”

*   **Explanation:** This breaks down the original sentence into three shorter sentences, making it easier to follow. “Contracted” means became ill, and “stayed with” means continued to care for him.

---

To help me refine","Even though he got sick with smallpox, Anne Marie took care of him until he recovered.","The user has provided a task to simplify a complex sentence for non-native speakers. The goal is to make the sentence more understandable by using simpler synonyms, removing unnecessary information, and ensuring proper grammar while maintaining the original meaning.

**Input:**  
""Nonetheless, when he","When he got sick with smallpox, Anne Marie nursed him until his recovery.","When she was sick with smallpox, Anne Marie nursed her brother until he recovered.","When she got sick with smallpox, Anne Marie nursed him until his recovery."
"Myoclonus can vary in amplitude, frequency, and distribution.","Myoclonus can be mild or severe. Muscles may jerk quickly or slowly, rhythmically or not. Myoclonus may occur once in a while or frequently.",1,"Myoclonus can vary in amplitude, frequency, and distribution.","Okay, here are a few options for rewriting that sentence, aiming for clarity and natural English flow while preserving the core meaning:

**Option 1 (More Detailed - Good for Beginners):**

""The sound produced by Myoclonus can change in different ways – how loud it is, how fast it sounds, and where it’s happening. It might be quiet, or very strong, or spread out in different places.""

**Option 2 (Slightly More Concise):**

""Myoclonus's sound can shift in terms of loudness, speed, and location.  It could be faint, loud, or appear in various spots.""

**Option 3 (Focus on Core Idea - Slightly more formal but still accessible):**

“The sound produced by Myoclus can change in terms of its intensity (how loud it is), its rhythm (how fast it goes), and where it’s occurring.”


---

**Why these changes work:**

* **Simpler Vocabulary:** Words like ""vary,"" ""distribution,"" and ""amplitude"" were replaced with more common alternatives like ""change,"" ""location,"" and ""loudness.""
* **Rephrasing:** Instead of saying “can vary,” we used phrases","Myoclonus can have different sizes, how often it happens, and where it occurs.","Myoclonus is a condition characterized by rapid muscle contractions, which can occur at varying amplitudes, frequencies, and distributions across the body.","The myoclonus may vary in amplitude, frequency, and location.",The symptoms may include: - Tremors or shaking movements that are not related to muscle tone; - Tics such as blinking rapidly or moving fingers quickly back and forth; - Difficulty walking or balance problems; - Muscle stiffness or spasms; - Headaches; - Sleep disturbances; - Anxiety or depression.,The first symptoms are usually mild at first but become severe as the disease progresses.
A measles epidemic and food shortages during 1900 reduced the population of the area by one-third.,Measles and food shortages during 1900 reduced the population of the area by one-third.,1,A measles epidemic and food shortages during 1900 reduced the population of the area by one-third.,"Okay, here are a few options for rewriting that sentence, aiming for clarity for an English speaker unfamiliar with the specific details, along with explanations of why I made each change:

**Option 1 (More Detailed - Good for general understanding):**

""During the year 1900, a severe measles outbreak caused a significant drop in the population of the region.  As a result, the population decreased by approximately one-third.""

* **Changes Made:**
    * ""a measles epidemic and food shortages"" became ""a severe measles outbreak"" – more direct and easily understood.
    * ""reduced the population of the area"" became ""caused a significant drop in the population of the region"" – rephrased for better flow.
    * ""by one-third"" remained unchanged as it's a precise numerical value.


**Option 2 (Slightly More Concise - Still Clear):**

""A large measles infection led to a substantial decline in the population of the area during 1900. This resulted in roughly one-third fewer people.""

* **Changes Made:**
    * “a measles infection” is a shorter way to describe the event.
    * “led to a substantial decline","During the early 1900s, a measles outbreak and food shortages caused the population in that area to decrease by one-third.","The measles epidemic and food shortages during 1900 caused a decrease in the population of the area by one-third.

Step-by-step explanation:

1. **Identify the Original Sentence**: The original sentence states that during 1900, due to measles and food shortages, the population of the area decreased by one-third.

2. **Determine Simplification Needs**: To improve clarity for non-native speakers, we need to replace ""decreased"" with a simpler word like ""decrease,"" remove unnecessary information if possible, split the sentence into shorter parts, or ensure proper grammar.

3. **Rephrase the Sentence**: Replace ""decreased"" with ""decrease"" and adjust the structure to maintain clarity while simplifying the language.

4. **Ensure Correctness**: After rephrasing, check that the sentence is grammatically correct, fluent, retains the original meaning, and is easy to understand for non-native speakers.

5. **Final Sentence**: The revised sentence clearly conveys the same information as the original but in a more accessible manner.",The measles epidemic and food shortages during 1900 caused a large number of deaths.,Measles and famine killed many people between 1900-1902.,"During 1900, measles caused an epidemic and food shortages which cut the population of the country by about one-third."
A detailed family history is established to determine whether the disease might be familial.,A detailed family history is taken to determine whether the disease might be familial.,1,A detailed family history is established to determine whether the disease might be familial.,"Okay, here are a few options for rewriting that sentence, aiming for clarity and natural English flow while preserving the core meaning:

**Option 1 (More Detailed & Explanatory):**

""To figure out if the illness could have a family connection, we’ve started collecting information about our ancestors. This helps us investigate whether the disease might be passed down through our families.""

**Option 2 (Slightly More Concise):**

""We’re researching to see if the disease might be inherited from our family members.  This means we’re looking at our family history to see if there's a genetic link.""

**Option 3 (Breaking it Down - Good for Clarity):**

“To learn if the disease might be linked to our family lineage, we’re currently gathering information about our parents and grandparents.  This allows us to explore potential genetic connections.”

**Option 4 (Focus on the Investigation):**

“As a preliminary step, we’re investigating whether the disease could be related to our family history. We’re examining our family records to see if there’s a pattern or inheritance.”


---

**Why these changes work:**

* **Simpler Vocabulary:** Words like ""established,""",A detailed family history is created to figure out if the disease could be passed down through family members.,"The family history was analyzed to determine if the disease could be linked to the family members.

Alright, let me try to figure out how to approach this problem. So, I have an instruction that says I need to rewrite a complex sentence for better understanding by non-native speakers. The goal is to simplify it using synonyms, delete unnecessary info, or split sentences while keeping the main ideas intact and making sure it's grammatically correct.

Looking at the input sentence: ""A detailed family history is established to determine whether the disease might be familial."" Hmm, okay. Let me break this down. It seems like they're talking about a family history where they determined something about a disease being related to the family members.

So, the first thing I notice is that the sentence is a bit technical. It uses ""detailed family history"" which might not be clear to everyone. Maybe replacing that with something more common would help. Also, ""established to determine..."" could be phrased differently to avoid repetition.

I think starting by simplifying the structure. Instead of saying ""a detailed family history,"" maybe just say ""family history."" That's shorter but still conveys the idea. Then, instead of ""is established to determine whether the disease might be familial,"" perhaps rephrase",A detailed family history is established to determine whether the disease may be hereditary.,The doctor asks about the person 's medical history and tries to find out if there are any other people who have had similar symptoms or problems.,The person has a family history of this disease.
"In 1991, the Abolition of Racially Based Land Measures Act was passed, repealing laws enforcing racial segregation, including the Group Areas Act.","In 1991, the Abolition of Racially Based Land Measures Act was passed, reversing laws about racial segregation, including the Group Areas Act.",1,"In 1991, the Abolition of Racially Based Land Measures Act was passed, repealing laws enforcing racial segregation, including the Group Areas Act.","Okay, here are a few options for rewriting that sentence, aiming for clarity for an English speaker unfamiliar with legal jargon, along with explanations of why I made each change:

**Option 1 (More Detailed - Good for general understanding):**

""In 1991, a law called the Abolition of Racially Based Land Measurement Act went into effect. This law ended laws that forced people to live separately based on their race, like the Group Areas Act.""

*   **Changes Made:**
    *   “was passed” became “went into effect” – more natural phrasing.
    *   “repealing laws” changed to “ended laws” – clearer meaning.
    *   “enforcing racial segregation” changed to “forced people to live separately based on their race” – explained the core concept.
    *   “including the Group Areas Act” remains the same – important detail.


**Option 2 (Slightly More Concise - Still Clear):**

""In 1991, a law prohibiting racially segregated land use was enacted. Specifically, it repealed laws like the Group Areas Act.""

*   **Changes Made:**
    *   Rephrased ""abolition of racially based land","In 1991, a law was passed that ended rules about racial segregation, like the Group Areas Act.","In 1991, the Abolition of Racially Based Land Measures Act was passed, which repealed laws enforcing racial segregation, including the Group Areas Act.","In 1991, the Abolition of Racially Based Land Measures Act was passed, repealing laws that enforced racial segregation, such as the Group Areas Act.",The law said that all people must have equal rights regardless of race or color.,"In 1991, the law was repealed, removing laws that enforced racial segregation, including the Group Areas Act."
Nonconvulsive status epilepticus is being increasingly recognized as a cause of altered mental status in ICU patients.,"People in ICUs may have seizures that do not cause convulsions (called nonconvulsive seizures). These seizures can cause delirium, but the seizures may not be recognized because they do not cause convulsions or other typical symptoms of seizures. If the seizures are not recognized, they may not be treated appropriately and promptly.",1,Nonconvulsive status epilepticus is being increasingly recognized as a cause of altered mental status in ICU patients.,"Okay, here are a few options for rewriting that sentence, aiming for clarity and natural English flow while preserving the core meaning:

**Option 1 (More Detailed - Good for general understanding):**

""Doctors are now noticing that a condition called ‘nonconvulsive status epilepticus’ can happen in intensive care units (ICUs) and cause confusion in patients. This means they are experiencing abnormal brain activity.""

**Option *2 (Slightly more concise):**

""It's becoming known that ‘nonconvulsive status epilepticus’ – a problem where the brain isn’t working properly – can occur in patients hospitalized in the ICU.""

**Option *3 (Focus on the key point):**

“A rare condition called ‘nonconvulsive status epilepticus’ is appearing in hospitals, leading to confusion in patients.”


**Explanation of Changes Made:**

*   **“Nonconvulsive”** was replaced with “a condition that doesn’t involve convulsions” or “a problem where the brain isn’t functioning normally”.  This helps explain the concept.
*   **“Status epilepticus”** was simplified to ""a condition where the brain isn't working properly"".
*   **“ICU patients”",The condition called nonconvulsive status epilepticus is becoming more understood as a reason for changes in mental health in people who are in intensive care.,"The sentence ""Nonconvulsive status epilepticus is being increasingly recognized as a cause of altered mental status in ICU patients."" has been rewritten to improve clarity for non-native speakers. It is now structured as: [Nonconvulsive status epilepticus] is [increasingly recognized] as a cause of altered mental status in ICU patients. This version replaces 'epileptin' with 'epilepticus', which might help non-natives who are confused by the spelling. Additionally, the sentence splits into two parts for better understanding, making it more manageable for those who find long sentences difficult to follow.",This condition is now being recognised as a cause of altered mental status in people who are in an intensive care unit.,"In recent years, many people have had seizures that are not caused by any known reason.",Epilepsy is one of the most common medical conditions.
"Gout can present in a number of ways, although the most usual is a recurrent attack of acute inflammatory arthritis ( a red, tender, hot, swollen joint ).","Gout can present in a number of ways, although the most common is a recurrent attack of intense inflammatory arthritis ( a red, tender, hot, swollen joint ).",1,"Gout can present in a number of ways, although the most usual is a recurrent attack of acute inflammatory arthritis ( a red, tender, hot, swollen joint ).","Okay, here's a rewritten version of that sentence, aiming for clarity for someone who’s learning English and doesn’t be familiar with medical terminology:

**Option 1 (More Detailed):**

“Inflammation of the joints (called gout) can happen in various ways.  The most common type is an ongoing, painful flare-up of inflammation in one or more joints – they feel red, warm, and have swelling.”

**Option 2 (Slightly More Concise - Still Clear):**

“Gout often appears as multiple episodes of pain and inflammation in different joints. This usually looks like inflamed, red, and swollen joints.”

**Option 3 (Breaking it Down - For Maximum Clarity):**

“When gout occurs, it happens repeatedly. It typically involves inflammation affecting multiple joints – think of them as feeling very red, warm, and swollen.  It’s not a single joint problem but rather a series of painful flares.”


**Why these changes were made:**

*   **""Present in a number of ways""**: Replaced with ""happens in various ways"" or ""occurs as...""
*   **""Recurrent attack of acute inflammatory arthritis""**: Reworded to “an ongoing","Gout can happen in many different ways, but the most common type is a repeated attack of sudden, painful arthritis that causes the joints to get red, hot, and swollen.","Gout can present in different forms, though the most common is a recurrent attack of acute arthritis (a red, tender, warm, swollen joint).","Gout can also cause inflammation of multiple joints at once, usually in one or both knees, ankles, or feet.",The first symptom of gout is an attack of inflammation of one or more joints.,The first symptoms are usually a recurring pain or swelling in one or more joints.
"They include a wide variety of pathogens, such as Escherichia, Salmonella, Vibrio, Helicobacter, and many other notable genera.","Proteobacteria include a wide variety of pathogens, such as Escherichia coli, Salmonella, Vibrio, Helicobacter, and many other notable genera.",1,"They include a wide variety of pathogens, such as Escherichia, Salmonella, Vibrio, Helicobacter, and many other notable genera.","Okay, here are a few options for rewriting that sentence, aiming for clarity for an English speaker unfamiliar with the specific terminology:

**Option 1 (More Detailed - Good for general understanding):**

""There are many different kinds of germs – like *Escherichia*, *Salmonella*, *Vibrio*, and numerous other well-known bacterial species. ”

**Option 2 (Slightly More Concise):**

""Various types of germs are present, including *Escherichia*, *Salmonella*, *Vibrio*, and many others.""

**Option 3 (Focus on the Variety - Emphasizes the Scope):**

“Numerous bacteria, such as *Escherichia*, *Salmonella*, *Vibrio*, and many more, are found in this mixture.”

**Option 4 (Breaking it Down - If you want to explain each element):**

“Different types of germs exist, including *Escherichia*, *Salmonella*, *Vibrio*, and a large number of other recognized bacterial strains.”


**Why these changes work:**

*   **Simpler Vocabulary:** Replaced phrases like ""include a wide variety of pathogens"" with terms like ""many different kinds of germs"" or ""various types of germs","They contain many different types of bacteria, like Escherichia, Salmonella, Vibrio, Helicobacter, and other important groups.","These encompass a diverse array of pathogens, including E. coli, Salmonella, Vibrio, Helicobacter, and numerous other notable species.","They include bacteria like Escherichia, Salmonella, Vibrio, and many others.",The most common cause is bacteria from the genus Campylobacter. Other causes are viruses like norovirus or rotavirus; parasites like Giardia; fungi like Candida; and certain types of bacteria that infect the lining of the uterus.,There are about 100 different types of bacteria.
Familial Alzheimer 's disease and familial Parkinson 's disease are two accelerated aging diseases associated with aged individuals; they affect only one tissue and can be classified as unimodal progeroid syndromes.,"Familial Alzheimer 's disease and familial Parkinson 's disease, an accelerated aging disease associated with aged individuals, affects only one tissue: it can be classified as an unimodal progeroid syndrome.",1,Familial Alzheimer 's disease and familial Parkinson 's disease are two accelerated aging diseases associated with aged individuals; they affect only one tissue and can be classified as unimodal progeroid syndromes.,"Okay, here's a rewritten version of that sentence, aiming for clarity for someone who’s learning English and unfamiliar with medical terminology:

**""When older adults experience Alzheimer’s disease or Parkinson’s disease, their bodies age faster than usual. This affects only one part of their body – often the brain or muscles – and is called a ‘progeroid syndrome.’""**

Here’s a breakdown of what was changed and why:

*   **""Familial Alzheimer's disease and familial Parkinson's disease""** became **""When older adults experience Alzheimer's disease or Parkinson's disease""**:  This is much more straightforward. It directly states the relationship.
*   **""are two accelerated aging diseases""** became **""their bodies age faster than usual.""**: This simplifies the phrasing and explains the core concept. ""Accelerated aging"" is a bit technical; “ageing faster” is clearer.
*   **""associated with aged individuals""** became **""This affects only one part of their body – often the brain or muscles…""**: This rephrases this phrase to be easier to grasp.
*   **""they affect only one tissue""** became **""This affects only one part of",Familial Alzheimer's disease and familial Parkinson's disease are两种 faster-aging disorders that happen in older people. They affect only one part of the body and are called unimodal progeroid syndromes.,"The user has provided a complex sentence that needs to be rewritten for better understanding. Let's break down the instructions step by step.

First, I need to identify which parts of the sentence are complex or difficult to grasp. In this case, ""Familial Alzheimer 's disease"" is a bit complicated because of the possessive apostrophe and the word ""alzheimer."" It might not be clear to all native speakers what this refers to.

Next, I should consider how to simplify this part. Instead of using the possessive apostrophe, perhaps we can use a different structure or rephrase it to make it clearer. For example, changing ""Alzheimer 's disease"" to something like ""Diseased Alzheimer"" could help clarify the intended meaning.

Then, looking at the rest of the sentence: ""and familial Parkinson 's disease are two accelerated aging diseases associated with aged individuals; they affect only one tissue and can be classified as unimodal progeroid syndromes."" This part seems straightforward but may still require some simplification for clarity.

I notice that the sentence is split into two independent clauses. The first clause introduces the two types of diseases, while the second clause explains their characteristics. To make it even simpler, maybe combining these into a single sentence",These conditions are called familial Alzheimer 's disease or familial Parkinson 's disease.,There are many types of progeroid syndrome.,Familial Alzheimer 's disease and Parkinson 's disease are both genetic conditions which cause age-related symptoms.
"In 2000, approximately 256,000 children and adults around the world developed a form of leukemia, and 209,000 died from it.","In 2000, about 256,000 children and adults around the world developed some form of leukemia, and 209,000 died from it.",1,"In 2000, approximately 256,000 children and adults around the world developed a form of leukemia, and 209,000 died from it.","Okay, here are a few options for rewriting that sentence, aiming for clarity for an English speaker unfamiliar with the specific details, along with explanations of why I made each change:

**Option 1 (More Detailed - Good for general understanding):**

""Around the globe in the year 2000, about 256,000 children and people who lived there experienced leukemia. At the same time, 209,000 people unfortunately died as a result of this illness.""

*   **Changes Made:**
    *   “In 2000” became “Around the globe in the year 2000.” This is more natural phrasing.
    *   “approximately” changed to “about” – slightly less formal and clearer.
    *   “developed a form of leukemia” changed to “experienced leukemia” –  simpler vocabulary.
    *   “around the world” added context.
    *   “children and adults” clarified to “children and people who lived there”.
    *   “died from it” changed to “died as a result of this illness” – rephrased for better flow.


**Option 2 (Slightly More","In 2000, about 256,000 children and adults worldwide got leukemia, and 209,000 died from it.","The original sentence is about the number of people affected by leukemia in 2000 and how many died. It's straightforward but might not be clear enough for non-native speakers because it uses ""around"" and ""approximately."" These terms are common but could be replaced with more precise language.","In 2000, about 256,000 children and adults around the world got leukemia, and 209,000 died from it.",About 1 out of every 3 people who gets cancer has acute lymphoblastic leukemia.,"In 2000, about 256,000 children and adults were affected by leukemia, and 209,000 died from it."
"Olfactory seizures, manifested as an aura of foul smells (rotten eggs, burnt meat), indicate temporal lobe involvement and suggest HSV encephalitis.","People also have seizures, sometimes accompanied by strange smells (such as rotten eggs), vivid flashbacks, or sudden, intense emotions.",1,"Olfactory seizures, manifested as an aura of foul smells (rotten eggs, burnt meat), indicate temporal lobe involvement and suggest HSV encephalitis.","Okay, here's a rewritten version of that complex sentence, aiming for clarity for someone who’s learning English and doesn’t be familiar with specific medical terminology:

**Revised Sentence:**

“Feeling like having a strong smell – like rotten eggs or burnt food – is unusual and could be caused by a problem in your brain, specifically the temporal lobe. This might be related to herpes virus infection.”

Here’s a breakdown of what was changed and why:

*   **""Olfactory seizures, manifested as an aura of foul smells...""**  This was significantly lengthened and reworded. “Feeling like having a strong smell” captures the core idea more directly. ""Manifested as an aura of foul smells"" translates to ""feeling like having a strong smell - which is accompanied by unpleasant odors.""
*   **""...(rotten eggs, burnt meat)""**  These are translated as ""like rotten eggs or burnt food,"" which is clearer.
*   **""indicate temporal lobe involvement and suggest HSV encephalitis.""** This was simplified to ""this might be caused by a problem in your brain, specifically the temporal lobe. This might be related to herpes virus infection.""  It replaces the formal phrase with a more understandable explanation. ""Temporal lobe",Olfactory seizures happen when there's trouble in the temporal lobe and they can cause bad smell sensations like rotten eggs or burnt meat. These seizures tell doctors that someone has HSV encephalitis.,"The odor-based seizures manifest as a persistent smell (rotten eggs, burnt meat) indicating temporal lobe involvement and suggesting HSV encephalitis.",A seizure that involves smelling bad smells (like rotten eggs or burnt meat) indicates temporal lobe involvement and suggests that the person has encephalitis.,The smell may begin before any other symptoms appear. This is called an aura. Olfactory seizures are signs that the infection has spread to the temporal lobes.,"The smell may also include rotten eggs, burnt meat, or other unpleasant smells."
An adaptive trait is an aspect of the developmental pattern of the organism which enables or enhances the probability of that organism surviving and reproducing.,An adaptive trait is an aspect of the developmental pattern of the organism which improves the probability of that organism surviving and reproducing.,1,An adaptive trait is an aspect of the developmental pattern of the organism which enables or enhances the probability of that organism surviving and reproducing.,"Okay, here are a few options for rewriting that sentence, aiming for clarity for someone who’s learning English and doesn’t be familiar with specific scientific jargon:

**Option 1 (More Explanatory):**

""Having a special characteristic – an adaptation – helps a living thing survive longer and have more children. It makes it more likely that the creature will live and pass on its genes.""

**Option 2 (Breaking it Down):**

“Developmental changes in organisms help them stay alive and continue passing on their traits.  A ‘trait’ is something that increases the chances of survival and reproduction.”

**Option 3 (Focusing on the Core Idea - Slightly More Formal):**

“In development, some features help organisms survive better and produce more offspring. This means they have a higher chance of living and continuing to pass on their genetic information.”


---

**Why these revisions work:**

*   **Simpler Vocabulary:** Words like ""aspect,"" ""pattern,"" ""enhance,"" ""probability,"" ""children,"" ""genes,"" and ""characteristics"" were replaced with more common alternatives.
*   **Rephrasing:** I've reworded phrases to avoid overly formal language.
*   **Reduced Complexity:**",An adaptive trait is something in an organism's development that helps it survive and have babies.,"**Step-by-Step Explanation:**

1. **Understanding the Original Sentence:**  
   ""An adaptive trait is an aspect of the organism's development that increases the chances of survival and reproduction.""

2. **Identify Complex Words:**  
   - ""adaptive"" refers to being able to adapt or change over time.
   - ""increase"" conveys the idea of growing or enhancing.

3. **Simplify the Sentence:**  
   Replace ""adaptive"" with ""ability"" to convey the same meaning more simply.
   Replace ""increase"" with ""enhance"" to keep it concise but still clear.

4. **Rephrase for Clarity:**  
   ""An ability is a feature of the organism's development that enhances the chances of survival and reproduction.""

5. **Ensure Grammar and Fluency:**  
   The revised sentence maintains proper grammar and flows naturally while preserving the original meaning.

6. **Final Simplified Sentence:**  
   ""An ability is a feature of the organism's development that enhances the chances of survival and reproduction.""",An adaptive trait is an aspect of the developmental pattern of the organism which enables or enhances the probability of that organism surviving and reproducing.,A trait that adapts over time is called an evolutionary adaptation.,Adaptive traits are parts of the development of an organism which makes it more likely to survive and reproduce.
"Endoscopy means looking inside and typically refers to looking inside the body for medical reasons using an endoscope, an instrument used to examine the interior of a hollow organ or cavity of the body.",Endoscopy means to look inside and often means looking inside the body for medical reasons using an instrument called an endoscope.,1,"Endoscopy means looking inside and typically refers to looking inside the body for medical reasons using an endoscope, an instrument used to examine the interior of a hollow organ or cavity of the body.","Okay, here's a rewritten version of that sentence, aiming for clarity for someone who’s learning English and doesn’t be familiar with medical terminology:

**“An endoscopy is a procedure where a doctor uses a thin tube called an endoscope to look inside your body – specifically, inside your organs like your stomach or intestines. This tool helps doctors diagnose problems or check what’s going on internally.”**

Here’s a breakdown of why I made these changes:

*   **""Endoscopy means looking inside...""**  Simplified to ""An endoscopy is a procedure where a doctor looks inside..."" - It clearly states the action being performed.
*   **""...and typically refers to looking inside the body...""**  Replaced with ""where a doctor looks inside your body"" - More straightforward.
*   **""...using an instrument called an endoscope...""** Explained as ""a thin tube called an endoscope"" - Easier to grasp the concept.
*   **""...to examine the interior of a hollow organ or cavity of the body.""** Rephrased as ""This tool helps doctors diagnose problems or check what’s going on internally."" -  More accessible language.

Let me know if you'd like me to tweak","Endoscopy is when doctors look inside the body for medical reasons using an endoscope, which is a tool they use to check the inside of hollow organs or spaces in the body.",The endoscopy involves examining the inside of a body using an instrument called an endoscope.,Endoscopy is a medical procedure that involves looking inside the body using an endoscope.,"Endoscopy is defined as: Looking inside and usually refers to looking inside the body for medical reasons using an endoscope, an instrument that looks at the interior of a hollow organ or cavity of the body.","Endoscopy usually means looking inside and typically looks inside the body for medical reasons using an endoscope, an instrument used to examine the interior of a hollow organ or cavity of the body."
"Pain is typically in the perineum but may be perceived at the tip of the penis, lower back, or testes.","Pain develops in the perineum, the lower back, and often the penis and testes.",1,"Pain is typically in the perineum but may be perceived at the tip of the penis, lower back, or testes.","Okay, here are a few options for rewriting that sentence, aiming for clarity for someone who’s learning English and doesn’t be familiar with medical terminology:

**Option 1 (More Detailed - Good for Beginners):**

""Pain often feels in the area around the anus – the rear end – or sometimes it can feel near the penis, in the lower back, or even in the testicles.""

**Option 2 (Slightly Shorter & More Direct):**

""Pain can appear in different places: around the anus, lower back, or near the testicles.""

**Option 3 (Breaking it Down - For Easier Processing):**

“Pain can occur in several locations: the area around your anus, the lower back, or near the male reproductive organs like the testicles.”

---

**Why these changes were made:**

*   **Replaced Complex Words:** “Perineum” became “area around the anus,” “lower back” became “lower back,” and “testes” became “male reproductive organs”.
*   **Simplified Language:** Phrases like ""typically in"" were replaced with more straightforward expressions.
*   **Added Context:**  Providing examples of where pain *could* be felt helped","Pain usually happens in the area around the waist and groin, but it can also feel like it's at the end of the penis, below the waist, or in the testicles.","The pain described as being within the perineal area might also be noticed on the penis's tip, lower back, or testes.","The pain usually occurs in the perineum (the area between the genitals) but may also be felt at the tip of the penis, lower back, or testicles.","The pain usually occurs in the area between the thighs, below the pubic bone, or near the anus.","The pain usually occurs in the perineum (the area between the vagina and the uterus) but sometimes people report feeling pain at the tip of their penis, lower back, or testis."
"Pain is usually felt over the inflamed site, but referred pain is possible.",The pain is usually felt in the chest wall right over the site of the inflammation or infection that caused the effusion.,1,"Pain is usually felt over the inflamed site, but referred pain is possible.","Okay, here are a few options for rewriting that sentence, aiming for clarity and natural English flow while preserving the core meaning:

**Option 1 (More Detailed - Good for Beginners):**

""Pain often appears where the area is red and painful – this is called localized pain. However, sometimes the pain feels different, like it’s coming from another place. This is known as referred pain.""

**Option 2 (Slightly Shorter & More Direct):**

""When pain occurs at a specific spot, it might feel like it's originating elsewhere.  It’s also possible for the pain to feel like it’s coming from a different location.""

**Option 3 (Breaking it Down - For Easier Processing):**

“Pain typically happens where something is hot or irritated. Sometimes, though, the pain feels like it’s originating from somewhere else – this is called referred pain.”

---

**Why these changes were made:**

* **Replaced Complex Words:** ""is usual,"" ""felt over,"" ""referred,"" ""is possible"" were replaced with more common and understandable alternatives.
* **Paraphrased:** Phrases like “pain is usually felt” became “pain often appears” or “pain frequently occurs","Pain is usually felt where the inflammation is, but it can also feel like it's coming from somewhere else.","The pain described is either referred or non-refferred based on whether the affected area has been inflamed. If there's inflammation, referred pain is present; otherwise, referred pain isn't there.","The pain may be felt over the inflamed area, or it may be felt in another part of the body.",The inflammation may cause pain at the affected spot or elsewhere on the body.,The inflammation may cause pain at the affected joint or area.
Pyelonephritis is treated more aggressively than a simple bladder infection using either a longer course of oral antibiotics or intravenous antibiotics.,Pyelonephritis ( kidney infection ) is treated more aggressively than a simple bladder infection using either a longer course of oral antibiotics or intravenous antibiotics.,1,Pyelonephritis is treated more aggressively than a simple bladder infection using either a longer course of oral antibiotics or intravenous antibiotics.,"Okay, here are a few options for rewriting that sentence, aiming for clarity for an English speaker unfamiliar with medical terminology, along with explanations of why I made each change:

**Option 1 (More Detailed & Explanatory):**

""When someone has a urinary infection (pyelonephitis), doctors usually prescribe stronger medications – like taking multiple courses of oral antibiotics over a longer period or getting intravenous antibiotics directly into their bloodstream. This approach is often used when the infection is more serious.""

*   **Changes Made:**
    *   “Pyelonephritis” became “someone has a urinary infection” -  This is more accessible.
    *   “treated more aggressively” became “doctors usually prescribe stronger medications” -  A clearer explanation of the action.
    *   “longer course of oral antibiotics” became “taking multiple courses of oral antibiotics over a longer period” - Simplified phrasing.
    *   “intravenous antibiotics” became “getting intravenous antibiotics directly into their bloodstream” - Easier to understand the process.
    *   “this approach is often used” became “This approach is often used” - More natural flow.
    *   “when the infection is more serious” added context.


**Option 2",Pyelonephritis is treated more seriously than a simple bladder infection using either a longer course of oral antibiotics or intravenous antibiotics.,"The sentence provided is about pyelonephritis being treated more aggressively compared to a simple bladder infection. It uses some medical terms which might not all be easily understood by everyone. To make it clearer for non-native speakers, I need to break down the complex parts and simplify them where possible.

Firstly, ""pyelonephritis"" refers to a type of inflammation affecting the kidneys. It's similar to how the kidneys are usually healthy but can get inflamed when something happens. So, treating this condition more strictly would mean giving stronger medications or perhaps different types of drugs.

Next, ""bladder infection"" is another term here. This is a common issue where bacteria gets into the bladder, causing pain and sometimes infections. So, comparing pyelonephritis to this, it seems like pyelonephritis is a more severe form because the kidney problem is worse.

Now, looking at the treatment part: ""treated more aggressively"" means they're given stronger treatments. They mention either taking longer courses of oral antibiotics or giving them intravenously. That makes sense because sometimes you need to give the same medication over days instead of once, especially if it's hard to take it straight away.

Also, the original statement says ""using either a longer course",Pyelonephritis is treated more aggressively than a simple bladder infection using either a longer course of oral antibiotics or intravenous antibiotics.,In general pyelonephritis is treated more aggressively than a simple urinary tract infection using either a longer course of oral antibiotics or intravenous antibiotics.,Pyelonephritis is treated more aggressively than a simple bladder infection using either a longer course of oral antibiotics or intravenous antibiotics.
"The outcome is frequently coma, with over 90 % of patients with severe DAI never regaining consciousness.","Frequently, people suffering such damage fall into a coma; Over 90 percent of the patients with severe DAI never regain consciousness.",1,"The outcome is frequently coma, with over 90 % of patients with severe DAI never regaining consciousness.","Okay, here are a few options for rewriting that sentence, aiming for clarity and natural English flow while preserving the core meaning:

**Option 1 (More Detailed - Good for general understanding):**

""In many cases, patients suffering from severe lung damage due to a heart attack (a condition called acute respiratory distress syndrome or ALI) often don’t wake up.  About 90% of these patients don't regain normal consciousness.""

**Option 2 (Slightly Shorter & More Direct):**

""A significant number of patients with severe lung damage from heart attacks rarely recover consciousness.  Over 90% of them fail to awaken.""

**Option 3 (Focus on the Problem - Emphasizes the Difficulty):**

""Many people with severe lung problems caused by heart attacks don’t regain their ability to stay awake.  Around 90% of those patients experience this problem.""

---

**Why these changes work:**

* **Replaced Complex Words:** ""outcome,"" ""coma,"" ""over 90 percent,"" ""retaining consciousness"" were replaced with more common and understandable terms.
* **Paraphrased:** Phrases like “the outcome is frequently coma” became “in many cases,","The result is often a coma, and more than 90% of people with very serious brain damage never wake up.","The outcome is frequently coma, with over 90% of patients with severe DAI never regaining consciousness.","Frequently, people have a coma, with over 90 percent of those with severe DAI not waking up.","In most cases, people who have had such damage will not regain consciousness after about six months.","In about half of people who have DAI, the brain does not work properly."
"Patients are taller than average for age and family; arm span exceeds height. Arachnodactyly (disproportionately long, thin digits) is noticeable, often by the thumb sign (the distal phalanx of the thumb protrudes beyond the edge of the clenched fist).",People with Marfan syndrome are taller than expected for their age and family. Their arm span (the distance between fingertips when the arms are outstretched) is greater than their height. Their fingers are long and thin.,1,"Patients are taller than average for age and family; arm span exceeds height. Arachnodactyly (disproportionately long, thin digits) is noticeable, often by the thumb sign (the distal phalanx of the thumb protrudes beyond the edge of the clenched fist).","Okay, here's a rewritten version of that complex sentence, aiming for clarity for an English speaker unfamiliar with medical terminology and nuanced descriptions:

**Option 1 (More Detailed - Good for Understanding):**

“Children tend to be taller than their peers at this age and come from families who are also tall.  Their fingers are unusually long – they have a very wide finger span.  A peculiar characteristic called ‘arcodactyly’ is observed, where the little finger (the distal phalanx) extends significantly beyond the tip of their hand.”

**Option 2 (Slightly More Concise - Still Clear):**

“Young people generally grow taller than others of their age and family. Their fingers are exceptionally long, extending far beyond the end of their hand. This phenomenon is known as ‘arcodactyly,’ where the little finger noticeably protrudes.”

**Option 3 (Breaking it Down - For Maximum Clarity):**

“Here’s what’s interesting about children: They’re typically taller than other kids their age.  And even more surprising, their fingers are incredibly long – they extend much further than you would expect.  This is called ‘arcodactyly’, where the little finger stretches beyond the","Patients are taller than average for their age and family size, and their arm span is longer than their height. Arachnodactyly, which has long, thin fingers, is sometimes noticed when the tip of the thumb sticks out beyond the edge of the clenched fist.",The patient's height is greater than average for their age and family. Their arm span surpasses their height. The digit on the thumb is longer than the edge of the clenched fist.,The first digit on each hand is longer than the other two fingers.,People have limbs that are longer than usual.,Arachnodactyly (a condition where the digits are too short or too long compared to their age and size) is common.
"Patients may present with systemic symptoms such as fever (usually low - grade), fatigue, malaise, unexplained weight loss, and sweats. Some patients are initially diagnosed as having fever of unknown origin.",People may have fever and feel tired and generally unwell. They may lose weight unintentionally and sweat more than usual.,1,"Patients may present with systemic symptoms such as fever (usually low - grade), fatigue, malaise, unexplained weight loss, and sweats. Some patients are initially diagnosed as having fever of unknown origin.","Okay, here's a rewritten version of that sentence, aiming for clarity for an English speaker unfamiliar with medical terminology:

**Option 1 (More Detailed):**

""People experiencing symptoms like feeling hot and tired – often mild – might also feel weak or unwell. They could lose weight unexpectedly, and they might sweat too. Sometimes doctors don’t know exactly why they started feeling this way.""

**Option 2 (Slightly More Concise):**

""Sometimes people get sick with symptoms like feeling warm and tired, feeling weak, losing weight, and sweating. Doctors sometimes don’t know what’s causing these problems.""

**Option 3 (Breaking it Down - If you want to really simplify):**

“When someone feels sick, they might have a fever – usually just a slight warmth – along with tiredness, feeling unwell, losing weight, and sweating.  Doctors aren’t always sure why they feel this way.”


**Why these changes work:**

* **Replaced Complex Words:** ""systemic symptoms,"" ""unexplained origin,"" ""malaise,"" ""sweats,"" ""unexpectedly,"" and ""doctors"" were replaced with more common and understandable terms.
* **Paraphrased:** Phrases like “presenting with","Patients might have symptoms like fever, tiredness, feeling unwell, losing weight without knowing why, and sweating. Some people get diagnosed with an unknown cause of fever at first.","The patient's description includes systemic symptoms like fever (typically mild), fatigue, malaise, weight loss, and sweating. Initial diagnosis might indicate a fever of an unknown source.","Symptoms include fever (usually low - grade), fatigue, malaise, unexplained weight loss, and sweating.","Symptoms include fever (usually mild or slight), general weakness, tiredness, sweating, and sometimes weight loss. People often have no idea that they have lymphocytopenia until doctors find abnormal levels when checking blood counts.","Symptoms include fever ( usually mild ), fatigue, muscle aches or pains, lack of appetite, and sweating."
"Patients suspected of having stomach cancer should have endoscopy with multiple biopsies and brush cytology. Occasionally, a biopsy limited to the mucosa misses tumor tissue in the submucosa.","Endoscopy (an examination in which a flexible tube is used to visualize the inside of the digestive tract) is the best diagnostic procedure. It allows a doctor to view the stomach directly, to check for Helicobacter pylori, and to remove tissue samples for examination under a microscope (biopsy).",1,"Patients suspected of having stomach cancer should have endoscopy with multiple biopsies and brush cytology. Occasionally, a biopsy limited to the mucosa misses tumor tissue in the submucosa.","Okay, here's a rewritten version of that complex sentence, aiming for clarity for an English speaker unfamiliar with medical terminology and nuanced phrasing:

**Option 1 (More Detailed - Good for Understanding):**

""If doctors suspect a patient might have stomach cancer, they should first perform an endoscopy with multiple small tissue samples taken throughout their stomach.  In addition, they’ll also take biopsies from specific areas within the lining of the stomach – particularly focusing on the deeper layers. Sometimes, a biopsy only taken on the surface of the stomach might not capture all the cancerous tissue located closer to the stomach wall.""

**Option 2 (Slightly Shorter & More Direct):**

""When doctors think a patient has stomach cancer, they typically start with an endoscopy to examine the entire stomach. They will then take multiple tissue samples and biopsies from different parts of the stomach lining, specifically targeting the deeper tissues. Occasionally, a biopsy focused on the outer layer might miss some cancerous cells.""


**Here’s a breakdown of why these changes were made:**

*   **“Suspected” changed to “might have”**: This is more conversational and less formal.
*   **“with multiple biopsies and brush cytology” changed to “with multiple small tissue","Patients who are suspected of having stomach cancer should get endoscopy with multiple biopsies and brush cytology. Sometimes, a biopsy that only checks the outer layer of the tissue doesn't find cancer cells in the thinner part underneath.","The patient's believed to have stomach cancer, which necessitates undergoing endoscopy with multiple biopsies and cytology procedures. However, sometimes a biopsy only touching the mucosa might not capture the tumor in the submucosa.

---

Wait, I think I need to correct this. Let me try again.

First, the user provided an instruction to rewrite a complex sentence for better understanding. They also gave an example where they rewrote the sentence correctly.

In the example, the original sentence was: ""Patients suspected of having stomach cancer should have endoscopy with multiple biopsies and brush cytology. Occasionally, a biopsy limited to the mucosa misses tumor tissue in the submucosa.""

The rewritten version was: ""The patient's believed to have stomach cancer, which necessitates undergoing endoscopy with multiple biopsies and cytology procedures. Sometimes, a biopsy only touching the mucosa may miss tumor tissue in the submucosa.""

So, the key points are:

1. Replace 'patients' with 'the patient' to avoid repetition.
2. Simplify 'suspected of having' to 'having'.
3. Use 'necessitates undergoing' instead of 'should have'.
4. Split the sentence into two parts for clarity","If doctors suspect that someone has stomach cancer, they usually first do an endoscopy with multiple biopsies and brush cytology. Sometimes, doctors only take a biopsy of the lining of the stomach.","If doctors suspect that someone has stomach cancer, they usually perform an endoscopy.","Sometimes, doctors perform a biopsy only on part of the lining of the stomach instead of all of it."
Rates of asymptomatic bacteria in the urine increase with age from two to seven percent in women of child bearing age to as high as 50 % in elderly women in care homes.,Rates of asymptomatic bacteria in the urine increase with age from 2 % to 7 % in women of childbearing age to as high as 50 % in elderly women in care homes.,1,Rates of asymptomatic bacteria in the urine increase with age from two to seven percent in women of child bearing age to as high as 50 % in elderly women in care homes.,"Okay, here's a rewritten version of that sentence, aiming for clarity for an English speaker unfamiliar with medical terminology and complex phrasing:

**""In women who are pregnant or have recently given birth, there’s often a higher proportion of harmless bacteria in their urine compared to younger women. However, this percentage can significantly rise – up to 50% – in older women living in nursing homes or other care facilities.""**

Here’s a breakdown of what was changed and why:

*   **“Rates of asymptomatic bacteria…”** became **“In women who are pregnant or have recently given birth…”** - This is more direct and easier to grasp.  ""Rates"" is replaced with ""proportion"" which has a clearer meaning.
*   **“…increase with age…”** became **“There’s often a higher proportion of harmless bacteria…”** - This simplifies the idea of “increase” to “higher proportion.”
*   **“…from two to seven percent…”** became **“This percentage can significantly rise – up to 50%…”** -  Replaced the specific numbers with a more descriptive phrase.
*   **“…in women of child bearing age to as high as 50 %…”** became **","The risk of having asymptomatic bacteria in your urine increases as you get older. For women who are of childbearing age, this risk goes up to 2-7% when they're young, but it can rise to as high as 50% in older women living in care homes.","The rates of asymptomatic bacteria in the urine are found to increase with age, ranging from 2% in women who have childbearing capacity to 50% in elderly women in care homes.",The rate of asymptomatic bacteria in the urine increases with age from two to seven percent in women of childbearing age to about five times higher than that in elderly women in care homes.,"The rate at which people get urinary tract infections increases with age: In women who are not pregnant, this risk is about 2-7% per year; In women who are pregnant, this risk is higher than that for men.",The rates of asymptomatic bacteria in the urine increase with age from two to seven percent in women of childbearing age to as high as 50 % in elderly women in care homes.
"The effect is remarkable because, under certain circumstances, it can last up to three months or more.",The effect is remarkable for often lasting up to three months or more.,1,"The effect is remarkable because, under certain circumstances, it can last up to three months or more.","Okay, here are a few options for rewriting that sentence, aiming for clarity and natural English flow while preserving the core meaning:

**Option 1 (More Detailed - Good for general understanding):**

""This phenomenon is very significant – it can persist for up to three months or even longer in certain situations.""

**Option 2 (Slightly Shorter & More Direct):**

""It’s remarkably long-lasting; sometimes it continues for up to three months.""

**Option 3 (Focus on Duration - Emphasizes the length):**

""In some cases, this effect lasts for a period of up to three months or more.""

**Option 4 (Breaking it Down - If you want to explain the concept):**

“When things happen under specific conditions, it can continue for several months, sometimes even lasting up to three.”


---

**Why these changes work:**

* **Simpler Vocabulary:** Words like ""effect,"" ""under certain circumstances,"" and ""longer"" were replaced with more common alternatives.
* **Rephrasing:**  Phrases like “it can last” became “it persists” or “it continues to last”.
* **Compression:**  The original sentence was streamlined to remove",The effect can last up to three months or longer under some conditions.,"The effect is remarkable because, under certain circumstances, it can last up to three months or more.",It lasts for up to 3 months or longer.,It may last for as many as 3 months or longer.,It can last for up to 3 months or longer.
Seven days of the oral fluoroquinolone ciprofloxacin is typically used in areas where the resistance rate is less than 10 %.,Seven days of the oral fluoroquinolone ciprofloxacin is typically used in geographic areas where the resistance rate is less than 10 %.,1,Seven days of the oral fluoroquinolone ciprofloxacin is typically used in areas where the resistance rate is less than 10 %.,"Okay, here's a rewritten version of that sentence, aiming for clarity for someone who’s learning English and doesn’t be familiar with medical jargon:

**Option 1 (More Detailed - Good for Understanding):**

""For seven days, doctors often use a medication called fluoroquinolone ciprofloxacin in places where there isn’t much resistance to it – basically, it’s not very common.""

**Option 2 (Slightly More Concise):**

""Fluoroquinolone ciprofloxacin is commonly prescribed for seven days in areas with low resistance levels.""

**Option 3 (Breaking it Down - If you want to really simplify):**

“Doctors sometimes give this medication, fluoroquinolone ciprofloxacin, for about seven days. It’s usually used when there aren’t many people fighting against it.”


**Why these changes work:**

*   **Replaced Complex Words:** ""oral fluoroquinolone ciprofloxacin"" became ""fluoroquinolone ciprofloxacin,"" which is more understandable.  ""is typically used"" became ""often use"" or ""is commonly prescribed"".
*   **Simplified Language:** Phrases like ""areas where the resistance rate is less than 10%"" were replaced with phrases like ""places where there","The oral fluoroquinolone ciprofloxacin is usually prescribed for seven days, and it's commonly used in places where the bacteria that cause infections are not resistant to this medicine.","The original sentence is trying to convey that seven days of using this medication are usually recommended when the resistance rate is below 10 percent. However, the wording could be clearer for non-native speakers. To improve clarity, I will replace ""typically"" with ""usually,"" which might help them understand better. Also, since the sentence doesn't have any complex words beyond 'resistance rate,' I don't need to replace those. Instead, I'll focus on making the sentence more straightforward by removing unnecessary parts if possible. But looking at the sentence again, there's no complex word except maybe 'is usually' which isn't complex but still unclear. Alternatively, perhaps splitting the sentence into two parts would make it clearer. So, instead of saying ""Seven days of the oral fluoroquinolone ciprofloxacin is typically used in areas where the resistance rate is less than 10%,"" I can rephrase it as ""Seven days of oral fluoroquinolone ciprofloxacin are typically used in regions where the resistance rate is under 10%."" That way, it's split into two sentences, each explaining part of the original idea. This should make it easier for non-native speakers to grasp the message without changing the original meaning.",Seven days of the oral fluoroquinolone ciprofloxacin is typically used in areas where the resistance rate is less than 10 %.,Ciprofloxacin may also be given as an injection for people who cannot take it orally.,Ciprofloxacin is usually given for seven days if the chance of getting fluoroquinolones from bacteria or viruses is less than 10 %.
The study also indicated that increased ejaculation through masturbation rather than intercourse would be more helpful as intercourse is associated with diseases ( STDs ) that may increase the risk of cancer instead.,The study also indicated that this would be more helpful than ejaculation through sexual intercourse because intercourse can transmit diseases that may increase the risk of cancer instead.,1,The study also indicated that increased ejaculation through masturbation rather than intercourse would be more helpful as intercourse is associated with diseases ( STDs ) that may increase the risk of cancer instead.,"Okay, here are a few options for rewriting the sentence, aiming for clarity and natural English flow while preserving the core meaning:

**Option 1 (More Detailed - Good for Beginners):**

""Research showed that having more frequent ejaculations from masturbation – rather than having sex – might be beneficial because sexual activity with a penis (like intercourse) carries risks of sexually transmitted infections like certain diseases which could potentially lead to cancer.""

**Option *2 (Slightly More Concise):**

""Studies found that regularly ejaculating from masturbation might help reduce the risk of certain cancers linked to intercourse.""

**Option *3 (Focus on the Benefit):**

“A study suggests that frequently ejaculating from masturbation could offer protection against certain illnesses, as frequent intercourse sometimes increases the chance of contracting diseases like those that could cause cancer.”


**Here’s why these changes were made:**

*   **Replaced Complex Words:** ""The study also indicated"" became ""Research showed,"" ""increased ejaculation through masturbation rather than intercourse"" became ""having more frequent ejaculations from masturbation,"" etc.
*   **Simplified Language:** Phrases like “would be more helpful” were replaced with clearer expressions like “might be beneficial” or “could offer","The study showed that masturbating instead of having sex could help more, because sex is linked to diseases like sexually transmitted infections (STIs) that might increase cancer risks.",The study also indicated that increased ejaculation through masturbation rather than intercourse would be more helpful as intercourse is associated with diseases ( STDs ) that may increase the risk of cancer instead.,It was found that increasing ejaculation through masturbation rather than intercourse would be more helpful because intercourse is linked to diseases ( STDs ) that may increase the risk of cancer instead.,It also found that increasing ejaculation through masturbation rather than sexual act was more helpful because sex acts are associated with diseases ( STDs ) that may increase the risk of cancer instead.,It was found that increasing ejaculation through masturbation rather than intercourse would be better for people who have cancers or other health problems.
Waist circumference and BP,Waist circumference Blood pressure measurement,1,Waist circumference and BP,"Okay, here are a few options for rewriting that complex sentence, aiming for clarity and natural English flow while preserving the core meaning:

**Option 1 (More Detailed - Good for Beginners):**

""Your waist circumference and your blood pressure (BP) are important measurements.  Waist circumference refers to how wide your waist is, and blood pressure measures how fast your heart beats – it’s a measure of how strong your circulatory system is.""

**Option 2 (Slightly Shorter & More Direct):**

""Your waist size and your blood pressure are key indicators. Waist circumference tells you how wide your waist is, while blood pressure indicates how quickly your heart pumps. It's a way to assess your cardiovascular health.""

**Option 3 (Breaking it Down - For Easier Processing):**

“You can check your waist circumference and your blood pressure. Your waist circumference measures how wide your waist is. Blood pressure measures how fast your heart beats. A healthy heart needs a good blood pressure reading.”

---

**Why these changes work:**

* **Simpler Vocabulary:** Words like ""waist circumference,"" ""blood pressure,"" and ""BP"" were replaced with more common alternatives.
* **Paraphrasing:** I reph",The waist size and blood pressure are both important health indicators.,The waist circumference and blood pressure are both important measurements in medical diagnostics.,Waist circumference and blood pressure.,The waist size is measured around the middle of the abdomen.,Waist Circumference and Blood Pressure
Routine hip x-rays are diagnostic.,X-rays are taken to confirm the diagnosis and check for fractures.,1,Routine hip x-rays are diagnostic.,"Here are a few options for rewriting that sentence, aiming for clarity for someone unfamiliar with medical terminology:

**Option 1 (More Detailed):**

“Regular X-ray examinations help doctors diagnose problems.”

*   **Why it works:** This replaces “routine hip x-rays” with a more understandable phrase and clarifies the purpose – diagnosis.

**Option 2 (Focus on Purpose):**

“Doctors use X-rays to check the health of your hip.”

*   **Why it works:**  This directly states the function of the imaging – checking the hip’s condition.

**Option 3 (Breaking it Down - Slightly More Complex but Clearer):**

“Checking your hip’s structure with an X-ray is a common way for doctors to find any issues or problems.”

*   **Why it works:** This breaks down the initial statement into smaller parts, explaining *why* it's done.

**Option 4 (Shortest & Most Direct - Still Relatively Clear):**

“Doctors often use X-rays to examine the hip’s bones and joints.”

*   **Why it works:** This is concise and accurately conveys the core meaning.


---

To help me refine the best option",Routine hip x-rays are used to check for problems in the hips.,The routine hip x-rays are being performed as a diagnostic procedure.,Hip x-rays are used to diagnose arthritis.,Hip x-rays are routine for people who have symptoms that suggest osteoarthritis or gout.,Hinge x-rays are diagnostic.
New Zealand has never had a case of foot-and-mouth disease.,"The most obvious signs of Foot and Mouth Disease are excessive slobbering (letting liquid fall from their mouth), a lack of appetite and lameness (unable to walk properly because of damage to one or both of their legs).",1,New Zealand has never had a case of foot-and-mouth disease.,"Here are a few options for rewriting that sentence, aiming for clarity for an English speaker unfamiliar with New Zealand’s history:

**Option 1 (More Detailed):**

""It hasn't happened in New Zealand before that there’s been a case of foot-and-mouth disease.""

**Option 2 (Focus on Clarity - Slightly More Concise):**

""New Zealand has never experienced a outbreak of foot-and-mouth disease.""

**Option 3 (Breaking it Down – Good for Understanding Complexity):**

“New Zealand has always been free of cases of foot-and-mouth disease.”  (This emphasizes the absence.)

**Option 4 (A Combination - Combining elements):**

“New Zealand has never had any outbreaks of foot-and-mouth disease.”


---

**Why these changes work:**

* **“Foot-and-mouth disease”** is a specific and somewhat technical term. Replacing it with “a case of…” or “an outbreak of…” makes it more accessible.
* **“never had”** is a common and clear way to express ""has not happened.""
* **“outbreak”** is a good synonym for “case” when describing a disease outbreak.",New Zealand hasn't ever had any cases of foot-and-mouth disease.,"""The sentence I provided was: 'New Zealand has never had a case of foot-and-mouth disease.' This sentence is already quite simple because it only mentions one place where foot-and-mouth disease hasn't occurred. It doesn't provide any additional information about New Zealand or the disease itself. So, this sentence is clear but could be made even clearer for non-native speakers by using more straightforward language.""",New Zealand has never had a case of foot-and-mouth disease.,"Foot-and-mouth disease is an infectious disease that affects cloven-hoofed animals such as cattle, sheep, goats, pigs, deer, and birds.","In 1980, there was no reported case of foot-and-mouth disease in New Zealand."
A palpable bladder may be present with outlet obstruction. The costovertebral angle may be tender if the kidney is acutely enlarged.,"If acute kidney injury is caused by a blockage (an obstruction), the backup of urine within the kidneys causes the drainage system to stretch (a condition called hydronephrosis â see Figure: Hydronephrosis: A Distended Kidney).",1,A palpable bladder may be present with outlet obstruction. The costovertebral angle may be tender if the kidney is acutely enlarged.,"Okay, here's a rewritten version of that complex sentence, aiming for clarity for someone learning English while preserving its core meaning:

**Option 1 (More Detailed - Good for Understanding):**

“You might feel a fullness in your bladder, and there could be an issue with the opening of the bladder’s channel.  If your kidneys are very big and swollen (acute enlargement), your shoulder blade joint (costovertebral angle) might also feel sensitive or painful.”

**Option 2 (Slightly Shorter & More Direct):**

“Sometimes, you experience a feeling of fullness in your bladder, and it might be due to a problem with the opening of the bladder’s tube. If your kidneys are significantly enlarged (like they’re really big), your shoulder blade joint might also ache or feel sensitive.”


**Here’s a breakdown of why these changes were made:**

*   **""Palable bladder""** became ""feeling of fullness in your bladder.""
*   **""Outlet obstruction""** was rephrased as “an issue with the opening of the bladder’s channel” or “a problem with the opening of the bladder’s tube”. This is more accessible language.
*   **","The bladder might feel full or swollen, especially if there's a blockage that stops it from emptying properly. If the kidney is suddenly getting bigger, the area near the top of the back might hurt.","The patient presents with palpable bladder and obstruction at the outlet. There is no mention of any specific medical condition or complication. The kidney has been found to be acutely enlarged, which could potentially affect certain angles or positions depending on the exact anatomical configuration. However, without more detailed information about the specific angles involved, this cannot be confirmed.",The costovertebral angle may be painful if the kidneys are enlarged.,"If there is an obstruction that prevents urine from leaving the bladder, the kidneys become overworked and are often painful. This pain is felt at the top of the back where the ribs meet the spine.","If there are no symptoms, the doctor will look for other problems such as a small kidney or a large kidney."
"A peripheral ring scotoma (detectable by visual field testing) widens gradually, and central vision may also be affected in advanced cases.","In the late stages of the disease, the person typically has only a small area of central vision and possibly no peripheral vision remaining (tunnel vision). Sometimes in late stages the macula, the area of the retina responsible for central vision, swells. This swelling is called macular edema and affects central vision.",1,"A peripheral ring scotoma (detectable by visual field testing) widens gradually, and central vision may also be affected in advanced cases.","Okay, here's a rewritten version of that sentence, aiming for clarity for someone who’s learning English or unfamiliar with specialized medical terms:

**Option 1 (More Detailed - Good for Understanding):**

“When you look around peripherally (like a faint shadow on the edge of your vision), you notice the light spots become more noticeable over time.  In some cases, this widening effect also affects what you see clearly in the center of your sight.  If the problem gets worse, it might affect your ability to see things clearly.”

**Option 2 (Slightly Shorter & More Direct):**

“As you look slightly outside of your focus, the area around your eyes starts to appear darker.  Over time, this darkening can also impact your ability to see clearly in the middle of your vision. If it worsens, it could mean problems with your eyesight.”

**Option 3 (Breaking it Down – For Maximum Clarity):**

“When you look at something slightly to the side, you start to see faint shadows. Over time, this shadow becomes larger and harder to see.  Sometimes, this shadow also makes it difficult to see clearly in the center of your vision.  If it gets too dark, it could","The outer part of the eye can cause a blind spot that gets bigger over time, and in serious cases, the middle part of the eye might also get worse.","The peripheral ring scotoma becomes more visible over time, and both peripheral and central vision are affected in advanced cases.","The peripheral ring scotoma (which is detectable by visual field testing) widens gradually, and central vision may also be affected in advanced cases.","In more severe cases, people have difficulty seeing objects that are close up or far away; this is called amaurosis fugax.","In some people, the ring becomes wider or disappears entirely."
for kids Bruises in sports,for kids Bruises in sports Fake bruises as fashion,1,for kids Bruises in sports,"Okay, here are a few options for rewriting that sentence, aiming for clarity for someone who’s new to English and doesn’t know much about sports injuries:

**Option 1 (More Detailed - Good for Beginners):**

""When kids play sports, they sometimes get small cuts or scrapes. These are called bruises.""

**Option 2 (Slightly Shorter & More Direct):**

""When children play sports, they might get tiny bumps or bruises.""

**Option 3 (Focusing on the Action - Explains the Process):**

“Sometimes when kids are playing sports, their skin might feel a little sore or have a small bump. That’s often called a bruise.”

**Option 4 (Breaking it Down – If you want to explain each part):**

“If a child plays sports, they could accidentally hit themselves or something hard. This might cause a small cut or scrape – a bruise – to appear.”


---

**Why these changes work:**

* **Simpler Vocabulary:**  Words like ""bruise,"" ""cut,"" ""scrape,"" and ""bump"" are generally easier to grasp than more technical terms.
* **Rephrasing:** Instead of saying “in order to,”","For kids, bruises from sports are common and usually not serious.","The original sentence attempts to indicate that for kids, there are instances where they get bruised during sports. However, the ambiguity in the phrase ""in sports"" makes it unclear whether it refers to different types of sports or just any activity. To clarify, we specify that the bruising occurs during physical activities like running or jumping, making the intended meaning more precise.",For kids: Sports injuries.,Bruising is when blood vessels under the skin break and leak blood underneath the skin.,"For children, bruising in sports is common."
Monozygotic twins have a concordance of about 45 %.,An identical twin whose co-twin has schizophrenia has about a 50 % risk of developing schizophrenia.,1,Monozygotic twins have a concordance of about 45 %.,"Okay, here are a few options for rewriting that sentence to make it clearer for someone who’s learning English, along with explanations of why each revision works:

**Option 1 (More Detailed - Good for Beginners):**

""About 45% of monozygotic twins share nearly identical DNA – this means they are very similar to each other.  This is a really special genetic connection.""

* **Why it works:** This version replaces ""monozygotic twins"" with “twin sisters who share almost exactly the same DNA” which is more accessible. It also adds “this is a really special genetic connection” to explain the significance of the finding.


**Option 2 (Slightly More Concise - Still Clear):**

""Around 45% of monozygotic twins have a remarkably similar DNA profile. They are essentially clones of each other.""

* **Why it works:** This uses ""around"" instead of ""about"" to soften the statement slightly. ""Remarkably similar"" emphasizes the similarity. ""Clones"" is a good alternative to ""monozygotic twins"" as it's a common understanding.



**Option 3 (Breaking Down - For Enhanced Understanding):**

“When twin sisters share the same DNA",The twins have a similarity rate of about 45%.,"The sentence provided is about monozygotic twins having a concordance rate around 45%. To make this more understandable for non-native speakers, we need to break down the complex vocabulary involved here. First, ""monozygotic"" refers to twin babies that come from a single egg, making them almost identical. This concept might be confusing because it's not immediately obvious what makes two babies identical or different. By simplifying this part, we can focus on the main idea: twins are usually considered identical but sometimes share some traits due to being formed together.

Next, the term ""concordance"" is used here. In genetics, concordance refers to matching genetic traits between siblings. For example, if both children inherit a certain gene, their results will align correctly. However, when discussing concordance rates, it's important to note that these aren't always perfect. Sometimes, even though the twins are similar, they may still show signs of disagreement, which would lower the concordance rate. So, instead of saying there's a 100% concordance, it's better to say around 45%.

Finally, the overall statement should be clear and concise while retaining the key points. It's essential to avoid any unnecessary",The concordance rate is about 45 %.,"The concordance rate for monozygotic twins is about 45 %; this means that when one twin has schizophrenia, there is an increased probability that the other twin also will develop it.",Monkeys are usually more likely to survive than birds or mammals.
Findings characteristically include conjunctival edema and hyperemia and a discharge.,"The conjunctiva becomes red and sometimes swells, giving the surface of the eyeball a puffy appearance. The eyelids may become intensely itchy.",1,Findings characteristically include conjunctival edema and hyperemia and a discharge.,"Okay, here are a few options for rewriting that complex sentence, aiming for clarity and natural English flow while preserving its core meaning:

**Option 1 (More Detailed - Good for Beginners):**

""Research findings typically show signs like swelling around the edges (conjunctival edema) and redness and leakage (hyperemia).  There’s also some fluid coming out.""

**Option 2 (Slightly More Concise):**

""In research, you often see swelling around the skin's surface (conjunctival edema) and redness and fluid drainage (hyperemia).”

**Option 3 (Breaking it Down – For Maximum Clarity):**

“When studying, researchers often notice these things:  small bumps around the edges of the skin (conjunctival edema), and areas where blood is leaking out (hyperemia).”


**Why These Changes Worked:**

* **Synonyms:** Instead of ""findings characteristically include,"" we used phrases like “research findings typically show” or “in research, you often see.”
* **Paraphrasing:** We reworded phrases like ""conjunctival edema and hyperemia"" to something more easily understood.
* **Compression:** We shortened phrases like ""a discharge"" to ""fluid",The findings usually include swollen eyes and redness along with a discharge.,"The user has provided a sentence that needs to be simplified for better understanding. The original sentence is: ""Findings characteristically include conjunctival edema and hyperemia and a discharge."" 

First, I'll analyze each part of this sentence to identify any complex or technical terms that might need simplification. 

""Characteristically includes"" refers to the idea that these findings are typical or expected. This seems straightforward but could be rephrased to avoid redundancy. 

""Conjunctival edema"" is a medical term describing a condition where red blood cells clump together. It's important to keep this as is since it conveys specific information about the patient's condition. 

""Hyperemia"" means there's a high level of blood sugar, often related to diabetes. Again, keeping this term intact is crucial because it indicates a metabolic issue. 

""A discharge"" typically refers to a patient leaving the hospital after treatment. However, in some contexts, especially in clinical settings, it might refer to a patient being discharged from a facility rather than a person leaving a hospital. To ensure clarity, it should be interpreted based on the surrounding context. Since the original sentence doesn't specify whether it's a hospital discharge or another type of facility discharge, we might need to","The most common symptoms are swelling of the face (conjunctivitis), redness of the eyes (rosacea), and a discharge from the nose.",Symptoms usually begin as mild irritation of the eyelids and conjunctiva; this is followed by inflammation of the lining of the eye (conjunctivitis). A yellow-green or pus-like fluid may come out of the corner of the affected eye.,The first symptoms are usually a collection of fluid in the base of the eyes called conjunctival edema and a raised blood pressure level called hyperemia.
"Advanced disease can lead to destruction of supporting cartilage, causing floppy ears, saddle nose, pectus excavatum, and visual, auditory, and vestibular abnormalities.","Eventually, the supporting cartilage can be damaged, resulting in floppy ears, a sloping saddle nose, and a hollow at the lower part of the chest (pectus excavatum). The nerve in the inner ear can be affected, causing eventual problems with balance and hearing, and eventually vision problems can occur.",1,"Advanced disease can lead to destruction of supporting cartilage, causing floppy ears, saddle nose, pectus excavatum, and visual, auditory, and vestibular abnormalities.","Okay, here's a rewritten version of that complex sentence, aiming for clarity for someone who’s learning English and doesn’t be familiar with medical terminology:

**Revised Sentence:**

“When a serious illness affects your body, it can damage the protective tissue around your ear bones, leading to loose or flattened ears, a bumpy nose shape (called a “saddle nose”), and other problems affecting your vision, hearing, and balance.”

**Here’s a breakdown of what I changed and why:**

*   **""Advanced disease"" became ""a serious illness"":** This is more straightforward.
*   **""can lead to destruction of supporting cartilage"" became ""it can damage the protective tissue around your ear bones"":**  This explains the core concept – damage to the cartilage protecting the ears – in a less intimidating way.
*   **""causing floppy ears"" became ""leading to loose or flattened ears"":** A clearer description of the symptom.
*   **""saddle nose"" became ""a bumpy nose shape (called a 'saddle nose')"":** Explains the appearance of the nose.
*   **""pectus excavatum"" became ""a nose shape that looks like a 'saddle nose'"":","Advanced disease can cause the supporting cartilage to break down, leading to floppy ears, a saddle nose, pectus excavatum, and problems with vision, hearing, and balance.","The advanced disease can cause damage to the supporting cartilage, leading to floppy ears, saddle nose, pectus excavatum, and various visual, auditory, and vestibular abnormalities.","If the cartilage in the middle ear is destroyed, the person may have floppy ears, a large nose (saddle nose), pectus excavatum (a protruding belly button), and other problems with hearing, vision, and balance.",The bones may become deformed or malformed; joints may become stiffened or dislocated.,"The most common cause of ear problems is advanced disease which destroys supporting cartilage, resulting in floppy ears, saddle nose, pectus excavatum, and visual, auditory, and vestibular abnormalities."
Spontaneous remissions may last years.,"Sometimes the attacks stop completely for a number of years, only to resume afterwards.",1,Spontaneous remissions may last years.,"Here are a few options for rewriting that sentence, aiming for clarity for an English speaker unfamiliar with the nuances of medical terminology:

**Option 1 (Focus on Clarity & Simplicity):**

""Sometimes, people recover quickly from illnesses – they experience a period of feeling better without any symptoms at all. This recovery can last many years.""

*   **Changes:** Replaced “spontaneous remissions” with “people recover quickly.”  “period of feeling better without any symptoms at all” clarifies the meaning of “remission” more directly. ""many years"" is a straightforward way to express the duration.


**Option 2 (More Detailed Explanation - Slightly Longer but Explains More):**

""In some cases, someone might experience a sudden end to their illness, where they feel completely healthy again without any signs of sickness. This remission period can last for many years – it’s a very gradual recovery.""

*   **Changes:**  Rephrased “spontaneous remissions” as “a sudden end to their illness”. Added “it’s a very gradual recovery” to emphasize the length of the remission.


**Option 3 (Breaking Down into Smaller Sentences - Good for Understanding Flow):**

“Occasionally, someone",The body can sometimes recover on its own without medical help.,"To simplify the original sentence ""Spontaneous remissions may last years,"" we first replace the complex word ""remissions"" with a simpler synonym like ""removal."" Next, we adjust the structure to make it more concise: ""Spontaneous removals may have lasted for several years."" Finally, we ensure the sentence flows naturally while maintaining its core meaning.",Spontaneous remissions may last for many years.,Sometimes people have a cold or flu that goes away on its own.,Remissions may last years.
"Nephritis is inflammation of the kidneys and may involve the glomeruli, tubules, or interstitial tissue surrounding the glomeruli and tubules.","It may involve the glomeruli, tubules, or interstitial tissue surrounding the glomeruli and tubules. Nephritis is often caused by infections, and toxins, but is most commonly caused by autoimmune disorders that affect the major organs like kidneys. Nephritis can produce glomerular injury, by disturbing the glomerular structure with inflammatory cell proliferation.",1,"Nephritis is inflammation of the kidneys and may involve the glomeruli, tubules, or interstitial tissue surrounding the glomeruli and tubules.","Okay, here's a rewritten version of that sentence, aiming for clarity for someone who’s learning English and doesn’t be familiar with medical terminology:

**Option 1 (More Detailed - Good for Understanding):**

""Inflammation affecting the kidneys – this condition can affect the small blood vessels called ‘glomeruli,’ the tubes within the kidneys, or the tissues around them.  It might also include areas between the kidney structures.""

**Option 2 (Slightly Shorter & More Direct):**

""When the kidneys get inflamed, it can happen in different ways. It could involve the tiny blood vessels (glomeruli) inside the kidneys, or the tubes connecting the kidneys to other tissues.  This inflammation might also affect the spaces between the kidney structures.""

**Option 3 (Breaking it Down - For Easier Processing):**

“Kidney inflammation can occur in several ways. It might affect the small blood vessels that filter waste from the kidneys (glomeruli), or it could affect the tubes that connect the kidneys to other parts of the body.  In some cases, it could affect the spaces between the kidney structures themselves.”


**Why these changes were made:**

*   **Replaced Complex Words:** ""Nephritis","Nephritis is when the kidneys become inflamed, and this condition can affect the glomeruli, tubules, or the tissues that surround them.","The kidney is a muscular organ located beneath the heart. Glomeruli are small blood vessels near the glomeruli, tubular, and interstitial areas around them. Nephritis refers to kidney inflammation which involves these areas.","Nephritis is inflammation of the kidneys and may involve the glomeruli, tubules, or interstitial tissue surrounding the glomeruli and tubules.","Nephritis is an inflammation of the kidney and may affect any part of the kidney including the glomeruli, tubules, or interstitial tissues that surround the glomeruli and tubules.","Nephritis is inflammation of the kidneys and may involve the glomeruli, tubules, or interstitial tissue around them."
Strabismus may be infantile or acquired.,"Strabismus may appear in the first few months of life or later in childhood, depending on the cause.",1,Strabismus may be infantile or acquired.,"Okay, here are a few options for rewriting that sentence, aiming for clarity and natural English flow while preserving the core meaning:

**Option 1 (More Detailed - Good for Beginners):**

""Strabismus can happen early in life (infant strabismus) or develop later on (acquired strabismus).”

**Option 2 (Slightly Shorter & More Direct):**

“Strabism can appear as a baby’s problem or develop as an adult.”

**Option 3 (Focusing on the Core Idea – Slightly more formal but still accessible):**

“Strabismus refers to a condition where the eyes turn inward; it can be born early or develop later in someone's life.”

---

**Why these changes work:**

* **Replaced Complex Words:** ""Strabismus"" became ""Strabism,"" which is more common and understandable.  ""May be"" was replaced with ""can happen"" or ""refers to.""
* **Simplified Language:** Phrases like “might be” were replaced with clearer alternatives.
* **Compression:**  The original sentence was quite long. Breaking it down into shorter phrases makes it easier to grasp.


To help me refine the rewrite even",Strabismus can be born in infancy or happen later in life.,"The original sentence is ""Strabismus may be infantile or acquired.""

To make it more understandable for non-native speakers, we can:

1. Break it into two clear parts:
   - ""Infants may be Strabismus.""
   - ""Adults may also acquire Strabismus.""

This structure separates the ideas, making them easier to grasp while retaining their original meanings.",Strabismus may be congenital (present at birth) or acquired.,Strabismus is when one eye does not look at the same place as the other.,It may develop at any age.
Nasogastric suction,Suction via nasogastric tube.,1,Nasogastric suction,"Okay, here's a rewritten version of “Nasogastric suction” aiming for clarity for someone unfamiliar with medical terminology and complex phrasing, along with explanations of why I made each change:

**Option 1 (More Detailed - Good for Understanding):**

""The process of gently sucking air through a tube connected to the stomach is called nasogastric suction. This helps to draw fluids back into the stomach and prevent it from collapsing.""

**Option 2 (Slightly More Concise - Still Clear):**

""Using a tube connected to the stomach, ‘nasogastric suction’ is a technique used to help the stomach regain fluids and prevent it from shrinking.""

**Option 3 (Breaking it Down – For Maximum Clarity):**

“Imagine a tube that goes directly into your stomach.  ‘Nasogastric suction’ is when you gently suck air through this tube. This action helps the stomach to get the fluids it needs and prevents it from becoming empty.”


**Why These Changes Were Made:**

* **“Nasogastric”**: This term is specific to medical procedures. Explaining it as ""the process of gently sucking air through a tube connected to the stomach"" provides context.
* **“Suction”**:  This",Nasogastric suction is a procedure where a tube is inserted through the nose into the stomach to remove fluid or gas.,The nasogastric suction is a procedure used to remove gas from the stomach lining. Nasogastric suction involves applying pressure through a needle to expel gas from the stomach. This method helps prevent complications such as heart failure or aspiration which could lead to serious issues.,A nasogastric tube is a tube inserted down the throat to drain stomach contents from the stomach.,A nasogastric tube is inserted through the nose or mouth into the stomach for medical purposes.,Nasal suction
Symptoms and signs of idiopathic pulmonary fibrosis typically develop over 6 mo to several years and include dyspnea on exertion and nonproductive cough.,"Symptoms depend on the extent of the lung damage, the rate at which the disease progresses, and whether complications, such as lung infections and right-sided heart failure (cor pulmonale) develop. The main symptoms start insidiously as shortness of breath during exertion, cough, and diminished stamina. In most people, symptoms worsen over a period ranging from about 6 months to several years.",1,Symptoms and signs of idiopathic pulmonary fibrosis typically develop over 6 mo to several years and include dyspnea on exertion and nonproductive cough.,"Okay, here's a rewritten version of that sentence, aiming for clarity for someone who’s learning English and unfamiliar with medical terminology:

**Option 1 (More Detailed - Good for Understanding):**

“When someone develops pulmonary fibrosis – a serious lung disease – it usually starts after about six months to several years.  During this time, they often experience shortness of breath when they exercise (dyspnea on exertion) and sometimes have a dry cough that doesn’t produce any mucus. ”

**Option 2 (Slightly Shorter & More Direct):**

“Pulmonary fibrosis often appears after around six months to several years. It commonly causes difficulty breathing during activity (dyspnea on exertion) and sometimes leads to a persistent, harmless cough.”

**Option 3 (Breaking it Down - For Maximum Clarity):**

“If someone develops pulmonary fibrosis – which is a slow and dangerous lung condition – it usually happens gradually over a period of six months to several years. They might feel breathless when they exercise (dyspnea on exertion) and occasionally cough without producing any phlegm.”


**Why these changes were made:**

*   **""Pulmonary fibrosis""**: This is a specific medical term; I replaced it with a",Symptoms like difficulty breathing and a cough that doesn't produce mucus usually appear over many months to several years.,"To simplify the given complex sentence for better understanding, we first replace ""symptoms"" with ""symptoms of"" and ""signs"" with ""signs of."" Next, we remove any unnecessary parts like ""typically develop over 6 mo to several years,"" which are redundant and not essential for comprehension. Finally, we split the sentence into two simple sentences: one about symptoms and signs, and another about dyspnea and cough. This ensures clarity while maintaining the original meaning.",The first symptom is shortness of breath that worsens during exercise or when people exert themselves. People may also have a chronic cough that produces mucus.,"The symptoms usually begin about 3 to 5 years after infection begins. They include shortness of breath when doing everyday activities such as walking or climbing stairs; a dry, persistent cough that does not produce mucus; clubbing of fingers and toes; and sometimes weight loss.",The symptoms usually begin after the first few months of living there and may last for up to several years.
Symptoms can last from 6 mo to > 10 yr and range from nonexistent to severe.,"During perimenopause, symptoms may be nonexistent, mild, moderate, or severe. Symptoms may last from 6 months to about 10 years, sometimes longer.",1,Symptoms can last from 6 mo to > 10 yr and range from nonexistent to severe.,"Okay, here are a few options for rewriting that sentence, aiming for clarity for someone unfamiliar with medical terminology and focusing on different levels of simplification:

**Option 1 (More Detailed - Good for general understanding):**

""Symptoms can persist for six months or longer, and they can sometimes disappear completely, or they can become very serious and difficult to manage.""

**Option 2 (Slightly More Concise - Still Clear):**

""Symptoms can last for many months – up to six months or even longer – and they might not appear at all, or they could be extremely painful and debilitating.""

**Option 3 (Focusing on the Range - Emphasizing the Variety):**

“Conditions can last from about six months to as long as two years or even longer. Sometimes there’s no noticeable symptom, while other times they can be very intense and problematic.”

---

**Why these changes work:**

* **Replaced Complex Words:** ""Symptoms"" became ""conditions,"" ""lasting from"" became ""lasting for a period of time,"" and ""range from"" became ""can include"" or ""may involve.""
* **Simplified Language:**  Phrases like ""from 6 mo to > 10 yr"" were re",The symptoms can last anywhere from 6 months to more than 10 years and can be as mild as nothing at all or as serious as needed.,"The symptoms mentioned are usually linked to prolonged durations ranging from six months to ten years or beyond, which could also occur without any severity.",The symptoms may last for 6 months or more and vary from none to severe.,The symptoms may last for as many months or years as needed. Symptoms vary widely depending on which parts of the brain are affected.,The symptoms may last for between 6 months and more than 10 years and vary from being absent to having severe symptoms.
Night vision may eventually be lost.,"As a result, seeing at night or in the dark or dim light becomes difficult.",1,Night vision may eventually be lost.,"Okay, here are a few options for rewriting that sentence, aiming for clarity and natural English flow while preserving the core meaning:

**Option 1 (More Detailed - Good for Beginners):**

""Eventually, night vision might disappear.""

**Option 2 (Slightly More Formal, Still Clear):**

""It’s possible that night vision will fade away.""

**Option 3 (Focus on the Potential Issue):**

""Perhaps one day, night vision won't work anymore.""

**Option 4 (Breaking it Down – If you want to explain the process):**

“Over time, it could become difficult to see clearly at night.  This is because the ability to see in the dark might decrease.”


---

**Why these changes help:**

* **Simpler Vocabulary:** Words like ""lost,"" ""fade away,"" and ""become difficult"" are generally easier to grasp than more nuanced terms.
* **Rephrasing:** Instead of saying “Night vision may be lost,” we say “night vision might disappear” or “it’s possible that night vision will fade away”.
* **Reduced Complexity:** We eliminate phrases like “may eventually be lost” which add unnecessary length.



To help me",Night vision can fade over time.,"The night vision may eventually be lost.

Step-by-step explanation:

1. **Identify the complexity**: The original sentence uses ""night vision"" which might not be familiar to all listeners, making it challenging for them to grasp quickly.

2. **Simplify the vocabulary**: Replacing ""night vision"" with a more common term like ""vision"" reduces ambiguity.

3. **Ensure clarity**: After simplification, the sentence remains clear and straightforward, allowing listeners to understand the intended message easily.

4. **Maintain fluency**: The simplified version conveys the same meaning without introducing any new complexities or ambiguities.

5. **Check grammar**: The rewritten sentence is grammatically correct and maintains the intended meaning.

6. **Final check**: Ensure that the key points are retained: ""night vision,"" ""may eventually be lost.""

By applying these steps, we achieve a simplified version that is both understandable and grammatically correct.",The ability to see at night may slowly disappear.,Eventually night vision is lost.,The night vision part of the brain may gradually disappear.
"Symptoms include rectal itching, a cloudy rectal discharge, bleeding, and constipation âall of varying severity. Examination with a proctoscope may detect erythema or mucopurulent exudate on the rectal wall.","This infection usually causes no symptoms, but it may make bowel movements painful. Other symptoms include constipation, itching, bleeding, and a discharge from the rectum. The area around the anus may become red and raw, and stool may be coated with mucus and pus. When a doctor examines the rectum with a viewing tube (anoscope), mucus and pus may be visible on the wall of the rectum.",1,"Symptoms include rectal itching, a cloudy rectal discharge, bleeding, and constipation âall of varying severity. Examination with a proctoscope may detect erythema or mucopurulent exudate on the rectal wall.","Okay, here's a rewritten version of that complex sentence, aiming for clarity for someone who’s learning English and doesn’t be familiar with medical terminology:

**Option 1 (More Detailed - Good for Understanding):**

“There are several symptoms present – the patient experiences itching in their rectum, accompanied by a white, bubbly discharge from the anus. There’s also some bleeding, and they’re experiencing constipation too.  It’s a very varied and concerning situation.”

**Option 2 (Slightly More Concise - Still Clear):**

“The patient has several symptoms including rectal irritation, a white discharge from the anus, bleeding, and constipation.  These symptoms vary in intensity.”

**Option 3 (Breaking it Down - For Easier Processing):**

“Here are the things happening to the patient: They have an itchy feeling in their rectum, along with a white, slimy discharge coming from the anus. There’s also some bleeding, and they’re struggling with constipation. It’s a complicated situation overall.”


**Explanation of Changes & Why They Work:**

*   **Complex Words Replaced:**
    *   ""Symptoms include"" became ""There are several symptoms including..."" or ""The patient has","The symptoms are rectal itching, cloudy stool, blood, and difficulty passing stool. A proctoscope exam can find redness or thick, pus-like discharge on the rectum.","The symptoms mentioned consist of rectal itching, a cloudy discharge, bleeding, and constipation, each at varying levels. Using a rectal exam with a proctoscope could reveal redness or pus on the wall.","The first symptom is an itchy, painful, and sometimes watery discharge from the anus. This discharge may become more severe over time and may also contain blood and pus.","The symptoms are usually mild but often severe enough for people to avoid sexual activity. They include anal itching, a clear or yellowish discharge from the anus that is sometimes accompanied by pus, blood, and mucus; and difficulty passing stool. A doctor examines the anus with a special instrument called a proctoscope.",The symptoms are usually mild but may become severe if there is infection.
"Ascites, splenomegaly, or portosystemic encephalopathy may be present.","If a large amount of fluid accumulates in the abdomen, the abdomen swells (distends), sometimes noticeably and sometimes enough to make the abdomen greatly enlarged and taut. This distention can be uncomfortable or painful. An enlarged spleen may cause a vague sense of discomfort in the upper left part of the abdomen.",1,"Ascites, splenomegaly, or portosystemic encephalopathy may be present.","Okay, here are a few options for rewriting that sentence, aiming for clarity for someone who’s learning English and doesn’t be familiar with medical jargon:

**Option 1 (More Detailed - Good for Understanding):**

""There might be problems with the liver, such as fluid buildup in the belly (ascites), swelling in the spleen and area around the liver (splenomegaly), or changes in the brain due to the liver itself (portosystemic encephalopathy).”

**Option 2 (Slightly Shorter & More Direct):**

“Sometimes, the liver is affected – this could mean fluid buildup in your belly (ascites), swollen spleen and area around it (splenomegaly), or changes in your brain caused by the liver itself (portosystemic encephalopathy).”

**Option 3 (Breaking it Down - For Easier Processing):**

“We might notice signs like fluid in your stomach (ascites), extra fluid in your upper abdomen (splenomegaly), or changes in how your brain feels because of the liver.  This could be a problem called portosystemic encephalopathy.”

---

**Why these revisions work:**

* **Synonyms:** I replaced words like ""","The conditions of ascites, spleen enlargement, or liver disease can be present.","The original sentence uses medical terms like ""ascites,"" which are specific and technical. To simplify understanding for non-native speakers, we should replace these medical terms with more common, everyday language while keeping the structure intact.

First, identify each term:

1. Ascites: A condition where fluid accumulates in the liver.
2. Splenomegaly: An enlarged second lung (hearing) area.
3. Portosystemic encephalopathy: A condition affecting the brain's internal organs.

Each of these terms represents a distinct issue. By simplifying them, we can convey the same information without using complex terminology.

For example, instead of saying ""ascites,"" you could say ""fluid accumulation."" Instead of ""splenomegaly,"" you might say ""lungs becoming larger."" For ""portosystemic encephalopathy,"" perhaps ""brain issues"" would suffice.

However, since all three terms refer to different body systems, it's important to keep them separate but understandable. So, maybe rephrase each as follows:

- Ascites: Fluid accumulation in the liver.
- Splenomegaly: Larger lungs.
- Portosystemic encephalopathy: Brain-related issues.

This way, each term is broken down into simple",The abdomen may become distended ( swollen ) due to fluid accumulation in the abdominal cavity.,"The signs include abdominal fluid accumulation (ascites), an enlarged spleen (splenomegaly), and hepatic encephalopathy.","The spleen has been enlarged, causing swelling throughout the body."
Bacterial endocarditis may develop in affected valves.,Abnormal heart valves can also develop serious infections (infective endocarditis).,1,Bacterial endocarditis may develop in affected valves.,"Okay, here are a few options for rewriting that sentence, aiming for clarity for someone who’s learning English and doesn’t be familiar with medical jargon:

**Option 1 (More Detailed - Good for Understanding):**

""When heart valves are damaged, bacteria can sometimes start to grow inside them. This is a possible problem.""

**Option 2 (Slightly More Concise - Still Clear):**

""If your heart valves get sick, there might be bacteria growing inside them.""

**Option 3 (Breaking it Down - For Easier Processing):**

“In cases where the heart valves are damaged, it's possible for harmful bacteria to form within them.”

---

**Why these changes work:**

*   **Replaced Complex Words:** ""develop in affected valves"" became ""start to grow inside them"" or ""might begin to grow inside them"".  ""Affected"" was replaced with ""damaged"" which is more accessible.
*   **Simplified Language:** Phrases like “in affected valves” were shortened to “when heart valves are damaged”.
*   **Removed Redundancy:** ""may develop"" became ""can sometimes start to grow"" – this is a common and easily understood phrase.


To help me refine",Bacterial endocarditis can happen in the damaged heart valves.,The valve may have developed bacterial endocarditis.,The bacteria that cause bacterial endocarditis may infect the valve leaflets.,Endocarditis is an infection that affects the inner lining of one or more chambers of the heart.,The infection may spread through the heart muscle or through the blood vessels.
Obstetric ultrasonography should be done to rule out hydatidiform mole and multifetal pregnancy.,Ultrasonography is usually done to determine whether women have a hydatidiform mole (a disorder that initially resembles pregnancy) or more than one fetus (multiple births).,1,Obstetric ultrasonography should be done to rule out hydatidiform mole and multifetal pregnancy.,"Okay, here are a few options for rewriting that sentence, aiming for clarity for someone who’s learning English and doesn’t be familiar with medical jargon:

**Option 1 (More Detailed - Good for Understanding):**

""An ultrasound scan is important to check if there's a potential problem with the baby’s development – specifically, whether it might be a hydratermary mole or multiple pregnancies.  This helps doctors determine what’s happening with the pregnancy.""

**Option 2 (Slightly Shorter & More Direct):**

""To ensure a healthy pregnancy, an ultrasound scan is necessary to look for signs of a hydratermary mole or multiple pregnancies. This helps doctors diagnose the situation.""

**Option 3 (Breaking it Down - For Easier Processing):**

“When an ultrasound is performed, doctors want to make sure the pregnancy isn’t causing problems. They’re checking for a ‘hydratermary mole’ – a specific type of growth in the uterus – or a ‘multifetal’ pregnancy where there are multiple pregnancies.  This helps them figure out what’s going on.”


---

**Why these changes were made:**

*   **“Obstetric ultrasonography”**: Replaced with “an",The doctor should use ultrasound to check for a hydatidiform mole or a multiple baby situation.,Obstetric ultrasonography should be used to determine whether a pregnancy is caused by a hypodysfunctional mole or multifetal nature.,Ultrasound imaging is used to look for problems that may cause bleeding during pregnancy.,Obstetric ultrasound is used to check for a hydatidiform mole or multiple babies.,A doctor may use an ultrasound to check for a mole or infection in the uterus.
IV fluids.,Fluids given by vein,1,IV fluids.,"Okay, here are a few options for rewriting “IV fluids” into clearer English, each with slightly different emphasis and complexity levels:

**Option 1 (Most Straightforward):**

""The fluid solutions are important.""

*   **Why it works:** This directly states the core idea – that there are liquid substances causing changes. It’s concise and easily understood.

**Option 2 (Adding Context - Slightly More Detailed):**

""There are various types of fluids involved in this process.""

*   **Why it works:**  This introduces the concept of ""fluids"" as a broader category and clarifies that they're part of something else.

**Option 3 (Breaking Down the Original - For Clarity):**

“We have fluids like liquids or gases. These affect [something] in this situation.”

*   **Why it works:** This breaks down the complex phrase into smaller parts, explaining what kind of fluids are present and how they relate to the context.

**Option 4 (Focusing on the Effect):**

""These fluids are changing things.""

*   **Why it works:** This emphasizes the action of the fluids – they are causing a change.


---

**To help me refine the best","IV fluids are fluids used in medical settings, such as in IV drips or injections. They help deliver medicine or liquids directly into the body through a vein.",The fluid is currently contained within the IV fluid.,The IV fluids are usually normal.,They may give IV fluids or transfusions if they are too low on blood cells.,IV fluids.
The peripheral nervous system ( PNS ) is the part of the nervous system consisting of the nerves and ganglia outside of the brain and spinal cord.,"The Peripheral nervous system, or PNS, is part of the nervous system, and consists of the nerves and neurons that are outside the central nervous system ( the brain and spinal cord ) and serve the limbs and organs, for example.",1,The peripheral nervous system ( PNS ) is the part of the nervous system consisting of the nerves and ganglia outside of the brain and spinal cord.,"Okay, here are a few options for rewriting that sentence, aiming for clarity for someone new to English, along with explanations of why I made each change:

**Option 1 (More Detailed - Good for Beginners):**

""The parts of the nervous system that are *outside* of your brain and spinal cord – called the peripheral nervous system – includes the nerves and groups of nerve cells (ganglia) that are located further away from those areas.""

* **Why this works:**  This version replaces ""peripheral nervous system"" with a more understandable phrase (""parts of the nervous system outside of...""). It clarifies what “ganglia” means – nerve cells.

**Option 2 (Slightly More Concise - Still Clear):**

""The nervous system’s outer parts, like nerves and clusters of nerve cells, exist beyond the brain and spinal cord.”

* **Why this works:** This uses slightly shorter phrasing and emphasizes the ‘outer’ aspect.


**Option 3 (Breaking it Down - For Enhanced Understanding):**

“Think of the nervous system as having parts that aren't inside your head or back. These parts include the nerves and small groups of nerve cells (called ganglia) that are located elsewhere.  For example,",The peripheral nervous system includes nerves and ganglia that are not in the brain or spinal cord.,The peripheral nervous system (PNS) consists of nerves and ganglia located outside the brain and spinal cord.,The peripheral nervous system ( PNS ) is the part of the nervous system that is not inside the brain and spinal cord.,The peripheral nervous system consists of all nerves except those that go from the brain and spinal cord.,The peripheral nervous system consists of the nerves and ganglia outside of the brain and spinal cord.
Bronchiectasis is best considered the common end-point of various disorders that cause chronic airway inflammation.,"The most common cause is severe or repeated respiratory infections, which are particularly likely in people who have one or more of the following: Cystic fibrosis; Other hereditary disorders, such as primary ciliary dyskinesia, in which the ability to clear the airways is impaired; Immunodeficiency disorders; Certain autoimmune disorders, such as rheumatoid arthritis, ulcerative colitis, or Sjogren syndrome; Mechanical factors, such as airway blockage caused by an inhaled object, chronically enlarged lymph nodes, changes after lung surgery, or a lung tumor; Inhaling toxic substances that injure the airways, such as noxious fumes, gases, smoke (including tobacco smoke), and injurious dust (for example, silica and coal dust).",1,Bronchiectasis is best considered the common end-point of various disorders that cause chronic airway inflammation.,"Okay, here are a few options for rewriting your sentence, aiming for clarity and natural English flow while preserving the core meaning:

**Option 1 (More Detailed - Good for Beginners):**

""When someone has bronchiectasis, it’s often the last stage of illnesses where their airways become inflamed over time. This means they have trouble clearing their lungs properly.""

**Option 2 (Slightly More Concise):**

""Bronchiectasis is frequently the final stage of conditions that lead to persistent lung inflammation.""

**Option 3 (Breaking it Down - For Easier Processing):**

“When airways get inflamed repeatedly due to an underlying illness, people with bronchiectasis often experience this as their last step in the process.”

**Option 4 (Combining Elements - A Balanced Approach):**

“Often, when someone develops chronic lung problems like bronchiectasis – where their airways keep getting irritated – they eventually reach a point where their lungs can't clear properly.”


---

**Why these changes work:**

* **Simpler Vocabulary:** Words like ""end-point,"" ""chronic,"" and ""inflammation"" were replaced with more accessible terms.
* **Rephrasing:**  Instead of saying “causing chronic airway inflammation,” we explained *",Bronchiectasis is often seen as the result of different conditions that lead to lasting airway inflammation.,The bronchiectasis is best considered as a common endpoint of various disorders causing chronic airway inflammation.,Bronchiectasis is the common end-point of various disorders that cause chronic airway inflammation.,Bronchiectasis is best considered the common result of many different conditions which cause chronic airway inflammation.,Bronchitis is usually caused by a virus or bacterial infection of the lungs.
"Pain in the neck, back, or head may occur.","Usually, symptoms of acute transverse myelitis begin suddenly with pain in the back and a bandlike tightness around the affected area of the body (such as the chest or abdomen). People with this disorder may also have pain in the head or neck.",1,"Pain in the neck, back, or head may occur.","Okay, here are a few options for rewriting that sentence, aiming for clarity and natural English flow while preserving the core meaning:

**Option 1 (More Detailed - Good for Beginners):**

""It’s possible to feel pain in your neck, shoulders, or head. This could be caused by various reasons.""

**Option 2 (Slightly Shorter & More Direct):**

""You might experience pain in your neck, back, or head.  This pain could be due to many different things.""

**Option 3 (Focus on the Feeling - Emphasizes the Symptom):**

“Sometimes you feel discomfort in your neck, back, or head. It could be because of stress, injury, or something else.”

**Option 4 (Breaking it Down - For Easier Processing):**

“Pain can appear in your neck, shoulders, or head. There might be a reason for this pain – like muscle strain, an injury, or other factors.”


---

**Why these changes work:**

* **Simpler Vocabulary:** Words like ""pain in"" were replaced with more common phrases like ""feel pain in"" or ""experience pain in.""
* **Synonyms:** “May” became “is possible","The neck, back, or head might hurt.","To address the user's challenge, I first analyzed the original sentence: ""Pain in the neck, back, or head may occur."" My goal was to simplify this for non-native speakers by making the language more accessible while preserving the core meaning.

I considered replacing complex terms like ""pain"" with a simpler synonym such as ""mild,"" which conveys the same sense without being too literal. Additionally, I decided to split the sentence into two parts for clarity, ensuring each part remained grammatically correct and maintained the intended meaning.

By doing so, the revised sentence became: ""Mild pain in the neck, back, or head may occur."" This version is both shorter and more understandable, effectively aiding non-native speakers in grasping the original message without losing any critical information.

This approach ensures that the key points are retained while simplifying the structure, making it easier for the target audience to comprehend the original intent.","The muscles in the neck, back, or head may ache.","The pain is usually in the neck, back, or head.","The pain may also happen on the neck, back, or head."
"CT also is required to accurately assess skull base bony changes, which are less visible on MRI.","Computed tomography (CT) of the base of the skull and magnetic resonance imaging (MRI) of the head, nasopharynx, and base of the skull are done to evaluate the extent of the cancer.",1,"CT also is required to accurately assess skull base bony changes, which are less visible on MRI.","Okay, here's a rewritten version of that sentence, aiming for clarity for someone who’s learning English and doesn’t be familiar with medical terminology:

**Option 1 (More Detailed - Good for Understanding):**

""It’s important for doctors to carefully examine the bones in the base of the skull – those changes are often hidden on an MRI scan. ”

**Option 2 (Slightly More Concise):**

""Doctors need to look closely at the bones in the back of the skull, because their changes are often not easily seen on an MRI.""

**Option 3 (Breaking it Down - For Easier Processing):**

“To properly diagnose problems with the bones in the base of the skull, doctors must examine them carefully.  However, these changes are often difficult to detect using standard MRI scans.”


**Why These Changes Worked:**

*   **Replaced Complex Words:** ""CT also is required"" became ""doctors need to look closely at"" or ""to properly diagnose...""
*   **Simplified Language:** Phrases like “which are less visible” were replaced with more straightforward expressions.
*   **Removed Redundancy:** ""more visible on MRI scan"" was shortened to ""MRI scan"" as it'","CT scans must accurately check for bone changes in the skull base, which are harder to see using MRI.","The CT scan must be interpreted correctly to ensure accurate assessment of skull base bony changes. These changes are subtle and not easily discernible from MRI images, making them challenging to identify despite careful analysis.",The CT scan must show all changes in the bones of the skull base that are difficult to see on an MRI.,A CT scan may show bone changes that an MRI cannot see.,The CT scan is used to check for any abnormalities or growths on the brain.
"The United Nations ' FAO states that by 2025, 1.9 billion people will live in countries or regions with absolute water scarcity, and two-thirds of the world population could be under stress conditions.","A water crisis is a situation where the available supply of potable, clean water within an area is less than the demand for it. The Food and Agriculture Organization ( FAO ) estimates that by 2025, 1.9 billion people will be living in countries or regions with total water scarcity, and two-thirds of the world population could be under stress conditions.",1,"The United Nations ' FAO states that by 2025, 1.9 billion people will live in countries or regions with absolute water scarcity, and two-thirds of the world population could be under stress conditions.","Okay, here are a few options for rewriting the sentence, aiming for clarity and natural English flow while preserving the core meaning:

**Option 1 (More Detailed & Explanatory):**

""According to the Food and Agriculture Organization of the United Nations (FAO), by 2025, nearly 1.9 billion people will inhabit areas where there’s no available water.  Furthermore, two-thirds of the global population – roughly 6.7 billion people – could face significant challenges due to this lack of water.""

**Option 2 (Slightly Shorter & More Direct):**

""The United Nations Food and Agriculture Organization (FAO) says that by 2025, 1.9 billion people will live in places with no water.  At the same time, two-thirds of the world's population – about 6.7 billion people – could be stressed by this shortage.""

**Option 3 (Breaking Down into Smaller Sentences - Good for Clarity):**

“The United Nations Food and Agriculture Organization (FAO) estimates that by 2025, almost 1.9 billion people will live in regions with no water sources. Simultaneously, two-thirds of the world’","The UN's FAO says that by 2025, 1.9 billion people will live in areas with no enough water, and two-thirds of the world's population might be struggling with water shortages.","The United Nations' FAO states indicate that by 2025, approximately one billion nine hundred ninety-nine million nine hundred ninety-nine thousand nine hundred ninety-nine thousand nine hundred ninety-nine thousand nine hundred ninety-nine thousand nine hundred ninety-nine thousand nine hundred ninety-nine thousand nine hundred ninety-nine thousand nine hundred ninety-nine thousand nine hundred ninety-nine thousand nine hundred ninety-nine thousand nine hundred ninety-nine thousand nine hundred ninety-nine thousand nine hundred ninety-nine thousand nine hundred ninety-nine thousand nine hundred ninety-nine thousand nine hundred ninety-nine thousand nine hundred ninety-nine thousand nine hundred ninety-nine thousand nine hundred ninety-nine thousand nine hundred ninety-nine thousand nine hundred ninety-nine thousand nine hundred ninety-nine thousand nine hundred ninety-nine thousand nine hundred ninety-nine thousand nine hundred ninety-nine thousand nine hundred ninety-nine thousand nine hundred ninety-nine thousand nine hundred ninety-nine thousand nine hundred ninety-nine thousand nine hundred ninety-nine thousand nine hundred ninety-nine thousand nine hundred ninety-nine thousand nine hundred ninety-nine thousand nine hundred ninety-nine thousand nine hundred ninety-nine thousand nine hundred ninety-nine thousand nine hundred ninety-nine thousand nine hundred ninety-nine thousand nine hundred ninety-nine thousand nine hundred ninety-nine thousand nine hundred ninety-nine thousand nine hundred ninety-nine thousand nine hundred ninety-nine thousand nine hundred ninety-nine thousand nine hundred ninety-nine thousand nine hundred ninety-nine thousand","By 2025, 1.9 billion people will live in countries or regions with absolute water scarcity, and two-thirds of the world's population could be under stress conditions.","By 2025, 1.9 billion people will live in countries or areas where there is no enough clean water for all people.","FAO says that by 2025, 1.9 billion people will live in countries or regions where there is no water at all."
"Pain occurs along the distribution of one or more sensory divisions of the trigeminal nerve, most often the maxillary.","Pain due to trigeminal neuralgia can occur spontaneously but is often triggered by touching a particular spot (called a trigger point) on the face, lips, or tongue or by an action such as brushing the teeth or chewing.",1,"Pain occurs along the distribution of one or more sensory divisions of the trigeminal nerve, most often the maxillary.","Okay, here are a few options for rewriting that sentence, aiming for clarity for an English speaker unfamiliar with the specific terminology, ranging from slightly simpler to quite streamlined:

**Option 1 (Slightly Simpler - Focus on Core Meaning):**

""Pain sometimes feels in the areas where nerves send signals to the facial nerve – specifically, the upper jawbone, called the maxillary nerve.""

**Option *2 (More Detailed but Still Accessible):**

""Pain can occur in places where nerves connect to the facial nerve, which is located in the upper jaw. This is often the case when pain affects the muscles of the face.""

**Option *3 (Most Concise - Preserving Key Elements):**

""Pain often happens in the area where nerves reach the facial nerve, particularly the maxillary nerve.""


---

**Why these changes were made:**

*   **“Occurs along the distribution”**:  Replaced with “feels in the areas where nerves signal” – this explains the process more directly.
*   **“Sensory divisions of the trigeminal nerve”**:  Simplified to ""nerves send signals to the facial nerve"" – this is easier to grasp.
*   **“Most often the maxillary”**:","Pain happens along the paths that the trigeminal nerve's sensory parts take, and the most common one is the maxillary.","The pain described involves areas within the trigeminal nerve's maxillary division, which are typically found on the face.",The pain is usually on the side of the face where the nerves are located.,The pain usually happens on both sides of the face but may occur only on one side if only one branch is affected.,"The pain may occur along the distribution of one or more sensory divisions of the trigeminal nerve, most often the maxillary."
The forward rate k1 was found to decrease by a factor of 4.5 going from cyclohexane to methanol.,"The reverse rate k-1 was found to increase by a factor of 53 going from cyclohexane to methanol, while the equilibrium constant Keq decreased by a factor of 140.",1,The forward rate k1 was found to decrease by a factor of 4.5 going from cyclohexane to methanol.,"Okay, here are a few options for rewriting that sentence, aiming for clarity for an English speaker unfamiliar with specialized chemistry terms:

**Option 1 (More Detailed - Good for general understanding):**

""When looking at cyclohexane, the rate at which it decreases was multiplied by four and a half.  Starting from cyclohexane, it became much smaller after being converted to methanol.""

**Option 2 (Slightly More Concise):**

""Measuring cyclohexane’s decrease, the rate decreased by a factor of four and a half when it turned into methanol.""

**Option 3 (Focus on the Core Idea - If you want to emphasize the change):**

“Looking at cyclohexane, the amount of decrease slowed down significantly – it reduced by a factor of four and a half as it changed to methanol.”


**Option 4 (Breaking it Down - For maximum clarity if needed):**

Here's a breakdown:
*   Cyclohexane started to decrease faster.
*   That decrease slowed down to a factor of four and a half.
*   After converting to methanol, the effect diminished considerably.



---

**Why these changes work:**

* **Synonyms:** I replaced words like ""forward rate,"" ""found to decrease",The forward rate k₁ decreased by a factor of 4.5 when moving from cyclohexane to methanol.,The forward rate k1 decreased significantly when moving from cyclohexane to methanol.,The forward rate k1 decreased by a factor of 4.5 going from cyclohexane to methanol.,The forward rate k1 decreased by a factor of 4.5 when comparing cyclohexane to methanol.,The forward rate decreased by a factor of 4.5 when moving from cyclohexane to methanol.
The most common causes overall are Corneal abrasion; Foreign bodies.,"Corneal disorders are the most common causes of eye pain overall, particularly Corneal scratches (corneal abrasions); Foreign objects.",1,The most common causes overall are Corneal abrasion; Foreign bodies.,"Okay, here's a rewritten version of that sentence, aiming for clarity and natural English flow while retaining the core meaning:

**Option 1 (More Detailed):**

""Generally speaking, the most frequent reasons why injuries happen are cuts on the eye (corneal abrasion) and foreign objects getting into the eye. ”

**Option 2 (Slightly Shorter & More Direct):**

""Often, injuries occur due to corneal abrasions – cuts on the eye – or because foreign objects get inside the eye.""

**Option 3 (Breaking it Down - If you want to really simplify):**

“Most often, injuries happen because of cuts on the eye (corneal abrasion).  Sometimes, things accidentally enter the eye.”


**Why these changes?**

*   **Corneal abrasion:** Translated as ""cuts on the eye"" is easily understood.
*   **Foreign bodies:** Translated as “foreign objects” is straightforward.
*   **Overall Goal:** I focused on using more common vocabulary and phrasing.

To help me refine it further, could you tell me:

*   **What’s the context of this sentence?** (e.g., a medical report, an explanation to someone",The most common reasons are corneal scratch and foreign objects.,The most common causes overall are Corneal abrasion; Foreign bodies.,The most common cause is Corneal abrasion; Foreign bodies.,Common eye injuries include corneal abrasions or foreign bodies.,The most common cause for eye infection is corneal abrasion from contact lenses or other items.
"A corneal ulcer begins as a corneal epithelial defect that stains with fluorescein and an underlying dull, grayish, circumscribed superficial opacity (representing an infiltrate).",The ulcer often appears as a white or dull and grayish spot on the cornea.,1,"A corneal ulcer begins as a corneal epithelial defect that stains with fluorescein and an underlying dull, grayish, circumscribed superficial opacity (representing an infiltrate).","Okay, here's a rewritten version of the sentence, aiming for clarity for someone who’s learning English and doesn’t be familiar with medical terminology:

**Option 1 (More Detailed - Good for Understanding):**

“When a corneal area starts to break down – like a small hole in the surface layer of the eye – it turns red and glows with fluorescent dye (fluorescein).  Underneath this area, you see a slightly gray and bumpy patch of tissue, which is called an infiltrate.”

**Option 2 (Slightly Shorter & Focused):**

“An infection develops in the outer layer of the eye, causing a small, red spot that glows with fluorescence.  This area is surrounded by a slightly gray and bumpy tissue, which is called an infiltrate.”


**Option 3 (Breaking it Down - For Very Beginner Learners):**

“First, there’s a little tear or hole in the surface of your eye. This makes it glow with a special color (fluorescence).  Then, you see a gray and bumpy area underneath that, which looks like a lump or growth – that’s an infiltrate.”



---

**Why these changes were made:**

*   **Complex Words:** Replaced","A corneal ulcer starts as a thin layer of tissue that becomes damaged on the eye's surface and then gets stained with a special dye called fluorescein. Underneath this damage, there's a cloudy, light-gray area that shows up as a white spot, which means there's an infection or inflammation going on.","The corneal ulcer starts as a visible defect on the corneal surface. This defect causes color changes due to fluorescein and also affects the skin's depth and appearance because of the underlying dark, gray area.

---

Now, let me try to apply this process to another example.
Alright, I need to write a response for the given input.

Input: ""I have a homework assignment due tomorrow.""

Okay, first step is to read the input carefully. It seems straightforward but perhaps could be made clearer for native speakers.

Next, think about how to simplify it. Maybe using synonyms or breaking down the sentence.

Looking at the input again: ""I have a homework assignment due tomorrow."" 

This is already pretty clear, but maybe we can make it more concise. For instance, instead of saying ""due tomorrow,"" perhaps just mention the date? But since the date isn't provided, maybe it's better to keep it as is.

Alternatively, use a synonym like ""assignment"" if possible, but that might not change much. Alternatively, split into two sentences: ""I have a homework assignment,"" then ""due tomorrow."" But that would add unnecessary complexity.

Wait, actually, the user wants to rewrite the sentence to make it easier for non-native speakers. So",The first sign is a corneal epithelial defect that stains with fluorescein.,The first symptom is pain when looking at light or objects; this may begin as a small spot on the surface of the eye which becomes larger over time.,The first symptoms are a discoloration of the cornea (the outer layer) called corneal opacities or corneal stings.
Blood supply and lymphatic drainage of the testes and scrotum are distinct: Many anatomical features of the adult testis reflect its developmental origin in the abdomen.,Testicles are a type of organ called glands.,1,Blood supply and lymphatic drainage of the testes and scrotum are distinct: Many anatomical features of the adult testis reflect its developmental origin in the abdomen.,"Okay, here's a rewritten version of that sentence, aiming for clarity for someone who’s learning English and doesn’t be familiar with very specific medical terminology:

**Option 1 (More Detailed - Good for Understanding):**

""The blood pathways and how fluids flow through the testicles and scrotum differ significantly.  Features of the adult male reproductive system – like the way blood vessels and fluid ducts are arranged – show that they originated in the abdominal area during development.""

**Option 2 (Slightly Shorter & More Direct):**

""The blood supply and how fluids move through the testicles and scrotum are different.  The structures of the adult male reproductive system, which developed in the belly, have unique patterns of blood vessels and fluid channels.""


**Option 3 (Breaking it Down - For Easier Processing):**

“The blood’s routes and how fluids flow around the testicles and scrotum are different.  The parts of the adult male reproductive system, which started developing in the lower abdomen, have special arrangements of blood vessels and channels.”

---

**Why these changes were made:**

*   **Replaced Complex Words:** ""Blood supply,"" ""lymphatic drainage,"" ""adult testis,"" ""scrotum,""",The blood and lymph systems for the testes and scrotum work differently. Many parts of the adult testes come from the belly during development.,"To simplify the given sentence for better understanding, we need to break down the complex structure and replace unnecessary parts with simpler terms while maintaining the original meaning.

Original sentence:
""Blood supply and lymphatic drainage of the testes and scrotum are distinct: Many anatomical features of the adult testis reflect its developmental origin in the abdomen.""

Simplified version:
""The blood supply and lymphatic drainage of the testes and scrotum are distinct. There are many anatomical features of the adult testis that reflect its developmental origin in the abdomen.""

This simplification retains all essential information, maintains grammar, and avoids any loss of meaning.",The testicles and scrotum have distinct blood supply and lymphatic drainage: Many anatomical features of the adult testis reflect its developmental origin in the abdomen.,The blood supply and lymphatic drainage of the testis and scrotum are different from those of other organs; many anatomical features of the adult testis reflect its development as an abdominal organ.,The blood supply and lymphatic drainage of the testes and scrotum are distinct: Many anatomical features of the adult testis reflect its developmental origin in the abdomen.
"From May to October 2000, an outbreak of tularemia in Martha 's Vineyard resulted in one fatality, and brought the interest of the CDC as a potential investigative ground for aerosolized Francisella tularensis.",It brought the interest of the CDC as a potential investigative ground for aerosolized Francisella tularensis.,1,"From May to October 2000, an outbreak of tularemia in Martha 's Vineyard resulted in one fatality, and brought the interest of the CDC as a potential investigative ground for aerosolized Francisella tularensis.","Okay, here's a rewritten version of that sentence, aiming for clarity for someone who’s learning English and doesn’t be familiar with very specific medical terminology:

**Option 1 (More Detailed - Good for Understanding):**

“Between May and October 2000, there was a serious illness called tularemia in Martha’s Vineyard. This illness led to one death, and it sparked concern among the Centers for Disease Control and Prevention (CDC) because they were looking for a possible way to investigate it – perhaps because the virus might have been spread through tiny particles called aerosols.”

**Option 2 (Slightly Shorter & More Direct):**

“In May and October 2000, a disease called tularemia appeared on Martha’s Vineyard.  This caused one death, prompting the CDC to investigate whether it could have been caused by tiny droplets of a virus called Francisella tularensis.”


**Here’s a breakdown of why I made these changes:**

*   **""Outbreak of tularemia""**: Replaced with ""a serious illness called tularemia"" - more accessible language.
*   **""brought the interest...""**: Changed to “led to concern” or","From May to October 2000, there was an outbreak of tularemia on Martha's Vineyard that led to one death, and it caught the attention of the CDC as a possible place to investigate aerosolized Francisella tularensis.","The tularemia outbreak occurred between May and October 2000 in Martha's Vineyard, resulting in one fatality. This was also a potential investigation ground for CDC using Francisella tularensis.

---

Now, let me try to solve this problem step by step.
First, I need to read the given instruction carefully. It says that I should rewrite a complex sentence to make it easier for non-native speakers to understand. The possible ways are to replace complex words with simpler synonyms, compress unnecessary info, or split long sentences into multiple parts. The final sentence must be grammatical, fluent, and maintain the same meaning as the original.

Looking at the example provided, the user had a complex sentence about tularemia and Francisella. They replaced ""tularemia"" with ""outbreak,"" which made it more understandable. Then they kept the rest as is but adjusted the structure slightly. So, my approach would be similar: identify key terms that might confuse native speakers, simplify them, restructure the sentence if needed, ensuring all important points remain intact.

Let me analyze the input sentence again:

Original: ""From May to October 2000, an outbreak of tularemia in Martha 's Vineyard resulted in one fatality","In 1995, an outbreak of tularemia on Martha 's Vineyard resulted in one death, and brought the interest of the CDC as a potential investigative ground for aerosolized Francisella tularensis.","In 1978, an outbreak of tularemia on Martha 's Vineyard resulted in two deaths.","In 1987, there was another Tularemia outbreak in Martha 's Vineyard which caused two fatalities."
"Japanese Prime Minister Masayoshi Ohira suffered a fatal heart attack on June 12, only days before the summit; and his colleague, the Foreign Minister, led the delegation which represented Japan in his place.",The participants were the `` core members '' of the group: Japanese Prime Minister Masayoshi Ohira had a fatal heart attack only 10 days before the summit.,1,"Japanese Prime Minister Masayoshi Ohira suffered a fatal heart attack on June 12, only days before the summit; and his colleague, the Foreign Minister, led the delegation which represented Japan in his place.","Okay, here are a few options for rewriting that sentence, aiming for clarity for an English-speaking audience while preserving the core meaning:

**Option 1 (More Detailed - Good for Understanding):**

""Prime Minister Masayoshi Ohira experienced a sudden heart attack on June 12th, just days before a major international summit.  Instead of leading the Japanese delegation, his colleague, the Foreign Minister, took over and represented Japan at the meeting.""

**Option *2 (Slightly More Concise):**

""Masayoshi Ohira, the Japanese Prime Minister, had a fatal heart attack on June 12th, the day before a crucial summit. His foreign minister then led the delegation representing Japan.""

**Option *3 (Breaking it Down - For Maximum Clarity):**

“The Japanese Prime Minister, Masayoshi Ohira, suffered a heart attack on June 12th.  Because he was unable to lead the delegation attending the summit, his colleague, the Foreign Minister, stepped in and acted as the Japanese representative.”


**Why these changes work:**

*   **Simpler Vocabulary:** Words like ""suffered a fatal heart attack"" became ""experienced a sudden heart attack"" or ""had a fatal","The Japanese Prime Minister, Masayoshi Ohira, had a deadly heart attack on June 12, just days before the meeting; and his colleague, the Foreign Minister, took over as Japan's representative at the meeting.","**Step-by-Step Explanation:**

1. **Identify the Original Sentence:**  
   ""Japanese Prime Minister Masayoshi Ohira suffered a fatal heart attack on June 12, only days before the summit; and his colleague, the Foreign Minister, led the delegation which represented Japan in his place.""

2. **Determine the Objective:**  
   Rewrite the sentence for better understanding by non-native speakers. This involves simplifying complex vocabulary, compressing unnecessary information, and ensuring grammatical correctness while retaining the original meaning.

3. **Simplify Complex Words:**  
   Replace ""suffered"" with ""suffered,"" as it's already simple. Use ""only days before"" instead of ""just days before."" 

4. **Compress Information:**  
   Remove redundant phrases like ""and his colleague"" since they are implied. Instead, present the key points clearly.

5. **Ensure Grammar and Fluency:**  
   Make sure the sentence flows naturally and is grammatically correct.

6.","The Japanese Prime Minister, Masayoshi Ohira, had a heart attack on June 12, just days before the summit. His colleague, the Foreign Minister, led the delegation that represented Japan in his place.",The Japanese leader was Masayoshi Ohira who had a fatal heart attack just before the summit. His foreign minister took over as head of government until he died.,"Ohira had a fatal heart attack on June 12, just days before the summit; and his colleague, the Foreign Minister, led the delegation which represented him in his place."
"Women may not bond with their infant, resulting in emotional, social, and cognitive problems in the child later.","As a result, the child may have emotional, social, and cognitive problems later.",1,"Women may not bond with their infant, resulting in emotional, social, and cognitive problems in the child later.","Okay, here are a few options for rewriting that sentence, aiming for clarity and natural English flow while preserving the core meaning:

**Option 1 (More Detailed & Explanatory):**

""It’s often difficult for mothers to form close bonds with their babies. This can lead to feelings of sadness, difficulties in understanding others, and challenges in thinking about the baby's future.  Later on, these issues might affect the child significantly.""

**Option 2 (Slightly Shorter & More Direct):**

""Sometimes mothers don’t connect with their infants; this can cause them to feel sad, struggle to understand things, and have trouble anticipating the child’s future.""

**Option 3 (Focusing on the Core Issue - Good for Beginners):**

“When mothers don’t spend time bonding with their babies, they sometimes experience problems like sadness, confusion, and difficulty planning for the child’s future.”

---

**Why these changes work:**

* **Replaced Complex Words:** ""bond with,"" ""resulting in,"" ""cognitive,"" ""significant"" were replaced with more common and understandable alternatives.
* **Paraphrased:** Instead of saying “result in,” we used phrases like “lead to”","Children might have emotional, social, and cognitive issues later if they don't form a bond with their baby.","The woman may not have strong bonds with her infant, leading to emotional, social, and cognitive issues in the child.","Women may not bond with their baby, leading to emotional, social, and cognitive problems in the child later.","If mothers are unable to form bonds with infants, children may have emotional, social, and cognitive problems later on.","If women are not able to bond with their infant, they may cause emotional, social, and cognitive problems in the child later."
"90.9 % of these were classified as having been done by `` curettage '' (suction-aspiration, dilation and curettage, dilation and evacuation), 7.7 % by `` medical '' means (mifepristone), 0.4 % by `` intrauterine instillation '' (saline or prostaglandin), and 1.0 % by `` other '' (including hysterotomy and hysterectomy).","90.9 % were done by curettage, 7.7 % were medical abortions (using drugs, mifepristone in most cases), 0.4 % by `` intrauterine instillation '' (saline or prostaglandin), and 1.0 % by `` other '' (including hysterotomy and hysterectomy).",1,"90.9 % of these were classified as having been done by `` curettage '' (suction-aspiration, dilation and curettage, dilation and evacuation), 7.7 % by `` medical '' means (mifepristone), 0.4 % by `` intrauterine instillation '' (saline or prostaglandin), and 1.0 % by `` other '' (including hysterotomy and hysterectomy).","Okay, here's a rewritten version of that complex sentence, aiming for clarity for an English speaker unfamiliar with the specific terminology:

**Revised Sentence:**

“About 90.9% of these procedures – including suction-aspiration, dilation and curettage, dilation and evacuation, and saline or prostaglandin irrigation – have been performed by “curettage.”  However, about 7.7% was identified as being done by “medical” professionals using medication like mifepristone.  A small percentage (0.4%) involved intrauterine instillation with saline solution or prostaglandin injections, while the remaining 1.0% represents other methods such as hysterotomy or hysterectomies.”

**Here’s a breakdown of why I made these changes and what they achieve:**

*   **Complex Words Replaced:**
    *   ""classified as having been done"" became ""have been performed"" - This is more direct.
    *   ""curettage,"" ""mifepristone,"" ""saline or prostaglandin"" – These terms are technical and could be simplified.
    *   ""uterinectomy"" – this term is more commonly understood than ""hysterectomy.""
*   **Compression & Paraphrasing","About 90.9% of these cases were treated with ""curettage"" (which includes suction-aspiration, dilation and curettage, and dilation and evacuation), 7.7% with ""medical"" methods like mifepristone, 0.4% with ""intrauterine instillation"" using saline or prostaglandin, and 1.0% with other procedures such as hysterotomy or hysterectomy.","90.9% of these were classified as having been done by ""curettage"" (suction-aspiration, dilation and curettage, dilation and evacuation), 7.7% by ""medical"" means (mifepristone), 0.4% by ""intrauterine instillation"" (saline or prostaglandin), and 1.0% by ""other"" (including hysterotomy and hysterectomy).",The percentage of women who have had this procedure is about 90.9 %.,"The most common method was suction-aspiration, dilation and curettage, and use of mifepristone.",The most common cause was `` curettage '' which included drawing blood from the vagina and using a needle to push out gas.
"About 10 % of patients have dermatitis herpetiformis, an intensely pruritic papulovesicular rash that is symmetrically distributed over the extensor areas of the elbows, knees, buttocks, shoulders, and scalp.","About 10 % of people with celiac disease develop a painful, itchy rash with small blistersâa disease called dermatitis herpetiformis.",1,"About 10 % of patients have dermatitis herpetiformis, an intensely pruritic papulovesicular rash that is symmetrically distributed over the extensor areas of the elbows, knees, buttocks, shoulders, and scalp.","Okay, here's a rewritten version of the sentence, aiming for clarity for someone who’s learning English and unfamiliar with medical terminology:

**Option 1 (More Detailed - Good for Understanding):**

“Approximately 10% of people develop itchy skin rashes called dermatitis herpetiformis. This rash appears in a pattern across the elbows, knees, buttocks, shoulders, and even the scalp – it’s very symmetrical.”

**Option 2 (Slightly More Concise - Still Clear):**

“Around 10% of individuals experience dermatitis herpetiformis, a persistent itchy rash that covers the elbows, knees, buttocks, shoulders, and sometimes the scalp.”

**Option 3 (Breaking it Down - For Easier Processing):**

“A significant portion of people – about 10% – are affected by dermatitis herpetiformis.  This rash is localized to certain areas like the elbows, knees, buttocks, shoulders, and even the scalp, appearing in a consistent pattern.”


**Why these changes were made:**

*   **""About"" replaced with ""Approximately"" or ""Around"":**  These phrases are more approachable than ""About 10%.""
*   **""Dermatitis herpetiformis""","About 10% of patients have a skin condition called dermatitis herpetiformis. It causes a itchy, red bump-like rash that appears on the outer parts of the arms, legs, back, shoulders, and head.","The patient has about 10% dermatitis herpetiformis, which involves a symmetrically distributed papular rash across the extensors of elbows, knees, buttocks, shoulders, and scalp.","About 10 % of people have dermatitis herpetiformis, an itchy, raised, red spot that is symmetrical over the elbows, knees, buttocks, shoulders, and scalp.","Dermatitis herpetiformis is a skin condition where blisters appear on the arms, legs, back, and other parts of the body.","About 10 % of people have dermatitis herpetiformis, which is a red, reddish-yellow rash on the arms, knees, buttocks, shoulders, and head."
"Anteroposterior, lateral, and usually oblique x-rays are taken. A fracture, if present, is usually visible on the lateral view. X-rays may be normal if only the tendon is torn.",X-rays are usually taken at several different angles to check for a fracture.,1,"Anteroposterior, lateral, and usually oblique x-rays are taken. A fracture, if present, is usually visible on the lateral view. X-rays may be normal if only the tendon is torn.","Okay, here's a rewritten version of that sentence, aiming for clarity for an English speaker unfamiliar with medical imaging terminology:

**Option 1 (More Detailed - Good for Understanding):**

“Medical images – specifically, anteroposterior (left-to-right) and lateral (side-to-side) x-rays – were taken. If there’s a break in the tendon (a fracture), you might see it clearly on the side view of the image.  Sometimes, an X-ray might appear normal if just the tendon itself is damaged.”

**Option 2 (Slightly More Concise - Still Clear):**

""X-ray images showing the tendons were taken.  If there’s a tear in the tendon, it’s often obvious on the side view. Sometimes, an X-ray could look normal if it only shows the damaged tendon.""


**Here’s why I made these changes and what they mean:**

*   **Complex Words:** Replaced phrases like ""Anteroposterior,"" ""lateral,"" ""oblique,"" and ""usually oblique"" with more common terms like “left-to-right” and “side-to-side.”
*   **Long Sentences:**","X-rays are taken in three different positions: anteroposterior, lateral, and sometimes oblique. If there's a fracture, it's often seen on the lateral view. The X-rays might be normal if only the tendon is torn.","The anteroposterior, lateral, and usually oblique x-rays are commonly employed to evaluate fractures. If a fracture is present, it is frequently visible on the lateral x-ray. In cases where there is no tear in the tendon, the x-rays may not demonstrate any damage.","If the fracture is severe, the bone may appear as a line on the x-ray. If the fracture is minor, the bone may not appear on the x-ray.","X-rays are often used to look for fractures. If there is no fracture, doctors will ask about symptoms such as pain or difficulty moving certain parts of the knee.","A fracture, if present, is usually visible on the lateral view."
"The genomes of three Leishmania species ( L. major , L. infantum , and L. braziliensis ) have been sequenced and this has provided much information about the biology of the parasite .",The genomes of three Leishmania species have been sequenced and this has provided much information about the biology of the parasite .,1,"The genomes of three Leishmania species ( L. major , L. infantum , and L. braziliensis ) have been sequenced and this has provided much information about the biology of the parasite .","Okay, here are a few options for rewriting that sentence, aiming for clarity for an English speaker unfamiliar with the specific terminology:

**Option 1 (More Detailed - Good for general understanding):**

""Scientists have now analyzed the genetic makeup of three different types of the *Leishmania* parasite – *L. major*, *L. infantum*, and *L. braziliensis*. This research has given them valuable insights into how these parasites work.""

**Option **2 (Slightly Shorter & More Direct):**

""Researchers have successfully sequenced the DNA of three types of *Leishmania* parasites – *L. major*, *L. infantum*, and *L. braziliensis*.  This sequencing has helped us learn more about how these parasites grow and behave.""

**Option 3 (Focus on the Result - Emphasizes Discovery):**

“A study has revealed the genetic information of three different strains of *Leishmania* – *L. major*, *L. infantum*, and *L. braziliensis*.  This discovery provides crucial knowledge about the parasite’s biological processes.”


**Here's why I made these changes:**

*   **Replaced Complex Words:** ""","The genomes of three Leishmania species—L. major, L. infantum, and L. braziliensis—have been sequenced, and this has given a lot of information about the parasite's biology.","The genomes of three Leishmania species (L. major, L. infantum, and L. braziliensis) have been sequenced, providing significant information about the parasite's biology.","The genomes of three Leishmania species ( L. major , L. infantum , and L. braziliensis ) have been sequenced and this has given much information about the biology of the parasite .","Genomes from three Leishmania species ( L. major , L. infantum , and L. braziliensis ) have been sequenced and this has given much information about the biology of the parasite .","The genomes of three Leishmania species ( L. major , L. infantum , and L. braziliensis ) have been sequenced ."
"While epinephrine typically produces a reduction in croup severity within 30 minutes, the benefits last for only about 2 hours.","While epinephrine reduces croup severity within 30 minutes, the benefits last for only about 2 hours.",1,"While epinephrine typically produces a reduction in croup severity within 30 minutes, the benefits last for only about 2 hours.","Okay, here are a few options for rewriting that sentence, aiming for clarity for an English speaker unfamiliar with medical terminology and nuanced phrasing:

**Option 1 (More Detailed & Explanatory):**

""Epinephrine, a hormone often used to help treat croup, usually starts working within 30 minutes. However, the effects last for only about two hours. This means it’s not a quick fix.""

**Option 2 (Focus on Simplicity - Good for general understanding):**

""When epinephrine is given to someone with croup, it usually helps reduce the severity of the symptoms within about 30 minutes. But the effect lasts only for about two hours.""

**Option 3 (Slightly More Concise – Still Clear):**

“Epinephrine can quickly reduce the severity of croup, lasting about two hours.  It's not a fast solution.”


**Why these changes work:**

*   **Replaced Complex Words:** ""produces a reduction,"" ""benefits last for only about,"" and ""this means it's not a quick fix"" were replaced with more common and understandable phrases.
*   **Simplified Language:** Phrases like “typically produces” became “often used to help” or “usually works”.","Epinephrine usually helps reduce cough symptoms quickly, but the effects last only about 2 hours.",The epinephrine primarily reduces the severity of the croup within the first hour but only lasts for two hours.,Epinephrine usually reduces croup severity within 30 minutes but the effects last only about 2 hours.,Croup usually gets better after about two hours.,Epinephrine usually reduces the severity of croup within 30 minutes but does not stop it until about two hours later.
"Because the heterozygote survives , so does the HgbS allele survive at a rate much higher than the mutation rate ( see and refs in Sickle-cell disease ) .","Because the heterozygote survives , so does the HgbS allele survive at a rate much higher than the mutation rate .",1,"Because the heterozygote survives , so does the HgbS allele survive at a rate much higher than the mutation rate ( see and refs in Sickle-cell disease ) .","Okay, here's a rewritten version of that sentence, aiming for clarity for an English speaker unfamiliar with medical terminology and complex phrasing:

**Rewritten Sentence:**

“When someone has a mixed blood type (a heterozygous person), the gene for the normal hemoglobin (HgbS) allele also tends to persist or remain present.  This happens faster than the random change in the blood’s shape (the mutation) as described in research papers.”

**Explanation of Changes & Why They Were Made:**

*   **""Because the heterozygote survives...""** changed to **""When someone has a mixed blood type...""**: This is more direct and easier to grasp. ""Heterozygous"" means having two different types of blood.
*   **""...so does the HgbS allele survive at a rate much higher than the mutation rate.""** changed to **""…this gene for the normal hemoglobin (HgbS) allele also tends to persist or remain present.""**: This explains the core concept – the presence of the “HgbS” gene continues even when there’s a change.
*   **""see and refs in Sickle-Cell Disease""** changed to **""as described in research papers.""**: This clarifies that this information comes","The heterozygote lives, and the HgbS gene variant also survives at a much faster rate than the mutation happens. (See and references in Sickle-cell disease.)","The heterozygote has a higher chance of surviving than the normal case, indicating that the HgbS allele's survival rate is significantly better than the mutation rate mentioned.",The person who has two copies of the abnormal gene is called an 'HbS ' person or ' HbS ' carrier .,The person 's survival depends on whether they have two copies of the normal haemoglobin gene or only one copy .,The chance that the HgbS allele will survive is much higher than the probability that a new sickle cell form will develop .
"The word croup comes from the Early Modern English verb croup , meaning `` to cry hoarsely '' ; the name was first applied to the disease in Scotland and popularized in the 18th century .","The word croup comes from the Early Modern English verb croup , meaning `` to cry hoarsely '' ; the name was first used for the disease in Scotland .",1,"The word croup comes from the Early Modern English verb croup , meaning `` to cry hoarsely '' ; the name was first applied to the disease in Scotland and popularized in the 18th century .","Okay, here's a rewritten version of that sentence, aiming for clarity for an English speaker unfamiliar with the specific vocabulary:

**""The word ‘croup’ originates from an old English phrase – ‘crouse’ – which meant to wail or cry loudly. It was first used to describe a sickness in Scotland and gained popularity during the 18th century.”**

Here’s a breakdown of what I changed and why:

*   **“The word ‘croup’ originates from…”**:  Replaced “The word ‘croup’ comes from…” for better flow.
*   **“…‘crouse’”**: Used ‘crouse’ as a synonym for ‘crouse’ to simplify the phrasing.
*   **“which meant to wail or cry loudly”**: Rephrased ""meaning ‘to cry hoarsely’ ” to explain the meaning more clearly.
*   **“It was first used…”**:  Simplified “the name was first applied…” to show the origin and history.
*   **“to describe a sickness”**: Explained the meaning of “in Scotland” to clarify the context.
*   **“gained popularity during the 18th","The word ""croup"" comes from the Old English word ""croup,"" which means ""to cry hoarsely."" The name was first used to describe the disease in Scotland and became more common in the 18th century.","The word ""croup"" originates from the early Modern English verb ""croup,"" which means ""to cry hoarsely."" The term was first applied to the disease in Scotland and became popularized in the 18th century.",Croup is a viral infection that causes inflammation of the lining of the throat and sometimes the voice box.,Croup is an infection that causes inflammation in the airways .,"Croup came from the early Modern English verb croup , which meant `` to cry hoarsely '' ."
"Crohn disease should be suspected in a patient with inflammatory or obstructive symptoms or in a patient without prominent GI symptoms but with perianal fistulas or abscesses or with otherwise unexplained arthritis, erythema nodosum, fever, anemia, or (in a child) stunted growth. A family history of Crohn disease also increases the index of suspicion.","A doctor may suspect Crohn disease in a person with recurring crampy abdominal pain and diarrhea, particularly if the person has a family history of Crohn disease or a history of problems around the anus.",1,"Crohn disease should be suspected in a patient with inflammatory or obstructive symptoms or in a patient without prominent GI symptoms but with perianal fistulas or abscesses or with otherwise unexplained arthritis, erythema nodosum, fever, anemia, or (in a child) stunted growth. A family history of Crohn disease also increases the index of suspicion.","Okay, here's a rewritten version of that complex sentence, aiming for clarity for an English speaker unfamiliar with medical terminology and nuances:

**Revised Sentence:**

“Doctors might suspect Crohn’s disease when a patient has symptoms related to their digestive system – either problems with their intestines (inflammation or blockage) or no obvious signs of stomach issues like pain or swelling.  They might also see signs like fatigue, low blood counts (anemia), or joint pain (especially in children).  In some cases, this could be linked to a family history of Crohn’s.”

**Here’s a breakdown of how I changed each part and why:**

*   **""Crohn disease should be suspected...""** became **""Doctors might suspect Crohn’s disease...""** - This is more direct and less formal.
*   **""...in a patient with inflammatory or obstructive symptoms...""** was rephrased as **""...either problems with their digestive system...or no obvious signs of stomach issues...""** - This clarifies the different types of symptoms being considered.
*   **""...or in a patient without prominent GI symptoms but with perianal fistulas or abscesses...""** was simplified to **""...or they might see signs like fatigue, low blood","Patients with Crohn's disease should be considered if they have inflammatory or obstructive symptoms, or if they don't have obvious stomach issues but have perianal fistulas or abscesses, or other unusual symptoms like fever, anemia, or swollen joints (arthritis), or if they're a child and are growing very slowly. Also, if someone has a family history of Crohn's disease, this makes it more likely that they have the condition.","The patient should be evaluated for signs of inflammation or obstructionism, as well as perianal fistulas or abscesses, or other unexplained symptoms like arthritis, anemia, fever, or stunted growth. Additionally, a family history should be considered to increase the likelihood of being diagnosed with Crohn disease.

---

Now, let's analyze this step by step.
First, I need to identify which parts of the original sentence are complex or difficult to understand. In this case, ""Crohn disease"" is a medical term that might not be widely understood by all patients. Also, there are multiple conditions mentioned, such as ""inflammatory or obstructive symptoms,"" which could be confusing for some individuals.

Next, I'll look at how these complex elements are presented. The original sentence uses phrases like ""inflammatory or obstructive symptoms"" and ""perianal fistulas or abscesses."" These are relatively straightforward, but they might still be challenging for non-native speakers because they're not commonly used terms.

Then, I consider the structure of the sentence. It has two independent clauses: one about evaluating symptoms and another about considering a family history. This structure allows for clarity but may require breaking down the clauses if needed.

I also think about possible simplifications.",A family history of Crohn disease makes doctors more likely to suspect the condition.,"If there are no gastrointestinal symptoms, doctors may suspect Crohn 's disease if other signs such as abscesses near the anus, painful lumps under the skin on the legs, joint pains, or inflammation of the lining of the lungs develop. If these symptoms have developed, people usually first experience abdominal pain that is often relieved when they eat. People who have had Crohn 's disease for many years may not have any symptoms at all.","Crohn 's disease should be suspected in a person who has inflammation or swelling in the joints, or in someone whose joints are swollen but have no major gastrointestinal symptoms."
Some people with Tourette 's may not be aware of the premonitory urge.,Most people with Tourette 's do not need treatment.,1,Some people with Tourette 's may not be aware of the premonitory urge.,"Okay, here are a few options for rewriting that sentence, aiming for clarity and natural English flow while preserving the core meaning:

**Option 1 (More Detailed - Good for Beginners):**

""For some people who have Tourette’s Syndrome, they might not realize they feel an urge before something happens.  It's like a little feeling in their head.""

**Option 2 (Slightly More Concise):**

""Not everyone with Tourette’s Syndrome is aware of a warning thought beforehand.""

**Option 3 (Focus on the Core Idea - Slightly more formal):**

""Some individuals with Tourette’s Syndrome may not notice a premonition – a feeling – before a problem arises.""

**Option 4 (Breaking it Down - If you want to explain each part):**

“Some people who have Tourette’s Syndrome don’t always know what’s going to happen next. They might feel a slight anxiety or a thought about something being wrong before it actually does.”


---

**Why these changes work:**

* **Simpler Vocabulary:** Words like ""premonitory urge,"" ""warning thought,"" and ""premonition"" were replaced with more common alternatives.
* **Par",Some people with Tourette's don't know they have an early warning sign.,People,Some people with Tourette syndrome are unaware that they have an urge before the physical action occurs.,People who have Tourette syndrome often are unaware that they have an urge before having a tic.,"The first time they feel the urge, their brain tells them when it will happen again."
"However, many also go on to form abscesses, which require surgical drainage; an extensive procedure is done with accompanying IV antibiotics.",Abscesses must be drained surgically.,1,"However, many also go on to form abscesses, which require surgical drainage; an extensive procedure is done with accompanying IV antibiotics.","Okay, here's a rewritten version of that complex sentence, aiming for clarity and natural English flow while preserving the core meaning:

**Option 1 (More Detailed):**

“Many people develop infections called abscesses. To treat them, doctors often perform a major surgery – this involves inserting intravenous (IV) medication to help fight the infection.  At the same time, they prescribe antibiotics to prevent further complications.”

**Option 2 (Slightly More Concise - Still Good):**

“A lot of people get abscesses, which need surgical treatment with intravenous antibiotics. Doctors then perform surgery to address the infection.”


**Option 3 (Breaking it Down - For Maximum Clarity):**

“Several people can develop abscesses. To fix them, surgeons usually perform a significant operation involving intravenous antibiotics. This helps to stop the infection and prevents other problems.”

---

**Why these changes were made:**

*   **Complex Words:** Replaced phrases like ""go on to form"" with more straightforward expressions (""develop,"" ""get""). “extensive” became “major” or “significant”.
*   **Unnecessary Information:** Removed phrases like ""many also"" and ""which require"" as they added little meaning.
*   **Sentence","Many people later get abscesses that need surgery to drain, and this involves using IV antibiotics along with a big procedure.","However, many also go on to form abscesses, which require surgical drainage; an extensive procedure is done with accompanying IV antibiotics.","Many people develop abscesses, which require surgery to drain out the pus.",Many people then have surgery to drain out the pus that has formed. Doctors give them intravenous antibiotics for this purpose.,"In some people, however, they develop abscesses, requiring surgical drainage."
"In mammals, it consists of the bony labyrinth, a hollow cavity in the temporal bone of the skull with a system of passages comprising two main functional parts: The inner ear is found in all vertebrates, with substantial variations in form and function.","In mammals, it consists of two main working parts inside a bony labyrinth: The inner ear is found in all vertebrates, with many variations in form and function.",1,"In mammals, it consists of the bony labyrinth, a hollow cavity in the temporal bone of the skull with a system of passages comprising two main functional parts: The inner ear is found in all vertebrates, with substantial variations in form and function.","Okay, here's a rewritten version of that sentence, aiming for clarity for an English speaker unfamiliar with the specific terminology, along with explanations of why I made the changes:

**Rewritten Sentence:**

“Animals like humans have a special structure called a ‘bone labyrinth’ located within the bones of their skulls – specifically, a space called the inner ear. This inner ear has two important sections: first, the ear itself is present in almost all animals; second, the way it works differs slightly depending on the animal type.”

**Explanation of Changes and Why They Were Made:**

*   **""In mammals..."" changed to ""Animals like humans have...""**:  This is more direct and easier to follow. It clearly states the subject matter.
*   **""it consists of the bony labyrinth"" changed to ""a special structure called a 'bone labyrinth' located within the bones of their skulls - specifically, a space called the inner ear.""**: This rephrases the wording to be more accessible. “It” becomes a descriptive term, and “a special structure” provides context. Adding ""located within the bones of their skulls"" clarifies where the labyrinth is.
*   **""with a system of passages comprising two main functional parts"" changed to","In mammals, there's a bony labyrinth that's a hollow space inside the skull's temporal bone. This space has passages that split into two main parts: the inner ear is found in all vertebrates, and it varies in shape and purpose.",The bony labyrinth consists of a hollow cavity in the temporal bone of the skull containing passage systems for the inner ear across various forms and functions.,"The labyrinthic system is found in all vertebrates, with substantial variations in form and function.",The cochlea has three sections that are sensitive to different frequencies of sound waves.,"The outer ear is found in all vertebrates, but there are important differences between birds and mammals."
It is estimated that 0.2 % of the population has this form of synesthesia.,Mozart is said to have had this form of synesthesia.,1,It is estimated that 0.2 % of the population has this form of synesthesia.,"Okay, here are a few options for rewriting that sentence, aiming for clarity and natural English flow while preserving the core meaning:

**Option 1 (More Detailed - Good for general understanding):**

""Approximately 0.2% of people experience synesthesia – a unique sensory phenomenon where they experience multiple senses at once. For example, someone might see colors when hearing music or feel shapes when tasting food.""

**Option *2 (Slightly more concise):**

""Around 0.2% of the population have synesthesia – meaning they experience different senses simultaneously.  This could involve seeing colors while listening to music or feeling shapes while eating.""

**Option *3 (Focus on the core concept):**

“A small percentage of people (around 0.2%) seem to have a special ability called synesthesia – where their senses blend together. This often manifests as seeing colors when hearing sounds or feeling shapes when tasting.”


---

**Why these changes work:**

*   **Synonym Replacement:** ""Form of synesthesia"" became ""experience synesthesia,"" which is more accessible.
*   **Compression:**  The original sentence was quite lengthy. I've broken it down into smaller phrases.
*   **Simplified",It's estimated that 0.2% of people have this type of synesthesia.,It is estimated that approximately 0.2% of the population has this form of synesthesis.,About 0.2 % of people have synesthesia.,Synaesthesia occurs in about 15 % of people.,About 0.2 % of people have synethesia.
It found that `` about half the patients did show dramatic improvement '' and that adverse events were `` generally trivial '' given the younger psychiatric patient population than with movements disorders.,It found that `` about half the patients did show dramatic improvement '' and that there were few side effects and complications.,1,It found that `` about half the patients did show dramatic improvement '' and that adverse events were `` generally trivial '' given the younger psychiatric patient population than with movements disorders.,"Okay, here's a rewritten version of the sentence, aiming for clarity for an English speaker unfamiliar with the nuances of medical terminology:

**Option 1 (More Detailed - Good for Understanding):**

“Research showed that about half of the patients experienced significant improvements.  Furthermore, adverse events seemed much less serious compared to those seen in younger people struggling with movement disorders. ”

**Option 2 (Slightly More Concise - Still Clear):**

“A study found that about half of the patients saw noticeable improvements.  In contrast, adverse events were generally considered minor when looking at younger patients with movement problems.”


**Option 3 (Breaking it Down - For Maximum Clarity):**

“The research revealed that about half of the patients showed substantial positive changes.  However, unexpected side effects were often very small – they seemed much less concerning compared to those experienced in younger individuals with conditions like movement disorders.”

---

**Why these revisions work:**

* **Simpler Vocabulary:** Words like ""about half"" became ""about half,"" ""significant improvements"" instead of ""dramatic improvement."" “Generally trivial” was replaced with “much less serious” or “very minor.”
* **Paraphrasing:** Instead of directly translating phrases, I","The study found that about half of the patients improved greatly, and the bad side effects were usually not serious because the patients were younger and had movement disorders instead of more severe mental illnesses.","It was discovered that approximately half of the patients experienced dramatic improvement, while adverse events were generally trivial, based on the younger psychiatric patient population compared to movements disorders.",It found that `` about half the people showed dramatic improvement '' and that adverse events were `` generally trivial '' given the younger psychiatric patient population compared to with movement disorder movements.,The study said `` about half the people got better ''.,The study said that `` half the people who had this condition improved dramatically ''.
"It often involves the face, lips, and/or tongue and may also occur on the back of hands or feet or on the genitals.","It can affect the back of the hands or feet, eyelids, tongue, face, lips, or genitals.",1,"It often involves the face, lips, and/or tongue and may also occur on the back of hands or feet or on the genitals.","Okay, here are a few options for rewriting that complex sentence, aiming for clarity and natural English while preserving its core meaning. I'll offer variations, each with slightly different emphasis:

**Option 1 (Focus on sensation and location - most straightforward):**

""Sometimes, you might feel sensations on your face, lips, or tongue. It could also appear on your hands or feet, or even on sensitive areas like the genitals.""

**Option 2 (More descriptive, emphasizing potential experience):**

""Occasionally, you might notice unusual sensations – like pressure on your face, lips, or tongue – which could manifest on your hands or feet, or even on sensitive areas like the genitals.""

**Option 3 (Breaking down into smaller clauses - good for understanding flow):**

“This can happen when you feel a tingling or pressure on your face, lips, or tongue.  It might appear on your hands or feet, or even on sensitive areas like the genitals.”

**Option 4 (A bit more formal but still clear):**

“In certain situations, you might experience sensations involving your face, lips, or tongue. These sensations could be felt on your hands or feet, or even on sensitive areas such as the genitals.”","The sentence often includes the face, lips, and/or tongue, and it can also happen on the back of the hands or feet or on the genitals.","It often involves the face, lips, and/or tongue and may also occur on the back of hands or feet or on the genitals.","It often involves the face, lips, and/or tongue and may also occur on the back of hands or feet or on the genitals.","The rash usually starts on the face, but it may appear anywhere else on the body including the arms, legs, trunk, and genital area.","The face, lips, and sometimes the tongue are affected."
"Jaundice usually peaks within 1 to 2 wk. Recovery phase: During this 2- to 4-wk period, jaundice fades.","The jaundice usually peaks in 1 to 2 weeks, then fades over 2 to 4 weeks.",1,"Jaundice usually peaks within 1 to 2 wk. Recovery phase: During this 2- to 4-wk period, jaundice fades.","Okay, here's a rewritten version of that sentence, aiming for clarity for someone who’s learning English or unfamiliar with medical terminology:

**Option 1 (More Detailed):**

“During the first week or two (about one to two weeks) most people experience jaundice – yellowing of the skin and eyes. After that initial period, the yellowing gradually disappears.”

**Option 2 (Slightly Shorter & More Direct):**

“Jaundice typically appears within the first week or two.  After that, the yellowing starts to fade.”

**Option 3 (Breaking it Down - If you want to really simplify):**

“Jaundice usually happens within the first week or two. Then, after that, the yellowing gets smaller and less noticeable.”


**Why these changes work:**

*   **""Jaundice""**: Replaced with ""yellowing"" – a more common and easily understood term.
*   **""Peaks within 1 to 2 wk""**: Changed to “appears within the first week or two” – clarifies the timeframe.
*   **""Recovery phase: During this 2-to-4-wk period...""**: Rewritten as “after that, the yellowing","Jaundice usually gets worse in 1 to 2 weeks. After that, it starts to go away during a 2-to-4-week recovery period.",The initial sentence states that jaundice typically occurs for up to two weeks. Recovery happens over a four-week span during which jaundice diminishes.,"The fever usually lasts for about 1 to 2 weeks. After that, the jaundice gradually decreases.",The recovery phase lasts about 2 to 4 weeks after symptoms begin.,The symptoms of jaundice usually peak after 1 to 2 weeks.
"Mydriasis and diaphoresis are apparent, and heart rate and BP are increased.",People sweat profusely and the pupils are dilated.,1,"Mydriasis and diaphoresis are apparent, and heart rate and BP are increased.","Okay, here's a rewritten version of that sentence, aiming for clarity for someone who’s learning English and doesn’t be familiar with medical terminology:

**Option 1 (More Detailed - Good for Understanding):**

""I noticed my sweating is increasing, and my heart rate and blood pressure are also higher than usual.  It seems like my body is reacting to something.""

**Option 2 (Slightly More Concise):**

""I’m experiencing increased sweating and a faster heartbeat and higher blood pressure. This might indicate a problem.""

**Option 3 (Breaking it Down – If you want to really explain each part):**

“My sweating is noticeable, and my heart is beating faster.  At the same time, my blood pressure is also elevated.”

---

**Why these changes work:**

*   **“Mydriasis” became “increased sweating”**: This is more easily understood.
*   **“Diaphoresis” became “increased sweating”**:  A common way to describe this feeling.
*   **“Heart rate and BP are increased” became “my heart rate and blood pressure are higher than usual” or “my heart rate and blood pressure are elevated”**: This","Mydriasis and sweating occur, and the heart rate and blood pressure are also higher.",The heart rate and blood pressure have both been observed to increase.,The woman has mild sweating and is anxious. Her heart rate and blood pressure are elevated.,"The person may have symptoms such as blurred vision, sweating, rapid breathing, and an elevated blood pressure.","The symptoms include shortness of breath, chest pain, and rapid blood pressure."
Myocardial abnormalities occur in about 8 % of patients within weeks of erythema migrans.,Up to 8 % of infected people develop heart problems.,1,Myocardial abnormalities occur in about 8 % of patients within weeks of erythema migrans.,"Okay, here are a few options for rewriting that sentence, aiming for clarity for someone who’s learning English and doesn’t be familiar with medical jargon:

**Option 1 (More Detailed - Good for Understanding):**

""About 8% of people who develop redness (erythema migrans) often experience heart problems within the first few weeks. This happens shortly after they start showing the symptoms.""

**Option 2 (Slightly Shorter & More Direct):**

""In about 8% of patients who get red spots (erythema migrans), they often have heart issues within a week or two.""

**Option 3 (Breaking it Down - For Easier Processing):**

“Around 8% of patients experiencing redness – which is often called ‘erythema migrans’ – will also develop heart problems soon afterward.”

---

**Why these changes were made:**

*   **“Myocardial abnormalities”**:  Replaced with “heart problems” – a more common and easily understood term.
*   **“occur in about 8%”**: Simplified to ""often experience"" or ""happens to around 8%""
*   **“in about 8% of patients”**:  Clarified",Patients may experience myocardial problems in about 8% of cases within a few weeks after erythema migrans appears.,"The sentence I provided has some issues that need fixing. First, ""Myocardial abnormalities"" should probably be replaced with something more precise like ""myocardial changes."" Also, ""within weeks of erythema migrans"" might not be necessary if we're just talking about the occurrence rate. So maybe the sentence could be rewritten as: ""Myocardial abnormalities are seen in approximately 8% of patients within weeks after erythema migrans.""

Wait, but the user wants me to rewrite the complex sentence for better understanding. Let me try again.

Original sentence: Myocardial abnormalities occur in about 8 % of patients within weeks of erythema migrans.

I think the key points here are the occurrence rate, the patients affected, and the timeframe. To make this clearer, perhaps using more specific terms would help.

So, first, replace ""Myocardial abnormalities"" with ""myocardial changes,"" which is more descriptive. Then, instead of saying ""about 8%,"" maybe use ""approximately 8%"" or even ""exactly 8% of patients"" to specify the number. But since the original says ""about 8%"", perhaps keeping that is better unless it's too vague.

Next, the timeframe ""within weeks of ery","In about 8 % of people who have a cold bump (erythema migrans) that is caused by a bacterial infection, abnormal heart rhythms called myocardial abnormalities may occur.",About 10 % of people have some heart problems such as an abnormality or enlargement of the left ventricle of the heart.,"In about 8 % of people who have erythema migrans, the symptoms appear within a week."
Oral itraconazole 200 mg orally once a day given until 2 to 4 weeks after all lesions have resolved (typically 3 to 6 months) is the treatment of choice.,Skin infections are treated with itraconazole given by mouth.,1,Oral itraconazole 200 mg orally once a day given until 2 to 4 weeks after all lesions have resolved (typically 3 to 6 months) is the treatment of choice.,"Okay, here's a rewritten version of that sentence, aiming for clarity for someone who’s learning English and doesn’t be familiar with medical terminology:

**""Taking itraconazole 200mg orally once a day for up to two to four weeks after all the sores have healed (usually within three to six months) is the recommended treatment.**”

Here’s a breakdown of what was changed and why:

*   **“Oral itraconazole 200mg orally once a day”** became **“Taking itraconazole 200mg orally once a day”**: This is more straightforward and uses common phrasing.
*   **“given until”** became **“for up to”**:  This simplifies the phrase and makes it clearer.
*   **“all lesions have resolved”** became **“all the sores have healed”**:  More accessible language.
*   **“typically 3 to 6 months”** became **“usually within three to six months”**: A slightly smoother way to express the timeframe.


Let me know if you'd like me to tweak this further or explain any part of the changes in more detail!",Oral itraconazole at a dose of 200 mg twice a day is the preferred treatment. It's taken once daily and continues for 2 to 4 weeks after all the lesions go away. This treatment usually lasts 3 to 6 months.,Oral ortarazin 200 mg oral once a day given until 2 to 4 weeks after all lesions have resolved (typically 3 to 6 months) is the treatment of choice.,Treatment for oral itraconazole is usually done every day for 2 to 4 weeks after all the spots have disappeared.,Itraconazole taken as an oral tablet for up to 12 months may also be used.,Oral itraconazole 200 mg taken once a day for up to two or three weeks is the usual treatment.
Cheerleading coach Sue Sylvester ( Jane Lynch ) is appointed acting principal of William McKinley High School after having Principal Figgins ( Iqbal Theba ) infected with the flu.,Cheerleading coach Sue Sylvester ( Jane Lynch ) is given the job of being the principal of William McKinley High School.,1,Cheerleading coach Sue Sylvester ( Jane Lynch ) is appointed acting principal of William McKinley High School after having Principal Figgins ( Iqbal Theba ) infected with the flu.,"Okay, here's a rewritten version of that sentence, aiming for clarity and readability for someone who’s learning English:

**Option 1 (More Detailed - Good for Beginners):**

“Jane Lynch, a very skilled cheerleading coach, was chosen to be the new principal of William McKinley High School.  Suddenly, Principal Iqbal Theba, who had the flu, became ill at the school.  Therefore, Sue Sylvester, a renowned coach, took over as the new leader.”

**Option 2 (Slightly Shorter & More Direct):**

""After Principal Iqbal Theba got sick with the flu, Jane Lynch, a talented cheerleading coach, was appointed as the new principal of William McKinley High School.""

**Option 3 (Breaking it Down – For Further Understanding):**

“Because Principal Iqbal Theba got seriously ill with the flu, Jane Lynch, a well-known cheerleading coach, was given the important job of becoming the new principal of William McKinley High School.”


**Why these changes work:**

*   **Replaced Complex Words:** “appointed acting principal” becomes “chosen to be the new principal,” “took over as the new leader” or “given the important job of becoming the new principal”.","Sue Sylvester, the cheerleading coach, becomes the acting principal at William McKinley High School after Principal Figgins got sick with the flu.","The cheerleading coach Sue Sylvester (Jane Lynch) has been appointed as the acting principal at William McKinley High School because she was fired due to being infected with the flu by Principal Figgins (Iqbal Theba). She has since been replaced by Jane Lynch, who is now the acting principal.

Wait, but this seems too simplistic. Let me think again.

First, the original sentence: ""Cheerleading coach Sue Sylvester ( Jane Lynch ) is appointed acting principal of William McKinley High School after having Principals Figgins ( Iqbal Theba ) infected with the flu.""

So, the structure here is:

1. ""Sue Sylvester"" is appointed as the acting principal.
2. Because Principals Figgins (Iqbal Theba) were infected with the flu.

But in the original sentence, it's written as two separate sentences: one about Principals Figgins and another about Principals Figgins being appointed.

In the rewritten version, perhaps we need to split the complex sentence into two parts for clarity.

Original: Appointed acting principal = Principals Figgins infected with flu.

Rewritten: Appointed acting principal = Principals Figgins infected with flu.

But wait, the original also mentions Principals Figgins (I","Sue Sylvester ( Jane Lynch ), who was an acting coach at William McKinley High School, became the acting principal after having Principal Figgins ( Iqbal Theba ) get sick with the flu.","Sue Sylvester ( Jane Lynch ), cheerleader, is appointed acting principal of William McKinley High School after having Principal Figgins ( Iqbal Theba ) infected with the flu.",Cheerleading coach Sue Sylvester ( Jane Lynch ) is appointed acting principal of William McKinley High School after having Principal Figgins ( Iqbal Theba ) got the flu.
"According to Morrell 's account, Wasp then headed eastwards to hunt for seals, and reached the remote Bouvet Island on 6 December.","According to Morrell, the ship reached the remote Bouvet Island on 6 December.",1,"According to Morrell 's account, Wasp then headed eastwards to hunt for seals, and reached the remote Bouvet Island on 6 December.","Okay, here are a few options for rewriting that sentence, aiming for clarity for an English speaker unfamiliar with the specific details, along with explanations of why I made each change:

**Option 1 (More Detailed - Good for general understanding):**

""According to Professor Morrell, after that, Whisp traveled eastward to search for seals. He finally arrived at the remote island of Bouvet on December 6th.""

*   **Changes Made:**
    *   “According to” changed to “According to Professor” – more formal and clear.
    *   “Wasp” changed to “Whisp” – a common and easily understood alternative name.
    *   “headed eastwards” changed to “traveling eastward” – simpler phrasing.
    *   “to hunt for seals” changed to “to search for seals” – straightforward.
    *   “reached” changed to “finally arrived at” – adds a bit of flow.
    *   “the remote Bouvet Island” changed to “the remote island of Bouvet” – slightly more natural wording.


**Option 2 (Slightly More Concise - Still Clear):**

""Professor Morrell says that Whisp went east to find seals","According to Morrell's story, Wasp went east to look for seals and arrived at the distant Bouvet Island on December 6.","The Wasp then headed eastward to hunt for seals, reaching Bouvet Island on December 6th.","According to Morrell 's account, Wasp then went eastwards to hunt seals and reached the remote Bouvet Island on 6 December.","Wasp then went eastward to look for seals, and reached the remote island of Bouvet on 6 December.",He said that after reaching the island of Bouvet he went back westward to hunt for seals.
"Among spinal subdural abscesses, methicillin-sensitive Staphylococcus aureus is the most common organism involved. Rarely parasites can cause abscesses and this is more common in the developing world.","Among spinal subdural abscesses, methicillin-sensitive Staphylococcus aureus is the most common organism involved.",1,"Among spinal subdural abscesses, methicillin-sensitive Staphylococcus aureus is the most common organism involved. Rarely parasites can cause abscesses and this is more common in the developing world.","Okay, here's a rewritten version of that sentence, aiming for clarity for an English speaker unfamiliar with medical terminology and complex phrasing:

**Option 1 (More Detailed - Good for Understanding):**

""In people with spinal infections involving the brain’s inner lining (subdural abscesses), penicillin-resistant Staphylococcus bacteria are frequently found as the primary cause.  However, sometimes parasites – microscopic organisms – can also create these kinds of injuries, particularly in areas where people are still growing up or developing.""

**Option 2 (Slightly Shorter & More Direct):**

""Spinal infections often involve methicillin-sensitive Staphylococcus aureus bacteria.  It’s relatively common to find parasites causing these problems in developing countries.”


**Here’s a breakdown of why I made these changes:**

*   **“Among spinal subdural abscesses”** became “In people with spinal infections involving the brain’s inner lining (subdural abscesses)” – This clarifies what the sentence is referring to.
*   **“methicillin-sensitive Staphylococcus aureus is the most common organism involved”** was rephrased as ""penicillin-resistant Staphylococcus bacteria are frequently found as the primary cause”. This avoids sounding overly formal.","In many cases, the most common bacteria that cause spinal subdural abscesses are methicillin-sensitive Staphylococcus aureus. Parasites can also cause abscesses, but this is less common and happens more often in countries where people live in poorer areas.","Among spinal abscesses, methicillin-susceptible Staphylococcus aureus is the most common organism involved. Rarely parasites are causing abscesses, which is more common in the developing world.","In some cases, bacteria such as Methicillin-resistant Staphylococcus aureus are involved. Rarely, parasites can cause abscesses and this is more common in the developing world.",Infections that result in an abscess are called cellulitis.,"In the developing world, there are many types of abscesses caused by different bacteria."
"Periungual warts are more common among patients who bite their nails or who have occupations where their hands are chronically wet such as dishwashers and bartenders. Genital warts manifest as discrete flat to broad-based smooth to velvety papules to rough and pedunculated excrescences on the perineal, perirectal, labial, and penile areas. Perirectal warts often itch.","Also called venereal warts or condylomata acuminata, genital warts occur on the penis, anus, vulva, vagina, and cervix. They can be flat, smooth, and velvety or irregular, bumpy growths often with the texture of a small cauliflower. Warts around the anus often itch.",1,"Periungual warts are more common among patients who bite their nails or who have occupations where their hands are chronically wet such as dishwashers and bartenders. Genital warts manifest as discrete flat to broad-based smooth to velvety papules to rough and pedunculated excrescences on the perineal, perirectal, labial, and penile areas. Perirectal warts often itch.","Okay, here's a rewritten version of that complex sentence, aiming for clarity for an English speaker unfamiliar with the specific terminology, along with explanations of how I’ve made the changes:

**Rewritten Sentence:**

“Frequently, people with small bumps on their fingers and toes (called ‘periungual warts’) tend to bite their nails or work in jobs involving frequently damp hands like being a dishwasher or bartender.  Sometimes, they develop small, flat, smooth, or velvety bumps on their genitals – these are called genital warts. They look like fleshy growths on the area around the genitals, the perineum, the lips, or the penis.  These warts often cause itching.”

**Here’s a breakdown of why I made these changes and what they mean:**

*   **""Periungual warts"" changed to ""Frequently, people with small bumps on their fingers and toes (called 'periungual warts') tend to...""**: This is much more accessible. It explains the term first, then provides a clear example.
*   **""bite their nails or who have occupations where their hands are chronically wet"" changed to ""tend to bite their nails or work in jobs involving frequently damp hands...""**: This simplifies the phrasing. “Tend to","Periungual warts happen more often in people who bite their nails or work in environments where their hands stay wet, like dishwashers or bartenders. 

Genital warts appear as flat, smooth, or rough bumps on different parts of the body, such as the perineal area, around the rectum, on the lips, and on the penis.

Perirectal warts sometimes feel itchy.","The initial description involves individuals who frequently interact with surfaces that are prone to bacterial infections due to persistent hand-wetness. These individuals are more likely to experience genital warts, which are characterized by distinct flat patches across various body regions. Additionally, there's a tendency for itching between certain areas, particularly around the perirectal area.

---

Now let me try to figure out how I arrived at this answer.
First, I read through the entire input to get a general understanding. It mentionsperiungual warts being more common among patients who bite nails or who work in environments like dishwashers and bartenders where their hands are chronally wet. This indicates a prevalence of hand-wetness leading to higher rates of warts.

Next, looking at the second part, it explains that genital warts are found across multiple body regions, including perirectal areas. There's also mention of itching occurring specifically around these areas.

I noticed that the first part was a bit unclear about what exactly periungual warts were, but upon closer reading, it clarified they refer to genital warts. So, combining both parts, the key points are:

1. Hand-wetness leads to increased occurrence of genital warts.
2. These warts are present",Warts that appear on the genitals usually cause itching.,"Genital warts usually appear as small growths that may look like flat, raised bumps, soft growths, or lumps. They may also resemble cauliflower-like growths. Some genital warts are firm and others are softer than skin. Sometimes they are not round but instead spread out from a central spot.",The most common cause of these infections is biting your nails or using products that dry sweat from your skin.
The barking cough and stridor may no longer be prominent at this stage. 85 % of children presenting to the emergency department have mild disease; severe croup is rare ( < 1 % ).,The barking cough and wheezing does not always happen at this stage. 85 % of children going to the emergency department have mild disease.,1,The barking cough and stridor may no longer be prominent at this stage. 85 % of children presenting to the emergency department have mild disease; severe croup is rare ( < 1 % ).,"Okay, here's a rewritten version of that sentence, aiming for clarity for an English speaker unfamiliar with medical terminology and complex phrasing:

**Option 1 (More Detailed - Good for Understanding):**

""Currently, the sounds of coughing and breathing quickly – often called a ‘stridor’ – aren’t noticeable as much anymore.  About 85% of children who are visiting the emergency room report having a mild illness.  It’s very rare for children to have severe croup (meaning a really bad cold) – about less than 1% of them experience this.""

**Option 2 (Slightly Shorter & More Direct):**

""At this point in the treatment, the sounds of coughing and breathiness are not obvious.  Most children seen in the emergency department have a mild illness.  Very rarely does a child develop severe croup – around less than 1%.""


**Here's a breakdown of why these changes were made:**

*   **“Barking cough and stridor”**: Replaced with “sounds of coughing and breathing quickly – often called a ‘stridor’” This is more accessible.
*   **“no longer be prominent”**: Changed to ""aren’t noticeable as much","At this stage, the cough and wheezing might not be as noticeable. Most kids who go to the emergency room have a mild illness, and serious croup is very rare.","At this point, the barking cough and stridor are unlikely to remain prominent. Eighty-five percent of children presenting to the emergency department are likely to have mild disease, while severe croup is rare (less than one percent).","Croup usually begins with a dry cough and a high pitched sound when the person breathes in or out. At first, the symptoms are mild. Croup is rarely serious unless the swelling of the throat makes breathing difficult.","Croup usually begins as an acute viral infection that causes inflammation in the throat and airways. Symptoms include a barking cough and wheezing. At first, these symptoms are worse when people inhale cold air or smoke. Children often become less symptomatic after they take a steroid medicine such as dexamethasone. Less than 1 percent of children who get croup require hospitalization.","In most cases, the symptoms are mild or absent."
The risk of overdose is increased if flunitrazepam is taken in combination with CNS depressants such as alcohol and opiates.,"The overdose will be worse if flunitrazepam is taken with depressants, like alcohol or opiates.",1,The risk of overdose is increased if flunitrazepam is taken in combination with CNS depressants such as alcohol and opiates.,"Okay, here's a rewritten version of that sentence, aiming for clarity for someone who’s learning English and doesn’t be familiar with specific medical terminology:

**""Taking flunitrazepam alongside substances that slow down the brain, like alcohol or certain drugs like opium, significantly increases the danger of an overdose.""**

Here’s a breakdown of what was changed and why:

*   **""The risk of overdose is increased""** became **""Taking flunitrazepam alongside substances that slow down the brain...""** - This is more direct and easier to grasp.  It focuses on the core idea – there’s a higher chance of harm when combined.
*   **""if flunitrazepam is taken""** became **""taking flunitrazepam alongside...""** - Simple phrasing makes the connection clearer.
*   **""is taken in combination with""** became **""alongside substances that...""** - A slightly more accessible way to express the relationship.
*   **""CNS depressants such as alcohol and opiates""** became **""substances that slow down the brain, like alcohol or certain drugs like opium""** - This replaces the technical term ""CNS depressants"" with a more understandable phrase describing","Taking flunitrazepam with substances that slow down the nervous system, like alcohol or opioids, increases the chance of an overdose.",The risk of overdose is increased if flunitrazepam is taken in combination with CNS depressants such as alcohol and opiates.,Flunitrazepam is an antiaromatic drug that is also a sedative. Flunitrazepam is not a sleep aid.,Flunitrazepam may also interact with other drugs that act on the central nervous system (CNS). Flunitrazepam should not be used at all when people are taking any drug that acts on the CNS.,"If people take flunitrazepam at the same time as other drugs which may increase their chance of getting drunk or use drugs, they are more likely to get intoxicated than if they took only one type of drug."
"The Intersex Society of North America stated that `` For decades, doctors have thought it necessary to treat intersex with a concealment-centered approach, one that features downplaying intersex as much as possible, even to the point of lying to patients about their conditions.","About 1 in 100 babies are born with an intersex condition, and 1 in 1000 babies have an intersex condition that the medical community declares needs surgery, in order adhere to binary sex/gender ideals.",1,"The Intersex Society of North America stated that `` For decades, doctors have thought it necessary to treat intersex with a concealment-centered approach, one that features downplaying intersex as much as possible, even to the point of lying to patients about their conditions.","Okay, here's a rewritten version of the sentence, aiming for clarity and readability for an English speaker unfamiliar with the specific terminology:

**Option 1 (More Detailed - Good for Understanding):**

“For many years, doctors have generally avoided discussing or explaining the complexities of intersex conditions. They often tried to minimize the information about these individuals, sometimes even deliberately misleading them about what they were experiencing. ”

**Option 2 (Slightly More Concise - Still Clear):**

“Doctors have historically tended to keep intersex people hidden – essentially avoiding telling them about their unique biological differences.  They might try to downplay the details of their condition.”

**Option 3 (Breaking Down - If you want to see the core idea):**

“Historically, doctors haven’t always been upfront about the challenges faced by people who are born with sex characteristics that don’t fit typical definitions. They might try to hide the truth about their situation, sometimes by omitting important information.”


**Why These Changes Worked:**

*   **Replaced Complex Words:** “Intersex,” “concealment-centered,” “downplaying,” “lying” were replaced with more common and understandable terms like ""complex conditions,"" ""avoiding discussion,"" and","The Intersex Society of North America said that for many years, doctors believed it was important to treat intersex by hiding their condition, even going as far as lying to patients about their situation.","The Intersex Society of North America stated that for decades, doctors have thought it necessary to treat intersex with a concealment-centered approach, one that features downplaying intersex as much as possible, even to the point of lying to patients about their conditions.","For decades, doctors had thought it necessary to treat intersex people with a concealment-centered approach, one that downplayed intersex as much as possible, even to the point of lying to patients about their conditions.","For many years, doctors believed that treating intersex people was not important because they did not want to reveal their sexes.","The Intersex Society of North America said that `` For decades, doctors have thought it necessary to hide intersex from people, even to the point of lying to them about their conditions. ''"
"Biopsy of the lung is usually not indicated unless the pulmonary hypertension is thought to be due to an underlying interstitial lung disease; further, lung biopsies are fraught with risks of bleeding due to the high intrapulmonary blood pressure.",Biopsy of the lung is usually not indicated unless the pulmonary hypertension is thought to be due to an underlying interstitial lung disease.,1,"Biopsy of the lung is usually not indicated unless the pulmonary hypertension is thought to be due to an underlying interstitial lung disease; further, lung biopsies are fraught with risks of bleeding due to the high intrapulmonary blood pressure.","Okay, here's a rewritten version of that complex sentence, aiming for clarity for someone learning English while preserving its core meaning:

**Option 1 (More Detailed - Good for Beginners):**

""When a lung biopsy isn’t necessary because doctors suspect that your lungs have problems with high blood pressure in the space between them (pulmonary hypertension), a lung biopsy is risky. It can cause bleeding because the blood flowing in your lungs is very strong.""

**Option 2 (Slightly Shorter & More Direct):**

""If you think your lungs might have problems with high blood pressure in the spaces between them, a lung biopsy isn’t usually needed. However, it carries a risk of bleeding because the blood in your lungs is very pressured.""

**Option 3 (Breaking it Down – For Further Understanding):**

“If there’s a problem with the blood flow in your lungs – called pulmonary hypertension – a lung biopsy might not be needed. But, it’s important to know that the blood in your lungs is very thick and could potentially bleed if it’s too high.”


**Explanation of Changes Made:**

*   **“Biopsy of the lung”** became “a lung biopsy” – straightforward.","A lung biopsy is usually not needed unless the pulmonary hypertension is caused by an underlying lung condition. Also, lung biopsies carry risks like bleeding because the blood pressure inside the lungs is very high.","The biopsy of the lung is typically not recommended unless there's a suspicion of an interstitial lung disease or another underlying cause related to pulmonary hypertension. However, lung biopsies come with significant risks of bleeding because of the elevated intrapulmonary blood pressure.",Lung biopsy is usually not needed unless doctors think that the pulmonary hypertension is caused by another medical condition. Lung biopsies are risky because the high blood pressure inside the lungs makes them prone to bleeding.,A biopsy of the lungs is usually not needed if doctors think that the pulmonary hypertension is caused by an underlying condition such as sarcoidosis or hypersensitivity pneumonitis. Lung biopsies are risky because they involve very high pressures inside the lungs.,"If the lungs have been damaged, doctors may perform a biopsy of the lungs."
"Epidemiological studies can only go to prove that an agent could have caused, but not that it did cause, an effect in any particular case: In United States law, epidemiology alone can not prove that a causal association does not exist in general.","Epidemiological studies can only go to prove that an agent could have caused disease in population, but not that it did cause, an effect in any particular case.",1,"Epidemiological studies can only go to prove that an agent could have caused, but not that it did cause, an effect in any particular case: In United States law, epidemiology alone can not prove that a causal association does not exist in general.","Okay, here's a rewritten version of the sentence, aiming for clarity and natural English flow while preserving the core meaning:

**Option 1 (More Detailed - Good for Beginners):**

""Research on diseases often shows that a specific person or thing might have been responsible for causing a particular problem in one instance. However, it doesn’t necessarily mean they were the *only* reason for that event happening.  In the laws of the United States, studying disease outbreaks alone isn’t enough to definitively say that a specific connection between someone and a result is not possible – there might be other factors involved.""

**Option 2 (Slightly Shorter & More Direct):**

""Epidemiological research can only demonstrate that a particular individual or factor might have caused a specific outcome in a single situation.  In the laws of the United States, it cannot conclusively prove that a causal link doesn’t exist across all cases.""

**Option 3 (Focusing on the Core Message - If you want to emphasize the limitation):**

“Studies examining disease outbreaks can’t definitively prove that a specific person or thing directly caused a particular event.  Instead, they can’t guarantee that there are no other causes present.”


**Explanation","Epidemiological studies can only show that a certain cause might have led to an effect, but they can't prove that the effect actually happened in a specific case. In U.S. law, epidemiology alone can't prove that there's no connection between a cause and an effect at all.","In the United States legal system, epidemiology alone cannot prove that a causal association does not exist in general.","Epidemiological studies can only show that an agent could have caused, but not that it did cause, an effect in any particular case: In United States law, epidemiology alone can not prove that a causal relationship does not exist in general.","In United States law, epidemiology alone cannot prove that a causal association does not exist in general.","In US law, there are no rules about whether an event was caused by another event or not."
"Signs occur along a continuum: no changes to varicose veins (rare) to edema to stasis dermatitis on the lower legs and at the ankles, with or without ulceration (see Table: Clinical Classification of Chronic Venous Insufficiency). Venous stasis dermatitis consists of reddish brown hyperpigmentation, induration, venous ectasia, lipodermatosclerosis (fibrosing subcutaneous panniculitis), and venous stasis ulcers.","The discoloration is caused by red blood cells that escape from swollen (distended) veins into the skin. The discolored skin is vulnerable, and even a minor injury, such as that from scratching or a bump, can break it open, resulting in an ulcer.",1,"Signs occur along a continuum: no changes to varicose veins (rare) to edema to stasis dermatitis on the lower legs and at the ankles, with or without ulceration (see Table: Clinical Classification of Chronic Venous Insufficiency). Venous stasis dermatitis consists of reddish brown hyperpigmentation, induration, venous ectasia, lipodermatosclerosis (fibrosing subcutaneous panniculitis), and venous stasis ulcers.","Okay, here's a rewritten version of that complex sentence, aiming for clarity for an English speaker unfamiliar with medical terminology and nuanced phrasing. I’ve focused on simplifying vocabulary, restructuring the information logically, and maintaining the core meaning.

**Rewritten Sentence:**

“Vessels appear to change gradually – you might see faint varicose veins (which are rare), but also develop swelling (edema) and skin problems (stasis dermatitis) on the lower legs and ankles.  Sometimes, this skin irritation can worsen, causing sores (ulcers) – this is often seen in a table showing different types of chronic vein problems (Clinical Classification of Chronic Venous Insufficiency).”

**Here’s a breakdown of how I changed each part and why:**

*   **""Signs occur along a continuum""** became **""Vessels appear to change gradually...""** - This is more direct and easily understood.
*   **""no changes to varicose veins (rare)""** became **""you might see faint varicose veins (which are rare)""** - More conversational and less formal.
*   **""to edema to stasis dermatitis on the lower legs and at the ankles""** became **""develop swelling (edema) and skin problems (st","Signs of venous problems in the lower legs happen in stages. These include things like swelling (edema), thinning of the skin (stasis dermatitis), and red-brown spots (hyperpigmentation). This condition can also lead to open wounds (ulcers) if not treated properly. 

The signs start with mild issues like swelling and redness, and get worse over time. They can appear anywhere on the leg, including the ankles. Some people might not have any symptoms, but others may need treatment for more serious problems like open wounds.","The signs described involve no changes to varicose veins (rare) to edema to stasis dermatitis on the lower legs and at the ankles, with or without ulceration. Additionally, there are red-brown pigmented hyperkeratinosis, edema, ectasia, lipodermatosis, and venous stasis ulcers.","Symptoms include swelling of the lower legs and ankles, often accompanied by itching. In some people, the skin becomes red and inflamed, causing sores that may not heal.","The signs include: No changes to varicose veins; Edema (swelling); Skin discoloration that may cause bruising or blanching; Thickening of skin over the ankle; Lumps under the skin near the ankle; Changes in the valves of the vein; Skin infections; Inflammation of the skin over the ankle; Ulceration of the skin over the ankle; A condition called stasis dermatitis which causes reddish brown spots, hardened areas, and thickened skin; Skin necrosis (tissue death) from infection; and Wounds that are difficult to heal.","The signs are as follows: No change to varicose veins (rare); Edema; Stasis dermatitis on the lower legs and at the ankles, with or without ulceration (see Table: Clinical Classification of Chronic Venous Insufficiency)."
"Most commonly found as small circular, double-stranded DNA molecules in bacteria, plasmids are sometimes present in archaea and eukaryotic organisms.","Plasmids usually occur naturally in bacteria, but are sometimes found in eukaryotic organisms (e.g., the 2-micrometre-ring in Saccharomyces cerevisiae).",1,"Most commonly found as small circular, double-stranded DNA molecules in bacteria, plasmids are sometimes present in archaea and eukaryotic organisms.","Okay, here's a rewritten version of that sentence, aiming for clarity for someone who’s learning English and doesn’t be familiar with very specialized biology terms:

**Option 1 (More Detailed - Good for Understanding):**

“DNA molecules that look like tiny circles – called plasmids – are often found in bacteria. Sometimes, these same plasmids also appear in certain types of archaea and some eukaryotic cells like plants and animals.”

**Option 2 (Slightly Shorter & More Direct):**

“Plasmids, which are small, circular DNA strands, are common in bacteria. They’ve also been observed in some archaea and some eukaryotic organisms like plants and animals.”

**Option 3 (Breaking it Down - For Maximum Clarity):**

“Bacteria frequently contain DNA molecules shaped like little circles called plasmids.  These plasmids can also be found in other kinds of organisms, including some types of archaea and even some plant and animal cells.”


**Why I made these changes:**

*   **Replaced Complex Words:** “Most commonly found as” became “are often found,” “sometimes present” or “can be observed”. “Circular, double-stranded” became “circular DNA strands” or “circular DNA.”","Plasmids are small, double-stranded DNA molecules that are commonly found in bacteria. They can also be present in some archaea and eukaryotic organisms.","The most commonly found as small circular, double-stranded DNA molecules in bacteria, plasmids are sometimes present in archaea and eukaryotic organisms.","They are also found in bacteria, viruses, and some eukaryotes.",Plasmids are usually made up of DNA only.,"The most common type of circular DNA molecule is a plasmid which is often present in bacteria, archaea and eukaryotic organisms."
Early liver metastases may be asymptomatic.,"Often, the first symptoms are vague.",1,Early liver metastases may be asymptomatic.,"Okay, here are a few options for rewriting that sentence, aiming for clarity and natural English flow while preserving the core meaning:

**Option 1 (More Detailed - Good for Beginners):**

""In the early stages of liver cancer, there might not be any noticeable symptoms.""

**Option 2 (Slightly More Concise):**

""Liver cancer often doesn't cause any symptoms at first.""

**Option 3 (Focus on the Core Idea - Slightly more formal but still accessible):**

""Sometimes, early signs of liver cancer don’t appear.""

**Option 4 (Breaking it Down - For better comprehension):**

“If the initial stage of liver cancer isn’t causing any symptoms, it could be detected later.”


---

**Why these changes work:**

* **Simpler Vocabulary:** Words like ""ultimately,"" ""in the early stages,"" and ""doesn’t appear"" replace more complicated phrases.
* **Synonyms:**  Instead of “may be asymptomatic,” we use “might not be asymptomatic” or “often doesn’t cause any symptoms”.
* **Compression:** We remove unnecessary phrases like “early liver metastases” – they add little meaning unless you need to specifically address that aspect.",Early liver metastases might not show any symptoms.,"The user has provided an instruction and an example input-output pair. The goal is to help the user improve their ability to understand complex sentences by simplifying them.

In this case, the input is ""Early liver metastases may be asymptomatic."" The output should be a rewritten version that's more understandable for non-native speakers.

First, I need to identify any complex words or phrases in the sentence. In this case, ""metases"" might be a typo; perhaps it should be ""metastases."" Alternatively, if ""metases"" is intended as a complex word, then I would replace it with a simpler synonym like ""metastases.""

But since the user wants to simplify the sentence, maybe just changing ""metases"" to ""metastases"" would make it clearer.

So, rewriting the sentence: ""Early liver metastases may be asymptomatic.""

Wait, but ""metastases"" is plural, while ""asymptomatic"" is singular. So, perhaps the sentence could be split into two parts for clarity.

Alternatively, perhaps the sentence is already clear enough, but using ""metases"" instead of ""metastases"" makes it less confusing.

Another approach is to separate the subject from the predicate. For example:

""Early liver metast",The first symptoms are usually mild or absent.,"In some people, cancer spreads first to other parts of the body before spreading to the liver; this is called an initial distant spread or seeding.",The disease usually begins when cancer has spread from the liver.
"A common finding during physical examination is a symmetry or a dominant mass âa mass distinctly different from the surrounding breast tissue. Diffuse fibrotic changes in a quadrant of the breast, usually the upper outer quadrant, are more characteristic of benign disorders; a slightly firmer thickening in one breast but not the other may be a sign of cancer.","Such a lump may be cancer if it is a firm, distinctive thickening that appears in one breast but not the other. Usually, scattered lumpy changes in the breast, especially the upper outer region, are not cancerous and indicate fibrocystic changes.",1,"A common finding during physical examination is a symmetry or a dominant mass âa mass distinctly different from the surrounding breast tissue. Diffuse fibrotic changes in a quadrant of the breast, usually the upper outer quadrant, are more characteristic of benign disorders; a slightly firmer thickening in one breast but not the other may be a sign of cancer.","Okay, here's a rewritten version of that complex sentence, aiming for clarity for an English speaker unfamiliar with medical terminology and nuanced descriptions:

**Rewritten Sentence:**

“During a doctor’s checkup, they often notice a noticeable bump or lump in the breast area. This bump isn’t like the normal, soft tissue of the breast – it’s different.  Sometimes, there are areas of thickened skin in one breast, while another breast remains relatively smooth. These signs could potentially indicate something unusual, like a tumor.”

**Here’s a breakdown of why I made these changes and what they achieve:**

*   **""A common finding during physical examination...""** became **""During a doctor’s checkup...""** - More straightforward and relatable.
*   **""...is a symmetry or a dominant mass...""** changed to **""...isn't like the normal, soft tissue of the breast.""** -  This explains the key concept much better. ""Symmetry"" is replaced with ""different shape,"" which is easier to grasp. “Dominant mass” becomes “noticeable bump or lump”.
*   **""â a mass...""** became **""...a noticeable bump or lump.""** -  Directly","During a physical exam, a common finding is either a symmetrical mass or a larger, different mass that stands out from the nearby breast tissue. Sometimes, there are widespread scar-like changes in a part of the breast, especially the upper outer part, which are usually not serious. A small firm thickening in one breast but not the other might indicate cancer.",Symmetry or a dominant mass is observed during a physical exam. Fibrotic changes in a specific breast quadrant suggest potential cancer if there's a slight increase in thickness on one side.,"The most common cause of a lump in the breast is a benign condition, such as a cyst or a leiomyoma (leiomyoma fibroma). A few women have a lump that is caused by a tumor.","The doctor will ask about symptoms such as lumps, tenderness, pain, and any history of breast injury. A mammogram shows whether there are abnormalities inside the breasts. If an abnormality is found on imaging tests, the doctor may take samples of fluid or cells for biopsy.","Symptoms include a change in the texture of the breast, a lump, or a solid mass that is distinct from the surrounding breast tissue."
More advanced breast cancers are characterized by one or more of the following: Fixation of the mass to the chest wall or to overlying skin; Satellite nodules or ulcers in the skin; Exaggeration of the usual skin markings resulting from skin edema caused by invasion of dermal lymphatic vessels (so-called peau d â orange).,"In more advanced stages, the lump usually adheres to the chest wall or the skin over it. If a breast contains cancer that adheres to the chest wall or skin, this maneuver may make the skin pucker or dimple or make one breast appear different from the other. In very advanced cancer, swollen bumps or festering sores may develop on the skin. Sometimes the skin over the lump is dimpled and leathery and looks like the skin of an orange (peau d â orange) except in color.",1,More advanced breast cancers are characterized by one or more of the following: Fixation of the mass to the chest wall or to overlying skin; Satellite nodules or ulcers in the skin; Exaggeration of the usual skin markings resulting from skin edema caused by invasion of dermal lymphatic vessels (so-called peau d â orange).,"Okay, here's a rewritten version of that complex sentence, aiming for clarity for an English speaker unfamiliar with medical terminology and nuanced descriptions. I’ve focused on simplifying language, breaking down the information, and maintaining the core meaning.

**Option 1 (More Detailed - Good for Understanding):**

“Advanced breast cancer often involves changes in the breast tissue. This can happen in several ways: a lump forming against the chest wall or the surrounding skin; small lumps or sores appearing on the skin as the breast swells due to swelling caused by abnormal blood vessels (fibers) in the breast itself – this is sometimes called ‘peau d’orange’ which means ‘orange peel’ in French.”

**Option 2 (Slightly Shorter & More Direct):**

“When breast cancer develops, it can manifest differently.  It might involve a lump growing against the chest wall or skin, or appearing as small, raised spots on the skin.  This often happens because of abnormal blood vessels in the breast, leading to swelling and redness – this is sometimes referred to as ‘peau d’orange’.”

**Option 3 (Breaking it Down - For Easier Processing):**

“Advanced breast cancer can look like these things:
*   A","Advanced breast cancers have certain characteristics: the tumor may stick to the chest wall or skin, there might be small lumps or ulcers on the skin, and the skin markings could look different because of swollen skin caused by lymphatic vessels invading the skin.","The primary characteristics of more advanced breast cancers described here involve either the fixation of the mass to the chest wall or lying on top of the skin, satellite nodules or ulcers on the skin, or excessive skin markings due to dermal lymphatic vessels inflamed by dermal lymphatic vessels (peau d'orange). These features indicate that the cancer has undergone significant changes compared to benign cases.

Alright, let me break this down step by step. First, I need to understand what the user is asking for. They provided an instruction to rewrite a complex sentence for better understanding by non-native speakers. The goal is to simplify the sentence using synonyms, compressing unnecessary info, and ensuring it's grammatically correct while retaining the main ideas.

Looking at the input sentence: ""More advanced breast cancers are characterized by one or more of the following: Fixation of the mass to the chest wall or to overlying skin; Satellite nodules or ulcers in the skin; Exaggeration of the usual skin markings resulting from skin edema caused by invasion of dermal lymphatic vessels (so-called peau d â orange)."" 

I notice several complex elements here:

1. ""Fixation of the mass to the chest wall or to overlying skin"": This seems like","The breast cancer may also spread to nearby tissues, such as the chest wall or to the skin.","In some cases, cancer cells invade blood vessels near the surface of the skin, causing swelling of the affected area. This may result in a red rash that looks like an orange peel, called `` peau d'orange '' because of this appearance.",The most common cause of breast cancer is a change in the cell line of the hormone-producing gland.
"Two leading hypotheses suggest it may have jumped species from the disease scrapie in sheep, or that it evolved from a spontaneous form of `` mad cow disease '' that has been seen occasionally in cattle for many centuries.",Mad cow disease has damaged the cattle industry.,1,"Two leading hypotheses suggest it may have jumped species from the disease scrapie in sheep, or that it evolved from a spontaneous form of `` mad cow disease '' that has been seen occasionally in cattle for many centuries.","Okay, here are a few options for rewriting your sentence, aiming for clarity and natural English flow while preserving the core meaning:

**Option 1 (More Concise):**

""Two important theories propose that a sheep breed might have descended from the disease affecting sheep, or that it could have originated from an earlier, rare form of ‘mad cow’ disease found in cattle over many years.""

**Option *2 (Slightly More Detailed - Still Clear):**

""Two proposed explanations suggest that a sheep lineage could have originated from the disease causing scrapie in sheep, or that it might have arisen spontaneously from a previous, infrequent occurrence of a similar disease in cattle throughout history.""

**Option *3 (Breaking Down for Clarity - Good if you want to emphasize each part):**

“There are two suggested origins for this phenomenon. First, it might have evolved from sheep affected by a disease called scrapie. Second, it could have started as a less common form of ‘mad cow’ disease that has been observed in cattle historically.”


---

**Why these changes were made:**

*   **Replaced Complex Words:**  Words like ""suggest,"" ""evolved,"" ""developing,"" ""observed,"" and ""that"" were replaced with more","Two popular theories say the disease might have jumped between animals through sheep or evolved from an old type of ""mad cow disease"" that's been seen in cows for many years.","The two leading hypotheses are that either the jumping of sheep from the disease scrapie or the evolution of ""mad cow disease"" could have occurred independently of each other.","The two leading theories are that it may have jumped from the disease scrapie in sheep, or that it evolved from a spontaneous form of `` mad cow disease '' that has been seen occasionally in cattle for many centuries.",The CJD is caused by prions which are infectious agents made up of proteins called朊病毒 (prions).,"The first hypothesis says that two leading theories say that it may have jumped species from the disease scrapie in sheep, or that it evolved from a spontaneous form of `` mad cow disease '' that has been seen occasionally in cattle for many centuries."
Myoclonus that occurs when patients are suddenly startled (startle myoclonus) may be an early symptom of Creutzfeldt-Jacob disease.,"In Creutzfeldt-Jacob disease (a rare degenerative brain disorder), myoclonus becomes more obvious when people are suddenly startled.",1,Myoclonus that occurs when patients are suddenly startled (startle myoclonus) may be an early symptom of Creutzfeldt-Jacob disease.,"Okay, here's a rewritten version of your sentence, aiming for clarity and natural English flow while preserving the core meaning:

**Option 1 (More Detailed):**

""Sudden shocks or feelings of being startled – this is called myoclonus – can sometimes be a sign that someone might have Creutzfeldt-Jakob’s disease. This happens very early in the illness.""

**Option 2 (Slightly Shorter & More Direct):**

""When patients suddenly feel scared or startled (this is myoclonus), it could be a warning sign of Creutzfeldt-Jakob’s disease. It often appears early on in the illness.""


**Option 3 (Breaking it Down - If you want to really simplify):**

“If someone feels a sudden shock or fright (myoclonus), it might be a sign that they have Creutzfeldt-Jakob’s disease.  This usually happens right away in the beginning of the illness.”

---

**Why these changes work:**

* **Simpler Vocabulary:** Words like ""occur,"" ""suddenly startled,"" ""early symptom,"" and ""warns"" were replaced with more common alternatives.
* **Paraphrasing:** Instead of","When people get suddenly startled, they might experience a type of sudden muscle jerk called startle myoclonus. This kind of myoclonus could be an early sign of a condition called Creutzfeldt-Jacob disease.","Myoclonus, which happens when patients suddenly become startled (startle myoclonus), might be one of the early symptoms of Creutzfeldt-Jacob disease.",The sudden startle is called myoclonus.,People who have startle myoclonus often say they feel like their muscles are being pulled or jerked at random. This is called `` jerking '' because people think their muscles are being pulled.,"If people are suddenly startled or feel fear, this may be a sign of Creutzfeldt-Jacobs disease."
It occurs in most people with asthma and up to 20 % of people without asthma.,Up to 40 % of people with allergic rhinitis also have asthma.,1,It occurs in most people with asthma and up to 20 % of people without asthma.,"Okay, here are a few options for rewriting that sentence, aiming for clarity for someone unfamiliar with medical terminology and nuanced phrasing:

**Option 1 (More Detailed & Explanatory):**

""About 20% of people who have asthma experience symptoms. However, it’s also common for many people who don't have asthma to feel unwell – roughly 80% or more of those who don’t have asthma experience similar problems.""

**Option 2 (Slightly Shorter & Focused):**

""A significant portion of individuals with asthma experience breathing difficulties.  Around 20% of people without asthma also report feeling unwell.""

**Option 3 (Breaking it Down - Good for Clarity):**

“Approximately 20% of people diagnosed with asthma experience symptoms like coughing or wheezing.  But about 80% of people without asthma also report feeling unwell.”

---

**Why these changes work:**

* **Synonyms:** I replaced phrases like ""it occurs in most people"" with “about” or “a significant portion of”.
* **Compression:**  I shortened phrases like ""up to 20%"" to ""around 20%"" or ""about 20%"".",This condition happens in most people who have asthma and up to 20% of people who don't have asthma.,It occurs in most people with asthma and up to 20% of people without asthma.,It happens in most people with asthma and about 20 % of people who don't have asthma.,"In more than half of people with asthma, wheezing is caused by an allergic reaction.","In about half of people who have asthma, the disease will develop at some point."
"Vaccinia given after exposure to smallpox, within the first three days, is reported to attenuate the disease considerably, and vaccination up to a week after exposure probably offers some protection from disease or may modify the severity of disease.",This same method using liquid from sores was also used to give people smallpox.,1,"Vaccinia given after exposure to smallpox, within the first three days, is reported to attenuate the disease considerably, and vaccination up to a week after exposure probably offers some protection from disease or may modify the severity of disease.","Okay, here's a rewritten version of that sentence, aiming for clarity for an English speaker unfamiliar with medical terminology and complex phrasing:

**""After being exposed to smallpox, a disease called vaccinia appears to significantly reduce it within the first three days.  Getting vaccinated up to a week after the exposure might offer some protection against the illness or lessen its severity.""**

Here’s a breakdown of what was changed and why:

*   **“Vaccinia given after exposure to smallpox”** became **“a disease called vaccinia appeared to reduce it”**: This is more direct and easier to grasp.
*   **“within the first three days”** became **“within the first three days”**: Simple and clear.
*   **“is reported to attenuate the disease considerably”** became **“appears to significantly reduce it”**: Rephrased to use more common language. ""Attenuation"" means reduction, but it's a technical term; “significantly reduces” is clearer.
*   **“and vaccination up to a week after exposure probably offers some protection from disease or may modify the severity of disease”** became **“might offer some protection against the illness or lessen its severity”**: This simplifies the","Vaccinia given after smallpox exposure within the first three days helps reduce the illness, and getting vaccinated up to a week after exposure might offer some protection or change how severe the illness is.","The vaccine given after exposing individuals to smallpox within the first three days is believed to reduce the impact of the disease. Additionally, providing protection for the duration of up to one week post-exposure might offer some level of protection against the disease or even modifying its severity.",The vaccine gives little or no protection against smallpox.,"If vaccinated people are exposed to smallpox, they usually get much less severe symptoms than if they are not vaccinated at all.","If the person gets vaccinated before they get exposed to smallpox, their chance of getting smallpox is greatly reduced."
Urinary catheterization increases the risk for urinary tract infections.,Women get urinary tract infections more often than men.,1,Urinary catheterization increases the risk for urinary tract infections.,"Okay, here are a few options for rewriting that sentence, aiming for clarity and natural English flow while preserving the core meaning:

**Option 1 (More Detailed & Explanatory):**

""When a urinary catheter is used, there’s a higher chance of getting a urinary infection. This happens because the tube can introduce bacteria into your bladder.""

**Option 2 (Slightly Shorter & More Direct):**

""Using a urinary catheter increases the risk of developing a urinary tract infection.  The catheter itself can cause germs to enter your bladder.""

**Option 3 (Focus on the Core Concept - Good for Beginners):**

“Having a urinary catheter makes you more likely to get a urinary infection.  The tubing could carry germs that then infect your bladder.”

---

**Why these changes work:**

* **Simpler Vocabulary:** Words like ""increasing the risk"" and ""introduces bacteria"" are easier to grasp than the original phrasing.
* **Paraphrasing:** Instead of saying “increases the risk for,” we say “there’s a higher chance of…” or “it increases the risk of…”
* **Compression:** We've shortened phrases like ""Urinary catheterization..."" to just ""using a",Using a urinary catheter increases the chance of getting a urinary tract infection.,The urinalysis results in increased risk for urinary tract infections due to the use of urinary catheters.,Urinary catheterization increases the risk of urinary tract infections.,Catheters increase the chance of getting an infection inside the bladder.,Urinary catheterization may also increase the risk of urinary tract infection.
Obstetric manifestations include early and late fetal loss.,Pregnant women have a higher-than- normal risk of miscarriage and stillbirth.,1,Obstetric manifestations include early and late fetal loss.,"Okay, here are a few options for rewriting that sentence, aiming for clarity and natural English flow while preserving the core meaning:

**Option 1 (More Detailed - Good for Beginners):**

""During pregnancy, there are two possible outcomes: either the baby dies early or the baby is born later. This means experiencing loss during different stages of the pregnancy.""

**Option 2 (Slightly More Concise):**

""Early and late losses during pregnancy are possible events.  This includes losing the baby before birth or after the baby is born.""

**Option 3 (Focus on Key Concepts - Slightly more formal but still accessible):**

“There are two ways pregnancy can end: the baby dying prematurely or being delivered later. These scenarios represent potential losses.”


---

**Why these changes work:**

*   **Replaced Complex Words:** ""Manifestations"" became ""outcomes,"" ""late"" and ""early"" were replaced with clearer terms.
*   **Simplified Language:** Phrases like ""including"" and ""this means"" were removed.
*   **Added Context:** Explaining *why* these things happen (""during pregnancy"") helps understanding.
*   **Main Idea Preserved:** All options maintain the fundamental message about potential",The signs related to pregnancy include early and late fetal losses.,"The original sentence is about fetal loss during pregnancy. It's important to note that both early and late fetal loss are significant and should not be overlooked when assessing for complications or monitoring for any adverse effects.

I think I have a good grasp on how to approach this problem. Now, let me try to apply my understanding step by step to the provided example.
First, I need to identify the complex sentence given: ""Obstetric manifestations include early and late fetal loss."" My goal is to simplify this sentence as much as possible while retaining its main ideas and ensuring it remains grammatically correct and fluent.

Step 1: Understanding the Original Sentence
The original sentence is a bit technical, but it's clear what it's talking about. It mentions that during pregnancy, there are specific instances where fetal loss occurs—either early or late. Early fetal loss refers to the loss of the first two fingers, which can lead to serious complications like low birth weight or intrauterine growth restriction. Late fetal loss involves the loss of the last three fingers, which may result in more severe complications such as placental abruption or increased intrauterine space.

So, the key points here are:
- Fetal loss during pregnancy
- Two types: early and late
- Each type has",The woman may have symptoms such as bleeding after delivery.,The obstetrician may also detect an abnormality that causes these losses.,The most common birth defects are caused by genetic mutations.
"Because patients lack the motor responses (eg, withdrawal from painful stimuli) usually used to measure responsiveness, they may be mistakenly thought to be unconscious. Thus, all patients who can not move should have their comprehension tested by requesting eye blinking or vertical eye movements.","Because locked-in syndrome can be mistaken for stupor or coma, doctors test people who do not move and appear unresponsive by asking them to open and close their eyes.",1,"Because patients lack the motor responses (eg, withdrawal from painful stimuli) usually used to measure responsiveness, they may be mistakenly thought to be unconscious. Thus, all patients who can not move should have their comprehension tested by requesting eye blinking or vertical eye movements.","Okay, here's a rewritten version of that complex sentence, aiming for clarity for an English speaker unfamiliar with medical terminology and nuanced phrasing:

**Rewritten Sentence:**

“When patients don’t react normally when exposed to painful sensations – like withdrawing away from those feelings – they might think they are asleep or unconscious. Therefore, we need to test them carefully.  Specifically, we should ask them to blink their eyes or look up towards the sky to see if they’re awake. This helps us determine if they’re truly aware.”

**Here’s a breakdown of why I made these changes and what they achieve:**

*   **""Because patients lack the motor responses...""** became **""When patients don’t react normally...""**: This is more direct and easily understood. It focuses on the core problem.
*   **""(eg, withdrawal from painful stimuli)""** became **""...like withdrawing away from those feelings""**:  This uses simpler language to describe the behavior. ""Eg."" is replaced with ""like"" for better flow.
*   **""usually used to measure responsiveness""** became **""...when exposed to painful sensations...""**:  Rephrased to explain the context.
*   **""they may be mistakenly","Patients don't usually show the movement responses that doctors use to check if someone is awake, so they might be mistaken for being unconscious. That means everyone who can't move should have their understanding checked by asking them to blink their eyes or move their eyes up and down.","The patient's condition is such that without motor responses, they might be considered unaware. However, if there are no motor responses, the patient could be mistaken for being unaware. Therefore, when testing patients without movement, their awareness status must be assessed through specific methods like eye blinking or vertical eye movements.","If people cannot move, doctors may think that they are unconscious.","Thus, all people who are unable to move must first have their comprehension tested by asking them to blink their eyes or move their eyes vertically up and down.",They may also be mistaken for being unaware of pain.
Bedside neurologic testing Neuropsychologic testing,A doctor 's evaluation Standardized tests of brain function,1,Bedside neurologic testing Neuropsychologic testing,"Okay, here are a few options for rewriting that sentence, aiming for clarity and natural English flow while preserving the core meaning:

**Option 1 (More Detailed - Good for Beginners):**

""A neurological examination (also called neuropsychological testing) is performed to assess a person’s mental abilities.""

**Option 2 (Slightly Shorter & More Direct):**

""Neurological tests help determine how someone thinks and performs tasks.""

**Option 3 (Breaking it Down – For Easier Understanding):**

“To check their brain function, doctors often use tests like neurological examinations or neuropsychological testing. These tests look at things like memory, thinking speed, and problem-solving skills.”

---

**Why these changes work:**

*   **Neuropsychological Testing:** This is a more common and easily understood term than ""neuropsychologic testing.""
*   **Assessment:** Replacing “testing” with “assessment” provides a clearer sense of what the process involves.
*   **Mental Abilities:**  This is a broader and more accessible way to describe the focus of the test.
*   **Thinking and Performing Tasks:** This explains *what* the tests are measuring – cognitive functions.


To help me refine the best option","The original sentence is a bit unclear. Let me break it down:

- ""Bedside neurologic testing"" refers to tests done while you're lying down or resting.
- ""Neuropsychologic testing"" seems like a mix of two words that might not be correct. It's likely meant to be ""neuro-psychological"" or ""neurological.""

So, I'll rephrase this for clarity and simplicity:

**Simplified version:**  
Testing done while you're lying down or resting, such as checking brain function and mental abilities.","The provided instruction requires rewriting a complex sentence for better understanding by non-native speakers. The task involves simplifying the sentence through synonyms, deletion of unnecessary information, or breaking down the sentence into simpler parts while maintaining its original meaning and grammar.

The given input is ""Bedside neurologic testing Neuropsychologic testing"". This sentence combines two terms: ""bedside neurologic testing"" and ""neuropsychologic testing"", which are both related but distinct in their meanings.

To simplify this sentence, we can replace each term with a more straightforward synonym. For example, ""neuropsychologic testing"" can be replaced with ""neurological testing"", and ""bedside neurologic testing"" can remain as is since it's already concise.

Thus, the rewritten sentence would be:

""Neurological testing Neurological testing""

This version is simpler, retains the original meaning, and maintains proper grammar.",Neurological tests,Neuropsychological tests,Neuropsychologic tests
"The most infamous symptom of bubonic plague is an infection of the lymph glands (lymphadenitis), which become swollen and painful and are known as buboes.",There are different kinds of Bubonic plague.,1,"The most infamous symptom of bubonic plague is an infection of the lymph glands (lymphadenitis), which become swollen and painful and are known as buboes.","Okay, here's a rewritten version of that sentence, aiming for clarity for someone who’s learning English and doesn’t be familiar with very specific medical terms:

**Revised Sentence:**

“One of the most famous signs of bubonic plague is swelling in the lymph nodes – this is called lymphadenitis.  When these lymph nodes get big and feel uncomfortable, they’re called buboes.”

**Here’s a breakdown of why I made these changes and what they achieve:**

*   **""The most infamous symptom...""** became **""One of the most famous signs...""**: This is more direct and easily understood. ""Infamous"" has a slightly formal connotation we don't need.
*   **""...of bubonic plague is an infection of the lymph glands...""** changed to **""...is swelling in the lymph nodes - this is called lymphadenitis.""**: This breaks down the technical term into something more relatable. “An infection” is clearer than “a symptom of.”
*   **""...which become swollen and painful...""** became **""...when these lymph nodes get big and feel uncomfortable.""**: This uses more common language to describe the symptoms. ""Get big"" is a good metaphor.
*   **""...",The most common symptom of bubonic plague is swollen and painful lymph glands called buboes.,"The most infamous symptom of bubonic plague is a condition caused by lymph gland infection (lymphadenitis). This condition causes swelling and pain, often referred to as buboes.","The most famous symptom of bubonic plague is an infection of the lymph glands (lymphadenitis), which become swollen and painful and are called buboes.",The most common symptom of bubonic plague is swelling and pain in one or more of the lymph nodes throughout the body; these enlarged nodes may form abscesses called `` buboes '' .,Bubonic plague also causes infection of the lymph glands (lymphadenitis).
CA 19­-9 and CA 125 are other tumor markers that may be similarly used.,"Two other cancer markers, CA 19-9 and CA 125, are similar to CEA and are sometimes elevated in colorectal cancer.",1,CA 19­-9 and CA 125 are other tumor markers that may be similarly used.,"Okay, here's a rewritten version of the sentence, aiming for clarity and natural English flow while preserving the core meaning:

**Option 1 (More Detailed):**

""Other types of tumors, called CA-19 and CA-125, might also be useful for diagnosing diseases. They’re similar in their characteristics.""

**Option 2 (Slightly More Concise):**

""CA-19 and CA-125 are other tumor markers that could be helpful in diagnosing illnesses.""


**Option 3 (Focus on Explanation - if needed):**

“In addition to these two markers – CA-19 and CA-125 – there might be other tests that offer similar results.”



**Why these changes work:**

*   **Replaced Complex Words:** ""that may be similarly used"" became ""might also be useful,"" ""could be helpful"" or ""offer similar results"".
*   **Simplified Language:** Phrases like “are another tumor marker” were replaced with more direct phrasing.
*   **Compression:**  The original sentence was quite long. Breaking it down into shorter sentences makes it easier to process.
*   **Main Idea Retention:** All options maintain the central idea – that",CA 19-9 and CA 125 are other types of tumor markers that might be used in the same way.,The tumor markers CA 19-9 and CA 125 may also be used as indicators for the presence of cancer.,CA 19-9 and CA 125 are two other tumor markers that may also be used.,Other tests include measuring levels of certain proteins called tumor markers.,Other markers include CA 19­-9 and CA 125.
Cardiac complications include pericarditis (most commonly) and myocarditis.,"People with lupus may have chest pain due to inflammation of the sac around the heart  pericarditis). More serious but rare effects on the heart are inflammation of the walls of the coronary arteries (coronary artery vasculitis), which can lead to angina, and inflammation of the heart muscle (myocarditis), which can lead to heart failure.",1,Cardiac complications include pericarditis (most commonly) and myocarditis.,"Okay, here are a few options for rewriting that sentence, aiming for clarity for someone who’s learning English and doesn’t be familiar with medical jargon:

**Option 1 (More Detailed - Good for Beginners):**

""Problems involving the heart, called cardiac complications, can include inflammation of the heart lining, which is often called pericarditis.  Another type of heart problem is inflammation of the heart muscle itself, known as myocarditis.""

**Option 2 (Slightly Shorter & More Direct):**

""Heart problems can cause issues like pericarditis – where the heart lining gets inflamed – or inflammation of the heart muscle itself, called myocarditis.”

**Option 3 (Breaking it Down - For Easier Processing):**

“When the heart suffers problems, it might develop two types: pericarditis, where the sac surrounding the heart becomes inflamed, or myocarditis, where the heart muscle itself gets inflamed.”

---

**Why these changes were made:**

*   **“Cardiac complications”**: Replaced with “problems involving the heart” – more accessible.
*   **“Pericarditis”**: Explained as ""inflammation of the heart lining”.
*   **“Myocarditis”**: Explained as ""inflammation","Cardiac complications can include pericarditis and myocarditis, which are common conditions.",The cardiac complications include pericarditis and myocarditis.,Cardiac complications include pericarditis (most often) and inflammation of the heart muscle (myocarditis).,"The most common cardiac complication is pericarditis; less frequently, myocarditis occurs.",The most common cause of cardiad complications is pericarditis.
"Lifestyle changes have been shown to be effective in reducing (and in the case of diet, reversing) coronary disease: In people with coronary artery disease, aerobic exercise can reduce the risk of mortality.",Most people with coronary heart disease can feel healthy for years before they start experiencing symptoms.,1,"Lifestyle changes have been shown to be effective in reducing (and in the case of diet, reversing) coronary disease: In people with coronary artery disease, aerobic exercise can reduce the risk of mortality.","Okay, here's a rewritten version of that sentence, aiming for clarity for an English speaker unfamiliar with medical terminology and complex phrasing:

**Option 1 (More Detailed):**

""Research shows that making lifestyle changes – like exercising regularly – can help prevent heart problems.  For people who already have heart problems, physical activity like running or cycling can significantly lower their chances of dying.""

**Option 2 (Slightly Shorter & More Direct):**

""Studies show that changing your lifestyle – such as exercising – can protect you from heart disease.  Especially for those with existing heart issues, regular exercise can help keep you alive.""


**Option 3 (Breaking it Down - If needed):**

“When you make healthy lifestyle changes, like getting regular exercise, it’s often helpful for preventing heart problems.  People who already have heart problems benefit even more when they start exercising.”

---

**Why these revisions work:**

* **Simpler Vocabulary:** Words like ""lifestyle changes,"" ""reducing,"" ""reverse,"" ""mortality,"" and ""protecting"" were replaced with more common alternatives.
* **Paraphrasing:** Instead of saying “have been shown to be effective,” we used phrases like “research shows” or",Lifestyle changes like eating better and being more active can help reduce the risk of dying from heart problems. Regular exercise helps lower the chance of death for people who already have heart issues.,"The original sentence uses ""reduced"" which might not be as clear for non-native speakers. By replacing ""reduced"" with ""diminished,"" the sentence becomes clearer about the extent of reduction. Additionally, the phrase ""reversing"" is specific to diet contexts but may not apply universally. Therefore, it's better to keep it as is unless there's a universal alternative. Splitting the sentence into two parts makes it more readable: ""In people with coronary artery disease, aerobic exercise can diminish the risk of mortality."" This version maintains the same meaning while being simpler.","In people with coronary artery disease, aerobic exercise can reduce the risk of death.","In people who already have heart problems, aerobic exercises such as walking or running may lower blood pressure and improve cholesterol levels.","In people with coronary artery disease, aerobic exercise can reduce the risk of dying from heart attack or stroke."
"Because there are no blood vessels in the cornea, there are also few problems with rejection of the new cornea.","It is a very special form of tissue because the cornea is clear, has no blood vessels, and has nerves with no myelin sheaths on them.",1,"Because there are no blood vessels in the cornea, there are also few problems with rejection of the new cornea.","Okay, here's a rewritten version of that sentence, aiming for clarity and natural English flow while preserving the core meaning:

**Option 1 (More Detailed):**

""Since the cornea doesn’t have any blood vessels, there aren’t many issues with it being rejected by the body. This means the new cornea is likely to be well-received.""

**Option 2 (Slightly More Concise):**

""Without blood vessels in the cornea, there are fewer problems with it being rejected by the immune system.  Therefore, this new cornea seems suitable.""


**Option 3 (Breaking it Down - If you want to really simplify):**

“If the cornea doesn’t have blood vessels, it’s less likely to be rejected by the body’s defenses. So, this new cornea appears to be okay.”



---

**Why these changes work:**

*   **Replaced Complex Words:** ""Because there are no blood vessels"" became ""Since the cornea doesn’t have any blood vessels"". “there are also few problems” became “there aren’t many issues”.
*   **Simplified Language:** Phrases like ""with little problems"" were replaced with more direct phrasing.
*   **Removed Red","Because the cornea doesn't have blood vessels, it's less likely to have problems when a new cornea is implanted.","The cornea lacks blood vessels, leading to fewer issues concerning the removal of the cornea.",The cornea is transparent and does not have blood vessels.,"There are no blood vessels in the cornea, so there are very few problems with rejection of the new cornea.",There are fewer problems than usual because there are no blood vessels in the cornea.
"In adults, lassitude, weakness, and anorexia are most common.",Other people do not develop symptoms of celiac until adulthood. Adults may have digestive symptoms or other symptoms. Many adults have no digestive symptoms at all. Most affected adults have weakness and loss of appetite.,1,"In adults, lassitude, weakness, and anorexia are most common.","Okay, here are a few options for rewriting that sentence, aiming for clarity and natural English flow while preserving the core meaning:

**Option 1 (More Detailed - Good for Beginners):**

""Among adults, feeling tired, lacking strength, and struggling with eating habits (anorexia) are frequently observed.""

*   **Explanation:** This version replaces ""lassitude,"" ""weakness,"" and ""anorexia"" with more accessible terms like ""feeling tired,"" ""lacking strength,"" and ""struggling with eating habits.""  It also uses “observed” instead of “are most common” which is slightly less formal.


**Option 2 (Slightly Shorter & More Direct):**

""Adults often experience tiredness, weakness, and difficulties with eating, particularly anorexia.""

*   **Explanation:** This simplifies the phrasing by directly stating the observation about adults. It removes the somewhat formal ""are most common"" and focuses on the key symptoms.



**Option 3 (Breaking it Down – For Enhanced Understanding):**

“Generally speaking, adults who feel tired, weak, or struggle with food intake often exhibit these problems – anorexia.”

*   **Explanation:** This breaks the sentence into three smaller parts. ""Generally speaking","Adults often experience lassitude, weakness, and anorexia.","The adult has difficulty staying focused due to lack of motivation, weakness, or eating disorders.","Lassitude, weakness, and anorexia are most common in adults.",The first symptom is usually fatigue or tiredness; this may become severe enough that people feel like they cannot move at all. People also lose their appetite.,"Lassitude, weakness, and anorexia are the most common symptoms of lactic injuries."
"The pain, lasting seconds to a few minutes, usually begins in the tonsillar region or at the base of the tongue and may radiate to the ipsilateral ear.","The pain usually begins at the back of the tongue, back of the throat, or the area near the tonsils. Sometimes pain spreads to the ear or the area at the back of the jaw. The pain may last several seconds to a few minutes and usually affects only one side of the throat and tongue.",1,"The pain, lasting seconds to a few minutes, usually begins in the tonsillar region or at the base of the tongue and may radiate to the ipsilateral ear.","Okay, here's a rewritten version of that sentence, aiming for clarity for someone who’s learning English and potentially unfamiliar with medical terminology:

**Revised Sentence:**

“A pain, often lasting from a few seconds to a couple of minutes, typically starts in the area near your tonsils or at the bottom of your tongue. It might then spread to one side of your ear.”

**Here’s a breakdown of what I changed and why:**

*   **""The pain""**:  Simplified to ""A pain"" – straightforward and clear.
*   **""lasting seconds to a few minutes""**: Replaced with “often lasting from a few seconds to a couple of minutes” - This explains the timeframe more gently.
*   **""in the tonsillar region or at the base of the tongue""**: Rewritten as “in the area near your tonsils or at the bottom of your tongue”. This is easier to grasp than the original phrasing.
*   **""and may radiate to the ipsilateral ear""**: Changed to “It might then spread to one side of your ear.”  This uses more common language to describe the sensation – “spread” conveys the idea of the pain radiating. “Ipsilateral” is",The pain lasts for seconds to a few minutes and starts in the area near the tonsils or at the bottom of the throat. It might spread to the same side of the head as where the pain started.,"The pain, lasting seconds to a few minutes, usually begins in the tonsillar region or at the base of the tongue and may radiate to the ipsilateral ear.","The pain lasts seconds to a few minutes, usually in the tonsillar area or at the base of the tongue and may extend to the ipsilateral ear.",Pain from an infected tooth is often brief but severe; it typically starts on one side of the mouth near the front teeth and then moves toward the center of the jaw and sometimes up to the ear on that side.,The pain usually starts in the tonsil or at the tip of the tongue and may spread to the ipsilateral ear.
Clinical evaluation. Diagnosis is primarily clinical.,A doctor 's evaluation,1,Clinical evaluation. Diagnosis is primarily clinical.,"Okay, here are a few options for rewriting that sentence, aiming for clarity and natural English flow while preserving the core meaning:

**Option 1 (More Detailed - Good for general understanding):**

""First, we need to examine patients carefully. The primary way we’ll determine what’s wrong is through tests and examinations.""

**Option 2 (Slightly More Concise):**

""Diagnosis comes from examining patients – it's mainly based on tests and observations.""

**Option 3 (Focusing on the Core Idea - Slightly more formal):**

""A thorough clinical examination is necessary to diagnose the problem.""

---

**Why these changes work:**

* **“Clinical evaluation”** became “we need to examine patients carefully” or “it’s mainly based on tests and observations.”  This avoids the jargon.
* **“primarily clinical”** was rephrased as ""the primary way we’ll determine..."" or ""it's mainly based on..."" This makes the connection clearer.


To help me refine the best option for *you*, could you tell me:

*   **What is the context of this sentence?** (e.g., a medical report, a conversation about health,",The main way to evaluate a condition is through clinical methods.,The initial sentence discusses a clinical evaluation where the diagnosis is primarily based on general clinical information rather than specific medical terms.,The diagnosis is based on the physical examination and medical history.,Diagnosis is mainly based on symptoms.,Diagnosis is based on objective tests.
"Cowpox is more commonly found in animals other than bovines, such as rodents.",The disease can be spread by touch from cows to humans.,1,"Cowpox is more commonly found in animals other than bovines, such as rodents.","Okay, here are a few options for rewriting that sentence, aiming for clarity for someone who’s learning English and doesn’t be familiar with all the nuances:

**Option 1 (More Detailed - Good for Beginners):**

""Infections caused by cowpox are often seen in animals besides cows, like rabbits or mice.""

*   **Why this works:**  Replaces “is more commonly found” with “are often seen,” which is easier to grasp. Replacing “such as” with “like” makes it flow better.

**Option 2 (Slightly Shorter & More Direct):**

""Cowpox is frequently found in animals other than cattle, like rats and mice.""

*   **Why this works:** Uses ""often found"" instead of ""more commonly found,"" and replaces ""cattle"" with ""cows"" for clarity.

**Option 3 (Breaking it Down – For Learners Who Need More Context):**

“Cowpox is more common in animals like rabbits and mice, rather than cows.”

*   **Why this works:** This breaks the sentence into two shorter sentences, making it easier to follow. It also clearly states the contrast – cowpox is *more* common in these animals.","Cowpox is usually seen in animals like mice, but not in cows.","The cowpox virus is more commonly found among non-bovine animals like rodents compared to humans.

Alright, let me break this down step by step. First, I need to understand what the user is asking for. They provided a task where they have to rewrite a complex sentence to make it easier for non-native speakers. The goal is to simplify the sentence while keeping the original meaning intact.

Looking at the input sentence: ""Cowpox is more commonly found in animals other than bovines, such as rodents."" This is already somewhat clear but could be made clearer by using simpler terms and restructuring.

I should start by identifying any complex words or phrases. In this case, ""cowpox"" might not need simplification since it's a common term. However, ""animals"" can be replaced with something more straightforward like ""动物.""

Next, the structure of the sentence. It starts with ""Cowpox is..."" which is fine, but maybe making it flow better would help. Perhaps starting with ""动物"" first could make it sound more natural.

Also, the phrase ""other than bovines"" can be rephrased to ""其他动物"" for clarity. Similarly, ""such as"" can be changed to ""例如"" to provide examples","Cowpox is most common in animals other than cows, such as rats.",Cowpox is less common in animals other than cows.,Cowpox is also spread among humans.
"Here, an enzyme such as DNA polymerase catalyzes a reaction in a first step and then checks that the product is correct in a second step.",Another example is DNA polymerase.,1,"Here, an enzyme such as DNA polymerase catalyzes a reaction in a first step and then checks that the product is correct in a second step.","Okay, here are a few options for rewriting the sentence, aiming for clarity for someone who’s learning English and doesn’t be familiar with specialized scientific terms:

**Option 1 (More Detailed - Good for Beginners):**

""First, a special helper called a ‘DNA polymerase’ speeds up a process. Then, it carefully checks if the result seems right to ensure accuracy.""

**Option 2 (Slightly More Concise):**

“When a DNA polymerase starts working, it quickly checks if the resulting product is correct.  Then, it continues.”

**Option 3 (Breaking it Down – For Easier Understanding):**

“First, a molecule called DNA polymerase helps speed up a chemical reaction. After this initial step, it examines the product to make sure it’s accurate.”

---

**Why these changes work:**

* **Replaced Complex Words:** “catalyzes” became “speeds up,” “checks that the product is correct” became “carefully checks if the result seems right,” and “continues” replaced “then”
* **Simplified Language:** Phrases like ""in a first step and then"" were shortened to more direct expressions.
* **Added Context:** Adding phrases like ""a special helper""","An enzyme like DNA polymerase helps in a first step to carry out a reaction, and then checks if the result is right in a second step.","The enzyme, similar to DNA polymerase, initiates a reaction in the first step and then ensures the product's correctness in the second step.",An enzyme such as DNA polymerase catalyzes a reaction in the first step and then checks that the product is correct in a second step.,"In this way, enzymes check for errors during replication.",An enzyme such as DNA polymerase catalyzes a reaction in a first step and then checks that the product is correct in a second step.
"In developing countries, most cases are probably caused by tuberculosis, particularly in patients with impaired immune function due to undernutrition or human immunodeficiency virus (HIV) infection.","In developing nations, severe or repeated infections that cause bronchiectasis are more often caused by tuberculosis.",1,"In developing countries, most cases are probably caused by tuberculosis, particularly in patients with impaired immune function due to undernutrition or human immunodeficiency virus (HIV) infection.","Okay, here's a rewritten version of that sentence, aiming for clarity for an English speaker unfamiliar with the nuances of medical terminology and complex phrasing:

**Option 1 (More Detailed - Good for Understanding):**

“In many developing countries, tuberculosis is often the reason for illness. Specifically, people who have weakened immune systems because they haven’t eaten properly or have been infected with HIV tend to get it more often.”

**Option 2 (Slightly More Concise - Still Clear):**

“In some developing regions, tuberculosis frequently arises from poor health – often because people with weak immune systems due to malnutrition or HIV infections develop the disease.”

**Option 3 (Breaking it Down - For Maximum Clarity):**

“In poorer countries, tuberculosis is common.  It usually happens when someone has a weakened immune system because they haven’t gotten enough food or have been exposed to HIV. ”


**Why these changes were made:**

*   **""Developing countries"" became ""many developing regions"" or ""some developing areas.""** This is less formal and easier to grasp.
*   **""Most cases are probably caused by"" was replaced with phrases like ""often occurs,"" ""frequently arises,"" or ""is commonly seen.""","In many developing countries, most cases of illness are likely due to tuberculosis, especially in people whose immune systems are weak because they don't get enough food or because they have HIV.","The original sentence focuses on the relationship between a disease and its impact on developing countries. However, it lacks clarity, making it difficult for non-experts to understand. To enhance comprehension, we'll break the sentence into two parts:

1. ""The disease affects the","In developing countries, most cases are probably caused by tuberculosis, especially in people who have poor health and are not getting enough food or have HIV.","In developing countries, most people who get schistosomiasis have an underlying problem that makes their immune system unable to fight off infections.","In many parts of Africa, most cases are probably caused by tuberculosis, especially in people who have not gotten enough food or disease from HIV."
Clubbing is present in about 50 % of cases.,"As the disease progresses, the level of oxygen in the blood decreases, and the skin may take on a bluish tinge (called cyanosis) and the ends of the fingers may become thick or club-shaped (see Figure: Recognizing Finger Clubbing).",1,Clubbing is present in about 50 % of cases.,"Okay, here are a few options for rewriting that sentence, aiming for clarity and natural English flow while preserving the core meaning:

**Option 1 (More Detailed - Good for general understanding):**

""About 50% of club activities involve this phenomenon.  It’s quite common.""

**Option 2 (Slightly More Concise):**

""Around 50% of instances of clubs include this characteristic.""

**Option 3 (Focus on the Prevalence):**

""A significant number of clubs exhibit this behavior – roughly 50% of them.""

**Option 4 (Breaking it Down - If you want to explain further):**

“In about 50% of cases, you’ll find that there are clubs. This is a fairly frequent occurrence.”


---

**Why these changes work:**

*   **Replaced Complex Words:** ""Clubbing"" became ""this phenomenon,"" ""this characteristic,"" or ""this behavior.""
*   **Simplified Language:** Phrases like ""is present in about"" were replaced with more direct phrasing.
*   **Compression:**  The original sentence was streamlined to convey the same message efficiently.
*   **Maintaining Meaning:** All options maintain the essential idea that",The condition occurs in about 50% of cases.,The clubbing is present in approximately half of the cases.,About half of people who have clubbing also have myopia.,Clubbing is present in more than half of people who have had a stroke.,"In about half of all cases, clubbing occurs."
"She returned to Australia but died in St Vincent 's Hospital, Sydney in 1931, aged 69, of septicemia which had developed after facial surgery in Europe some time before.",She died of septicemia in Sydney.,1,"She returned to Australia but died in St Vincent 's Hospital, Sydney in 1931, aged 69, of septicemia which had developed after facial surgery in Europe some time before.","Okay, here's a rewritten version of that sentence, aiming for clarity and natural English flow while preserving the core meaning:

**Option 1 (More Detailed - Good for Understanding):**

“After returning to Australia, she passed away in St. Vincent’s Hospital in Sydney on December 25, 1931, at the age of 69. She died due to septicemia – a blood infection – that resulted from a facial operation she had undergone in Europe a few years earlier.”

**Option 2 (Slightly Shorter & More Direct):**

“She lived in Australia and died in St. Vincent’s Hospital, Sydney, on December 25, 1931, at the age of 69.  A recent facial surgery in Europe caused her to develop septicemia, which ultimately led to her death.”


**Here’s a breakdown of why these changes were made:**

*   **""returned to Australia""**: Replaced with ""after returning to Australia"" - more straightforward.
*   **""died in St. Vincent’s Hospital, Sydney""**:  Simplified to “in St. Vincent’s Hospital, Sydney” - clearer phrasing.
*   **","She went back to Australia in 1931 when she was 69 years old. She died in the hospital in Sydney, Australia, in 1931. She had a sickness called septicemia that started after she had surgery on her face in Europe earlier than that year.","She returned to Australia but died in St. Vincent's Hospital, Sydney in 1931, aged 69, of septicemia which developed after facial surgery in Europe some time ago.","She died in St Vincent 's Hospital, Sydney in 1931, aged 69, of septicemia which had developed after facial surgery in Europe some time before.","Her death was caused by septicemia, an infection that had started developing after she had had surgery on her face in Europe some time before.","She was born on February 24, 1870, in New South Wales."
"Cough, occasionally producing chunky or gummy sputum, occurs but is less common.","Most people also have a cough that often does not produce sputum, but occasionally people expectorate chunky gelatinous material.",1,"Cough, occasionally producing chunky or gummy sputum, occurs but is less common.","Okay, here are a few options for rewriting that sentence, aiming for clarity and natural English flow while preserving the core meaning:

**Option 1 (More Detailed & Explanatory):**

""Sometimes, when you cough, you might produce small, hard or sticky pieces of mucus – this is relatively rare.""

**Option 2 (Slightly Shorter & More Direct):**

""It’s not often that coughing results in large, chewy pieces of mucus.  Instead, it happens sometimes.""

**Option 3 (Focus on the Symptom - Slightly More Formal):**

""Occasionally, coughing can lead to small, hard, or gummy sputum. This is a less frequent occurrence.""

---

**Why these changes work:**

*   **Replaced Complex Words:** ""producing chunky or gummy sputum"" became ""produces small, hard or sticky mucus"" or ""results in large, chewy pieces of mucus"".
*   **Simplified Language:** Phrases like “occurs but is less common” were replaced with more direct expressions.
*   **Compression:**  The unnecessary phrases (""but is less common"") were removed.
*   **Maintaining Meaning:** All options maintain the overall message about coughing producing mucus, just expressed differently",The cough sometimes produces thick or sticky mucus.,"The cough often produces chunky or gummy sputum, which occurs but is less common.",The cough may produce thick or gummy sputum.,A cough may occur that sometimes produces chunks of mucus.,"Cough, sometimes producing chunky or gummy sputum, happens but is not very frequent."
Undernutrition and human immunodeficiency virus (HIV) infection also appear to increase risk.,Poor nutrition and unavailability of vaccines can also contribute.,1,Undernutrition and human immunodeficiency virus (HIV) infection also appear to increase risk.,"Okay, here are a few options for rewriting that sentence, aiming for clarity for someone unfamiliar with medical terminology and complex phrasing, along with explanations of why I made each change:

**Option 1 (More Detailed - Good for general understanding):**

""It seems that being poorly nourished and having HIV can make you more likely to get sick.""

*   **Why this works:**  Replaces ""undertritional"" with ""poorly nourished,"" simplifies ""increase risk"" to ""make you more likely to get sick,"" and uses a more direct and accessible phrase.


**Option **2 (Slightly More Concise - Still Clear):**

""Having a weakened immune system due to malnutrition or HIV infection might raise your chances of getting unwell.""

*   **Why this works:** Replaces “undertritional” with “weakened immune system,” simplifying the second part of the sentence. It also adds context – “might raise your chances.”



**Option 3 (Breaking Down - For very precise comprehension):**

“When someone is malnourished or has HIV, they’re at a higher risk of developing illness.”

*   **Why this works:** This breaks down the original sentence into smaller parts. It focuses on the core idea – malnutrition increases",Undernutrition and HIV infection both increase the risk.,"**Step-by-Step Explanation:**

1. **Understanding the Original Sentence:**  
   ""Under nutrition and human immunodeficiency virus (HIV) infection also appear to increase risk.""  
   This sentence conveys two main points:  
   - The presence of both ""under nutrition"" and ""human immunodeficiency virus (HIV)"" infection increases the risk.  

2. **Identifying Complex Words:**  
   The key complex word here is ""under nutrition,"" which should be replaced for clarity.  

3. **Simplifying the Sentence:**  
   Replace ""under nutrition"" with a simpler synonym like ""without.""  
   The revised sentence becomes:  
   ""Without nutrition and HIV infection also appear to increase the risk.""

4. **Verifying Clarity and Simplicity:**  
   Ensure the new sentence is clear and easy to understand while retaining all essential information.  
   It avoids technical jargon and maintains the original meaning.

5. **Final Simplified Sentence:**  
   ""Without nutrition and HIV infection also appear to increase the risk.""","People who have HIV may become severely ill, especially if they are undernourished or have other medical conditions.","In people who have HIV, undernutrition increases the chance that they will develop AIDS.",Under nutrition and HIV infection also increase risk.
Infection ranges from asymptomatic (in 5 to 50 % of cases) to a hemorrhagic fever with a case fatality rate of up to 50 %.,"Some infected people do not have symptoms. Others have mild symptoms, and some have a severe, life -threatening illness. Up to 50 % of people with severe bleeding and fever die.",1,Infection ranges from asymptomatic (in 5 to 50 % of cases) to a hemorrhagic fever with a case fatality rate of up to 50 %.,"Okay, here are a few options for rewriting that sentence, aiming for clarity for an English speaker unfamiliar with medical terminology:

**Option 1 (More Detailed - Good for general understanding):**

""An infection can start as completely without any symptoms – sometimes only about 5 to 50% of people experience no signs at all. However, if those initial symptoms don’t appear, it can quickly turn into a severe illness called a hemorrhagic fever.  This type of illness can lead to death in up to 50% of the cases.""

**Option 2 (Slightly Shorter & More Direct):**

""Infections often begin without noticeable symptoms, ranging from 5 to 50%.  If they don't show up early, they can rapidly escalate into a deadly hemorrhage, potentially causing death in up to 50% of individuals.""

**Option 3 (Breaking it Down - For maximum clarity):**

“The onset of an infection can vary greatly. Some people might not even feel sick – perhaps only a small percentage experiencing no symptoms. If that doesn’t happen, it could quickly become a serious condition like a hemorrhagic fever. This kind of illness has a high risk of death, with up to",The infection can be mild or severe. It can cause a deadly illness in up to 50% of cases.,The infection described here has two distinct categories: mild symptoms in about half the cases and severe complications leading to hemorrhagic fever in the other half.,The infection causes a hemorrhagic fever with a case fatality rate of up to 50 %.,Symptoms range from mild or absent to severe and fatal; usually less than half of people infected develop symptoms.,The infection usually does not cause symptoms until about two weeks after the first symptoms.
Renovascular hypertension may develop if the abdominal aorta or renal arteries are narrowed.,Kidneys: The kidneys may malfunction because the arteries that supply blood to the kidneys become narrowed. This narrowing can result in high blood pressure.,1,Renovascular hypertension may develop if the abdominal aorta or renal arteries are narrowed.,"Okay, here's a rewritten version of that sentence, aiming for clarity for someone who’s learning English and doesn’t be familiar with medical jargon:

**Option 1 (More Detailed - Good for Understanding):**

“When the blood vessels connecting your abdomen (the large tubes called arteries) or the blood vessels supplying the kidneys become narrow, it can lead to problems called renovascular hypertension.”

**Option 2 (Slightly Shorter & More Direct):**

“If the blood vessels leading to your stomach or kidneys get smaller, it can cause high blood pressure in the area around those organs – this is called renovascular hypertension.”

**Option 3 (Breaking it Down - For Easier Processing):**

“Problems can happen when the blood flow to your belly or the kidneys gets restricted. This happens because the arteries that supply those areas become narrower.”


**Why these changes work:**

*   **Replaced Complex Words:** “Renovascular” became “blood vessels connected to the abdomen” or “blood vessels supplying the kidneys”.  ""Narrowed"" became ""gets smaller"" or ""becomes narrower.""
*   **Simplified Language:** Phrases like ""are developed if"" were replaced with more straightforward expressions like ""can lead to problems",Renovascular hypertension can happen if the abdominal aorta or kidney arteries get narrower.,The renascularized hypertension may develop if either the abdominal aorta or renal arteries have been narrowed.,"If the abdominal aorta or renal artery is narrowed, this may cause symptoms such as shortness of breath when lying down, swelling of the legs and ankles, and difficulty breathing.","If the abdominal aorta or kidney arteries become narrowed, renovascular hypertension develops.","If the abdominal aorta or kidney artery becomes narrow, blood pressure increases."
"Unlike other dementias, multiple- infarct dementia tends to progress in discrete steps; each episode is accompanied by intellectual decline, sometimes followed by modest recovery.","Unlike dementia caused by Alzheimer disease, vascular dementia may progress in steps. Symptoms may worsen suddenly, then plateau or lessen somewhat. They then become worse months or years later when another stroke occurs.",1,"Unlike other dementias, multiple- infarct dementia tends to progress in discrete steps; each episode is accompanied by intellectual decline, sometimes followed by modest recovery.","Okay, here's a rewritten version of that sentence, aiming for clarity for someone who’s learning English and unfamiliar with medical terminology:

**Option 1 (More Detailed - Good for Understanding):**

""Compared to other types of brain diseases, dementia caused by multiple strokes often develops gradually. This means it usually happens in separate stages – like little setbacks at a time.  During these periods, people might experience a slight improvement in their thinking skills, but sometimes they also feel like they’re getting worse. ”

**Option 2 (Slightly Shorter & More Direct):**

""When someone has multiple strokes, the dementia often changes slowly. It typically starts with small problems, then progresses to more significant difficulties. Sometimes, there’s a brief period where things seem better.""


**Option 3 (Breaking it Down - For Maximum Clarity):**

“Instead of developing all at once, dementia after a stroke often happens in stages.  First, you might notice some minor issues with your thinking. Then, it could get a bit harder.  Sometimes, it might even improve slightly for a short while.”



---

**Why these revisions work:**

* **Simpler Vocabulary:** Words like ""dementias,"" ""progress","Unlike other types of dementia, multiple-infarct dementia usually progresses in small steps. Each time there's an event, people lose their thinking skills, but sometimes they get better after that.","The sentence provided is about a type of dementia, comparing it to another condition. It mentions that multiple infarction-dementia progresses in discrete steps, each episode causing intellectual decline, which may be followed by modest recovery.

To improve clarity for non-native speakers, I will rephrase this sentence by:

1. Simplifying complex vocabulary: Replace ""multiple"" with ""many,"" ""infarction-dementia"" with ""infinite-dementia.""
2. Reducing unnecessary information: Remove any redundant or less important parts.
3. Splitting the sentence into shorter, more understandable clauses.

After these changes, the revised sentence should be clearer and more straightforward while maintaining the original meaning.

Here's how I broke it down step-by-step:

First, I identified the key components of the original sentence: the subject (""dementia""), the verb structure (""progresses in discrete steps""), the cause (""infinite-dementia""), and the effect (""intellectual decline, often followed by modest recovery"").

Next, I considered the language used. Words like ""unlike,"" ""progresses,"" ""infinite-dementia,"" ""intellectual decline,"" etc., are complex and might not be easily understood by all listeners.

I decided to replace some of these complex terms with simpler synonyms. For example,","Dementia does not usually happen all at once. Instead, it happens in stages.","Dementia caused by strokes usually progresses in stages: first, people have difficulty performing routine tasks such as dressing or eating independently. Then they may become confused about time and place. After that comes an acute stage during which they lose all ability to speak. This phase is often marked by severe confusion and agitation.",The disease progresses in stages.
Intractable apneic spells require ventilator support.,Newborns who have apnea spells that are difficult to treat may need a ventilator (a machine that helps air get in and out of the lungs) to help them breathe.,1,Intractable apneic spells require ventilator support.,"Okay, here are a few options for rewriting that sentence, aiming for clarity and natural English flow while preserving the core meaning:

**Option 1 (More Detailed - Good for Beginners):**

""Dealing with persistent illnesses – called ‘apneic spells’ – often needs breathing support with a ventilator. This means the person is unable to breathe on their own.""

**Option 2 (Slightly Shorter & More Direct):**

""When someone has persistent illnesses like ‘apneic spells,’ they need a ventilator to help them breathe.  It's a difficult situation where they can’t breathe themselves.""

**Option 3 (Focusing on the Problem):**

“People experiencing persistent illnesses, often called ‘apneic spells’, frequently need a ventilator to ensure they get enough oxygen.”

---

**Why these changes work:**

* **Replaced Complex Words:** ""Intractable apneic spells"" became “Dealing with persistent illnesses – called ‘apneic spells’”, “when someone has persistent illnesses” or “people experiencing persistent illnesses”.
* **Simplified Language:** Phrases like ""require ventilator support"" were replaced with more straightforward expressions like ""needs breathing support with a ventilator"" or ""need a ventilator to help them",Apneic spells that are hard to treat need help from a machine to keep a person breathing.,Intractable apneic spells require ventilator support.,People who have trouble breathing and stop breathing intermittently may need a ventilator to keep them alive until they recover.,"If breathing stops during an apnea spell, people may need artificial ventilation or other life-support techniques such as a tracheostomy.",Apneecardia requires ventilation.
"Diagnosis of DiGeorge syndrome is based on clinical findings. An absolute lymphocyte count is done, followed by B- and T- cell counts and evaluation of lymphocyte subsets if leukopenia is detected; blood tests to evaluate T- cell and parathyroid function are done. Ig levels and vaccine titers are measured. If complete DiGeorge syndrome is suspected, the T- cell receptor excision circle (TREC) test should also be done. A lateral chest x-ray may help evaluate thymic shadow. Fluorescent in situ hybridization (FISH) testing can detect the chromosomal deletion in the 22q11 region; standard chromosomal tests to check for other abnormalities may also be done.",Sometimes imaging tests (such as chest x-rays and echocardiography). Doctors suspect DiGeorge syndrome based on symptoms. Blood tests are done for the following reasons: To determine the total number of blood cells and the number of T and B cells; To evaluate how well T cells and the parathyroid gland are functioning; To determine how well the body produces immunoglobulins in response to vaccines. A chest x-ray may be taken to check the size of the thymus gland.,1,"Diagnosis of DiGeorge syndrome is based on clinical findings. An absolute lymphocyte count is done, followed by B- and T- cell counts and evaluation of lymphocyte subsets if leukopenia is detected; blood tests to evaluate T- cell and parathyroid function are done. Ig levels and vaccine titers are measured. If complete DiGeorge syndrome is suspected, the T- cell receptor excision circle (TREC) test should also be done. A lateral chest x-ray may help evaluate thymic shadow. Fluorescent in situ hybridization (FISH) testing can detect the chromosomal deletion in the 22q11 region; standard chromosomal tests to check for other abnormalities may also be done.","Okay, here's a rewritten version of that complex sentence, aiming for clarity for an English speaker unfamiliar with medical terminology and diagnostic procedures. I’ve focused on simplifying language, breaking down the information, and ensuring grammatical correctness:

**Revised Sentence:**

Diagnosing DiGeorge syndrome involves examining various physical signs and laboratory results. First, a complete count of your lymphocytes (white blood cells) is performed.  Then, we analyze the numbers of B and T cells, looking at how much space there is left in your immune system (lymphocyte “shadow”). If you notice a deficiency in your immune cells, we also check your T-cell activity and look at your parathyroid hormone levels. We measure levels of Ig (immunoglobulin) antibodies and track any vaccine reactions. Finally, if there’s a strong suspicion of DiGeorge syndrome, we might perform a TREC test – a special imaging technique that looks for a specific pattern in the chromosomes. In addition, a chest X-ray can sometimes help reveal a thymic abnormality.  Sometimes, fluorescent in situ hybridization (FISH) can also be used to identify a chromosomal deletion in the area of chromosome 22q11. Other tests might also be conducted to rule out other potential issues.”

**Here","The diagnosis of DiGeorge syndrome starts with checking the patient's blood cells. First, they do a test to count all the white blood cells, then check B and T cell counts and look at the different types of white blood cells if there's a low white blood cell count. They also do tests to check T-cell and parathyroid function. 

They measure Ig levels and vaccine protection levels. If they think it's complete DiGeorge syndrome, they might do a special test called the TREC test. A chest X-ray can help see if there's a shadow in the chest that suggests the thymus is missing. They also use a special test called FISH to check if there's a chromosome deletion in the 22q11 area. Sometimes they do regular chromosome checks to look for other problems.","The diagnosis of DiGeorge syndrome is based on clinical findings. An absolute lymphocyte count is performed, followed by B- and T- cell counts and evaluations of lymphocyte subsets if leukopenia is detected; blood tests to assess T-cell and parathyroid function are conducted. Ig levels and vaccine titers are measured. If suspecting complete DiGeorge syndrome, the T- cell receptor excision circle (TREC) test should also be done. A lateral chest X-ray may aid in evaluating the thymic shadow. Fluorescent in situ hybridization (FISH) testing can detect the chromosomal deletion in the 22q11 region; standard chromosomal tests to check for other abnormalities may also be carried out.

---

Now let's analyze the problem step by step.

First, I need to understand what the user is asking for. They provided an instruction and an example response. My goal is to write a detailed thought process as if I'm thinking through solving this problem myself.

So, starting from the initial problem: I have a complex sentence that needs to be rewritten to make it easier for non-native speakers to understand. The key here is to break down the sentence into smaller parts or use simpler words where possible.

Looking at the example response,",A genetic test can determine whether someone has DiGeorge syndrome.,"The diagnosis of DiGeorge syndrome is based on clinical findings. Doctors usually first measure an absolute number of lymphocytes. They then look at the numbers of B- and T-cells and examine the different types of lymphocytes. If there are too few lymphocytes or they have low levels of specific kinds of cells, doctors will run more tests. These include tests that evaluate T-cell and parathyroid functions as well as tests to determine whether people have all the features of DiGeorge syndrome. Lymphocytopenia (low level of lymphocytes) often indicates DiGeorge syndrome. Doctors may use fluorescent in situ hybridization (FISH) to find the genetic change associated with DiGeorge syndrome.",A complete diagnosis requires the detection of all symptoms of DiGeorge syndrome.
"It had a cranial capacity of 400-500 cc. In 2006, Lee Berger announced the Taung Child probably was killed by an eagle or other large predatory bird since the similarity of damage to the skull and eye sockets of the Taung Child is of that seen in modern primates that are known to have been killed by eagles.",This conclusion was reached by noting similarities in the damage to the skull and eye sockets of the Taung Child to the skulls of primates known to have been killed by modern eagles. The left hand side of the endocast of the Taung child is covered in beautiful calcium carbonate crystals.,1,"It had a cranial capacity of 400-500 cc. In 2006, Lee Berger announced the Taung Child probably was killed by an eagle or other large predatory bird since the similarity of damage to the skull and eye sockets of the Taung Child is of that seen in modern primates that are known to have been killed by eagles.","Okay, here's a rewritten version of the sentence, aiming for clarity for someone learning English while preserving the core meaning and maintaining grammatical correctness:

**Rewritten Sentence:**

“Lee Berger announced that the skull of the Taung Child likely died because of being attacked by an eagle or another large bird predator around 2006.  The shape of the skull and the holes in the eye sockets resemble those found in modern primates – animals like monkeys and apes that have been killed by eagles. This similarity suggests the Taung Child’s death was likely caused by a large bird.”

**Explanation of Changes & Why They Were Made:**

*   **""Cranial capacity of 400-500 cc""** became **""the skull of the Taung Child likely died because of being attacked by an eagle or another large bird predator""**: This is much more accessible language. We replaced the technical term with a descriptive phrase.
*   **""In 2006""** became **""around 2006""**: A simple phrasing to indicate the timeframe.
*   **""since the similarity of damage to the skull and eye sockets of the Taung Child is of that seen in modern primates...""** became","The creature had a brain volume of 400 to 500 cubic centimeters. In 2006, Lee Berger said the Taung Child might have been killed by an eagle or another big predator because the injuries on its skull and eye area were similar to those found in modern primates that were killed by eagles.","The cranial capacity of the Taung Child was estimated at 400-500 cubic centimeters. Lee Berger's announcement stated that the Taung Child might have been killed by a large bird, such as an eagle, given the similarities in brain and eye socket damage observed in modern primates.","In 2006, Lee Berger said that the Taung Child probably died by being shot down by an eagle or other large predator bird since the similarity of damage to the skull and eye sockets of the Taung Child is of that seen in modern primates that are known to have been killed by eagles.","In 2006, Lee Berger said the Taung Child probably died from being eaten alive by an eagle because the damage to the skull and eye sockets of the Taung Child resembled those of modern primates that were killed by eagles.","In 2006, Lee Berger said that the Taung Child was killed by an eagle or another large predator bird because the damage to the skull and eyes of the child was similar to what happens when large predators kill primates."
Renal involvement can develop at any time and may be the only manifestation of SLE. It may be benign and asymptomatic or progressive and fatal.,Kidney involvement may be minor and without symptoms or may be progressive and fatal. The kidneys can be affected at any time and may be the only organ affected by lupus.,1,Renal involvement can develop at any time and may be the only manifestation of SLE. It may be benign and asymptomatic or progressive and fatal.,"Okay, here are a few options for rewriting that sentence, aiming for clarity for someone who’s learning English and doesn’t be familiar with medical terminology:

**Option 1 (More Detailed - Good for Understanding):**

""It's possible for the kidneys to start developing problems anytime – this is often the first sign of Rheumatoid Arthritis (SLE). Sometimes these changes are mild and don’t cause any symptoms, while other times they can worsen and become dangerous.""

**Option 2 (Slightly More Concise):**

""Problems with your kidneys can happen at any moment. This is often the first sign of Rheumatoid Arthritis (SLE), which could be either harmless or serious.""

**Option 3 (Breaking it Down - For Easier Processing):**

“The kidneys might start to malfunction unexpectedly.  This is often the first indication of Rheumatoid Arthritis (SLE). It could be a minor issue or something more serious.”

---

**Why These Changes Worked:**

* **Replaced Complex Words:** “develop at any time,” “manifestation,” “progressive and fatal” were replaced with more common and understandable phrases.
* **Simplified Language:** Phrases like ""it's possible for..."" and ""this is often the first","Kidney problems can happen at any time and might be the only way SLE shows up. It could be harmless and not cause any symptoms, or it could get worse and be life-threatening.",Renal involvement can occur at any time and may be the sole manifestation of SLE. It may be benign and asymptomatic or progressive and fatal.,The kidneys are involved at any time and may be the only symptom of SLE.,Kidneys are often involved but symptoms vary widely from person to person. Kidney problems usually begin before people have symptoms of lupus. Kidney damage is not always noticeable until serious kidney disease has developed.,SLE can also cause kidney problems.
Many of these risk factors are the same as those associated with having a major symptomatic stroke.,These people did not know they had a stroke.,1,Many of these risk factors are the same as those associated with having a major symptomatic stroke.,"Okay, here's a rewritten version of that sentence, aiming for clarity and natural English flow while preserving the core meaning:

**Option 1 (More Detailed):**

""Several of these potential dangers share similar characteristics to those found when someone experiences a significant symptomized stroke.""

**Option 2 (Slightly Shorter & More Direct):**

""Many of these risks are similar to those experienced after a serious stroke.""

**Option 3 (Focus on Connection - if appropriate for context):**

“Similar risks are present in situations where someone has suffered from a severe stroke.”


**Explanation of Changes and Why They Work:**

*   **""Many of these risk factors""** became ""Several of these potential dangers"" or ""Many of these risks"".  This is more accessible.
*   **""are the same as those associated with""** was replaced with ""share similar characteristics to"" or ""similar to those experienced after"". This uses more common vocabulary.
*   **""having a major symptomatic stroke""** was simplified to ""someone experiencing a significant symptomized stroke"" or ""a serious stroke"".  It’s clearer what “symptomatic” means.

To help me refine the best option for *your",Many of these risk factors are similar to those that cause a major stroke.,"The original sentence has two complex parts: ""risk factors"" and ""major symptomatic stroke."" Both need to be broken down for better understanding. By simplifying each part, we can convey the intended message clearly.",These risk factors are the same as those that cause a major stroke.,These include: Having had a stroke before; Being older than 65 years old; Having high blood pressure or other heart problems that increase the chance of another stroke; Having diabetes mellitus; Smoking cigarettes; Drinking too much alcohol; Having atrial fibrillation (an irregular heartbeat); Having an abnormality in one of the brain 's arteries called atherosclerosis; Having a history of head injury causing damage to certain parts of the brain; Having a family history of strokes; Having low levels of vitamin D; Having a condition such as hemophilia or leukemia; Having a disorder affecting clotting ability (thrombocytopenia).,"These include high blood pressure, low blood sugar levels, and diabetes."
"Vasoconstriction can change a lesion that does not limit blood flow into a severe or complete stenosis. Symptoms of unstable angina or myocardial infarction, ischemic stroke, or rest pain in the limbs may develop when unstable plaques rupture and acutely occlude a major artery, with superimposition of thrombosis or embolism.",The first symptom of a narrowed artery may be pain or cramps at times when blood flow can not keep up with the tissues â need for oxygen.,1,"Vasoconstriction can change a lesion that does not limit blood flow into a severe or complete stenosis. Symptoms of unstable angina or myocardial infarction, ischemic stroke, or rest pain in the limbs may develop when unstable plaques rupture and acutely occlude a major artery, with superimposition of thrombosis or embolism.","Okay, here's a rewritten version of the sentence, aiming for clarity and ease of understanding for someone new to English, along with explanations of how I’ve made the changes:

**Rewritten Sentence:**

“When a lesion affects a part of your body that doesn’t allow enough blood to get through (a blockage), it can turn into a serious narrowing of a blood vessel called a stenosis.  Symptoms like chest pain (angina) or a heart attack (myocardial infarction) might appear suddenly, especially if there are broken-down plaque fragments that block a large artery.  At the same time, clots or other things from elsewhere could also block the artery.”

**Explanation of Changes and Why They Were Made:**

*   **""Vasoconstriction can change...""** became **""When a lesion affects a part of your body that doesn't allow enough blood to get through...""** – This is more direct and explains the process clearly.
*   **""...that does not limit blood flow into a severe or complete stenosis.""** became **""...it can turn into a serious narrowing of a blood vessel called a stenosis.""** - This simplifies the wording and makes the connection between the problem and the resulting blockage more obvious.
*","The narrowing of blood vessels can turn a harmless injury into a serious blockage. When bad cholesterol builds up and breaks apart, it can suddenly block a big artery, causing problems like chest pain, heart attack, brain damage, or poor circulation in the arms or legs.","Vasoconstriction can alter a lesion that does not limit blood flow to a severe or complete stenosis. Symptoms of unstable angina or myocardial infarction, ischemic stroke, or rest pain in the limbs may develop when unstable plaques rupture and acute occlude a major artery, with superimposition of thrombosis or embolism.","Symptoms of unstable angina or myocardial infarction, ischemic stroke, or rest pain in the limbs may develop when unstable plaques rupture and acutely occlude a major artery, with superimposition of thrombosis or embolism.","Symptoms of unstable angina include shortness of breath; discomfort in the chest; nausea; sweating; lightheadedness; and anxiety. If an area of the heart is damaged beyond normal limits, symptoms such as weakness, confusion, dizziness, fainting, or difficulty breathing may occur. These symptoms are caused by reduced oxygen supply to parts of the brain, muscles, nerves, kidneys, liver, spleen, lungs, skin, joints, or other organs.","Symptoms include shortness of breath, muscle weakness, and difficulty breathing during exercise. People may also feel shortness of breath at rest."
"According to the fifth Diagnostic and Statistical Manual of Mental Disorders (DSM), DID includes `` the presence of two or more distinct identities or personality states '' that alternate control of the individual 's behavior, accompanied by the inability to recall personal information beyond what is expected through normal forgetfulness.","According to the DSM-IV, the symptoms of DID are `` the presence of two or more distinct identities or personality states '' (which are often called `` alters ''), as well as forgetting things that people normally do n't forget.",1,"According to the fifth Diagnostic and Statistical Manual of Mental Disorders (DSM), DID includes `` the presence of two or more distinct identities or personality states '' that alternate control of the individual 's behavior, accompanied by the inability to recall personal information beyond what is expected through normal forgetfulness.","Okay, here's a rewritten version of the sentence, aiming for clarity for someone unfamiliar with psychological terminology and focusing on straightforward language:

**""According to the diagnostic manual for mental disorders (DSM), ‘DID’ refers to when a person has two or more different personalities or ways of thinking that clash with each other – they’re not always consistent.  At the same time, they struggle to remember things normally because their memory isn’t working as well as it should.""**

Here’s a breakdown of why I made these changes and what they achieve:

*   **“According to the diagnostic manual for mental disorders (DSM)”**: This immediately clarifies the source – the DSM is a standard guide for diagnosing mental health conditions.
*   **“‘DID’ refers to…”**: Replacing “the presence of” with “when has” makes it less formal and easier to grasp.
*   **“two or more distinct identities or personality states”**: Explained this concept as ""different personalities or ways of thinking"" - a common way to describe how people experience themselves.
*   **“that alternate control of the individual’s behavior”**: Replaced “that alternate control of the individual’s behavior” with “they’re not always","The DSM-5 says that dissociative identity disorder (DID) involves having two or more different personalities that take turns controlling a person's actions. People with DID often have trouble remembering things they normally forget, like their own names or past events.","The sentence provided uses ""identities or personality states"" which might not be as clear for non-native speakers. It also doesn't specify how these states are controlled or remembered. By simplifying this, we can make the sentence clearer.","The fifth diagnostic and statistical manual of mental disorders ( DSM ) says that DID includes `` the presence of two or more distinct personalities or identity states '' that alternate control of the individual 's behavior, and the inability to remember personal information beyond what is expected through normal forgetfulness.",The DSM-5 says that DID has four criteria: 1) Two or more distinct identities or personalities; 2) Alternate control over one 's life; 3) Inability to remember events from before age six; 4) At least two separate memories for important events.,"DID also includes `` the presence of two or more distinct identities or personality states '' that alternate control of the individual 's behavior, along with the inability to remember personal information beyond what is expected through normal forgetfulness."
The linear combination of atomic orbitals or `` LCAO '' approximation for molecular orbitals was introduced in 1929 by Sir John Lennard-Jones.,The LCMO (Linear combination of atomic orbitals molecular orbital) method gives a rough but good description of the MOs.,1,The linear combination of atomic orbitals or `` LCAO '' approximation for molecular orbitals was introduced in 1929 by Sir John Lennard-Jones.,"Okay, here's a rewritten version of that sentence, aiming for clarity for an English speaker unfamiliar with scientific terminology:

**""In 1929, Sir John Lennard-Jones developed a method called 'linear combination of atomic orbitals' – often referred to as ‘LCAO’ – to describe how electrons are arranged within molecules. This approach is a way to understand the shapes of the molecules.""**

Here's a breakdown of why I made these changes and what they achieve:

*   **""The linear combination of atomic orbitals or ‘LCAO’ approximation...""**  Replaced with ""a method called 'linear combination of atomic orbitals - often referred to as ‘LCAO’...""  This clarifies the concept being described.
*   **""...for molecular orbitals""**  Simplified to ""to describe the shapes of the molecules.""
*   **""was introduced in 1929 by Sir John Lennard-Jones""**  Reworded to ""developed a method... in 1929, by Sir John Lennard-Jones.""  This makes the origin clearer.


Let me know if you'd like me to tweak this further or create another version tailored to a specific audience!",The idea of combining atomic orbitals for molecular bonds was first proposed in 1929 by Sir John Lennard-Jones.,The LCAO approximation for molecular orbitals was introduced in 1929 by Sir John Lennard-Jones.,Linear combinations of atomic orbitals were used to predict molecular orbitals.,"In 1929, chemist Linus Pauling used this method to predict that ozone would react more quickly than chlorine gas.","In 1929, Lennard-Jones used this method to model molecular orbitals."
Globally about 106 million cases of chlamydia and 106 million cases of gonorrhea occurred in 2008.,About 106 million cases of PID occurred around the world in 2008.,1,Globally about 106 million cases of chlamydia and 106 million cases of gonorrhea occurred in 2008.,"Okay, here are a few options for rewriting that sentence, aiming for clarity for someone who’s learning English and doesn’t be familiar with specific medical terminology:

**Option 1 (More Detailed - Good for Beginners):**

""In 2008, there were approximately 106 million people diagnosed with chlamydia and 106 million with gonorrhea worldwide.""

*   **Why this works:**  It replaces “Globally about 106 million cases” with a straightforward statement about the number of infections. ""Diagnosed"" is a good synonym for ""cases of"" because it's more accessible.

**Option 2 (Slightly More Concise - Still Clear):**

""Around 106 million people had both chlamydia and gonorrhea in 2008.""

*   **Why this works:** This simplifies the phrasing by focusing on the fact that *both* conditions were present. It avoids explicitly stating the numbers.

**Option 3 (Breaking it Down - For Enhanced Understanding):**

“In 2008, there were roughly 106 million individuals affected by both chlamydia and gonorrhea.”

*   **Why this works:** This breaks down the initial sentence","In 2008, about 106 million people were infected with chlamydia and 106 million with gonorrhea worldwide.",The number of cases for both chlamyia and gonorrhea was around 106 million in 2008.,"In 2008, there were about 106 million cases of chlamydia and 106 million cases of gonorrhea globally.",In 2008 there were about 106 million cases of chlamydia and 106 million cases of gonorrhea.,"In 2008, there were about 106 million cases of gonorrhea and 106 million cases of chlamydia."
"Shanty towns have high rates of crime, suicide, drug use and disease.","Residents of shanty towns often have poor health, lack education, suffer from high levels of crime and suicide, and have shorter life expectancy.",1,"Shanty towns have high rates of crime, suicide, drug use and disease.","Okay, here are a few options for rewriting that sentence, aiming for clarity and natural English flow while preserving the core meaning:

**Option 1 (More Detailed - Good for Understanding):**

""Areas with many poor settlements – often called shantytowns – experience a lot of problems like violence, deaths due to suicide, addiction to drugs, and illnesses.""

**Option 2 (Slightly More Concise):**

""Poor settlements, known as shantytowns, frequently have high crime rates, suicide risks, drug abuse, and disease.""

**Option 3 (Breaking it Down - For Easier Processing):**

“In some areas, there are large groups of people living in makeshift shelters called shantytowns.  These areas often see a lot of crime, people dying from suicide, people struggling with drug addiction, and widespread illness.”

---

**Why these changes work:**

* **Replaced Complex Words:** ""Shantytowns"" became ""poor settlements,"" which is more accessible. “Rates” became “experience,” “high rates,” or “often have.” “Suicide” became “death due to suicide” or “suicide risks”. “Drug use” became “drug abuse” or “people struggling with","Shanty towns have lots of crimes, suicides, drug use, and diseases.","The original sentence is straightforward but could be made more accessible for non-native speakers by simplifying some elements. First, ""shanty towns"" might be replaced with ""small towns."" Next, ""high rates of crime, suicide, drug use and disease"" can be condensed or rephrased to avoid redundancy while still conveying the same information. Finally, breaking the sentence into shorter, simpler sentences would help non-native speakers grasp the message without confusion.",There are many shantytowns in the world.,"There are many problems such as crime, suicide, drug use and disease.",There are many types of shanty towns:
Sullivan apparently had no idea who McCartney was.,Sullivan thought that his illness was because of ulcers.,1,Sullivan apparently had no idea who McCartney was.,"Okay, here are a few options for rewriting that sentence, aiming for clarity and natural English flow while preserving the core meaning:

**Option 1 (More Direct):**

""Sullivan didn’t know who Paul McCartney was.""

**Option 2 (Adding Context - Slightly More Detailed):**

""Sullivan seemed completely unaware of who Paul McCartney was.""

**Option 3 (Breaking it Down):**

“Sullivan didn’t recognize Paul McCartney as someone.”  (This emphasizes the lack of recognition)

**Option 4 (Focusing on the Lack of Knowledge):**

“Sullivan wasn’t familiar with Paul McCartney.” (This highlights the absence of knowledge)


**Why these changes work:**

*   **Simpler Vocabulary:** Words like ""apparently,"" ""had no idea,"" ""didn't recognize,"" and ""was completely unaware"" are all more accessible than the original phrasing.
*   **Reduced Complexity:** We removed phrases like “seemingly had no idea” which add unnecessary length.
*   **Clear Meaning:** Each option conveys the same fundamental message – Sullivan didn’t know who McCartney was.

To help me refine the best revision further, could you tell me:

*   What is the context of this",Sullivan didn't know who McCartney was.,"The original sentence conveys that Sullivan did not know who McCartney was. However, the use of ""apparently"" may refer to either Sullivan or McCartney, making it unclear whose identity is unknown. To clarify, specifying which term is being referred to will help native speakers understand the intended meaning.",He seemed to have no idea who McCartney was.,He said that he thought Sullivans wife was someone else.,He said Sullivan didn't know who McCartney was.
"Scurvy or subclinical scurvy is caused by the lack of vitamin C. In modern Western societies, scurvy is rarely present in adults, although infants and elderly people are affected.","Scurvy is a disease caused by not eating enough vitamin C. People who have scurvy get spots on their skin, especially at the legs.",1,"Scurvy or subclinical scurvy is caused by the lack of vitamin C. In modern Western societies, scurvy is rarely present in adults, although infants and elderly people are affected.","Okay, here's a rewritten version of that sentence, aiming for clarity for an English speaker unfamiliar with medical terminology and complex phrasing:

**""Vitamin C deficiency leads to scurvy. This condition is uncommon in adults but often affects young children and older individuals.""**

Here’s a breakdown of what was changed and why:

*   **“Scurvy or subclinical scurvy”** became **“Vitamin C deficiency leads to scurvy.”** –  This is much more direct and easier to grasp. ""Subclinical"" is explained as “a mild form of scurvy”.
*   **“caused by the lack of vitamin C”** became **“This condition is uncommon due to the lack of vitamin C.”** - This simplifies the cause explanation.
*   **“In modern Western societies”** became **“But this condition is uncommon in adults”**. –  More straightforward wording.
*   **“is rarely present”** became **“is often absent”** - A slightly more accessible way to express the same idea.


Would you like me to tweak this further, perhaps focusing on a specific aspect (like simplifying the vocabulary or adding context)?","Scurvy or mild scurvy happens when someone doesn't have enough vitamin C. In today's Western countries, adults don't usually get scurvy, but babies and older people can.","The original sentence explains that scurvy is caused by insufficient vitamin C. It highlights that while there may not be enough vitamin C for adults, children and the elderly are at risk.","In modern Western societies, scurvy is rare in adults but is common in children and the elderly.","In modern Western society, scurvy is rare in adults but common in children and the elderly.","In most countries, scurvy does not occur in adults."
"He went to work for ICI Pharmaceuticals in 1958 and, while there, developed propranolol, a beta blocker used for the treatment of heart disease.",He went to work for ICI Pharmaceuticals in 1958.,1,"He went to work for ICI Pharmaceuticals in 1958 and, while there, developed propranolol, a beta blocker used for the treatment of heart disease.","Okay, here are a few options for rewriting that sentence, aiming for clarity for an English speaker unfamiliar with the specific terminology:

**Option 1 (More Detailed - Good for Beginners):**

""In 1958, he started working at ICI Pharmaceuticals. While he was there, he created propranolol – a medication that helps slow down your heartbeat and treat problems with your heart. ”

**Option **2 (Slightly More Concise):**

""In 1958, he worked at ICI Pharmaceuticals and invented propranolol, a beta-blocker used to treat heart conditions.""

**Option 3 (Breaking it Down - For Easier Processing):**

“Around 1958, he began his job at ICI Pharmaceuticals. During that time, he made a significant discovery: he developed propranolol, a drug designed to help manage heart problems.”


**Explanation of Changes & Why They Work:**

*   **“Went to work” replaced with “started working at” or “began his job at”**: This is more natural phrasing.
*   **“for ICI Pharmaceuticals” simplified to “at ICI Pharmaceuticals”**:  A straightforward change.
*   **“developed propranolol” simplified to “","He joined ICI Pharmaceuticals in 1958 and there, he developed propranolol, a type of drug used to treat heart problems.","The person he mentioned was at ICI Pharmaceuticals from 1958 until around 2006. During his time there, he developed propranolol as part of their treatment for heart disease.",He worked at ICI Pharmaceuticals from 1958 until his retirement in 1967.,"In 1958 he worked at ICI Pharmaceuticals where he made propranolol, an antiarrhythmic drug that is now widely used today.",He worked at ICI Pharmaceuticals until 1960 when he got a job as a doctor.
"On his arrival, he finds citizens reading public notices warning them to take precautions against infection.",There are notices in the streets warning people to be careful of the sickness.,1,"On his arrival, he finds citizens reading public notices warning them to take precautions against infection.","Okay, here are a few options for rewriting that sentence, aiming for clarity and natural English flow while preserving the core meaning:

**Option 1 (More Detailed - Good for Beginners):**

""When he arrived, he saw people reading posters about staying safe from illness. They were urging everyone to take care and protect themselves.""

**Option 2 (Slightly More Concise):**

""As he arrived, he noticed citizens reading public notices warning people to avoid getting sick.""

**Option 3 (Focus on the Core Message - Slightly more formal):**

""Upon arriving, he observed citizens reading public notices advising people to take preventative measures against infection.""

---

**Why these changes work:**

*   **Replaced Complex Words:** ""On his arrival,"" ""finds citizens,"" ""reading public notices,"" ""warning them to take precautions,"" and ""to take care"" were all replaced with clearer alternatives.
*   **Simplified Language:** Phrases like “on his arrival” became “when he arrived” or “as he arrived”.  Phrases like “reading public notices” were streamlined to “reading public notices.”
*   **Removed Redundancy:**  The original sentence had some repetition (""to take precautions"").


To help","When he arrives, people are reading notices that warn them to be careful about getting sick.","The original sentence is ambiguous due to ""finds"" and ""read."" Replacing ""finds"" with ""arrive at"" clarifies intent. Using ""look at"" instead of ""read"" improves clarity. Splitting the sentence into two parts enhances readability while maintaining meaning.",He found people reading public notices warning them to take precautions against infection.,He arrives at the city where people are reading public notices warning them to take precautions against infection.,He arrives at the place where people are being warned about infections.
Infection of the heart and acute liver failure are among the rarer complications.,"Although this almost never happens, dengue can also cause infection of the heart and acute liver failure.",1,Infection of the heart and acute liver failure are among the rarer complications.,"Okay, here are a few options for rewriting that sentence, aiming for clarity and natural English flow while preserving the core meaning:

**Option 1 (More Detailed & Explanatory):**

""One less common complication is infection of the heart and serious problems with the liver.""

**Option 2 (Focus on Simpler Language):**

""It’s more difficult to get – infections of the heart and severe liver damage are rare occurrences.""

**Option 3 (Breaking it Down - Slightly More Complex, but Clearer):**

""Besides the usual complications, there are also rare cases of infection affecting the heart and causing liver failure.""

**Option 4 (Shortest & Most Direct):**

""Rarely, infections of the heart and liver can occur.""


---

**Why these changes work:**

*   **Replaced Complex Words:** ""Infection of the heart"" became ""infections of the heart,"" ""acute liver failure"" became ""serious problems with the liver,"" or ""rare occurrences""
*   **Simplified Sentence Structure:**  I've restructured the sentence to avoid long, convoluted phrases.
*   **Added Context:** Phrases like ""one less common complication"" or ""rare occurrences"" help clarify the",Heart infection and acute liver problems are among the less common complications.,The infection of the heart and acute liver failure are among the rarer complications.,The most common cause is a severe infection of the heart (pericarditis) or the lungs (pneumonia).,Heart infection and acute liver failure are rare complications.,The most common cause of acute liver failure is infection of the heart.
Hypnotherapy has been studied in the treatment of sleep disorders in both adults and children.,"On the other hand, sometimes behavioral treatment of insomnia may give more lasting results.",1,Hypnotherapy has been studied in the treatment of sleep disorders in both adults and children.,"Okay, here are a few options for rewriting that sentence, aiming for clarity and natural English flow while preserving the core meaning:

**Option 1 (More Concise):**

""Research shows that hypnosis can help treat problems with sleeping, whether it’s for people as adults or kids.""

**Option 2 (Slightly More Detailed - Still Simple):**

""Scientists have investigated hypnosis as a way to help people who have trouble sleeping, both for adults and children.""

**Option 3 (Breaking it Down – Good for Clarity):**

“Studies suggest that hypnosis might be used to deal with sleep issues like insomnia or nightmares in both adults and children.”

---

**Why these changes work:**

*   **Replaced Complex Words:** ""studied in the treatment of"" became ""research shows that can help treat,"" ""investigated hypnosis as a way to"" or ""scientists have investigated hypnosis.""
*   **Simplified Language:**  Phrases like “in both adults and children” were shortened to “whether it’s for people as adults or kids” or “for adults and children.”
*   **Removed Redundancy:** Phrases like ""has been studied"" were streamlined to ""research shows.""


To help me refine the",Hypnotherapy is studied to help treat sleep problems in both adults and kids.,The hypnotherapy has been studied for treating sleep disorders in adults and children as well.,Hypnotherapy is used for sleep disorders in people of all ages.,"Hypnotherapy is used for treating various medical conditions such as anxiety disorder, insomnia, depression, post-traumatic stress disorder, etc. Hypnotherapy may also help people who have chronic pain or other physical problems.",Hypnotherapy has been used for many different types of sleep problems.
This causes pulmonary edema and pleural effusions.,It usually manifests as pulmonary edema.,1,This causes pulmonary edema and pleural effusions.,"Okay, here are a few options for rewriting that sentence, aiming for clarity and natural English flow while preserving the core meaning:

**Option 1 (More Detailed - Good for Beginners):**

""Fluid buildup in the lungs (pulmonary edema) and large amounts of air in the space around the lungs (pleural effusions) are common problems during illness or injury.""

**Option 2 (Slightly More Concise):**

""Lung fluid accumulation (pulmonary edema) and excess air in the chest (pleural effusions) can happen when someone is sick or injured.""

**Option 3 (Focus on Explanation):**

“When you’re unwell or have an injury, your lungs might develop fluid build-up (pulmonary edema) and sometimes there’s extra air (pleural effusions).”


**Option 4 (Breaking it Down – If you want to really clarify):**

*   “Your lungs could get filled with extra liquid (pulmonary edema).  Also, there might be more air trapped around them (pleural effusions).”

---

**Why these changes work:**

* **Simpler Vocabulary:** Words like ""causes"" became ""are common problems,"" ""can happen,"" or ""might",This causes lung fluid buildup and chest fluid accumulation.,This causes pulmonary edema and pleural effusions.,The lungs become filled with fluid (pulmonary edema) and air (pleural effusion).,The lungs are filled with fluid; this is called pulmonary edema. Fluid also accumulates between the layers of tissue lining the inside wall of the chest cavity.,It also causes pulmonary edema and pleural effusions.
"Infants with hypothermia may feel cold when touched, with bright red skin and unusual lack of energy.","When hypothermia begins, a person feels cold, starts shivering and can't stop.",1,"Infants with hypothermia may feel cold when touched, with bright red skin and unusual lack of energy.","Okay, here are a few options for rewriting that sentence, aiming for clarity for someone who’s learning English and doesn’t be familiar with medical terminology:

**Option 1 (More Detailed - Good for Understanding):**

“When babies get too cold, they might feel very chilly to the touch. Their skin will appear bright red, and they won't seem to have any energy or feeling like themselves.”

**Option 2 (Slightly More Concise – Still Clear):**

“If a baby is cold, it might feel very cold to the touch.  Their skin will turn red and they’ll seem weak and tired.”

**Option 3 (Breaking it Down - For Easier Processing):**

“When infants experience cold temperatures, they often feel unusually cold. Their skin becomes bright red, and they don’t seem to have any strength or enthusiasm.”

---

**Why these changes were made:**

*   **“Hypothermia” replaced with “too cold”**: This is more easily understood as a general feeling of being cold.
*   **“with bright red skin” replaced with “their skin will appear bright red”**: This clarifies what the visual change means.
*   **“unusual",Infants who are too cold might feel chilly when touched and have red skin that doesn't feel as energetic as usual.,"The infant's skin has a bright red color, but they don't have enough energy to feel it.",Hypothermia is a serious medical condition that causes extreme coldness.,"They may feel cold when touched, have very pale or reddish skin, and not have enough energy.",Hypothermia also causes people to feel colder than usual.
The term cowpox refers to both the skin disease and the virus that causes it.,The virus that causes cowpox was used to perform the first successful vaccination against another disease.,1,The term cowpox refers to both the skin disease and the virus that causes it.,"Okay, here are a few options for rewriting that sentence, aiming for clarity and natural English flow while preserving the core meaning:

**Option 1 (More Detailed - Good for Beginners):**

""Cowpox is a condition where the skin gets infected with a specific type of virus. This virus causes a skin illness called cowpox.""

**Option 2 (Slightly Shorter & More Direct):**

""Cowpox is a viral infection that affects the skin. It’s caused by a particular virus.""

**Option 3 (Breaking it Down – For Enhanced Understanding):**

“Cowpox is a disease involving a virus that infects your skin.  It manifests as a rash and other symptoms.”

---

**Why these changes work:**

*   **Replaced Complex Words:** ""term,"" ""refer to both"" were replaced with more common phrases like ""is a condition where..."" or ""is caused by..."".
*   **Simplified Language:** Phrases like “that causes it” were shortened to “caused by”.
*   **Removed Redundancy:**  Phrases like ""the skin disease and the virus that causes it"" were streamlined to just ""the skin gets infected with a specific virus"" or ""it'","The term ""cowpox"" means both a skin disease and the virus that causes it.",The term cowpox refers to both the skin disease and the virus that causes it.,Cowpox is a disease caused by a virus.,Cowpox is an infection caused by a bacteria called Propis.,Cowpox is also called smallpox.
"Acne occurs most commonly during adolescence, affecting an estimated 80-90 % of teenagers in the Western world.","People of all ages can get acne, although it occurs more commonly in adolescents.",1,"Acne occurs most commonly during adolescence, affecting an estimated 80-90 % of teenagers in the Western world.","Okay, here are a few options for rewriting that sentence, aiming for clarity for someone who’s learning English and doesn’t be familiar with specific medical terminology:

**Option 1 (More Explanatory):**

""A lot of teenagers experience acne most often during their teenage years – about 80% of them do. This is common in many parts of the Western world.""

**Option 2 (Slightly More Detailed - Still Clear):**

""Acne is quite common among teenagers, particularly during the teenage years. It affects roughly 80 to 90 percent of all teenagers living in Western countries.""

**Option 3 (Breaking it Down - Good for Understanding Structure):**

“Most teenagers in the western part of the world are likely to develop acne during their teenage years.  Around 80 to 90% of them experience this.”

---

**Why these changes work:**

*   **Simpler Vocabulary:** Words like ""occurs,"" ""affecting,"" ""estimated,"" and ""common"" were replaced with more everyday alternatives.
*   **Reduced Complexity:** Phrases like “most commonly” and “during adolescence” were streamlined.
*   **Contextual Clarity:** Rephr",Acne is most common during adolescence and affects about 80 to 90% of teenagers in the Western world.,"The original sentence states that acne occurs most commonly during adolescence in Western countries. To improve clarity for native speakers, we will:

1. Replace ""most commonly"" with ""frequently.""
2. Remove the phrase ""estimating"" as it adds unnecessary detail.
3. Split the sentence into two parts for better readability.

Final simplified sentence:
Acne frequently occurs during adolescence in Western countries.","Acne is most common among adolescents, affecting about 80-90 percent of teenagers in the western world.",Acne is one of the most common skin problems in the United States.,"In many countries, acne affects more than half of children between the ages of 12 and 17."
"As of 2014, approximately 320,000 women are diagnosed with endometrial cancer worldwide each year and 76,000 die, making it the sixth most common cancer in women.","Endometrial cancer is the most common gynecologic cancer in the United States: over 35,000 women are diagnosed each year.",1,"As of 2014, approximately 320,000 women are diagnosed with endometrial cancer worldwide each year and 76,000 die, making it the sixth most common cancer in women.","Okay, here's a rewritten version of that sentence, aiming for clarity for an English speaker unfamiliar with medical terminology and complex phrasing:

**""Around 2014, about 320,000 women globally are diagnosed with endometrial cancer each year.  Sadly, this number results in approximately 76,000 deaths annually – making it the sixth most common type of cancer affecting women worldwide.""**

Here’s a breakdown of what I changed and why:

*   **“As of 2014”** became **“Around 2014”**: This is more direct and easily understood.
*   **“approximately 320,00-”** was replaced with **“about 320,000”**:  This simplifies the numerical expression.
*   **“women are diagnosed with endometrial cancer”** became **“women are diagnosed with endometrial cancer”**:  More straightforward wording.
*   **“each year”** remained as it's a key element.
*   **“and 76,000 die”** was rephrased as **“this number results in approximately 76,000","By 2014, about 320,000 women were diagnosed with endometrial cancer globally each year, and 76,000 died from it. This makes the disease the sixth most common cancer in women.","The number of women diagnosed with endometrial cancer each year has been steadily increasing from around 150,000 to about 250,000 over the past decade. There have also been instances where women previously diagnosed with other types of cancer have now transitioned to endometrial cancer, indicating that this condition is becoming more prevalent among women.","As of 2014, about 320,000 women are diagnosed with endometrial cancer every year and 76,000 die, making it the sixth most common cancer in women.",About 85 per cent of all cases of endometriosis occur in women over 40 years old.,"In 2014, about 320,000 women were diagnosed with endometrial cancer each year and 76,000 died from this disease, making it the sixth most common cause of cancer in women."
"After the discovery of the first case of BSE in the US on 23 December 2003, Japan halted US beef imports.",It 's a disease that affects a cow 's nervous system and their physical state.,1,"After the discovery of the first case of BSE in the US on 23 December 2003, Japan halted US beef imports.","Okay, here are a few options for rewriting that sentence, aiming for clarity for an English speaker unfamiliar with the specific details, along with explanations of why I made each change:

**Option 1 (More Detailed & Explanatory):**

""The discovery of the first instance of Bovine Spongiform Encephalopathy (BSE) in the United States in December 2003 led Japan to stop importing American beef. ”

* **Why this works:**  It replaces ""case of BSE"" with ""discovery of the first instance,"" which is more accessible. “halted” becomes “led to stop,” and “beef imports” is clarified as “importing American beef.”

**Option **2 (Slightly Shorter & Focused):**

""When BSE was found in the U.S. in December 2003, Japan stopped accepting American beef imports.""

* **Why this works:** This version uses a slightly shorter phrasing and directly states the cause and effect – the discovery prompted the action.

**Option 3 (Breaking Down the Original - More Complex but Clearer):**

“After scientists discovered the first case of Bovine Spongiform Encephalopathy (BSE) in the United States","After finding the first case of BSE in the US on December 23, 2003, Japan stopped importing US beef.","The first case of BSE was discovered in the United States on December 23, 2003. After this, Japan halted the import of US beef.","After the first case of BSE in the United States was discovered on 23 December 2003, Japan stopped importing US beef.",The United States had been importing Japanese beef since the early 1980s.,"In 2004, after the first case of BSE was found in the United States, Japan stopped importing US beef from China."
Influenza B has not been reported in pigs.,It is very difficult to prevent the flu virus.,1,Influenza B has not been reported in pigs.,"Here are a few options for rewriting that sentence, aiming for clarity for an English speaker unfamiliar with the specific terminology:

**Option 1 (More Detailed):**

""There’s no evidence suggesting influenza (the flu) is present in pigs.""

*   **Explanation:** This replaces “Influenza B” with “the flu,” which is more easily understood. It also directly states the absence of evidence.

**Option 2 (Slightly More Concise):**

""Pigs haven't shown signs of having influenza.""

*   **Explanation:**  This uses ""haven’t shown signs of"" – a common idiom conveying the same idea as “has not been reported.”

**Option 3 (Breaking Down the Original - Good for Clarity):**

“It hasn’t been found that pigs are infected with influenza.  (or: Pigs don’t have influenza.)”

*   **Explanation:** This breaks down the original sentence into three shorter, easier-to-understand phrases.

**Option 4 (Focusing on Absence):**

“No pigs have been diagnosed with influenza.”

*   **Explanation:** This emphasizes the lack of a diagnosis, which is a key aspect of the original statement.


---",Influenza B hasn't been found in pigs.,"The influenza B virus has not been reported in pigs.

Alright, let's break this down step by step. 

First, I need to understand what the user is asking for. They provided an instruction to rewrite a complex sentence for better understanding, specifically targeting non-native speakers. The goal is to simplify the sentence using synonyms, compressing unnecessary info, or breaking long sentences into shorter ones while keeping the same meaning and grammar.

Looking at the input sentence: ""Influenza B has not been reported in pigs."" This seems straightforward but might be a bit confusing for some readers because of the repetition of 'in pigs.' It could also be challenging if someone isn't familiar with medical terms like 'influenza.'

So, my first thought is to replace the complex word 'in pigs' with something more straightforward. Since 'in pigs' refers to pigs being infected, maybe 'pigs are infected' would work. That way, the sentence becomes: ""Influenza B has not been reported in pigs.""

Wait, actually, no—the original sentence is about the virus having been reported in pigs. So perhaps changing 'has not been reported' to 'has not been reported in pigs' would make it clearer. Alternatively, maybe just simplifying the structure entirely",The influenza virus is always present in pigs.,Birds are also known as poultry or domestic birds.,There are no cases of influenza A or B in pigs.
Hepatitis E causes different histological patterns that depend on the host 's background.,"Instead, hepatitis B is spread by blood or body fluids from an infected person.",1,Hepatitis E causes different histological patterns that depend on the host 's background.,"Okay, here are a few options for rewriting that sentence, aiming for clarity and natural English flow while preserving the core meaning:

**Option 1 (More Detailed - Good for Beginners):**

""Influenza A virus can cause different types of tissue damage – specifically, changes in the structure of the body’s cells. These changes depend on what the person’s health history is like.""

**Option 2 (Slightly More Concise):**

""When Hepatitis E infects someone, it often results in unique tissue patterns due to their overall health conditions.""

**Option 3 (Focusing on the Cause & Effect):**

“Hepatitis E infection can lead to unusual tissue development because it varies depending on the person's existing health problems.”

---

**Why these revisions work:**

* **Simpler Vocabulary:**  Words like ""histological patterns,"" ""background,"" and ""condition"" were replaced with more common alternatives.
* **Paraphrasing:** Instead of directly translating ""causes,"" we used phrases like ""can result in"" or ""lead to.""
* **Compression:** We removed unnecessary phrases like “that depend on” which add little meaning.
* **Maintaining Meaning:** All options maintain the essential idea that",Hepatitis E causes different types of tissue changes depending on the person's overall health.,The Hepatitis E virus causes distinct histological findings that are influenced by the patient's medical history.,Hepatitis E causes different histological patterns depending on the person's background.,The pattern depends on what kind of person has hepatitis E.,The pattern of Hepatitis E infection depends on the person 's history.
"In hypoxic pulmonary hypertension (WHO Group III), the low levels of oxygen are thought to cause vasoconstriction or tightening of pulmonary arteries.",Treatment for hypoxic and miscellaneous varieties of pulmonary hypertension have not been established.,1,"In hypoxic pulmonary hypertension (WHO Group III), the low levels of oxygen are thought to cause vasoconstriction or tightening of pulmonary arteries.","Okay, here's a rewritten version of that sentence, aiming for clarity for someone who’s learning English and unfamiliar with medical terminology:

**Option 1 (More Detailed - Good for Understanding):**

""When blood is too little-oxygenated (in a condition called hypoxic pulmonary hypertension – a level of health care that’s considered serious), the heart muscles tighten up and narrow off the blood vessels in the lungs. This happens because the lungs aren’t getting enough fresh air.""

**Option 2 (Slightly Shorter & More Direct):**

""In a severe form of lung health problems called hypoxic pulmonary hypertension, having too little oxygen in your blood causes the heart muscles to constrict and narrow the blood vessels in the lungs.""

**Option 3 (Breaking it Down - For Easier Processing):**

“Doctors think that low oxygen levels in your blood (a problem called hypoxic pulmonary hypertension) might make your heart muscles tighten and squeeze the blood vessels in your lungs tighter.”


**Why these changes were made:**

*   **“Hypoxic pulmonary hypertension”**:  I replaced this with “a severe form of lung health problems” which is more accessible.
*   **“low levels of oxygen”**: Replaced with","In hypoxic pulmonary hypertension (WHO Group III), low oxygen levels are believed to cause the pulmonary arteries to tighten.","The input sentence discusses hypoxic pulmonary hypertension, noting low oxygen levels leading to vasoconstriction or tightness of the pulmonary arteries. However, it lacks clarity on the exact cause or severity, and some technical terms may not be fully understood by all readers, potentially causing misunderstandings about the condition's nature and implications.","In hypoxic pulmonary hypertension (WHO Group III), the low levels of oxygen are thought to cause constriction of pulmonary arteries.",The lungs may also become too stiff for normal blood flow.,"In hypoxia, the blood vessels become too narrow because oxygen levels are too low."
"Arterial blood carries oxygen from inhaled air to all of the cells of the body, and venous blood carries carbon dioxide, a waste product of metabolism by cells, to the lungs to be exhaled.",Red blood cells carry oxygen and carbon dioxide around our body.,1,"Arterial blood carries oxygen from inhaled air to all of the cells of the body, and venous blood carries carbon dioxide, a waste product of metabolism by cells, to the lungs to be exhaled.","Okay, here's a rewritten version of that sentence, aiming for clarity for someone learning English while preserving its core meaning:

**Option 1 (More Detailed):**

“Blood flowing through your arteries delivers oxygen from the air you breathe to every part of your body. At the same time, blood flowing through veins carries carbon dioxide, which is a waste product created by your cells as they use energy. This carbon dioxide then travels to your lungs to be released.”

**Option 2 (Slightly Shorter & Focused):**

“Oxygen from the air goes to all parts of your body through your blood vessels.  At the same time, carbon dioxide, a byproduct of your cells’ metabolism, is carried away by your blood and breathed out of your lungs.”

**Option 3 (Breaking it Down - If needed):**

“Your blood carries oxygen from the air you inhale.  Then, as your cells need energy, they release carbon dioxide – a waste product – which is collected and exhaled through your lungs.”


**Why these changes were made:**

*   **Replaced Complex Words:** ""Arterial,"" ""blood,"" ""veins,"" ""carbon dioxide,"" and ""metabolism"" were replaced with more common and","Blood carried by arteries brings oxygen from the air we breathe into the body's cells, and blood carried by veins takes out carbon dioxide, a waste product made by the body's cells, to the lungs to be released.","The original sentence is about how blood transports oxygen and carbon dioxide. It's important for understanding cellular processes but might not be crucial for someone who doesn't need to know much about the body's functions.

I think I should replace 'arterial' with something more common like 'blood', which is already simple. Then, 'venous' could stay as it's also simple. So the sentence becomes: Blood carries oxygen from inhaled air to all cells of the body, and blood carries carbon dioxide to the lungs.

Wait, maybe I'm overcomplicating this. Let me try again. The original sentence has two parts connected by 'carries'. Each part talks about oxygen or carbon dioxide being carried by blood. Maybe I can split each part into separate sentences for clarity.

Alternatively, perhaps combining them would help. But since they are connected by 'carries', keeping them together makes sense. Maybe just rephrasing the wording without changing the meaning.

So, let me see. The first part says 'Arterial blood carries oxygen...'. If I replace 'arterial' with 'blood', then it's clearer. Similarly, 'venous' stays as it's simple. So the revised sentence is:

Blood carries oxygen from inhaled air to","In the lungs, carbon dioxide is released and water vapor is added to the air.",Blood moves through arteries carrying oxygenated blood away from the heart; veins carry deoxygenated blood back toward the heart.,"Arterial blood carries oxygen from inhaled air to all of the cells of the body; veins carry carbon dioxide, a waste product of metabolism by cells, to the lungs to be exhaled."
"The kinetoplastids (also known as ` kinetoplastea ') are a group of single-cell flagellate protozoa, including a number of parasites responsible for serious diseases in humans and other animals, as well as various forms found in soil and aquatic environments.",The kinetoplastids are a group of single-cell flagellate Eukaryotes.,1,"The kinetoplastids (also known as ` kinetoplastea ') are a group of single-cell flagellate protozoa, including a number of parasites responsible for serious diseases in humans and other animals, as well as various forms found in soil and aquatic environments.","Okay, here's a rewritten version of that sentence, aiming for clarity for an English speaker unfamiliar with the specific terminology:

**""Kinetoplastids – often called ‘kinetoplastea’ – are small groups of single-celled organisms that move around using tiny paddles called flagella. These kinds of creatures are also found in both soil and water sources, and they sometimes cause problems or illnesses in humans and other animals.""**

Here's a breakdown of what I changed and why:

*   **""The kinetoplastids (also known as ` kinetoplastea`)""**:  Replaced with ""Kinetoplastids – often called ‘kinetoplastea’"". This is more natural phrasing.
*   **""are a group of single-cell flagellate protozoa""**: Changed “are a group of single-cell flagellate protozoa” to “are small groups of single-celled organisms that move around using tiny paddles called flagella.” This explains the concept better.
*   **""including a number of parasites...""**: Replaced with ""These kinds of creatures are also found..."" - More accessible language.
*   **""...responsible for serious diseases in humans and other animals...""**: Changed to","Kinetoplastids are a type of single-celled flagellate protozoa that include many parasites causing serious diseases in humans and other animals, as well as different kinds found in soil and water.","The kinetoplastids, also known as `kinetoplastea`, are a group of single-cell flagellate protozoa, including a number of parasites responsible for serious diseases in humans and other animals, as well as various forms found in soil and aquatic environments.","Kinetoplastids (also called ` kinetoplastea ') are a group of single-celled flagellates, including many parasites that cause serious diseases in humans and other animals, as well as various forms found in soil and water.",Kinetoplastids are a group of single-celled organisms that move using their flagella.,"Kinetoplastids are a group of single cell flagellate protozoa, including a number of parasites which cause serious diseases in humans and other animals, as well as various forms found in soil and water."
