source,prediction
"One side of the armed conflicts is composed mainly of the Sudanese military and the Janjaweed, a Sudanese militia group recruited mostly from the Afro-Arab Abbala tribes of the northern Rizeigat region in Sudan.","Okay, here are a few options for rewriting that sentence, aiming for clarity and natural English flow while preserving the core meaning:

**Option 1 (More Detailed & Explanatory):**

""The conflict primarily involves forces from the Sudanese army and the Janjaweed, a local militia group originating in the northern Rizegat region of Sudan, which is predominantly populated by Afro-Arab tribes.""

**Option *2 (Slightly Shorter & More Direct):**

""A major part of the fighting consists of Sudanese soldiers and the Janjaweed, a Sudanese militia group largely formed by people from the Rizegat area in northern Sudan – specifically, Afro-Arab tribes.""

**Option *3 (Breaking it Down - Good for Clarity):**

“The conflict heavily relies on the Sudanese army and the Janjaweed, a large group of Sudanese fighters who originated in the Rizegat region north of Sudan, particularly among the Afro-Arab tribes.”

---

**Why these changes work:**

*   **Simpler Vocabulary:** Words like ""composed mainly of"" became ""involves,"" ""primarily involves,"" or ""largely consists of.""
*   **Reduced Complexity:**  Phrases like “a Sudanese militia group recruited"
"Jeddah is the principal gateway to Mecca, Islam's holiest city, which able-bodied Muslims are required to visit at least once in their lifetime.","Okay, here’s a rewritten version of that sentence, aiming for clarity for someone who isn’t fluent in English:

**Option 1 (More Detailed):**

“Jeddah is the most important place in Saudi Arabia where you can find Mecca, Islam’s most important city.  Muslims who are healthy and able to travel should visit Mecca at least once in their lives.”

**Option 2 (Slightly More Concise - Still Clear):**

“Jeddah is the main entrance to Mecca, Islam’s holy city. Muslims are encouraged to visit Mecca at least once in their lives if they are fit.”

**Option 3 (Breaking it Down – For Maximum Clarity):**

“Jeddah is a crucial point in Saudi Arabia, serving as the main way to reach Mecca, which is considered the holiest city in Islam. It’s recommended that Muslims visit Mecca at least once during their lifetime, assuming they are in good health.”


**Why these changes work:**

*   **Replaced Complex Words:** “principal gateway,” “able-bodied,” “fulfilling” were replaced with more common phrases.
*   **Simplified Language:** Phrases like ""which able-bodied Muslims are required"" became"
The Great Dark Spot is thought to represent a hole in the methane cloud deck of Neptune.,"Okay, here are a few options for rewriting that sentence, aiming for clarity and natural English flow while preserving the core meaning:

**Option 1 (More Detailed - Good for Beginners):**

""Scientists believe that a dark area on Neptune’s atmosphere – called a ‘dark spot’ – might be caused by methane clouds.  This particular area could be a region where methane gas is concentrated.""

**Option 2 (Slightly More Concise):**

""It's believed that a dark spot in Neptune’s atmosphere, made of methane clouds, represents a hole. This suggests a specific location where methane is abundant.""

**Option 3 (Breaking it Down - For Easier Processing):**

“Researchers think that a dark area on Neptune’s atmosphere, which looks like a hole filled with methane clouds, could be the source of this phenomenon. It’s a potentially unusual feature.”


**Why these changes work:**

*   **Replaced Complex Words:** ""Great Dark Spot,"" ""methane cloud deck,"" and ""dark spot"" were replaced with more common terms.
*   **Simplified Language:** Phrases like “is thought to represent” became “scientists believe that might be caused by” or “could be the source of”."
"His next work, Saturday, follows an especially eventful day in the life of a successful neurosurgeon.","Okay, here are a few options for rewriting that sentence, aiming for clarity and natural English flow while preserving the core meaning:

**Option 1 (More Concise):**

""His upcoming project, ‘Saturday,’ chronicles a particularly exciting day in the life of a skilled neurosurgeon.""

*   **Changes:** Replaced “follows an especially eventful day” with “chronicles a particularly exciting day.”  “especially” is replaced with “particularly,” which is more direct.

**Option 2 (Slightly More Detailed - Still Simple):**

""Recently, his new work, ‘Saturday,’ describes a remarkable day for a successful neurosurgeon who performed some important operations.""

*   **Changes:** ""recently"" clarifies the timing. ""performs some important operations"" provides context about the surgeon's actions.

**Option 3 (Breaking Down Further - If Needed):**

""This new project, ‘Saturday,’ tells the story of a very busy day for a talented neurosurgeon – one who successfully completed some significant procedures.”

*   **Changes:** This breaks down “follows an especially eventful day” into smaller parts, explaining the overall narrative.

---

**Why these changes help:**

*   **Simpler Vocabulary:** Words like"
"The tarantula, the trickster character, spun a black cord and, attaching it to the ball, crawled away fast to the east, pulling on the cord with all his strength.","Okay, here's a rewritten version of that sentence, aiming for clarity for an English speaker unfamiliar with the specific vocabulary:

**Option 1 (More Detailed - Good for Understanding):**

“A spider, known as a trickster, created a strong, black thread. He quickly began to move away eastward, using this thread to pull himself along.  He worked very hard to keep going.”

**Option 2 (Slightly More Concise - Still Clear):**

“A sneaky spider made a thick, black rope and started crawling towards the east.  Using all his effort, he pulled the rope behind him.”

**Option 3 (Breaking it Down - For Maximum Clarity):**

“There was a spider – a clever one – who made a long, dark string.  It wrapped around a small object, like a ball, and then he started moving rapidly to the east, pulling the string with great force.”


**Why these changes work:**

*   **Replaced Complex Words:** “tarantula,” “spun,” “attaching,” “crawled,” “pulling,” “strength,” “all his strength” were replaced with more common and understandable terms.
*   **Paraphrased:** Instead of"
"There he died six weeks later, on 13 January 888.","Okay, here are a few options for rewriting that sentence, aiming for clarity and natural English flow while preserving the core meaning:

**Option 1 (More Detailed - Good for Beginners):**

""Six weeks after he passed away, in January 13th, 888, he died.""

**Option 2 (Slightly More Concise):**

""He died six weeks later, on January 13th, 888.""

**Option 3 (Focusing on the Timeline):**

“After six weeks, he died on January 13th, 888.”

**Option 4 (Breaking it Down – If you want to explain each part):**

“He died six weeks after he had already passed away.  The date was January 13th, 888.”


**Why these changes work:**

*   **Simpler Vocabulary:** Words like ""there,"" ""passed away,"" ""on,"" and ""after"" are replaced with more common alternatives.
*   **Reduced Complexity:**  Phrases like “On 13 January 888” are shortened to “January 13th, 888” or “January 1"
They are culturally akin to the coastal peoples of Papua New Guinea.,"Here are a few options for rewriting that sentence, aiming for clarity for an English speaker unfamiliar with the specific context:

**Option 1 (More Direct):**

""People living in the coastal areas of Papua New Guinea share similar customs and traditions with the indigenous people there.""

*   **Why it works:** This replaces “culturally akin to” with a more straightforward description – sharing similar practices.  “Customs and traditions” are easily understood.

**Option 2 (Adding Context - if appropriate):**

""Similar to the way the people of Papua New Guinea live, some individuals from the coastal regions exhibit similar cultural practices and ways of life.""

*   **Why it works:** This adds a little context about *why* they might share similar customs. It’s slightly more descriptive.

**Option 3 (Breaking Down the Original - for maximum clarity):**

""Papua New Guinea's coastal communities have customs and behaviors similar to those of the local populations.  This means they often follow similar patterns in their daily lives.""

*   **Why it works:** This breaks down the initial phrase into smaller, understandable parts. ""Follow similar patterns"" is clearer than ""culturally akin to.""

**Option 4 ("
"Since 2000, the recipient of the Kate Greenaway Medal has also been presented with the Colin Mears Award to the value of £5000.","Okay, here are a few options for rewriting that sentence, aiming for clarity for an English speaker unfamiliar with the specific details, along with explanations of why I made each change:

**Option 1 (More Concise & Flowing):**

""Starting in 2000, the Kate Greenaway Medal recipient has also received the Colin Mears Award worth £5000.""

* **Why this works:** This is shorter and uses more common phrasing. ""Starting in 2000"" clarifies the timeframe. “has also received” is clearer than “has been presented with.”


**Option **2 (Adding Context - Slightly More Detailed):**

“Since 2000, the Kate Greenaway Medal has awarded a prize of £5000 to someone who was already receiving the Colin Mears Award.”

* **Why this works:**  This adds a little context – it explains *why* the award was given. It’s slightly more natural sounding.



**Option 3 (Breaking Down the Original - For Maximum Clarity):**

“The Kate Greenaway Medal recipient has also received the Colin Mears Award for £5000, which is a separate award.”

* **Why this works"
"Following the drummers are dancers, who often play the sogo (a tiny drum that makes almost no sound) and tend to have more elaborate — even acrobatic — choreography.","Okay, here's a rewritten version of the sentence, aiming for clarity and natural English flow while preserving the core meaning:

**Option 1 (More Detailed):**

“Behind the performers are dancers, and many of them use a small drum called ‘sogo.’ These drums usually produce very little sound, and their movements are often quite fancy – sometimes even involving impressive acrobatic skills.”

**Option 2 (Slightly Shorter & More Direct):**

“There are also dancers behind the stage, and some of them frequently use a tiny drum called ‘sogo.’ Their routines are often elaborate and include skillful acrobatics.”

**Option 3 (Breaking it Down - If you want to really simplify):**

“Besides the dancers performing on stage, there are also dancers who use a small drum called ‘sogo’.  Their performances are often very dynamic, with lots of fancy moves – they might even do acrobatic steps!”


**Why these changes work:**

*   **Replaced Complex Words:** “Following the drummers” became “behind the performers,” “who often play the sogo.” “tend to have more elaborate — even acrobatic” was rephrased as “often quite fancy – sometimes involving impressive acrob"
"The spacecraft consists of two main elements: the NASA Cassini orbiter, named after the Italian-French astronomer Giovanni Domenico Cassini, and the ESA Huygens probe, named after the Dutch astronomer, mathematician and physicist Christiaan Huygens.","Okay, here are a few options for rewriting that sentence, aiming for clarity and natural English flow while preserving the core meaning. I’ll offer variations, each with slightly different emphasis:

**Option 1 (More Detailed & Explanatory):**

""This mission includes two key components: the NASA Cassini orbiter, which is an orbiting spacecraft developed by NASA, and the ESA Huygens probe, also known as the ‘Huygens’ probe. This probe was named after the brilliant Italian-French astronomer Giovanni Domenico Cassini.""

**Option 2 (Slightly Shorter & More Direct):**

""There are two important parts to this spacecraft: the NASA Cassini orbiter, launched by NASA, and the ESA Huygens probe, named after the Dutch astronomer Christiaan Huygens.""

**Option 3 (Focus on the Components - Good for Beginners):**

“This spacecraft has two main parts: a NASA Cassini orbiter and the ESA Huygens probe.  The Huygens probe is named after the Dutch astronomer and mathematician Christiaan Huygens.”

**Option 4 (Combining Elements - A Balanced Approach):**

""The spacecraft consists of two significant elements: the NASA Cassini orbiter, a NASA mission, and the ESA Huygens"
"Alessandro (""Sandro"") Mazzola (born 8 November 1942) is an Italian former football player.","Okay, here are a few options for rewriting that sentence, aiming for clarity for someone who’s learning English and doesn’t be familiar with all the nuances:

**Option 1 (More Detailed - Good for Beginners):**

""Alessandro, also known as Sandro Mazzola, was born on November 8, 1942. He was a famous Italian football player.""

*   **Changes:** Replaced “is an Italian former football player” with “was a famous Italian football player.”  This is more straightforward.


**Option 2 (Slightly More Concise – Still Clear):**

""Alessandro Mazzola, born November 8, 1942, was a talented football player from Italy.""

*   **Changes:** Removed ""former football player"" – it's implied he was a player. Added “talented” to add a bit more descriptive language.


**Option 3 (Breaking it Down - For Learners Who Need More Context):**

“Alessandro Mazzola, born on November 8, 1942, was a well-known Italian footballer. He played for many teams throughout his career.”

*   **Changes:** Split into two sentences.  Added “well-known"
It was originally thought that the debris thrown up by the collision filled in the smaller craters.,"Okay, here are a few options for rewriting that sentence, aiming for clarity and natural English flow while preserving the core meaning:

**Option 1 (More Detailed - Good for Beginners):**

""People believed that the pieces of rock flying from the crash would fill up the smaller holes in the craters.""

*   **Explanation:** This replaces ""debris thrown up"" with “pieces of rock flying,” which is more accessible.  “Filled in” becomes “fill up,” and “smaller craters” become “smaller holes.”

**Option **2 (Slightly More Concise):**

""It was thought that the rocks ejected during the crash would cover the smaller craters.""

*   **Explanation:** Uses “ejected” instead of “thrown up” and “cover” instead of “fill in”.

**Option 3 (Breaking Down the Original - For Enhanced Understanding):**

""Someone suggested that the material falling down from the crash might fill the smaller pits or depressions within the craters.""

*   **Explanation:** This breaks the original sentence into three shorter sentences, explaining each part. It uses ""material falling down"" to describe the debris.

**Option 4 (Combining Elements):**

""The belief was that the rocks blasted"
"Graham attended Wheaton College from 1939 to 1943, when he graduated with a BA in anthropology.","Here are a few options for rewriting that sentence, aiming for clarity for an English speaker unfamiliar with the nuances of academic language:

**Option 1 (More Concise):**

""After graduating from Wheaton College from 1939 to 1943, Graham earned a Bachelor of Arts degree in anthropology.""

**Option 2 (Slightly More Detailed - Still Clear):**

""Graham studied at Wheaton College from 1939 to 1943 and received a Bachelor of Arts degree in Anthropology during that time.""

**Option 3 (Breaking it Down – Good for Understanding Complexity):**

“Graham attended Wheaton College from 1939 to 1943.  He completed a Bachelor’s degree in Anthropology during that period.”

---

**Why these changes work:**

* **Simpler Vocabulary:** Words like ""attended"" became ""graduated from studying,"" “received” or “completed” provide clearer alternatives.
* **Reduced Complexity:** Phrases like ""when he graduated with..."" were streamlined.
* **Focus on Action:**  The core action – attending college – is emphasized.


To help me refine the best option for *you*, could you tell me:

*"
"However, the BZÖ differs a bit in comparison to the Freedom Party, as is in favor of a referendum about the Lisbon Treaty but against an EU-Withdrawal.","Okay, here are a few options for rewriting that sentence, aiming for clarity and natural English flow while preserving the core meaning:

**Option 1 (More Detailed - Good for general understanding):**

""The Belgian People’s Party (BZÖ) has slightly different views than the Freedom Party regarding a referendum on the Lisbon Treaty. However, they generally oppose any withdrawal from the European Union.""

**Option 2 (Slightly Shorter & More Direct):**

""The Belgian party, BZÖ, prefers a referendum on the Lisbon Treaty but opposes a withdrawal from the EU.""

**Option 3 (Focusing on the Core Difference):**

""Compared to the Freedom Party, the BZÖ favors a referendum concerning the Lisbon Treaty, but strongly opposes a potential Brexit (or withdrawal) from the EU.""

---

**Why these changes work:**

* **Replaced Complex Words:** ""differs a bit,"" ""is in favor of,"" ""an EU-Withdrawal,"" and ""a referendum about"" were replaced with more accessible phrases like ""has slightly different views,"" ""prefers a referendum on,"" and ""opposes any withdrawal from the European Union.""
* **Paraphrased:**  Sentences were restructured to express"
"Many species had vanished by the end of the nineteenth century, with European settlement.","Okay, here are a few options for rewriting that sentence, aiming for clarity and natural English flow while preserving the core meaning:

**Option 1 (More Detailed - Good for Beginners):**

""By the end of the 19th century, many different kinds of animals disappeared in Europe. This happened because people started settling there.""

*   **Explanation:**  This version replaces ""Many species had vanished"" with “many different kinds of animals disappeared” – it’s more accessible. It also adds context (""because people started settling there"") to explain *why* the species vanished.


**Option 2 (Slightly More Concise):**

""During the 19th century, large numbers of animal populations disappeared across Europe as people moved there.""

*   **Explanation:** This uses slightly more formal language but remains clear. ""Large numbers"" emphasizes the scale of the disappearance.



**Option 3 (Breaking Down into Smaller Sentences - For Enhanced Understanding):**

“Around the end of the 19th century, a lot of wildlife vanished in Europe. This was largely due to increased human settlement.”

*   **Explanation:** This breaks the original sentence into three shorter sentences.  It clearly states the timeframe, the"
In 1987 Wexler was inducted into the Rock and Roll Hall of Fame.,"Okay, here are a few options for rewriting that sentence, aiming for clarity and natural English flow while preserving the core meaning:

**Option 1 (More Detailed - Good for Beginners):**

""In 1987, Samuel Wexler was recognized by the Rock and Roll Hall of Fame.""

*   **Why this works:** This replaces ""was inducted into"" with “was recognized by,” which is more accessible. It also simplifies the phrasing.

**Option 2 (Slightly More Concise):**

""Samuel Wexler received recognition from the Rock and Roll Hall of Fame in 1987.""

*   **Why this works:**  This uses ""received recognition"" – a common way to express being honored.

**Option 3 (Breaking it Down - For Enhanced Understanding):**

“In 1987, Samuel Wexler was nominated for the Rock and Roll Hall of Fame.”

*   **Why this works:** This breaks down the initial statement into two smaller parts, making it easier to grasp the context.

**Option 4 (Focus on the Action - If Context Matters):**

""The Rock and Roll Hall of Fame honored Samuel Wexler in 1987.""

*"
"In its pure form, dextromethorphan occurs as a white powder.","Okay, here are a few options for rewriting that sentence, aiming for clarity and natural English while maintaining the core meaning:

**Option 1 (More Detailed - Good for Beginners):**

""Dextromethorphan is typically found as a white powder.""

**Option 2 (Slightly More Concise):**

""Dextromethorphan appears as a white powder.""

**Option 3 (Focus on the Substance's Nature):**

""Dextromethorphan is often a white powder substance.""

**Option 4 (Breaking it Down – If you want to explain further):**

“When you see dextromethorphan, it’s usually presented as a white powder.”


---

**Why these changes work:**

*   **Replaced Complex Words:** ""occurs as"" became ""is found as,"" ""appears as"" or ""is often presented as"".
*   **Simplified Language:**  Phrases like “In its pure form” were replaced with more direct statements.
*   **Compression:** The original sentence was quite long; we've condensed it.

To help me refine the best option for *you*, could you tell me:

*   What's the context of this"
Admission to Tsinghua is extremely competitive.,"Here are a few options for rewriting that sentence to make it clearer for an English speaker unfamiliar with the nuances of academic admissions, ranging from slightly more to significantly simplified:

**Option 1 (More Detailed - Good for general understanding):**

""Getting into Tsinghua University is very difficult. It’s a highly selective admission process.""

**Option 2 (Slightly More Concise):**

""Tsinghua University has a very strict admission requirement – it's challenging to get in.""

**Option 3 (Most Simplified - Focuses on core message):**

""Turinghua University admits students only based on their academic achievements.""

**Option 4 (Combining elements - A good balance):**

“Applying to Tsinghua University is tough because they have a very limited number of spots.”


---

**Why these changes work:**

* **Replaced Complex Words:** ""Admission to"" became ""getting into,"" ""is extremely competitive,"" and ""a highly selective admission process"" all offer clearer alternatives.
* **Paraphrased:**  Instead of saying “admission is extremely competitive,” we explained that it’s a *difficult* process.
* **Compressed Information:** We removed unnecessary phrases like ""to make it"" and"
"Today NRC is organised as an independent, private foundation.","Okay, here are a few options for rewriting that sentence, aiming for clarity and natural English flow while preserving the core meaning:

**Option 1 (More Detailed - Good for Beginners):**

""Currently, National Research Council (NRC) operates as an independent and private organization.""

*   **Why it works:** Replaces “is organised as” with “operates,” which is more common phrasing. ""Independent"" is easily understood. ""Private"" is straightforward.

**Option 2 (Slightly Shorter & More Direct):**

""NRC is a privately owned foundation that functions independently.""

*   **Why it works:**  Uses “functions independently” – this conveys the same idea concisely.

**Option 3 (Breaking it Down - For Enhanced Understanding):**

“National Research Council (NRC) is a private company that’s run independently. It doesn't have a government connection.”

*   **Why it works:** This breaks down the initial statement into smaller parts, explaining the key elements.

**Option 4 (Combining Elements - A Balanced Approach):**

“As an independent, private foundation, NRC is currently managed.”

*   **Why it works:** This combines the foundational aspect with the current operational"
"It is situated at the coast of the Baltic Sea, where it encloses the city of Stralsund.","Okay, here are a few options for rewriting that sentence, aiming for clarity and natural English flow while preserving the core meaning:

**Option 1 (More Detailed - Good for Beginners):**

""Located on the coast of the Baltic Sea, this area surrounds the city of Stralsund. ”

**Option 2 (Slightly More Concise):**

""Situated near the Baltic Sea, the region includes the town of Stralsund.""

**Option 3 (Focusing on Location & Importance):**

“Close to the Baltic Sea, the area encompasses the city of Stralsund.”

---

**Why these changes work:**

*   **Replaced Complex Words:** ""situated at the coast,"" ""encloses,"" and ""surrounds"" were replaced with more common and easily understood phrases.
*   **Simplified Language:**  Phrases like “it is situated” became “this area is located” or “the region includes”.
*   **Compression:** Removed unnecessary wording like ""where it encloses.""
*   **Main Idea Retained:** All options maintain the essential idea – the location of the city within a coastal area of the Baltic Sea.

To help me refine the rewrite even further, could you tell"
"He was also named 1982 ""Sportsman of the Year"" by Sports Illustrated.","Here are a few options for rewriting that sentence, aiming for clarity for an English speaker unfamiliar with the nuances:

**Option 1 (More Concise):**

“In addition to his name as ‘Sportsman of the Year’ awarded by Sports Illustrated in 1982, he was also known for his sportsmanship.”

**Option 2 (Slightly More Detailed - Still Clear):**

“As a recognition of his excellent sportsmanship, he was named ‘Sportsman of the Year’ by Sports Illustrated in 1982.”

**Option 3 (Breaking it Down – Good for Understanding Complexity):**

“Besides being recognized as ‘Sportsman of the Year’ by Sports Illustrated in 1982, he was also known for his fair and respectful behavior on the field.”

---

**Why these changes work:**

* **Replaced Complex Words:** “named” became “known as,” “of the year” became “awarded in,” “also” became “in addition” or “as well.”
* **Simplified Language:**  Phrases like “was also also named” were streamlined.
* **Main Idea Retention:** Each option maintains the core meaning – he received a prestigious award and was"
Fives is a British sport believed to derive from the same origins as many racquet sports.,"Okay, here are a few options for rewriting that sentence, aiming for clarity and natural English flow while preserving the core meaning:

**Option 1 (More Detailed - Good for Beginners):**

""Five-a-day sports are popular in Britain, and they have roots in similar games played in other countries like racquet sports.  They’re often associated with those types of activities.""

**Option 2 (Slightly More Concise):**

""Five-a-day sports originated in Britain and share similarities with other racquet sports. They’re widely played there.""

**Option 3 (Focus on the Origin):**

“The practice of playing five-a-day sports is common in Britain, tracing back to games with similar rules found elsewhere.”

---

**Why these changes work:**

*   **Replaced Complex Words:** ""Fives,"" ""believed to derive,"" ""same origins,"" ""many racquet sports,"" ""associated with those types of activities,"" and ""often"" were all replaced with more accessible language.
*   **Simplified Sentence Structure:** Breaking down the original sentence into shorter phrases makes it easier to process.
*   **Added Context:** Phrases like “they’re widely played there” provide a little"
"For example, King Bhumibol was born on Monday, so on his birthday throughout Thailand will be decorated with yellow color.","Okay, here's a rewritten version of that sentence, aiming for clarity and natural English flow while preserving the core meaning:

**Option 1 (More Detailed - Good for general understanding):**

""King Bhumibol was born on a Monday.  Therefore, throughout Thailand, celebrations will be held in shades of yellow – it’s a tradition to decorate everything with yellow during his birthday month.""

**Option 2 (Slightly Shorter & More Direct):**

""Because King Bhumibol was born on Monday, Thailand will be decorated with yellow decorations throughout his birthday celebration.""

**Option 3 (Breaking it Down - If you want to really simplify):**

“King Bhumibol was born on Monday. As a tradition, Thailand will celebrate his birthday with yellow decorations all over.”


**Explanation of Changes Made:**

*   **Complex Words:** Replaced phrases like ""on his birthday throughout Thailand"" with more straightforward expressions like “throughout Thailand” or “celebrations will be held”.
*   **Complex Sentence Structure:**  I broke down the original into shorter, clearer sentences.
*   **Removed Redundancy:** Eliminated phrases like ""so on his birthday throughout Thailand"" which added little meaning."
Both names became defunct in 2007 when they were merged into The National Museum of Scotland.,"Okay, here are a few options for rewriting that sentence, aiming for clarity and natural English flow while preserving the core meaning:

**Option 1 (More Detailed - Good for Beginners):**

""In 2007, both the names of two places – the Scottish National Museum and another institution – stopped being used because they were combined into The National Museum of Scotland.""

**Option 2 (Slightly Shorter & More Direct):**

""The Scottish National Museum and another institution lost their names in 2007 after they were joined together to form The National Museum of Scotland.""

**Option 3 (Focus on the Change):**

“Around 2007, the names of two historical sites – the Scottish National Museum and another – changed to become part of The National Museum of Scotland.”

**Option 4 (Breaking it Down - If you want to explain each part):**

“The Scottish National Museum and another institution’s names were merged into The National Museum of Scotland in 2007.”

---

**Why these changes work:**

* **Simpler Vocabulary:** Words like ""became defunct"" are replaced with more common phrases like ""stopped being used"" or ""lost their names."""
"Nevertheless, Tagore emulated numerous styles, including craftwork from northern New Ireland, Haida carvings from the west coast of Canada (British Columbia), and woodcuts by Max Pechstein.","Okay, here are a few options for rewriting that sentence, aiming for clarity for an English speaker unfamiliar with the nuances of the original:

**Option 1 (More Detailed & Explanatory):**

""Tagore wasn’t just interested in one style; he imitated many different artistic traditions. He drew inspiration from the intricate artwork created in Northern New Ireland – think beautiful crafts made there – and also from the traditional carvings found on the western coast of British Columbia, particularly the woodcut prints by Max Pechstein.""

**Option 2 (Slightly Shorter & Focused):**

""Tagore was inspired by various art forms. He used techniques like traditional crafts from Northern New Ireland and the distinctive woodcut prints by Max Pechstein, which he learned from the west coast of Canada.""

**Option 3 (Breaking it Down - Good for Clarity):**

“Tagore didn't stick to just one type of art.  He studied and copied styles from different places. For example, he looked at crafts made in Northern New Ireland, like beautiful handcrafted items, and also admired the woodcut prints by Max Pechstein, which were popular in British Columbia.”

---

**Why these changes work:**

* **Simpler"
"On October 14, 1960, Presidential candidate John F. Kennedy proposed the concept of what became the Peace Corps on the steps of Michigan Union.","Okay, here are a few options for rewriting that sentence, aiming for clarity for an English speaker unfamiliar with the specific details, along with explanations of why I made each change:

**Option 1 (More Detailed - Good for general understanding):**

""On October 14, 1960, John F. Kennedy, a presidential candidate, suggested the idea of the Peace Corps at the steps of Michigan Union.""

*   **Changes:** Replaced ""proposed the concept of what became"" with “suggested the idea of.”  This is more straightforward. Removed the slightly convoluted phrasing about ""on the steps of.""


**Option 2 (Slightly More Concise – Still Clear):**

""In 1960, John F. Kennedy, running for president, introduced the concept of the Peace Corps at Michigan Union.""

*   **Changes:**  Rephrased to focus on Kennedy’s role as a presidential candidate. Used “introduced” instead of “proposed the concept of what became,” which is a bit more active.


**Option 3 (Breaking Down into Smaller Sentences - For better comprehension flow):**

“In 1960, John F. Kennedy, who was running for president"
"She performed for President Reagan in 1988's Great Performances at the White House series, which aired on the Public Broadcasting Service.","Here are a few options for rewriting that sentence, aiming for clarity for an English speaker unfamiliar with the specific details:

**Option 1 (More Concise):**

""During the ‘Great Performances’ broadcast on PBS in 1988, she performed for President Reagan at the White House.""

**Option 2 (Adding Context - Slightly More Detailed):**

""At the White House during a special television program called ‘Great Performances’ in 1988, she gave a performance. This was part of a larger series broadcast by Public Broadcasting Service.”

**Option 3 (Breaking it Down – Good for Understanding Complexity):**

“In 1988, she performed for President Reagan at the White House as part of a show called 'Great Performances' on PBS.  This event was shown on public television.”


**Why these changes work:**

* **Replaced Complex Words:** ""performed for"" became ""performed for,"" ""which aired on"" became ""broadcast on,"" and ""in the event of"" became ""as part of.""
* **Simplified Language:** Phrases like “in order to” were removed.
* **Added Context:** Providing a little background (""a special television program"") helps clarify the situation."
Perry Saturn (with Terri) defeated Eddie Guerrero (with Chyna) to win the WWF European Championship (8:10) Saturn pinned Guerrero after a Diving elbow drop.,"Okay, here's a rewritten version of that sentence, aiming for clarity for someone who’s learning English and doesn’t necessarily know much about wrestling terminology:

**“Perry Saturn, with his partner Terri, beat Eddie Guerrero and Chyna to win the European Championship at 8 minutes and 10 seconds.  After a dramatic move – a diving elbow bump – Perry Saturn pinned Eddie Guerrero.”**

Here’s a breakdown of what was changed and why:

*   **""Perry Saturn (with Terri) defeated Eddie Guerrero...""**: Changed to “Perry Saturn, with his partner Terri, beat Eddie Guerrero…” This is more straightforward.
*   **""...to win the WWF European Championship...""**:  Replaced with ""to win the European Championship."" It’s shorter and easier to grasp.
*   **""...at 8 minutes and 10 seconds""**: Added this to clarify the time frame.
*   **""Saturn pinned Guerrero after a Diving elbow drop.""**:  This part is now more concise. ""Pinning"" means to hold someone down with a pin. ""Diving elbow drop"" is explained as a dramatic move.

I hope this revised version is clearer! Let me know if you’d like"
She remained in the United States until 1927 when she and her husband returned to France.,"Here are a few options for rewriting the sentence, aiming for clarity for an English speaker unfamiliar with the nuances of the original:

**Option 1 (More Concise):**

""After living in the United States from 1927 until 1927, she and her husband moved back to France.""

*   **Changes:** Replaced “remained in” with “living in,” simplified “until” to “from,” and combined the two clauses into one flow.

**Option **2 (Adding Context - Slightly More Detailed):**

“She stayed in the United States until 1927, then she and her husband traveled back to France.”

*   **Changes:**  Rephrased ""remained"" as ""stayed"" and added ""then"" to clarify the sequence of events.

**Option 3 (Breaking Down Further - If Needed):**

“She lived in the United States from 1927 to 1927, and then she and her husband moved back to France.”

*   **Changes:** Separated the first part of the sentence and the second part into two shorter sentences.


---

To help me refine the best option for you, could you"
"Despina was discovered in late July, 1989 from the images taken by the Voyager 2 probe.","Here are a few options for rewriting that sentence, aiming for clarity for an English speaker unfamiliar with the specific terminology:

**Option 1 (More Detailed - Good for general understanding):**

""In late July 1989, the spacecraft Disa was found using images captured by the Voyager 2 probe.""

*   **Why this works:** Replaces “discovered” with “found,” simplifies “from the images taken” to “using images captured.”  “the Voyager 2 probe” is clarified as a spacecraft.

**Option **2 (Slightly More Concise):**

""Disa, a spacecraft, was located in late July 1989, thanks to images captured by the Voyager 2 probe.""

*   **Why this works:** Combines the first two parts into one flow.

**Option 3 (Breaking it Down - Best if you want to emphasize the key elements):**

""The Voyager 2 probe captured images in late July 1989.  Then, a spacecraft named Disa was found in those images.""

*   **Why this works:** Separates the information into three shorter sentences.

---

To help me refine the best option for *you*, could"
The first Italian Grand Prix motor racing championship took place on 4 September 1921 at Brescia.,"Okay, here are a few options for rewriting that sentence, aiming for clarity and natural English flow while preserving the core meaning:

**Option 1 (More Detailed - Good for Beginners):**

""The first Italian motor racing championship, known as the Italian Grand Prix, happened on September 4th, 1921, in Brescia.""

**Option 2 (Slightly More Concise):**

""The inaugural Italian Grand Prix race took place on September 4th, 1921, in Brescia.""

**Option 3 (Focusing on the Event):**

“In Brescia, Italy, the first Italian Grand Prix motor race occurred on September 4th, 1921.”

**Option 4 (Breaking it Down – If you want to explain each part):**

“The first Italian Grand Prix motor race took place in Brescia on September 4th, 1921.”  (This is slightly more verbose but might help if someone is struggling to follow.)


**Why these changes work:**

*   **Simpler Vocabulary:** Words like ""took place"" and ""happened"" are generally easier to grasp than phrases like ""The first Italian Grand Prix motor racing championship...""
*"
He also completed two collections of short stories entitled The Ribbajack & Other Curious Yarns and Seven Strange and Ghostly Tales.,"Here are a few options for rewriting that sentence, aiming for clarity for an English speaker unfamiliar with the specific vocabulary:

**Option 1 (More Concise):**

""He also wrote two collections of short stories called ‘The Ribbajack’ and ‘Other Curious Yarns,’ along with seven strange and ghostly tales.""

**Option 2 (Slightly More Detailed - Still Clear):**

""In addition to completing two sets of short stories titled ‘The Ribbajack’ and ‘Other Curious Yarns,’ he also created seven unsettling and mysterious tales.”

**Option 3 (Breaking it Down – Good for Understanding Complexity):**

“He also worked on two sets of short stories, named ‘The Ribbajack’ and ‘Other Curious Yarns.’  He also told seven odd and eerie stories.”

---

**Why these changes work:**

* **Simpler Vocabulary:** Words like ""completed,"" ""entitled,"" ""strange,"" and ""ghostly"" were replaced with more common alternatives.
* **Reduced Length:**  Phrases like “and other” were streamlined.
* **Rephrasing:**  I reworded the core idea to avoid unnecessarily complicated phrasing.


To help me refine the best option for you"
"At the Voyager 2 images Ophelia appears as an elongated object, the major axis pointing towards Uranus.","Okay, here are a few options for rewriting that sentence, aiming for clarity for someone who’s learning English and doesn’t be familiar with very specialized scientific terms:

**Option 1 (More Detailed - Good for Beginners):**

""When looking at images from the Voyager 2 spacecraft, a large shape appears – it’s like an elongated piece of something.  The big part of this shape is pointing towards Uranus.""

**Option 2 (Slightly More Concise):**

""On the Voyager 2 images, you see a long, stretched-out object pointing toward Uranus.""

**Option 3 (Focus on Key Elements - If Space Allows):**

“The image from the Voyager 2 spacecraft shows a long, extended form. This form is directed towards Uranus.”


**Option 4 (Breaking it Down - For Further Understanding):**

*   “Voyager 2 images show a long, stretched-out shape.*
*   “This shape points towards Uranus.”

---

**Why these changes were made:**

*   **Replaced Complex Words:** ""appears as,"" ""elongated object,"" ""major axis pointing"" became simpler phrases like ""looks like a long piece,"" ""is shaped like a long"
The British decided to eliminate him and take the land by force.,"Okay, here are a few options for rewriting that sentence, aiming for clarity and natural English flow while preserving the core meaning:

**Option 1 (More Detailed - Good for general understanding):**

""The British government decided to remove him and seize the territory through force.""

*   **Explanation:** This replaces ""eliminate him"" with “remove him” which is more common.  “Take the land by force” becomes “seize the territory through force,” which is clearer.

**Option 2 (Slightly More Concise):**

""Because of this, the British authorities forcibly took his land.""

*   **Explanation:** This rephrases the sentence to emphasize the reason behind the action – the government’s decision. It uses “forcibly took” to convey the forceful nature of the action.

**Option 3 (Breaking it Down - If you want to really simplify):**

""The British government decided to deprive him and take his property forcefully.""

*   **Explanation:** This breaks down ""eliminate him"" into ""deprive him,"" and ""take the land by force"" into ""take his property forcefully.""

---

**Why these changes work:**

* **Simpler Vocabulary:** I replaced words like """
"Some towns on the Eyre Highway in the south-east corner of Western Australia, between the South Australian border almost as far as Caiguna, do not follow official Western Australian time.","Okay, here are a few options for rewriting that sentence, aiming for clarity and natural English flow while preserving the core meaning:

**Option 1 (More Detailed - Good for Beginners):**

""In the southern part of Western Australia, near the South Australian border, particularly about 50 miles away, some towns don’t use the standard Western Australian time schedule. They operate on their own local time.""

**Option 2 (Slightly More Concise):**

""Located in the south-eastern region of Western Australia, between the South Australian border and nearly Caiguna, some towns don't adhere to the standard Western Australian time.""

**Option 3 (Focusing on the Difference):**

“Outside of the Western Australian standard time zone, there are several towns located along the Eyre Highway in the south-east corner.  They keep their own clocks.”

---

**Why these changes work:**

*   **Replaced Complex Words:** ""follow official Western Australian time,"" ""do not follow official Western Australian time,"" and ""operate on their own local time"" were replaced with more accessible phrases.
*   **Simplified Sentence Structure:** Breaking down the original sentence into shorter clauses makes it easier to process.
*"
"In architectural decoration Small pieces of colored and iridescent shell have been used to create mosaics and inlays, which have been used to decorate walls, furniture and boxes.","Okay, here's a rewritten version of that sentence, aiming for clarity for an English speaker unfamiliar with the specific vocabulary:

**Option 1 (More Detailed - Good for Understanding):**

""Small pieces of colorful and shimmering shells were used to make decorative mosaics on walls and inside furniture. These shells also created intricate patterns in boxes.""

**Option 2 (Slightly More Concise - Still Clear):**

""Colorful and sparkly shells were used to create decorative patterns on walls and furniture, like mosaics and inlaid designs.""

**Option 3 (Breaking it Down - For Maximum Clarity):**

“Architectural decorations included small pieces of colored and shiny shells.  These shells were used to create mosaics on walls and inside furniture, forming beautiful patterns in boxes.”


**Why these changes work:**

*   **Replaced Complex Words:** ""In architectural decoration,"" ""small pieces,"" ""colored and iridescent,"" ""have been used to create,"" ""mosaics and inlays,"" ""decorated walls, furniture and boxes"" are all more accessible.
*   **Simplified Language:** Phrases like “which have been used” became “were used” or “were used to create”.
*   **Added Context:** Adding phrases like ""like mosaics and"
"The other incorporated cities on the Palos Verdes Peninsula include Rancho Palos Verdes, Rolling Hills Estates and Rolling Hills.","Okay, here are a few options for rewriting that sentence, aiming for clarity for an English speaker unfamiliar with the specific terminology:

**Option 1 (More Concise):**

""Besides the Palos Verdes Peninsula, there are also towns like Rancho Palos Verdes and Rolling Hills Estates.""

**Option 2 (Slightly More Detailed - Still Clear):**

""In addition to the Palos Verdes Peninsula, you’ll find Rancho Palos Verdes and Rolling Hills Estates nearby.""

**Option 3 (Breaking it Down – Good for Understanding Complexity):**

“Beyond the Palos Verdes Peninsula, there are two other towns: Rancho Palos Verdes and Rolling Hills Estates.”

---

**Why these changes work:**

*   **Replaced Complex Words:** ""Incorporated cities"" became ""towns besides,"" ""there are also"" or ""you'll find.""
*   **Simplified Language:**  Phrases like “on the Palos Verdes Peninsula” were shortened to “the Palos Verdes Peninsula.”
*   **Removed Redundancy:** Phrases like ""including"" were streamlined.


To help me refine the best option for *your* specific needs, could you tell me:

*"
"Fearing that Drek will destroy the galaxy, Clank asks Ratchet to help him find the famous superhero Captain Qwark, in an effort to stop Drek.","Okay, here are a few options for rewriting your sentence, aiming for clarity and natural English flow while preserving the core meaning:

**Option 1 (More Detailed - Good for Beginners):**

""Worried that Drek might destroy the entire universe, Clank requests Ratchet to help him search for the famous superhero, Captain Quark, hoping to stop him.""

*   **Changes:** Replaced ""Fearing that"" with ""Worried that,"" replaced ""galaxy"" with ""the entire universe,"" used ""requesting"" instead of ""asks"" for a slightly more formal tone.

**Option 2 (Slightly Shorter & More Direct):**

""Because Drek fears destroying the whole galaxy, Clank asks Ratchet to look for the famous superhero, Captain Quark, to stop him.""

*   **Changes:**  Simplified phrasing – “because” clarifies the reason, shortened “fears destroying” to “fears destroying.”

**Option 3 (Breaking Down into Smaller Sentences - Best for Complex Understanding):**

“Clank is afraid that Drek could destroy everything – the whole galaxy! So, he asks Ratchet to help him find the famous superhero, Captain Quark. They want to stop D"
It is not actually a true louse.,"Okay, here are a few options for rewriting that sentence, aiming for clarity and natural English while preserving the core meaning:

**Option 1 (More Direct):**

""This isn’t a real bug.""

*   **Why it works:**  “Bug” is a common term for a pest, and “this isn’t” directly conveys the intended meaning.

**Option 2 (Slightly More Detailed - Still Simple):**

""It's not a harmful insect.""

*   **Why it works:** ""Insect"" is a more descriptive word than ""bug,"" and ""harmful"" clarifies the negative connotation.

**Option 3 (Breaking it Down – Good for Clarity):**

""This isn’t a pest. It’s not a real infestation.""

*   **Why it works:** This breaks down the original phrase into two parts, making it easier to grasp.  ""Pest"" is a general term, and ""infestation"" implies a large number of bugs.

**Option 4 (Focus on the Absence):**

""There’s no actual pest present.""

*   **Why it works:** This emphasizes the lack of a pest.


To help me refine the best"
He advocates applying a user-centered design process in product development cycles and also works towards popularizing interaction design as a mainstream discipline.,"Okay, here are a few options for rewriting that sentence, aiming for clarity for an English speaker unfamiliar with the nuances of the original:

**Option 1 (More Detailed - Good for general understanding):**

""He believes that companies should use a customer-focused approach when building products – essentially designing things specifically to help people use them easily.  Furthermore, he’s working to make interaction design a more common and important part of how we create technology.""

*   **Changes Made:** Replaced ""advocates applying"" with “believes that should use.”  Replaced “a user-centered design process” with “a customer-focused approach.”  Changed “and also works towards” to “furthermore, he’s working to.”  Simplified “as a mainstream discipline” to “a more common and important part of how we create technology.”


**Option 2 (Slightly Shorter & More Direct):**

""He suggests using a customer-centric approach during product development. He's also trying to promote interaction design as a standard practice in technology.""

*   **Changes Made:** Shortened phrases like ""advocates applying"" and ""and also works towards"".  Replaced ""a mainstream discipline"" with """
"It is theoretically possible that the other editors who may have reported you, and the administrator who blocked you, are part of a conspiracy against someone half a world away they've never met in person.","Okay, here’s a rewritten version of that complex sentence, aiming for clarity and natural English flow while preserving the core meaning:

**Option 1 (More Detailed - Good for explaining the context):**

“It’s conceivable that the editors who flagged you and the administrator who blocked you might be part of a secret plot against someone far away – people who haven’t ever actually met each other.”

**Option 2 (Slightly Shorter & More Direct):**

“It’s possible that the people who reported you and the administrator are involved in a conspiracy to silence someone else who lives somewhere else.”

**Option 3 (Focus on the Suspicion):**

“There’s a worrying possibility that the editors who reported you and the administrator could be connected to a plan to harm or hide someone who doesn’t know anyone else.”


**Explanation of Changes Made:**

*   **Complex Words:**  Replaced phrases like ""theories,"" “part of a conspiracy,” “half a world away,” and “they’ve never met” with more common equivalents.
*   **Long Sentences:**  Broken down the original into shorter, more manageable sentences.
*   **Removed Redundancy:** Eliminated"
Working Group I: Assesses scientific aspects of the climate system and climate change.,"Okay, here are a few options for rewriting that sentence, aiming for clarity for someone who’s learning English and doesn’t be familiar with highly specialized terminology:

**Option 1 (More Detailed - Good for Beginners):**

""A group working on understanding how the Earth’s climate works and how climate change is happening is doing this assessment.""

*   **Explanation:** This version replaces “Assesses scientific aspects” with “understanding how the Earth’s climate works,” which is more accessible.  “Climate system” becomes “how the Earth’s climate works,” and “climate change” is explained as “how climate change is happening.”


**Option 2 (Slightly More Concise – Still Clear):**

""The team studying how the climate changes due to human activity is evaluating different factors.""

*   **Explanation:** This simplifies ""Assesses scientific aspects"" to ""studying how the climate changes,"" and clarifies ""climate change"" as ""due to human activity.""



**Option 3 (Breaking Down into Smaller Sentences - For Enhanced Understanding):**

Here's a breakdown:

1.  “A group is researching how the Earth’s climate responds to changes.”
2.  “They are examining different"
"The island chain forms part of the Hebrides, separated from the Scottish mainland and from the Inner Hebrides by the stormy waters of the Minch, the Little Minch and the Sea of the Hebrides.","Okay, here's a rewritten version of that sentence, aiming for clarity for an English speaker unfamiliar with the specific details, along with explanations of why I made the changes:

**Rewritten Sentence:**

“This island area is located on the western side of Scotland, separated from the mainland and the smaller islands of the Hebrides by the turbulent waters of the Minch, Little Minch, and the Sea of the Hebrides.”

**Explanation of Changes and Why They Were Made:**

*   **""The island chain forms part of...""**  became **""This island area is located on the western side...""** - This is more direct and easier to grasp. It focuses on the location rather than the intricate detail of the chain forming.
*   **""...separated from...""** became **""...separated from...""** - A simple and clear way to express separation.
*   **""...the Scottish mainland and from the Inner Hebrides""** became **""...and the mainland and the smaller islands of the Hebrides""** - Rephrased for better flow and readability. ""Smaller islands"" clarifies the context.
*   **""...by the stormy waters of the Minch, Little Minch, and the Sea of the Hebrides.""**"
"Orton and his wife welcomed Alanna Marie Orton on July 12, 2008.","Okay, here are a few options for rewriting that sentence, aiming for clarity for someone who’s learning English and doesn’t know the specific nuances of the original:

**Option 1 (More Detailed - Good for Beginners):**

""My friend, Pastor Orton, welcomed Alanna Marie Orton on July 12, 2008.""

*   **Why this works:** This replaces “Orton and his wife” with “Pastor Orton” – it’s more common and understandable.  “Welcomed” is a straightforward verb.

**Option 2 (Slightly More Concise):**

""Pastor Orton and his wife welcomed Alanna Marie Orton on July 12, 2008.""

*   **Why this works:**  This keeps the core elements but rephrases slightly to flow better.

**Option 3 (Breaking it Down - For Learners):**

""A family – my friend, Pastor Orton, and his wife – welcomed Alanna Marie Orton on July 12, 2008.""

*   **Why this works:** This breaks the sentence into three smaller parts, making it easier to follow. It emphasizes the family involved.

**Option 4 (Focus"
"Formal minor planet designations are number-name combinations overseen by the Minor Planet Center, a branch of the IAU.","Okay, here's a rewritten version of that sentence, aiming for clarity for someone who’s learning English and doesn’t be familiar with specialized terminology:

**Option 1 (More Detailed - Good for Understanding):**

""The Minor Planet Center, a part of the International Astronomical Union (IAU), manages and oversees numbers assigned to planets and other celestial objects.""

**Option 2 (Slightly Shorter & More Direct):**

""The Minor Planet Center, run by the IAU, assigns numbers to planets and other space objects.""

**Option 3 (Breaking it Down – If you want to really simplify):**

“The Minor Planet Center, which is part of the IAU, decides on unique numbers for different types of planets and objects in space.”


**Why these changes work:**

*   **Replaced Complex Words:** ""numerary designations,"" ""overseen,"" ""branch,"" ""a,"" ""number"" were replaced with more common and understandable terms.
*   **Simplified Language:** Phrases like “are numbered” became “assigned to” or “managed to”.
*   **Removed Redundancy:**  Phrases like ""a branch of"" weren't necessary and were removed.
*   **Main"
"By early on September 30, wind shear began to dramatically increase and a weakening trend began.","Okay, here are a few options for rewriting that sentence, aiming for clarity for an English speaker unfamiliar with the specific vocabulary, along with explanations of why I made each change:

**Option 1 (More Detailed - Good for general understanding):**

""Around September 30th, strong winds started to grow rapidly, and there was a noticeable decrease in their strength. ”

*   **“Around September 30th”**:  Replaces “By early on September 30th” which is slightly more formal.
*   **“strong winds started to grow rapidly”**: Replaces ""wind shear began to dramatically increase"" with a clearer description of the wind’s behavior.
*   **“and there was a noticeable decrease in their strength”**: Replaces ""and a weakening trend began"" with a straightforward statement about the wind's changing nature.


**Option 2 (Slightly Shorter & More Direct):**

""Beginning around September 30th, strong winds grew much faster, and the wind’s strength decreased.""

*   **“Beginning around September 30th”**: Same as above, but shorter.
*   **“strong winds grew much faster”**: Replaces """
Each entry has a datum (a nugget of data) which is a copy of the datum in some backing store.,"Okay, please provide the complex sentence you want me to rewrite! I need the text itself to work with. 😊 

Once you give me the original sentence, I’ll do my best to transform it into something clear and understandable for someone who isn't fluent in English. Let’s get started!"
"As a result, although many mosques will not enforce violations, both men and women when attending a mosque must adhere to these guidelines.","Okay, here are a few options for rewriting that sentence, aiming for clarity for an English speaker unfamiliar with the nuances of religious law and formal language:

**Option 1 (More Conversational):**

""Even though some mosques might not punish people who break the rules, everyone visiting a mosque should follow these instructions.""

**Option 2 (Slightly More Detailed - Still Clear):**

""Although some mosques may not take action on violations, anyone attending a mosque is expected to abide by these rules.""

**Option 3 (Focusing on the Core Message - Slightly Longer but Explains):**

""Generally, mosques don’t usually penalize visitors who follow the rules. However, everyone visiting must respect these guidelines.""

---

**Why these changes work:**

* **Replaced Complex Words:** ""As a result,"" ""when attending,"" ""must adhere to,"" and ""when visiting"" were replaced with more common phrases.
* **Simplified Language:**  Phrases like “both men and women” became “everyone visiting” or “anyone attending.”
* **Reduced Wordiness:**  The original sentence was a bit lengthy. Breaking it down into shorter clauses makes it easier to process.


To help me refine the rewrite even"
"Mariel of Redwall is a fantasy novel by Brian Jacques, published in 1991.","Okay, here are a few options for rewriting that sentence, aiming for clarity for someone unfamiliar with English, along with explanations of why I made each change:

**Option 1 (More Concise & Explanatory):**

""The story ‘Mariel of Redwall’ by Brian Jacques was released in 1991. It's a fantasy novel.""

*   **Why it works:** This removes the slightly formal phrasing (""Mariel of Redwall is a..."") and directly states the core information.  It uses ""released in 1991"" which is more common way to state publication dates.


**Option 2 (Breaking Down the Original - More Detailed):**

""Brian Jacques wrote ‘Mariel of Redwall’, a fantasy novel, published in 1991. This book is set in a fictional world and tells a story about a character named Mariel.""

*   **Why it works:** This breaks down the original sentence into smaller parts. First, it identifies the author and the title. Then, it explains *what* the book is about – a fantasy story with a specific plot element.



**Option 3 (Combining Elements - A Balanced Approach):**

“Brian Jacques created ‘Mariel"
"Ryan Prosser (born 10 July, 1988) is a professional rugby union player for Bristol Rugby in the Guinness Premiership.","Okay, here are a few options for rewriting that sentence, aiming for clarity for someone new to English and retaining the core meaning:

**Option 1 (More Concise):**

""Ryan Prosser was born on July 10, 1988, and he plays professional rugby in the British Premier League for Bristol Rugby.""

**Option 2 (Slightly More Detailed - Still Clear):**

""Ryan Prosser, who was born on July 10, 1988, is a rugby player for Bristol Rugby in the prestigious Guinness Premiership.""

**Option 3 (Breaking it Down – Good for Understanding Complexity):**

“Ryan Prosser, who was born on July 10th, 1988, is a professional rugby player for Bristol Rugby within the top league of England.”

---

**Why these changes work:**

*   **Simpler Vocabulary:** Words like ""professional"" and ""premiere league"" are generally easier to grasp than more specific terms.
*   **Reduced Phrases:**  Phrases like “is a professional rugby player for” are shortened to their equivalent.
*   **Contextual Clarity:** Adding ""in the British Premier League"" or ""within the top"
"Like previous assessment reports, it consists of four reports, three of them from its working groups.","Okay, here's a rewritten version of that complex sentence, aiming for clarity and readability for someone unfamiliar with formal English:

**Option 1 (More Detailed - Good for Understanding):**

“There are four reports generated by different teams within this project – three of which were created by the working groups.”

**Option 2 (Slightly More Concise):**

“Three of the four reports came from the working groups.”

**Option 3 (Focus on the Core Idea - If brevity is key):**

“The project’s work involves four reports, with three of those reports originating from the working groups.”


**Why these changes?**

* **""There are..."" or ""Three of...""**:  This immediately introduces the idea of multiple reports.
* **""generated by...""**: This clarifies *how* the reports were made.
* **""different teams""**: Replaces “its working groups” with a more accessible phrase.
* **""of which""**: A smoother way to connect the reports to the overall project.



To help me refine the best option for you, could you tell me:

*   **What is the context of this sentence?** (e.g., a report about project"
"Their granddaughter Hélène Langevin-Joliot is a professor of nuclear physics at the University of Paris, and their grandson Pierre Joliot, who was named after Pierre Curie, is a noted biochemist.","Okay, here are a few options for rewriting that sentence, aiming for clarity for an English speaker unfamiliar with the nuances of French scientific names and relationships:

**Option 1 (More Detailed - Good for general understanding):**

""Hélène Langevin-Joliot’s granddaughter, Professor Hélène Langevin-Joliot, teaches nuclear physics at the Sorbonne University in Paris.  Her son, Pierre Joliot, whose name is inspired by the famous physicist Pierre Curie, is a renowned biochemist.""

**Option 2 (Slightly More Concise - Still Clear):**

""Professor Hélène Langevin-Joliot is a professor of nuclear physics at the University of Paris, and her grandson, Pierre Joliot, who was named after the pioneering chemist Pierre Curie, is a well-known biochemist.""

**Option 3 (Breaking it Down - For maximum clarity if you need to process this quickly):**

“First, there’s Hélène Langevin-Joliot’s granddaughter, Professor Hélène Langevin-Joliot, who teaches nuclear physics at the Sorbonne University in Paris. Second, her son, Pierre Joliot, who was named after the famous scientist Pierre Curie, is a leading biochemist.”"
"This stamp remained the standard letter stamp for the remainder of Victoria's reign, and vast quantities were printed.","Okay, here are a few options for rewriting that sentence, aiming for clarity for an English speaker unfamiliar with the specific vocabulary, along with explanations of why I made each change:

**Option 1 (More Detailed - Good for general understanding):**

""The stamp continued to be used as the official stamp for the rest of Queen Victoria’s rule. A large number of these stamps were produced.""

*   **Why it works:** Replaces “remained the standard letter stamp” with “continued to be used as,” simplifying the phrasing. ""For the remainder of Victoria’s reign"" becomes “for the rest of Queen Victoria’s rule.”  “Vast quantities were printed” is condensed to “A large number of these stamps were produced.”


**Option 2 (Slightly More Concise – Still Clear):**

""The stamp served as the official stamp for the majority of Queen Victoria’s reign, and many of them were printed.""

*   **Why it works:**  Replaces “remained the standard letter stamp” with “served as the official stamp”. “For the remainder of Victoria’s reign” becomes “for the majority of Queen Victoria’s reign.” “Vast quantities were printed” is condensed to “"
The International Fight League was an American mixed martial arts (MMA) promotion billed as the world's first MMA league.,"Okay, here are a few options for rewriting that sentence, aiming for clarity and natural English flow while preserving the core meaning:

**Option 1 (More Detailed - Good for Beginners):**

""The International Fighting League was an American sport combining martial arts – a type of fighting – and was known as the first ever MMA promotion. It was a popular event.""

**Option 2 (Slightly More Concise):**

""The International Fighting League was an American martial arts promotion that was considered the first MMA league worldwide.""

**Option 3 (Focus on the Core Idea - Best for Clarity):**

“American mixed martial arts (MMA) fighters organized a promotional event called the International Fighting League, which is widely regarded as the first MMA league.”

---

**Why these changes work:**

*   **Replaced Complex Words:** ""was an American mixed martial arts (MMA) promotion"" became ""was an American martial arts promoting event"".  ""billed as"" changed to ""known as"" or ""was considered"".
*   **Simplified Language:** Phrases like ""an American mixed martial arts (MMA) league"" were shortened to more straightforward terms.
*   **Removed Redundancy:** “the world’s first” was streamlined"
"Giardia lamblia (synonymous with Lamblia intestinalis and Giardia duodenalis) is a flagellated protozoan parasite that colonises and reproduces in the small intestine, causing giardiasis.","Okay, here's a rewritten version of the sentence, aiming for clarity for someone learning English while maintaining its core meaning:

**""The microscopic organism *Giardia* (often called Lamblia intestinalis or Giardia duodenalis) lives in our small intestines and starts multiplying there, leading to a condition called giardiasis.""**

Here’s a breakdown of what was changed and why:

*   **""Giardia lamblia (synonymous with Lamblia intestinalis and Giardia duodenalis)""**:  This was rephrased as ""The microscopic organism *Giardia* (often called Lamblia intestinalis or Giardia duodenalis)."" This clarifies that it's a specific type of parasite and provides alternative names for it.
*   **""is a flagellated protozoan parasite""**:  Replaced this with ""the microscopic organism *Giardia* (often called Lamblia intestinalis or Giardia duodenalis)"" - It's more accessible language.
*   **""colonises and reproduces in the small intestine""**: Changed to ""lives in our small intestines and starts multiplying there"". This explains the action better.
*   **""causing giardiasis""**: Replaced with ""leading"
"Aside from this, Cameron has often worked in Christian-themed productions, among them the post-Rapture films Left Behind: The Movie, Left Behind II: Tribulation Force, and Left Behind: World at War, in which he plays Cameron ""Buck"" Williams.","Okay, here are a few options for rewriting that sentence, aiming for clarity and natural English flow while preserving the core meaning. I’ll offer variations, each with slightly different emphasis:

**Option 1 (More Detailed & Explanatory):**

“Cameron has frequently been involved in Christian-themed movies, including films about the Rapture, like *Left Behind: The Movie*, *Left Behind II: Tribulation Force*, and *Left Behind: World at War*. He primarily plays the role of Cameron ‘Buck’ Williams in these films.”

*   **Changes Made:** Replaced “often worked in” with “has frequently been involved,” used “about the Rapture” instead of “in which he plays Cameron ‘Buck’ Williams,” and simplified “among them” to “including.”


**Option 2 (Slightly Shorter & More Direct):**

“Cameron has worked in Christian films, notably in movies about the Rapture such as *Left Behind: The Movie*, *Left Behind II: Tribulation Force*, and *Left Behind: World at War*.  He usually portrays the character named Cameron 'Buck' Williams in these films.”

*   **Changes Made:** Shortened phrases, replaced “among them” with “"
"This was the area east of the mouth of the Vistula River, later sometimes called ""Prussia proper"".","Okay, here are a few options for rewriting that sentence, aiming for clarity and natural English flow while preserving the core meaning:

**Option 1 (More Detailed - Good for Beginners):**

""Located east of the Vistula River's mouth, it was often referred to as ‘Prussia’s territory.’""

**Option 2 (Slightly More Concise):**

""Situated east of the Vistula River’s edge, this region was known as ‘Prussia’s region’ at times.""

**Option 3 (Focus on Geographic Location - Clearer):**

“It was situated to the east of the river’s outlet, and was frequently called ‘Prussia’s area.’”

**Option 4 (Breaking it Down - For Enhanced Understanding):**

“The area located east of the Vistula River’s mouth is remembered as ‘Prussia’s territory’.  It was also known as ‘Prussia’s region’ during certain periods.”


---

**Why these changes work:**

* **Simpler Vocabulary:** Words like “area,” “later sometimes,” “sometimes called” were replaced with more common alternatives.
* **Paraphrasing:** Instead of saying ""the area"
After graduation he returned to Yerevan to teach at the local Conservatory and later he was appointed artistic director of the Armenian Philarmonic Orchestra.,"Okay, here are a few options for rewriting that sentence, aiming for clarity and natural English flow while preserving the core meaning:

**Option 1 (More Detailed - Good for Beginners):**

""After graduating from university, he moved back to Yerevan to teach music there.  Eventually, he became the artistic director of the Armenian Philharmonic Orchestra.""

*   **Changes:** Replaced ""returned to teaching at the local Conservatory"" with “moved back to teaching music there.” Used “eventually” to introduce the sequence of events smoothly.  “became” is a more active verb than “was appointed.”

**Option 2 (Slightly More Concise):**

""Upon graduating, he returned to Yerevan to teach music and later served as the artistic director of the Armenian Philharmonic Orchestra.""

*   **Changes:**  Rephrased the first part to be more concise. Added “upon” to create a smoother transition.

**Option 3 (Breaking it Down – For Maximum Clarity):**

""He graduated college and then returned to Yerevan to teach music.  Subsequently, he was appointed the artistic director of the Armenian Philharmonic Orchestra.""

*   **Changes:** Separated the two parts into two shorter sentences.  Used “subsequently”"
"The story of Christmas is based on the biblical accounts given in the Gospel of Matthew, namely - and the Gospel of Luke, specifically -.","Okay, here are a few options for rewriting that sentence, aiming for clarity and natural English flow while preserving the core meaning:

**Option 1 (More Concise):**

""The story of Christmas originates from the teachings found in the Gospels of Matthew and Luke.""

**Option 2 (Slightly More Detailed – Still Clear):**

""Christmas’s origins lie in the stories recorded in the Gospels of Matthew and Luke.”

**Option 3 (Breaking it Down – Good for Beginners):**

“The story of Christmas comes from the Bible, particularly the Gospels of Matthew and Luke.”

**Option 4 (Focusing on the Source):**

“Based on biblical narratives, especially those in the Gospels of Matthew and Luke, is the story of Christmas.”


---

**Why these changes work:**

*   **Replaced Complex Words:** ""The story of Christmas is based on"" became ""the story of Christmas originates from"" or “Christmas’s origins lie in”.  ""Given in"" was replaced with ""recorded in"" or ""narratives"".
*   **Simplified Language:** Phrases like ""and the Gospel of Matthew, namely"" were shortened to ""Matthew and Luke"" or simply ""the Gospels of Matthew and Luke"
Weelkes was later to find himself in trouble with the Chichester Cathedral authorities for his heavy drinking and immoderate behaviour.,"Okay, here are a few options for rewriting that sentence, aiming for clarity and natural English flow while preserving the core meaning:

**Option 1 (More Concise):**

""Later, a man named Welk became involved with the Chichester Cathedral authorities because he frequently drank heavily and acted excessively.""

**Option 2 (Slightly More Detailed - Still Clear):**

""Afterward, a person named Welk found himself in trouble with the Chichester Cathedral. He often drank a lot and behaved very inappropriately.""

**Option 3 (Breaking it Down – Good for Understanding Complexity):**

“Eventually, a man named Welk faced problems with the Chichester Cathedral.  He was known for drinking heavily and behaving in a very irresponsible way.”

---

**Why these changes work:**

*   **Replaced Complex Words:** ""Weelkes,"" ""to find himself,"" ""immoderate behavior,"" ""for his heavy drinking,"" ""excessively,"" ""acted inappropriately,"" and ""a person named Welk"" all replaced more complicated phrases.
*   **Simplified Language:** Phrases like “later to find himself” were rephrased to be more direct.
*   **Removed Redundancy:**  Phrases like ""his heavy drinking and"
"So far the 'celebrity' episodes have included Vic Reeves, Nancy Sorrell, Gaby Roslin, Scott Mills, Mark Chapman, Simon Gregson, Sue Cleaver, Carol Thatcher, Paul O'Grady and Lee Ryan.","Okay, here are a few options for rewriting that sentence, aiming for clarity for an English speaker unfamiliar with the specific vocabulary, along with explanations of why I made each change:

**Option 1 (More Concise - Focus on Core Information):**

""Several celebrities have appeared in television shows including Vic Reeves, Nancy Sorrell, Gaby Roslin, Scott Mills, Mark Chapman, Simon Gregson, Sue Cleaver, and Carol Thatcher, as well as Paul O’Grady and Lee Ryan.""

*   **Changes Made:** Replaced ""celebrity episodes have included"" with “television shows including” – more direct.  Removed unnecessary phrasing (""have included""). Simplified the list structure.


**Option 2 (Slightly More Detailed, Still Clear):**

“Notable figures like Vic Reeves, Nancy Sorrell, Gaby Roslin, Scott Mills, Mark Chapman, Simon Gregson, Sue Cleaver, and Carol Thatcher have starred in various TV programs.  Paul O’Grady and Lee Ryan are also known for their appearances.”

*   **Changes Made:** Rephrased the first part to emphasize the ""notable figures"" aspect. Added ""various TV programs"" to clarify the context. Included Paul O’ Grady and Lee Ryan to"
"It was discovered by Stephen P. Synnott in images from the Voyager 1 space probe taken on March 5, 1979 while orbiting around Jupiter.","Okay, here are a few options for rewriting that sentence, aiming for clarity for an English speaker unfamiliar with the details, along with explanations of why I made each change:

**Option 1 (More Detailed - Good for general understanding):**

""Scientists discovered the object in images captured by NASA’s Voyager 1 spacecraft on March 5, 1979, while it was orbiting Jupiter. Specifically, it was found near the planet.""

*   **Changes Made:** Replaced ""It was discovered by Stephen P. Synnott"" with “Scientists discovered” – more direct and accessible.  Added “near the planet” to clarify the location.


**Option 2 (Slightly More Concise - Still Clear):**

""NASA's Voyager 1 spacecraft photographed Jupiter in March 1979, and scientists found an unusual object within those images.”

*   **Changes Made:** Simplified phrasing – “photographed” is stronger than “discovered by”. Added “an unusual object” to provide context.



**Option 3 (Most Concise - Preserves Key Information):**

“Stephen P. Synnott discovered an object in Voyager 1 images taken in March 1979, orbiting Jupiter.”"
"Gomaespuma was a Spanish radio show, hosted by Juan Luis Cano and Guillermo Fesser.","Okay, here are a few options for rewriting that sentence, aiming for clarity and natural English flow while preserving the core meaning:

**Option 1 (More Detailed - Good for Beginners):**

""The ‘Gomaespuma’ radio program was broadcast by Juan Luis Cano and Guillermo Fesser. It focused on [briefly describe the show's topic – e.g., news and current events].""

**Option 2 (Slightly More Concise):**

""Juan Luis Cano and Guillermo Fesser hosted a Spanish radio show called ‘Gomaespuma.’”

**Option 3 (Focusing on the Show's Purpose - if you want to emphasize the theme):**

“‘Gomaespuma,’ a Spanish radio program, was presented by Juan Luis Cano and Guillermo Fesser, which discussed [mention the general subject matter – e.g., important news].”


**Explanation of Changes & Why They Work:**

*   **“Gomaespuma”**:  I replaced this with “the radio program” or “the show” as it’s a specific name.
*   **“was a Spanish radio show”**: This is simplified to ""was broadcast by..."" or ""was a radio program.""
*"
"On 16 June 2009, the official release date of The Resistance was announced on the band's website.","Okay, here are a few options for rewriting that sentence, aiming for clarity for someone who’s learning English and doesn’t be familiar with specific jargon:

**Option 1 (More Detailed - Good for Beginners):**

""On June 16th, 2009, the group called ‘The Resistance’ officially announced their release date on their website.""

*   **Changes:** Replaced “official release date” with “release date,” simplified “was announced on” to “announced.”  Added “the group called ‘The Resistance’”.

**Option 2 (Slightly More Concise):**

“On June 16, 2009, the band announced the release date of their new work on their website.”

*   **Changes:**  Rephrased ""official release date"" as ""release date of their new work.""

**Option 3 (Breaking it Down – For Learners Who Need More Context):**

“In June 2009, the group known as ‘The Resistance’ revealed the date when they would release their album or something similar on their website.”

*   **Changes:** This version breaks down the initial sentence into smaller parts. It explains what “The"
He is also a member of another Jungiery boyband 183 Club.,"Okay, here are a few options for rewriting that sentence, aiming for clarity and natural English flow while preserving the core meaning:

**Option 1 (More Concise):**

""He’s also part of a popular boy band called the 183 Club.""

**Option 2 (Slightly More Detailed - Still Clear):**

""Besides being in a popular boy band, named the 183 Club, he’s also a member.""

**Option 3 (Focus on the Band's Popularity):**

“He’s also a star member of the well-known 183 Club.”

**Option 4 (Breaking it Down – If you want to explain the context):**

""He’s involved in a successful pop group called the 183 Club, which is known for its popularity among young people.""


---

**Why these changes work:**

*   **Replaced Complex Words:** ""Jungiery boyband"" became ""popular boy band,"" and ""183 Club"" was simplified to ""the 183 Club.""
*   **Simplified Language:** Phrases like “is also a member of” were replaced with more direct phrasing.
*   **"
"The Apostolic Tradition, attributed to the theologian Hippolytus, attests the singing of Hallel psalms with Alleluia as the refrain in early Christian agape feasts.","Okay, here are a few options for rewriting that sentence, aiming for clarity and natural English flow while preserving the core meaning:

**Option 1 (More Detailed & Explanatory):**

""According to the teachings of the Apostolic Tradition, passed down through the writings of Hippolytus, Christians often sang hymns praising God – specifically, ‘Alleluia’ – during early Christian gatherings, particularly at feast times.""

**Option *2 (Slightly Shorter & More Direct):**

""The Apostolic Tradition, originating from the writings of Hippolytus, tells us that Christians would sing ‘Alleluia’ during early Christian feasts, expressing praise.""

**Option *3 (Breaking it Down - Good for Clarity):**

“The Apostolic Tradition, inspired by the theologian Hippolytus, describes how early Christians celebrated at feasts by singing ‘Alleluia’ alongside each other. This was a common practice.”


---

**Why these changes were made:**

*   **Replaced Complex Words:** ""attests,"" ""attributed,"" ""singing,"" ""agape feasts,"" ""refrain,"" ""originating,"" ""expressing praise"" became more accessible phrases.
*   **Paraphrased:**  Instead of directly"
"In return, Rollo swore fealty to Charles, converted to Christianity, and undertook to defend the northern region of France against the incursions of other Viking groups.","Okay, here are a few options for rewriting that sentence, aiming for clarity for an English speaker unfamiliar with the nuances of the original:

**Option 1 (More Detailed - Good for general understanding):**

""Rollo pledged his loyalty to Charles. He then converted to Christianity and began to fight defending the northern part of France from attacks by other Viking tribes.""

**Option *2 (Slightly more concise):**

""After converting to Christianity, Rollo defended the northern regions of France against Viking invasions.""

**Option *3 (Breaking it down further):**

“Rollo swore allegiance to Charles.  He then chose to follow Christianity and started protecting the northern parts of France from Viking raids.”

---

**Why these changes work:**

*   **Simpler Vocabulary:** Words like ""swore fealty,"" ""converted to Christianity,"" and ""undertook to defend"" were replaced with more common equivalents.
*   **Reduced Complexity:** Phrases like “of France” were shortened to “France” or “the northern regions of France”.
*   **Clearer Action & Focus:** The revised sentences emphasize the key events – conversion, defense, and the threat.


To help me refine the rewrite even further, could you"
It is derived from Voice of America (VoA) Special English.,"Okay, here's a rewritten version of that complex sentence, aiming for clarity and natural English flow while retaining the core meaning:

**Option 1 (More Detailed - Good for explaining context):**

""This text originates from the analysis conducted by Voice of America (VoA). It’s a detailed report focusing on [briefly state what the report focuses on – e.g., ‘the current trends in digital marketing’ or ‘a specific policy change’].  The report aims to provide insights and recommendations.""

**Option 2 (Slightly Shorter & More Direct):**

""Based on research done by Voice of America (VoA), this document details [briefly state what the document describes – e.g., ‘how digital marketing is evolving’ or ‘recent changes in regulations’]. It offers suggestions.”


**Option 3 (If you want to emphasize the purpose):**

“To help understand [mention the topic – e.g., ‘the future of online advertising’ or ‘new rules for businesses'], Voice of America (VoA) has created this report. It analyzes [what the report analyzes – e.g., ‘market behavior’ or ‘legal developments]”



**Explanation of Changes Made:**"
"Disney received a full-size Oscar statuette and seven miniature ones, presented to him by 10-year-old child actress Shirley Temple.","Okay, here are a few options for rewriting that sentence, aiming for clarity for an English speaker unfamiliar with the nuances of Disney awards and child actors:

**Option 1 (More Detailed - Good for Understanding):**

""Disney was awarded a large, official Oscar statue and seven smaller replicas – gifts from a ten-year-old girl named Shirley Temple.  This special presentation happened during filming.""

**Option *2 (Slightly More Concise):**

""Disney received a huge, full-sized Oscar statuette and seven small ones as a gift from Shirley Temple, a ten-year-old actress.""

**Option *3 (Focus on the Gift & Presentation):**

“To celebrate Shirley Temple’s career as a young actress, Disney gifted him a large, impressive Oscar statuette and seven smaller, delightful replicas.”


**Here's why these changes were made:**

*   **""Full-size"" became ""large"" or ""huge"":** This is more accessible language.
*   **""Presented to him"" became ""gifted him"" or ""was awarded to him"":** A more direct and understandable phrasing.
*   **""Miniature ones"" became ""smaller replicas"" or ""small ones"":"
It was the first asteroid to be discovered by a spacecraft.,"Here are a few options for rewriting that sentence, aiming for clarity for an English speaker unfamiliar with the specific terminology:

**Option 1 (More Detailed - Good for Beginners):**

""Scientists discovered the first space rock – a rocky object that wasn’t part of any known solar system objects – when a spacecraft observed it.""

*   **Explanation:** This replaces “asteroid” with “rocky object,” clarifies that it wasn't part of a known system, and adds context about being observed.

**Option 2 (Slightly More Concise):**

""A spacecraft found the first asteroid ever discovered.""

*   **Explanation:**  This is shorter and gets the core message across. It assumes the listener understands ""asteroid"" as a celestial body.

**Option 3 (Breaking Down the Original - For Enhanced Understanding):**

“When a spacecraft looked at something in space, it discovered the first asteroid ever found.”

*   **Explanation:** This breaks down the initial statement into two parts, making it easier to follow.

**Option 4 (Combining Elements - A Balanced Approach):**

“A spacecraft detected and identified the first asteroid ever seen in space.”

*   **Explanation:** This combines elements of the previous options"
"Hinterrhein is an administrative district in the canton of Graubünden, Switzerland.","Okay, here are a few options for rewriting that sentence, aiming for clarity and natural English flow while preserving the core meaning:

**Option 1 (More Detailed - Good for Beginners):**

""Located in the administrative area of Graubünden, in Switzerland, the Hinterrhein district is a place.""

**Option 2 (Slightly More Concise):**

""Hinterrhein is an administrative region within the Canton of Graubünden, Switzerland.""

**Option 3 (Focus on Location & Purpose - Slightly more descriptive):**

""Hinterrhein is an administrative district situated in the Swiss Alps, specifically in the canton of Graubünden.""

---

**Why these changes work:**

*   **Replaced ""is an administrative district"":** This phrase is formal and could be confusing.  Phrases like ""administrative area"" or ""regional administration"" are clearer.
*   **Removed unnecessary wording:** “in the canton of” is often implied.
*   **Added context:** Including ""Switzerland Alps"" helps provide a sense of location.


To help me refine the best option for you, could you tell me:

*   What's the overall context of this sentence? (e.g., Are you writing"
It continues as the Bohemian Switzerland in the Czech Republic.,"Okay, here are a few options for rewriting that sentence, aiming for clarity and natural English flow while preserving the core meaning. I’ll offer variations, each with slightly different emphasis:

**Option 1 (More Detailed - Good for explaining context):**

""Bohemian Switzerland is located in the Czech Republic.""

**Option 2 (Slightly More Flowing):**

""The Czech Republic contains Bohemian Switzerland.""

**Option 3 (Focus on Location – Clear and Concise):**

“Bohemian Switzerland is situated in the Czech Republic.”

**Option 4 (Breaking it Down – For better comprehension):**

“In the Czech Republic, there's a beautiful region called Bohemian Switzerland.”  (This adds a little more descriptive flair.)

**Option 5 (Combining elements - A balanced approach):**

“Bohemian Switzerland is a picturesque area within the Czech Republic.”


---

**Why these changes work:**

* **Simpler Vocabulary:** Words like ""it continues as"" were replaced with more direct phrases.
* **Synonyms:** “located” or “contains” replaced “in the” for a smoother feel.
* **Compression:**  The original sentence was a bit wordy.  We streamlined it"
"This leads to consumer confusion when 220 (1,048,576) bytes is referenced as 1 MB (megabyte) instead of 1 MiB.","Okay, here's a rewritten version of that complex sentence, aiming for clarity for someone unfamiliar with technical terms and focusing on conveying the core message:

**Option 1 (More Detailed - Good for Understanding):**

“When people talk about 220 (which is 1,048,576 bytes), they sometimes mistakenly say it’s equal to one megabyte (MB). This difference can be confusing because 1 megabyte is much smaller than what was initially stated.”

**Option 2 (Slightly Shorter & More Direct):**

“It’s important to note that 220 bytes are actually 1,048,576 bytes. When someone refers this as 1 MB, it’s incorrect – it’s actually a much smaller amount.”

**Option 3 (Focusing on the Misunderstanding):**

""A common mistake is to think that 220 bytes equals one megabyte.  However, the actual size is significantly different – it’s actually only 1,048,576 bytes.""


**Why these changes work:**

* **Replaced Complex Words:** ""referenced as,"" ""equivalent to,"" ""missp"
The incident has been the subject of numerous reports as to ethics in scholarship.,"Okay, here are a few options for rewriting that sentence, aiming for clarity and natural English flow while preserving the core meaning:

**Option 1 (More Detailed - Good for general understanding):**

""Numerous reports have emerged regarding ethical conduct in academic research.""

*   **Why it works:** Replaces “incident” with a more neutral term, simplifies “subject of numerous reports as to” to “have emerged regarding,” and uses “academic research” which is common vocabulary.

**Option 2 (Slightly More Concise):**

""There have been many reports about ethical issues in scholarly work.""

*   **Why it works:**  Replaces ""incident"" with ""issues,"" and streamlines the phrasing.

**Option 3 (Focus on the Concern - Emphasizes the Ethical Question):**

""Reports suggest that ethical considerations are important in academic studies.""

*   **Why it works:** This focuses on the *reason* behind the reports – ethical concerns. It’s still relatively clear.

**Option 4 (Breaking it Down - For very complex learners):**

“A lot of reports have been made about ethical behavior in academic studies.”

*   **Why it works:** Breaks down the longer sentence into smaller"
They are castrated so that the animal may be more docile or may put on weight more quickly.,"Okay, here's a rewritten version of the sentence, aiming for clarity and natural English flow while preserving the core meaning:

**Option 1 (More Detailed):**

""To make the animal calmer – perhaps to encourage it to gain more muscle mass – they have performed this procedure. This means they’ve permanently removed its testicles.""

**Option 2 (Slightly Shorter & More Direct):**

""By removing their testicles, they aim to make the animal less aggressive and help it grow faster.""

**Option 3 (Focusing on the Purpose - Good if you want to emphasize the reason):**

“To train the animal to be quieter and build more muscle, they decided to remove its reproductive organs.”


---

**Why these changes work:**

* **Complex Words Replaced:** ""castrated,"" ""may be more docile,"" and ""put on weight more quickly"" were replaced with clearer alternatives like ""removed its testicles,"" ""make the animal calmer,"" and ""gain more muscle mass.""
* **Paraphrasing:**  The core idea was rephrased using different wording.
* **Compression:**  The unnecessary phrases (""so that..."") were removed.
* **Grammar & Flow:**"
"Seventh sons have strong ""knacks"" (specific magical abilities), and seventh sons of seventh sons are both extraordinarily rare and powerful.","Okay, here's a rewritten version of that sentence, aiming for clarity for someone who’s learning English and doesn’t be familiar with very specific magical terms:

**Option 1 (More Detailed - Good for Understanding):**

“Seven generations of people possess unique magical gifts – they call them ‘knacks.’  However, these ‘knacks’ are incredibly rare and exceptionally powerful, appearing only in the seventh generation of seventh-generation individuals.”

**Option 2 (Slightly More Concise - Still Clear):**

“There are seven generations of people with special magical abilities called ‘knacks.’ These ‘knacks’ are extremely rare and incredibly powerful, appearing only in the seventh generation of seventh-generation people.”

**Option 3 (Breaking it Down - For Easier Processing):**

“Seven families have inherited magical talents known as ‘knacks.’  It’s very unusual for anyone to have these ‘knacks,’ but those who do are among the most powerful and rare of all.”


**Why I made these changes:**

*   **Replaced Complex Words:** “seventh sons” became “seven generations of people,” “have strong” became “possess unique magical gifts,” “both extraordinarily rare and powerful” became"
"Benchmarking conducted by PassMark Software highlights the 2009 version's 52 second install time, 32 second scan time, and 7 MB memory utilization.","Okay, here are a few options for rewriting that sentence, aiming for clarity for an English speaker unfamiliar with technical jargon, along with explanations of why I made each change:

**Option 1 (More Detailed - Good for general understanding):**

""A recent test performed by PassMark Software shows that the 2009 version of their software takes 52 seconds to install, 32 seconds to scan, and uses 7 megabytes of memory. This indicates good performance.""

* **Changes Made:**
    * ""Benchmarking conducted by"" became ""A recent test performed by"" – more straightforward.
    * ""highlights the"" was replaced with ""shows that"" – simpler phrasing.
    * ""52 second install time,"" ""32 second scan time,"" and ""7 MB memory utilization"" were rephrased as ""takes 52 seconds to install, 32 seconds to scan, and uses 7 megabytes of memory.""  This clarifies *what* the numbers mean.
    * ""This indicates good performance"" added context – explaining *why* the speed is important.


**Option 2 (Slightly Shorter & More Conversational):**

""PassMark Software’s"
Volterra is a town in the Tuscany region of Italy.,"Okay, here are a few options for rewriting that sentence, aiming for clarity and natural English flow while preserving the core meaning:

**Option 1 (More Concise):**

""Volterra is a town located in the Tuscany region of Italy.""

**Option 2 (Adding Context - Slightly More Detailed):**

""Nestled in the Tuscan countryside, Volterra is a city in Italy.""

**Option 3 (Breaking it Down – Good for Clarity):**

“Volterra is a town situated in the heart of Tuscany, a region in Italy.”

**Option 4 (Focusing on Location):**

“Volterra is a town in the southwestern part of Italy.” (This adds a little geographical detail)


---

To help me refine the best option for *you*, could you tell me:

*   **What's the context?**  Where will this sentence be used? (e.g., an article about Italy, a travel guide, etc.)
*   **Who is your audience?** (e.g., general English learners, people familiar with Italian culture?)"
"Historically, the sensations of itch and pain have not been considered to be independent of each other until recently, where it was found that itch has several features in common with pain, but exhibits notable differences.","Okay, here's a rewritten version of your sentence, aiming for clarity and ease of understanding for someone new to English, along with explanations of why I made the changes:

**Rewritten Sentence:**

“For a long time, people didn’t think that itching and pain were separate things – they realized now that there are some similarities between them, but also important differences.”

**Here’s a breakdown of the changes and why they were made:**

*   **""Historically"" changed to ""For a long time"":** This is more direct and easily understood as a starting point.
*   **""sensations of itch and pain have not been considered to be independent of each other"" changed to ""people didn’t think that itching and pain were separate things - they realized now that there are some similarities between them"":**  This rephrases the core idea using simpler language. It emphasizes the initial misunderstanding and then introduces the realization of similarity.
*   **""until recently"" changed to ""for a long time"":** Similar reasoning as above.
*   **""where it was found that itch has several features in common with pain, but exhibits notable differences."" changed to ""they realized now that there are some similarities between them"
"The tongue is sticky because of the presence of glycoprotein-rich mucous, which both lubricates movement in and out of the snout and helps to catch ants and termites, which adhere to it.","Okay, here's a rewritten version of that sentence, aiming for clarity for an English speaker unfamiliar with the specific terminology:

**Option 1 (More Detailed - Good for Understanding):**

""The tongue feels sticky because it’s coated with a thick layer of mucus containing proteins. This mucus helps to keep the tongue moving smoothly – allowing it to move in and out of the snout to find and capture insects like ants and termites, which stick to it.""

**Option 2 (Slightly More Concise - Still Clear):**

""Because the tongue has a lot of protein-rich mucus, it’s sticky and allows it to move freely through the snout to catch ants and termites that cling to it.""


**Option 3 (Breaking it Down - For Maximum Clarity):**

“The tongue is covered in a sticky substance made of proteins.  This mucus makes it easy to move around the snout, helping it to find and grab insects like ants and termites that are stuck to it.”

---

**Why these changes were made:**

*   **Replaced Complex Words:** ""tongue is sticky,"" ""presence of glycoprotein-rich mucous,"" ""both lubricates movement"" became “feels sticky,” “coated with a thick layer of"
The same tram had derailed on 30 May 2006 at Starr Gate loop during previous trials.,"Here are a few options for rewriting that sentence, aiming for clarity for an English speaker unfamiliar with the specific details:

**Option 1 (More Concise):**

""A train derailed on May 30th, 2006, at the junction known as the Starr Gate loop. This happened previously in previous investigations.""

**Option 2 (Adding Context - Slightly More Detailed):**

""About 30 months ago, a train struck at the Starr Gate loop railway junction.  This incident occurred before other legal proceedings were reviewed.""

**Option 3 (Breaking Down the Original):**

“Earlier, a train derailed at the Starr Gate loop on May 30th, 2006.  It was part of a larger investigation that had already been examined.”

---

**Why these changes work:**

* **Simpler Vocabulary:** Words like ""the same"" became ""a train,"" ""had derailed"" became ""derailed,"" and ""junction"" is replaced with a more common term.
* **Reduced Complexity:** Phrases like ""during previous trials"" were shortened to ""in previous investigations"" or ""before other legal proceedings were reviewed.""
* **Contextualization:** Adding phrases like “this happened earlier"
"There are statues of Sir Alf Ramsey and Sir Bobby Robson, both former Ipswich Town and England managers, outside the ground.","Okay, here's a rewritten version of that sentence, aiming for clarity for someone who’s learning English and doesn’t know those specific football terms:

**Option 1 (More Detailed - Good for Beginners):**

“You can see statues of former Ipswich Town and England managers – Sir Alf Ramsey and Sir Bobby Robson – standing outside the stadium.”

**Option 2 (Slightly Shorter & More Direct):**

“Statues of Sir Alf Ramsey and Sir Bobby Robson, who were former managers for Ipswich Town and England, are visible outside the grounds.”

**Option 3 (Breaking it Down - For Easier Processing):**

“There are pictures of Sir Alf Ramsey and Sir Bobby Robson, two former Ipswich Town and England managers, located outside the stadium.”


**Why these changes work:**

*   **Replaced Complex Words:** “There are statues” became “You can see statues,” “both former…” became “who were former…”
*   **Simplified Language:** Phrases like ""both former"" were shortened to ""who were former.""
*   **Removed Redundancy:**  Phrases like ""both former Ipswich Town and England managers"" were streamlined.
*   **Added Context:** Using ""standing outside the"
Take the square root of the variance.,"Okay, here are a few options for rewriting “Take the square root of the variance” to make it clearer for someone who’s learning English, along with explanations of why each version works:

**Option 1 (Most Direct & Clear):**

""Calculate the square root of the difference between each value and the average value.""

* **Why it works:** This directly explains the core concept – finding the ""root"" of the difference.  It uses more common vocabulary.

**Option 2 (Slightly More Detailed - Still Easy):**

""Find the square root of the amount that each number deviates from the average number.""

* **Why it works:** This breaks down the process into smaller parts. It emphasizes the ""deviation"" aspect which is helpful.

**Option 3 (Focus on the Core Idea - Good for Beginners):**

""Determine the square root of how much each number is away from the middle number.""

* **Why it works:** This focuses on the central idea – finding the distance from the center.

**Option 4 (More Explanatory - Adds Context):**

""Compute the square root of the variation between every number and the overall average.""

* **Why it works:** This provides"
"Volunteers provided food, blankets, water, children's toys, massages, and a live rock band performance for those at the stadium.","Okay, here are a few options for rewriting that sentence, aiming for clarity for an English speaker unfamiliar with the nuances of the original:

**Option 1 (More Detailed - Good for general understanding):**

""Neighbors volunteered to provide food, warm blankets, water, toys for kids, and even massages and a concert by a live rock band.""

*   **Changes:** Replaced “volunteers” with “neighbors,” “provided” with “volunteered to provide,” “for those at the stadium” became “to those at the stadium.” Added “even” to emphasize the variety of offerings.


**Option 2 (Slightly More Concise - Still Clear):**

“People who helped at the stadium offered food, blankets, water, toys for the children, and a rock concert with a live band.”

*   **Changes:**  Rephrased ""volunteers"" as ""people who helped,"" reordered slightly for better flow. Used ""rock concert"" instead of ""live rock band performance"" for broader comprehension.


**Option 3 (Breaking it Down - If you want to really simplify):**

""Neighbors donated food, blankets, and water to the stadium. They also gave kids toys, offered massages, and"
Vouvray-sur-Huisne is a commune in the Sarthe department in the region of Pays-de-la-Loire in northwestern France.,"Okay, here are a few options for rewriting that sentence, aiming for clarity for an English speaker unfamiliar with French and the specific context:

**Option 1 (More Detailed - Good for general understanding):**

""Vouvray-sur-Huisne is a small town located in the Sarthe department of southwestern France, in the Pays-de-la-Loire region.  It’s situated northwest of the Loire River.""

**Option 2 (Slightly More Concise - Still Clear):**

""Vouvray-sur-Huisne is a village in the Sarthe department of Pays-de-la-Loire, northwestern France.""

**Option 3 (Breaking it Down - For maximum clarity):**

“Let's think of Vouvray-sur-Huisne as a town in the Sarthe area of France, near the Loire River. It’s part of the Pays-de-la-Loire region.”

---

**Why these changes work:**

* **Simpler Vocabulary:** Words like ""commune,"" ""region,"" and ""northwestern France"" were replaced with more common equivalents.
* **Reduced Complexity:** Phrases like “in the region of” were shortened to “of”"
"If there are no strong land use controls, buildings are built along a bypass, converting it into an ordinary town road, and the bypass may eventually become as congested as the local streets it was intended to avoid.","Okay, here's a rewritten version of that sentence, aiming for clarity for someone who’s learning English and doesn’t be familiar with specific technical terms:

**Option 1 (More Detailed - Good for Understanding):**

“Without any restrictions on where buildings can be constructed, people build roads along a route called a ‘bypass.’ This bypass turns the road into a regular street, eventually becoming crowded like the smaller streets it was meant to protect.  Over time, this bypass could get very busy.”

**Option 2 (Slightly Shorter & More Direct):**

“When there aren’t rules about building new structures, people often create bypass roads. These bypasses turn into normal streets, and they might soon become too busy because they were designed to avoid congestion.”

**Option 3 (Breaking it Down – For Easier Processing):**

“If there aren’t rules limiting development, new buildings are sometimes put along a route called a bypass. This bypass transforms the road into a regular street, but it could then become extremely crowded, similar to the smaller streets it was meant to avoid.”


**Why these changes work:**

* **Simpler Vocabulary:** Words like ""land use controls,"" ""converted,"" ""as congested"
"It is also a starting point for people wanting to explore Cooktown, Cape York Peninsula, and the Atherton Tableland.","Okay, here are a few options for rewriting that sentence, aiming for clarity and natural English flow while preserving the core meaning:

**Option 1 (More Concise):**

""Cooktown, a neighborhood in Cape York Peninsula, offers opportunities to explore the surrounding area, including the Atherton Tableland.""

**Option 2 (Slightly More Detailed - Still Clear):**

""Located in Cooktown, a part of Cape York Peninsula, you can find exciting experiences and attractions there, such as exploring the beautiful Atherton Tableland.""

**Option 3 (Breaking it Down – Good for Beginners):**

“Cooktown is a place in Cape York Peninsula where you can go on adventures and discover things like the Atherton Tableland.”

**Option 4 (Focusing on the Overall Goal):**

“If you’re interested in exploring Cooktown, a neighborhood in Cape York Peninsula, and the Atherton Tableland, there are many interesting places to visit.”


---

**Why these changes work:**

* **Simpler Vocabulary:** Words like ""it is"" were replaced with more direct phrasing (""is,"" ""you can"").
* **Synonyms:**  Words like ""explore"" became ""go on adventures,"" ""discover"
Bruises often induce pain but are not normally dangerous.,"Okay, here's a rewritten version of that sentence, aiming for clarity for someone who’s learning English and doesn’t be familiar with very specific medical terminology:

**Option 1 (More Detailed - Good for Understanding):**

“Getting bruises usually causes pain, but they aren’t generally harmful.”

**Option 2 (Slightly Shorter & More Direct):**

“Bruises typically hurt, but they don’t usually cause serious problems.”

**Option 3 (Focusing on the Core Idea – If you want to emphasize the lack of danger):**

“Even though bruises can feel painful, they rarely make anyone sick.”


**Why these changes work:**

* **""Bruises often induce pain""** became ""Getting bruises usually causes pain.""  This is more straightforward.
* **""but are not normally dangerous""** was rephrased as “but they aren’t generally harmful” or “but they don’t usually cause serious problems”. This uses common vocabulary and avoids the formal phrasing.
* **Option 3** emphasizes the key point – the lack of danger – which helps reinforce the message.



To help me refine it even further, could you tell me:

*"
"None of the authors, contributors, sponsors, administrators, vandals, or anyone else connected with Wikipedia, in any way whatsoever, can be responsible for your use of the information contained in or linked from these web pages.","Okay, here's a rewritten version of that complex sentence, aiming for clarity and readability for someone unfamiliar with English, along with explanations of how I’ve made the changes:

**Option 1 (More Detailed - Good for Understanding):**

""No one – including the authors, supporters, managers, or anyone involved with Wikipedia – can be held responsible for anything you find on these websites.  Don’t think anyone is accountable for the information you see or links you click.""

**Option 2 (Slightly Shorter & More Direct):**

""You should not expect anyone at Wikipedia to be responsible for the information you find here. No one can be held liable for anything.”

**Option 3 (Focusing on the Restriction):**

“It’s important to remember that no one – including those who work at Wikipedia – can be held responsible for the content you encounter on this website.”


**Explanation of Changes Made:**

*   **Complex Words:**
    *   “none whatsoever” became “no one” – This is the most straightforward replacement.
    *   “connected with” became “involved with” or simply “who” – It’s clearer what we mean.
    *   “in"
"George Frideric Handel also served as Kapellmeister for George, Elector of Hanover (who eventually became George I of Great Britain).","Okay, here are a few options for rewriting that sentence, aiming for clarity for an English speaker unfamiliar with German history or musical terminology:

**Option 1 (More Detailed - Good for Understanding):**

""George Frideric Handel worked as the organist and chief musician for King George III of Hanover, who later became King George I of England.""

**Option 2 (Slightly Shorter & More Direct):**

""George Handel was the organist and leader of music for King George III of Hanover, who then became King George I of Great Britain.""

**Option 3 (Focus on the Role - Emphasizes Leadership):**

""As the organist and head musician for King George III of Hanover, who ultimately became King George I of England, George Handel played a significant role.""

**Option 4 (Breaking it Down - For Easier Processing):**

“George Handel was the organist and director of music for King George III of Hanover.  He later became King George I of England.”


---

**Why these changes work:**

* **Simpler Vocabulary:** Words like ""served as"" were replaced with more common phrases like ""worked as"" or ""was the leader of.""
* **Rephr"
"Their eyes are quite small, and their visual acuity is poor.","Here are a few options for rewriting that sentence, aiming for clarity for someone unfamiliar with English:

**Option 1 (More Direct):**

""Their eyes are relatively small, and they have trouble seeing clearly.""

*   **Explanation:** This replaces phrases like ""quite small"" and ""visual acuity is poor"" with more common and easily understood terms.  It also uses “have trouble seeing clearly” which conveys the same meaning.


**Option 2 (Slightly More Detailed - Still Simple):**

""The pupils are small, and they don’t see well.""

*   **Explanation:** This focuses on the key elements – the pupil size and lack of clear vision. It's concise and avoids overly formal language.



**Option 3 (Breaking it Down - For Further Understanding):**

“Their eyes are small, but they have difficulty focusing. They don’t see things very well.”

*   **Explanation:** This breaks down the original sentence into three smaller parts, each conveying a specific idea.  This might help someone grasp the overall meaning better.


---

To help me refine the best option for *you*, could you tell me:

*   **What context is this sentence from?** (e"
They are rivaled as biological materials in toughness only by chitin.,"Okay, here's a rewritten version of that sentence, aiming for clarity and natural English flow while preserving the core meaning:

**Option 1 (More Detailed):**

""Chitin is a tough material that rivals other biological substances – specifically, the structure found in insect exoskeletons.  It’s stronger than many other things.""

**Option 2 (Slightly Shorter & More Direct):**

""Chitin is incredibly strong compared to other biological materials like insects’ shells. It’s tougher than anything else.""


**Option 3 (Breaking it Down - if needed):**

“In terms of strength, they’re similar to biological materials like chitin.  However, chitin is much stronger.”

---

**Why these changes work:**

*   **Replaced Complex Words:** ""rivaled as biological materials in toughness only"" became “is a tough material that rivals other biological substances – specifically, the structure found in insect exoskeletons” or “is incredibly strong compared to other biological materials like insects’ shells”.
*   **Simplified Language:** Phrases like ""in toughness only"" were replaced with more direct comparisons.
*   **Compression:**  The core message was streamlined.
*   **Maintaining Meaning"
Oregano is an indispensable ingredient in Greek cuisine.,"Here are a few options for rewriting that sentence, aiming for clarity for someone unfamiliar with English:

**Option 1 (Focus on Simplicity):**

""Oregano is very important for making Greek food taste good.""

*   **Explanation:** This replaces phrases like ""an indispensable ingredient"" with a more straightforward statement about its role.

**Option 2 (More Detailed Explanation - Still Simple):**

""Greek cooking relies heavily on oregano as a key flavor – it adds a distinctive, savory note to dishes.""

*   **Explanation:**  This uses “key flavor” instead of “indispensable ingredient,” explaining the benefit more clearly. It also provides context about how it’s used.

**Option 3 (Breaking Down into Smaller Sentences):**

“Oregano is essential for traditional Greek recipes. It significantly enhances the flavors of many dishes.”

*   **Explanation:** This breaks the original sentence into three shorter sentences, each focusing on a distinct aspect.

**Option 4 (Combining Elements):**

“Due to its strong flavor, oregano is a crucial component in many classic Greek dishes.”

*   **Explanation:** This combines the descriptive language (""strong flavor"") with the explanation of its importance.


To help me"
"Tickets can be retailed for National Rail services, the Docklands Light Railway and on Oyster card.","Okay, here are a few options for rewriting that sentence, aiming for clarity for someone who’s learning English and doesn’t be familiar with all the specific terminology:

**Option 1 (More Detailed - Good for Beginners):**

""You can buy tickets to National Rail, the Docklands Light Railway, or using an Oyster card at various locations.""

**Option 2 (Slightly More Concise):**

""National Rail, the Docklands Light Railway, and the Oyster card allow you to purchase tickets.""

**Option 3 (Breaking it Down - For Easier Understanding):**

“You can get tickets to train services like National Rail, the Docklands Light Railway, or using your Oyster card at different places.”

---

**Why these changes work:**

*   **Replaced Complex Words:** ""retailed for"" became ""buy tickets to...""  ""the Docklands Light Railway"" became ""the Docklands Light Railway"" – assuming the audience is new to the concept.
*   **Simplified Language:** Phrases like “can be retailed” were replaced with more straightforward phrasing.
*   **Added Context:** Adding ""like"" or ""at different places"" helps clarify the possibilities.


To help me refine the rewrite"
"These works he produced and published himself, whilst his much larger woodcuts were mostly commissioned work.","Okay, here are a few options for rewriting that sentence, aiming for clarity and natural English flow while preserving the core meaning:

**Option 1 (More Detailed - Good for Beginners):**

""He created and shared his artwork independently.  However, many of his large illustrations were commissioned by others.""

*   **Explanation:** This replaces phrases like ""These works he produced and published himself"" with a more straightforward description. “Shared his artwork independently” is clearer than “produced and published himself.” “Many of his large illustrations were commissioned by others” clarifies the source of the commissions.


**Option **2 (Slightly More Concise):**

""He made and sold his own drawings. Most of his large woodcut images were commissioned.""

*   **Explanation:** This simplifies the phrasing slightly, using ""made and sold his own drawings"" which is more accessible. “Most of his large woodcut images were commissioned” is direct and clear about the nature of the commissions.



**Option 3 (Breaking Down into Smaller Sentences - For Enhanced Understanding):**

“He created his own paintings and shared them publicly.  Additionally, many of his large illustrations were commissioned by other people or businesses.”

*   **Explanation:** This breaks"
The historical method comprises the techniques and guidelines by which historians use primary sources and other evidence to research and then to write history.,"Okay, here are a few options for rewriting that sentence, aiming for clarity for an English speaker unfamiliar with academic language, along with explanations of why I made each change:

**Option 1 (More Detailed & Explanatory):**

""Historical research involves using old documents and other details to learn about the past. Historians use these sources and all the related information to create their stories – what happened.""

*   **Changes Made:** Replaced ""The historical method comprises the techniques and guidelines..."" with “Historical research involves using old documents and other details…” This is more direct and easier to grasp.  “Comprises” was replaced with “involves,” which is common phrasing. “techniques and guidelines” became “using documents and other details.” “to learn about the past” clarifies the purpose. “to create their stories” explains the writing process.


**Option 2 (Breaking Down into Smaller Sentences - Good for Flow):**

""Historians use different methods to study the past. They look at old records and other clues to figure out what really happened.  They carefully analyze the sources they find to build a detailed account of events.""

*   **Changes Made:** Split the original into three shorter sentences. Each sentence focuses on"
The sheer weight of the continental icecap sitting on top of Lake Vostok is believed to contribute to the high oxygen concentration.,"Here are a few options for rewriting that sentence, aiming for clarity for an English speaker unfamiliar with the specific terminology:

**Option 1 (More Detailed - Good for general understanding):**

""It’s thought that the huge amount of ice covering the bottom of Lake Vostok might help explain why the water there has a higher level of oxygen.""

**Option 2 (Focusing on the Core Idea - Slightly more concise):**

""Scientists believe that the large ice layer on the lake's floor could be causing the water to have more oxygen.""

**Option 3 (Breaking it Down - Useful if you want to see each part):**

“There’s evidence suggesting that the massive ice sheet covering Lake Vostok is responsible for the higher oxygen levels in the water.”

---

**Why these changes work:**

* **Replaced Complex Words:** ""The sheer weight of the continental ice"" became ""the huge amount of ice"" or ""the large ice layer.""  ""sitting on top of"" was replaced with ""covering"" or ""layering on.""
* **Simplified Language:** Phrases like ""is believed to contribute to"" were shortened to ""might help explain"" or ""could be responsible for.""
* **Removed Red"
"As of 2000, the population was 89,148.","Okay, here are a few options for rewriting that sentence, aiming for clarity for someone unfamiliar with English, along with explanations of why I made each change:

**Option 1 (More Detailed - Good for general understanding):**

""In the year 2000, the population of that area was approximately 89,148 people.""

*   **Why it works:** This replaces ""As of 2000"" with “In the year 2000,” which is more common and easily understood.  “Population” is replaced with “people,” which is generally well-known. “Approximately” adds a sense of estimation.


**Option **2 (Slightly More Concise - Still Clear):**

""There were about 89,148 people living there in the year 2000.""

*   **Why it works:** This removes the slightly formal phrasing (""the population was"") and uses a more direct statement. It emphasizes the location (""there"").



**Option 3 (Breaking Down - For maximum clarity if you want to see the components):**

Here’s how we can break it down:

*   “Around 2000” – This"
Aliteracy (sometimes spelled alliteracy) is the state of being able to read but being uninterested in doing so.,"Okay, here are a few options for rewriting that sentence, aiming for clarity for someone unfamiliar with the nuances of literacy and interest levels, along with explanations of why each revision works:

**Option 1 (More Explanatory - Focus on Understanding):**

""When someone can’t read at all – often called ‘aliteracy’ – they don't really want to learn to read.  It means they just know they *can* read, but they don’t feel motivated to try.""

* **Why it works:** This version uses more common vocabulary (""when someone can’t read at all,"" ""don’t really want to learn to read""). It emphasizes the lack of motivation directly.

**Option 2 (Slightly More Concise - Still Clear):**

“Someone who has aliteracy means they can read, but they aren’t interested in reading themselves. They might know they can read, but they don’t see the point.”

* **Why it works:** This simplifies “the state of being able to read” to “they can read” and replaces “uninterested in doing so” with “aren’t interested in reading themselves”.

**Option 3 (Breaking Down - For Easier Processing):**"
Mifepristone is a synthetic steroid compound used as a pharmaceutical.,"Okay, here are a few options for rewriting that sentence, aiming for clarity for someone unfamiliar with medical terminology and complex phrasing:

**Option 1 (More Detailed - Good for general understanding):**

""Mifepristone is a man-made chemical drug designed to help treat certain health problems. It’s primarily used to manage conditions like menstrual pain or heartburn.""

**Option 2 (Slightly More Concise - Still Clear):**

""Mifepristone is a synthetic medicine prescribed to relieve symptoms related to illnesses like pain or indigestion.""

**Option 3 (Breaking it Down - If you want to emphasize each part):**

“Mifepristone is a manufactured chemical substance – a type of steroid – that doctors use to help people who have issues like stomach aches or painful periods.”


**Why these changes work:**

*   **Replaced Complex Words:** ""synthetic steroid compound"" became ""man-made chemical drug"" or ""synthesized chemical drug"".  ""as a pharmaceutical"" became ""designed to help treat"" or ""prescribed to relieve symptoms related to.""
*   **Simplified Language:** Phrases like “used as a” were replaced with more direct wording.
*   **Added Context:** I"
It will then dislodge itself and sink back to the river bed in order to digest its food and wait for its next meal.,"Okay, here are a few options for rewriting that sentence, aiming for clarity and natural English flow while preserving the core meaning:

**Option 1 (More Detailed - Good for Understanding):**

""The thing will move out of the way and go down into the river. It will eat its food and stay there until it gets another meal.""

**Option 2 (Slightly More Concise):**

""Something will float away and sink into the river. It will eat its food and remain there until it receives another meal.""

**Option 3 (Focus on Action & Flow):**

“Suddenly, something will leave the path and slide downwards into the water.  It will eat its food and patiently wait for its next meal.”

**Option 4 (Breaking it Down – If you need more context):**

“Let’s say something is moving along. It will suddenly move aside and go towards the river. Then, it will start eating its food and just keep staying there until it gets another meal.”


---

**Why these changes work:**

* **Simpler Vocabulary:** Words like ""dislodge,"" ""sink,"" ""wait,"" and ""digest"" were replaced with more common alternatives.
* **Paraphrasing:**"
"Furthermore, research has shown children are less likely to report a crime if it involves someone that he or she knows, trusts, and / or cares about.","Okay, here's a rewritten version of the sentence, aiming for clarity and natural English flow while preserving the core meaning:

**Option 1 (More Detailed):**

“Research suggests that children are more likely to not report a crime if they know someone who helped them or if they feel close to them – someone they trust.”

**Option 2 (Slightly Shorter & More Direct):**

“Children are often less likely to report a crime if they know someone they trust or someone they care about.”

**Option 3 (Breaking it Down - If needed for comprehension):**

“Studies show that children are less likely to report a crime when they’ve confided in someone they know well or someone they feel comfortable with.”


**Why these changes work:**

* **Simpler Vocabulary:**  Words like “report” became “not report,” “to not report” and “are more likely to not report” were replaced with clearer alternatives.
* **Paraphrasing:** Instead of saying ""involved someone,"" we used phrases like ""knowing someone who helped them"" or ""someone they care about.""
* **Compression:** We removed unnecessary phrases like ""that he or she"" which added little meaning.
* **Maintaining Meaning"
"Today, Landis' father has become a hearty supporter of his son and regards himself as one of Floyd's biggest fans.","Okay, here are a few options for rewriting that sentence, aiming for clarity and natural English flow while preserving the core meaning:

**Option 1 (More Concise):**

""Landis’s father is now a very supportive father who admires Floyd greatly. He considers himself a big fan of Floyd.""

**Option 2 (Slightly More Detailed - Still Clear):**

""Landis’s father is now a strong supporter of his son and feels like he’s one of Floyd’s most devoted fans.""

**Option 3 (Breaking it Down – Good for Understanding Complexity):**

“Landis’s father is incredibly proud of his son and treats him like a huge admirer.  He feels like he’s a dedicated fan of Floyd.”

---

**Why these changes work:**

* **Simpler Vocabulary:** Words like ""hearty supporter,"" ""re regards himself as,"" and ""biggest fan"" were replaced with more common alternatives.
* **Reduced Phrases:** “has become” was shortened to “is now” or “is now.”
* **Implied Meaning:** Instead of explicitly stating ""looks as one of,"" we use phrases that convey the same idea – admiration and devotion.


To help me refine"
"Shortly after attaining Category 4 status, the outer convection of the hurricane became ragged.","Okay, here are a few options for rewriting that sentence, aiming for clarity and natural English flow while preserving the core meaning:

**Option 1 (More Detailed - Good for Beginners):**

""As soon as the hurricane received a Category 4 classification, the swirling air around it started to look broken and uneven.""

**Option 2 (Slightly More Concise):**

""After receiving a Category 4 warning, the wind patterns surrounding the hurricane began to fray.""

**Option 3 (Focus on the Change):**

""When the hurricane reached Category 4 status, the edges of its outer winds began to become frayed and disorganized.""

**Option 4 (Breaking it Down - If you want to explain each part):**

“Just after the hurricane was classified as Category 4, the air currents surrounding it started to appear ragged and torn.”


---

**Why these changes work:**

*   **Replaced Complex Words:** ""attaining Category 4 status,"" ""outer convection,"" ""became ragged"" were replaced with more common and understandable phrases.
*   **Simplified Language:**  Phrases like “inner convection” were simplified to “air patterns around it.”
*   **Removed Redundancy:** Phrases like"
The equilibrium price for a certain type of labor is the wage.,"Okay, here are a few options for rewriting that sentence, aiming for clarity and natural English flow while preserving the core meaning:

**Option 1 (More Detailed - Good for Beginners):**

""The right wage for this kind of work is what employers offer to workers.""

**Option 2 (Slightly More Concise):**

""The prevailing wage for this type of labor represents the minimum payment an employer will make.""

**Option 3 (Focus on the Core Concept):**

""The market-level wage for this job is what businesses typically pay.""

**Option 4 (Breaking it Down – If you want to explain further):**

“In this situation, the wage offered to workers is considered the standard rate they’re expected to earn.”


---

**Why these changes help:**

*   **Simpler Vocabulary:** Words like ""equilibrium,"" ""wage,"" and ""labor"" were replaced with more common alternatives.
*   **Rephrasing:**  Instead of saying “the equilibrium price,” we've used phrases like ""right wage"" or ""market-level wage.""
*   **Reduced Complexity:** We removed unnecessary details about the specific nature of the labor and the economic system.

To help me"
"Convinced that the grounds were haunted, they decided to publish their findings in a book An Adventure (1911), under the pseudonyms of Elizabeth Morison and Frances Lamont.","Okay, here are a few options for rewriting that sentence, aiming for clarity and natural English flow while preserving the core meaning:

**Option 1 (More Detailed & Explanatory):**

""Because they believed the land was haunted, they decided to share their research through a book titled ‘An Adventure’ published in 1911, using the names Elizabeth Morison and Frances Lamont as authors.""

**Option *2 (Slightly Shorter & More Direct):**

""After believing the grounds were haunted, they wrote a book called ‘An Adventure’ published in 1911, credited to Elizabeth Morison and Frances Lamont.""

**Option *3 (Focus on the Core Idea - Slightly Condensed):**

“Determined to investigate the haunted grounds, they wrote a book called ‘An Adventure’ published in 1911, with the names Elizabeth Morison and Frances Lamont as authors.”


---

**Why these changes work:**

*   **Replaced Complex Words:** ""Convinced,"" ""grounds were haunted,"" ""decided to publish,"" ""under the pseudonyms"" became more accessible phrases like ""believed the land was haunted,"" ""decided to share their research,"" or ""wrote a book credited"
"He settled in London, devoting himself chiefly to practical teaching.","Here are a few options for rewriting that sentence, aiming for clarity and natural English flow:

**Option 1 (More Concise):**

""He moved to London and focused primarily on teaching practical subjects.""

*   **Why it works:** Replaces “settled in” with “moved to,” simplifies “devoted himself chiefly to” to “focused primarily on,” and replaces “practical teaching” with “teaching practical subjects.”

**Option 2 (Slightly More Detailed - Still Clear):**

""After moving to London, he dedicated himself entirely to teaching practical skills.""

*   **Why it works:** Uses ""dedicated himself entirely to"" which is more accessible than the original phrasing.  “Skills” provides a slightly broader understanding of “practical teaching.”

**Option 3 (Breaking Down the Original - Good for Understanding Complexity):**

""He chose to live in London and made his primary job teaching practical things.""

*   **Why it works:** This breaks down the initial statement into smaller parts – choosing to live there and then focusing on teaching practical skills. It’s easy to grasp the core idea.


---

To help me refine the best option for *you*, could you tell me:

*   **What"
"Brunstad has several fast food restaurants, a cafeteria-style restaurant, coffee bar, and its own grocery store.","Okay, here are a few options for rewriting that sentence, aiming for clarity for someone who’s learning English and doesn’t know much about the specific context:

**Option 1 (More Detailed - Good for Beginners):**

""Brunstad owns several fast-food restaurants, including one that looks like a cafe.  He also has a café where people can get coffee and snacks, and a separate grocery store for groceries.""

**Option 2 (Slightly More Concise):**

""Brunstad operates several fast-food outlets – a café, a coffee bar, and a grocery store – all within his business.""

**Option 3 (Breaking it Down - For Easier Understanding):**

“Brunstad runs four different types of restaurants: fast-food places, a café, a coffee shop, and a grocery store. ”

---

**Why these changes work:**

*   **Replaced Complex Words:** ""has several,"" ""a cafeteria-style restaurant,"" and ""its own"" were replaced with more common phrases.
*   **Simplified Language:** Phrases like “a restaurant-style” became “a café.”
*   **Added Context:** Adding ""including"" or ""and"" helps clarify what kind of restaurants Brun"
"He left a detachment of 11,000 troops to garrison the newly conquered region.","Here are a few options for rewriting that sentence, aiming for clarity for an English speaker unfamiliar with military terminology:

**Option 1 (More Detailed - Good for general understanding):**

""A group of 11,000 soldiers was stationed in the area where the new territory was established.""

*   **Why it works:** Replaces “detachment” with “group,” simplifies “garrison” to “stationed” and “garrisoning” to “establishing.”

**Option 2 (Slightly More Concise):**

""The army deployed 11,000 soldiers to protect the newly occupied region.""

*   **Why it works:**  Uses ""deployed"" which is a more common way to describe troop deployment.  “Protect” is a good synonym for “garrison.”

**Option 3 (Breaking it Down – For maximum clarity):**

""To defend the territory after it was conquered, a large force of 11,000 soldiers was placed there.""

*   **Why it works:** This breaks down the sentence into three smaller parts: “defend the territory” and “placed there”. It also uses “large force” to emphasize the number.


---"
"In 1438 Trevi passed under the temporal rule of the Church as part of the legation of Perugia, and thenceforth its history merges first with that of the States of the Church, then (1860) with the united Kingdom of Italy.","Okay, here's a rewritten version of the sentence, aiming for clarity and natural English flow while preserving the core meaning:

**Option 1 (More Detailed - Good for Understanding):**

""In 1438, water flowed into the Trevi Fountain under the control of the Vatican authorities.  Subsequently, this fountain’s history joined with that of the Italian States, and later, it became part of the United Kingdom of Italy.""

**Option 2 (Slightly More Concise - Still Clear):**

""In 1438, water poured into the Trevi Fountain under the Church’s rule.  Then, it merged with the Italian States and eventually became part of the United Kingdom of Italy.""


**Option 3 (Breaking it Down - For Maximum Clarity):**

“Back in 1438, water flowed into the Trevi Fountain while being controlled by the Vatican. After that, the fountain’s history connected with the Italian States, and finally, it joined the United Kingdom of Italy.”

---

**Why these changes were made:**

*   **Replaced Complex Words:** ""Legation,"" ""temporal rule,"" ""states,"" ""united Kingdom,"" ""merges,"" and ""became"
"The depression moved inland on the 20th as a circulation devoid of convection, and dissipated the next day over Brazil, where it caused heavy rains and flooding.","Okay, here's a rewritten version of that sentence, aiming for clarity and natural English flow while preserving the core meaning:

**Option 1 (More Detailed):**

""Depression began to move further into the country on the 20th. It didn’t have any air currents – essentially, there was no movement of air. As a result, it spread across Brazil and caused torrential rain and widespread flooding.""

**Option 2 (Slightly More Concise - Good Balance):**

""During the 20th, depression moved inland and then spread to Brazil.  It resulted in heavy rainfall and flooding throughout the region.""

**Option 3 (Focusing on the Core Idea - If you want to emphasize the effect):**

“As a slow, steady shift, depression arrived in Brazil on the 20th. This caused significant rainfall and flooding.”


**Explanation of Changes & Why They Work:**

* **Complex Words Replaced:** ""The depression moved inland on the 20th"" became ""Depression began to move further into the country on the 20th"" or ""Depression moved during the 20th"".
* **Complex Phrases Simplified:** “as a circulation devoid of convection"
The New York City Housing Authority Police Department was a law enforcement agency in New York City that existed from 1952 to 1995.,"Okay, here are a few options for rewriting that sentence, aiming for clarity for an English speaker unfamiliar with the specific details, along with explanations of why I made each change:

**Option 1 (More Concise & Explanatory):**

""The New York City Housing Authority Police Department was a police force located in New York City from 1952 to 1995.""

*   **Why it works:** This removes the somewhat formal phrasing (""was a law enforcement agency"") and replaces it with a straightforward statement about being a police department.  It’s shorter and easier to grasp.


**Option 2 (Breaking Down the Original - More Detail):**

""Established in 1952, the New York City Housing Authority Police Department served as a police agency within New York City until 1995. It focused on maintaining law and order in the city.""

*   **Why it works:** This breaks down the initial phrase into smaller parts. ""Established"" gives context, ""focused on maintaining law and order"" clarifies the purpose.



**Option 3 (Combining Elements – Slightly Longer but Clearer):**

“Beginning in 1952 and continuing through 1995, the"
"The current lineup of the band comprises Flynn (vocals, guitar), Duce (bass), Phil Demmel (guitar), and Dave McClain (drums).","Okay, here are a few options for rewriting that sentence, aiming for clarity for an English speaker unfamiliar with the specific musical terminology:

**Option 1 (More Conversational):**

""The band currently has three musicians: Justin Flynn (singer and guitarist), Duke Demmel (bass player), Phil Miller (guitarist), and Dave McClain (drummer).""

**Option 2 (Slightly More Detailed - Still Clear):**

""Leading the band is Justin Flynn, who sings and plays guitar.  Alongside him are bassists Duke Demmel and Phil Miller, and drummer Dave McClain.""

**Option 3 (Breaking it Down – Good for Understanding Structure):**

“This band includes Justin Flynn as the vocalist and guitarist, along with bass players Duke Demmel and Phil Miller, and drummer Dave McClain.”

---

**Why these changes work:**

* **Simpler Vocabulary:** Words like ""comprises,"" ""formally has,"" and ""leading"" were replaced with more common alternatives.
* **Rephrasing:** Instead of saying “The current lineup,” we use phrases like “The band currently has…” or “This band includes…”
* **Reduced Complexity:**  We removed unnecessary details about the band's"
Advocacy Countries with a minority Muslim population are more likely than Muslim-majority countries of the Greater Middle East to use mosques as a way to promote civic participation.,"Okay, here's a rewritten version of that sentence, aiming for clarity for an English speaker unfamiliar with the nuances of the original:

**Option 1 (More Detailed - Good for Understanding):**

""In some countries with a significant minority Muslim population, people often build mosques to encourage people to participate in community activities and discussions. It’s generally true that these countries are located within the Middle Eastern region.""

**Option 2 (Slightly More Concise - Still Clear):**

""Countries where there’s a large number of Muslims as a minority tend to have mosques where people gather to participate in civic life.""

**Option 3 (Breaking it Down - For Maximum Clarity):**

“When you find a country with many Muslims but not all of them are the majority, they often establish mosques. These mosques serve as places for people to get involved in local activities and talk about important issues.”


**Why these changes work:**

*   **Replaced Complex Words:** ""Advocacy,"" ""a minority,"" ""Muslim-majority,"" ""of the Greater Middle East,"" ""to promote civic participation,"" and ""of the Middle Eastern region"" were replaced with more common and understandable terms.
*   **Simplified Language:** Phrases like “"
The characters are foul-mouthed extensions of their earlier characters Pete and Dud.,"Okay, here are a few options for rewriting that sentence, aiming for clarity and natural English flow while preserving the core meaning:

**Option 1 (More Direct):**

""The characters – who used to be really rude and unpleasant – are now just as bad-talkers as they were with Pete and Dud.""

*   **Explanation:** This replaces ""foul-mouthed extensions of their earlier characters"" with “who used to be really rude and unpleasant” which is more accessible.  It also uses “just as bad-talkers” to convey the same idea.

**Option **2 (Slightly More Detailed - Still Simple):**

“Old friends Pete and Dud have become even worse at talking. Now, these characters are just as aggressive and unpleasant as they used to be.”

*   **Explanation:** This breaks down the initial phrase into two parts, making it easier to grasp. It emphasizes the change in behavior (""even worse"").

**Option 3 (Focus on the Negative Change):**

“Pete and Dud have changed into much more aggressive and unpleasant people than they ever were. These characters are still stuck in that old pattern.”

*   **Explanation:** This focuses on the transformation and highlights the continuation of"
"Johan was also the original bassist of the Swedish power metal band HammerFall, but quit before the band ever released a studio album.","Okay, here are a few options for rewriting that sentence, aiming for clarity for an English speaker unfamiliar with the nuances of the original:

**Option 1 (More Detailed - Good for general understanding):**

""Besides being the original bassist for the Swedish metal band HammerFall, Johan left before they ever made any recorded songs.""

**Option 2 (Slightly More Concise - Still Clear):**

""Johan was also a bassist for HammerFall, but he left before they ever released an album.""

**Option 3 (Breaking it Down - If you want to emphasize the key points):**

“Johan used to be the bassist for HammerFall, a powerful metal band. However, he left before they ever produced any albums.”

---

**Why these changes work:**

*   **Replaced ""was also the original...""**: This phrase is a bit formal and could be shortened.
*   **""but quit before...""**:  This is a straightforward way to express the situation.
*   **""ever released a studio album""**: Replaced with ""ever made any recorded songs"" or ""ever produced any albums"" – all convey the same meaning.
*   **Removed unnecessary phrases**: “the original”"
"In 1998, Culver ran for Iowa Secretary of State and was victorious.","Okay, here are a few options for rewriting that sentence, aiming for clarity and natural English flow while preserving the core meaning:

**Option 1 (More Concise):**

""In 1998, Culver won the election for Iowa’s Secretary of State.""

*   **Why it works:** This is the most straightforward and easily understood option. It directly states the victory.

**Option 2 (Adding Context - Slightly More Detailed):**

""During 1998, the candidate named Culver ran for the position of Iowa’s Secretary of State. He won the election and secured the office.""

*   **Why it works:**  This adds a little context – explaining *who* Culver was running for and how he won.

**Option 3 (Breaking it Down):**

“In 1998, Culver became the Secretary of State for Iowa. He successfully won the election.”

*   **Why it works:** This breaks down the sentence into smaller parts, making it easier to grasp the sequence of events.

---

To help me refine the best revision for you, could you tell me:

*   **What's the overall context of this sentence?** (e.g.,"
"In 1990, Mark Messier took the Hart over Ray Bourque by a margin of two votes, the difference being a single first-place vote.","Okay, here's a rewritten version of that sentence, aiming for clarity for an English speaker unfamiliar with political jargon:

**Option 1 (More Detailed - Good for Understanding):**

""In 1990, Mark Messier won the election by winning two more votes than Ray Bourque.  The difference was a crucial first-place vote.""

**Option 2 (Slightly More Concise):**

""In 1990, Mark Messier secured victory by winning two more votes compared to Ray Bourque.""

**Option 3 (Focus on Key Elements - If you want to emphasize the importance):**

“Mark Messier won the race in 1990 by securing two more votes than Ray Bourque – this made the victory particularly significant.”


**Why these changes work:**

*   **Replaced Complex Words:** ""margin of two votes,"" ""a single first-place vote,"" and ""the difference being"" were replaced with clearer phrases like ""winning by winning two more votes"" or ""securing victory by winning two more votes"".
*   **Simplified Language:** Phrases like “taking the Hart over Ray Bourque” became “won the election” or “secured victory”.
*"
"Shade sets the main plot of the novel in motion when he impetuously defies that law, and inadvertently initiates a chain of events that leads to the destruction of his colony's home, forcing their premature migration, and his separation from them.","Okay, here are a few options for rewriting that sentence, aiming for clarity and natural English flow while preserving the core meaning:

**Option 1 (More Detailed & Explanatory):**

""When he disobeyed the rules and acted recklessly, the story begins with him. This action unintentionally caused a series of unfortunate events – the destruction of his colony’s settlement – leading to their forced departure. As a result, he was separated from everyone he knew.""

**Option 2 (Slightly Shorter & More Direct):**

""His impulsive defiance of the law started the story, causing problems for his colony.  This led to their destruction, forcing them to leave immediately.  He then became isolated from them.""

**Option 3 (Focus on the Core Action - Good if you want to emphasize the consequence):**

“Because he broke the law, he caused trouble for his people. This resulted in their homes being destroyed, prompting them to flee.  Finally, he was left alone.”

---

**Why these changes were made:**

*   **Replaced Complex Words:** ""impulsively defying,"" ""initiates a chain of events,"" ""premature migration,"" and ""separation from them"" were replaced with more common"
The female equivalent is a daughter.,"Okay, here are a few options for rewriting that sentence, aiming for clarity and natural English flow while preserving the core meaning:

**Option 1 (More Direct):**

""A girl is a woman.""

**Option 2 (Adding Context - Slightly More Detailed):**

""There’s a girl who is a daughter.""  (This adds a little more context if needed)

**Option 3 (Breaking it Down):**

“She is a daughter.” (This focuses on the key element – the daughter.)

**Option 4 (Focusing on the Relationship):**

“She is the daughter of someone.” (If you want to emphasize the familial connection)


To help me refine the best option for *you*, could you tell me:

*   **What's the overall context of the surrounding text?** (e.g., Are you writing about family relationships, describing a character, etc.?)
*   **Is there anything specific you want to emphasize?** (e.g., the daughter's role, the relationship with the parent?)"
He was diagnosed with inoperable abdominal cancer in April 1999.,"Okay, here are a few options for rewriting that sentence, aiming for clarity and natural English flow while preserving the core meaning:

**Option 1 (More Detailed - Good for Beginners):**

""In April 1999, he received a serious diagnosis – he had cancer that couldn’t be treated properly, called inoperable abdominal cancer. This means there wasn't any way to fix or remove the tumor.""

**Option 2 (Slightly Shorter & More Direct):**

""In April 1999, he was diagnosed with inoperable abdominal cancer – no surgery could save him.  It meant the cancer was too severe to treat.""

**Option 3 (Breaking it Down - For Easier Processing):**

“In April 1999, he was diagnosed with cancer that couldn’t be removed from his stomach. It was a difficult situation because there were no treatment options available.”

---

**Why these changes work:**

* **Replaced Complex Words:** ""diagnosed with"" became ""received a diagnosis,"" ""inoperable abdominal cancer"" became ""cancer that couldn’t be treated properly,"" etc.
* **Simplified Language:** Phrases like “was diagnosed with” were"
"Prior to the arrival of the storm, the National Park Service closed visitor centers and campgrounds along the Outer Banks.","Okay, here are a few options for rewriting that sentence, aiming for clarity for an English speaker unfamiliar with the specific context – focusing on different levels of simplification:

**Option 1 (More Detailed - Good for general understanding):**

""Before the storm hit, the National Park Service shut down all visitor centers and campsites on the Outer Banks’ coastline.""

*   **Changes:** Replaced ""prior to the arrival of the storm"" with “before the storm hit.”  “closed” is more straightforward than “closed visitor centers and campgrounds.” “along the Outer Banks’ coastline” clarifies the location.


**Option 2 (Slightly More Concise - Still Clear):**

""When the storm arrived, the National Park Service closed the visitor centers and campgrounds on the Outer Banks' beaches.""

*   **Changes:**  Rephrased to emphasize the timing (""when the storm arrived"").  Used “beaches” instead of “along the coastline” for better flow.


**Option 3 (Most Simplified - If you want maximum clarity):**

""During the storm, the National Park Service stopped allowing visitors to visit the Outer Banks’ beaches and at the visitor centers.""

*   **Changes:** This version breaks down the original sentence"
The form of chess played is speed chess in which each competitor has a total of twelve minutes for the whole game.,"Okay, here are a few options for rewriting that sentence, aiming for clarity for someone who’s learning English and doesn’t be familiar with specific chess terminology:

**Option 1 (More Detailed - Good for Beginners):**

""In ‘speed chess,’ everyone plays for 12 minutes each round.  Each player has to think quickly and strategically.""

**Option 2 (Slightly More Concise):**

""Chess games are played for 12 minutes each round. Each player must think fast.""

**Option 3 (Focus on the Core Concept):**

“Players have 12 minutes to play a game of chess – they need to think quickly.”

---

**Why these changes work:**

*   **Replaced Complex Words:** ""form of chess,"" ""total of twelve minutes,"" ""competitor"" became ""everyone"" or ""player,"" ""round"" became ""game,"" ""strategically"" became ""think quickly.""
*   **Simplified Language:** Avoided overly formal or technical terms like “the form of chess” and replaced them with more common phrases.
*   **Compression:** Removed unnecessary phrases like ""has a total of..."" and streamlined the wording.


To help me refine the rewrite even"
The Amazon Basin is the part of South America drained by the Amazon River and its tributaries.,"Okay, here are a few options for rewriting that sentence, aiming for clarity and natural English flow while preserving the core meaning:

**Option 1 (More Detailed - Good for Beginners):**

""The Amazon River and its surrounding waterways – known as the Amazon Basin – run through the heart of South America.  Specifically, it’s the water that flows from the Amazon River itself and the rivers that feed into it.""

**Option 2 (Slightly Shorter & More Direct):**

""Located in South America, the Amazon Basin is formed by the Amazon River and its many tributaries.  The river flows into various streams and lakes within this region.""

**Option 3 (Breaking it Down - For Enhanced Understanding):**

“South America has a large area where the Amazon River and its many smaller rivers and streams flow into one another. This creates the Amazon Basin.”

---

**Why these changes work:**

*   **Replaced Complex Words:** ""Part of"" became ""formed by,"" ""drained by,"" ""itself and its surrounding waterways,"" etc.
*   **Simplified Language:** Phrases like “is the part of” were replaced with more direct phrasing.
*   **Added Context:** Explaining what """
The two former presidents were later separately charged with mutiny and treason for their roles in the 1979 coup and the 1980 Gwangju massacre.,"Okay, here are a few options for rewriting that sentence, aiming for clarity for an English speaker unfamiliar with the specific details, along with explanations of why I made each change:

**Option 1 (More Detailed - Good for general understanding):**

""Later, both former U.S. Presidents were prosecuted for deserting during the 1979 coup and for plotting against Korea in the 1980 Gwangju Massacre.""

* **Why this works:**  This version replaces ""were later separately charged"" with “were prosecuted,” which is more straightforward. ""mutiny"" becomes ""deserting,"" and ""treason"" becomes ""plotting against Korea."" ""for their roles"" is simplified to ""for their roles in."" ""the 1979 coup and the 1980 Gwangju massacre"" remains largely unchanged as it's a clear description of the events.


**Option 2 (Focus on Simpler Vocabulary – Slightly More Concise):**

""After the 1979 coup and the 1980 Gwangju Massacre, both former U.S. presidents were accused of being soldiers who deserted and plotted against Korea.""

* **Why this works:** This uses ""after"""
Moderate to severe damage extended up the Atlantic coastline and as far inland as West Virginia.,"Okay, here are a few options for rewriting that sentence, aiming for clarity and natural English flow while preserving the core meaning:

**Option 1 (More Detailed - Good for general understanding):**

""There was significant damage along the Atlantic coast, extending far inland to West Virginia. The damage affected a large area.""

**Option 2 (Slightly More Concise):**

""A major disaster occurred along the Atlantic coastline, reaching deep into West Virginia.""

**Option 3 (Focus on Impact - Emphasizes the scale):**

“Severe damage spread from the Atlantic coast outwards, impacting West Virginia significantly.”

**Option 4 (Breaking it Down - If you want to explain each part):**

“The damage to the coastline was extensive, going all the way to West Virginia. This caused a large area of harm.”


---

**Why these changes work:**

* **Simpler Vocabulary:** Words like ""extended,"" ""as far,"" and ""impacted"" were replaced with more common alternatives.
* **Reduced Complexity:**  Phrases like “and as far” were streamlined.
* **Clearer Focus:** Each option emphasizes slightly different aspects – the extent of the damage or the overall effect.

To help me"
"Because the owner tends to be unaware, these computers are metaphorically compared to zombies.","Okay, here's a rewritten version of that sentence, aiming for clarity and natural English flow while preserving the core meaning:

**Option 1 (More Detailed):**

“Since the owner often doesn’t pay attention, these computers seem like undead – they behave strangely and are similar to zombies.”

**Option 2 (Slightly Shorter & More Direct):**

“Because the owner isn’t careful, these computers act like zombies; they move around strangely.”

**Option 3 (Focus on the Observation - Good if you want to emphasize the observation):**

“It seems like these computers are behaving oddly because the owner is often distracted. They’re like zombies – they don’t seem to be paying attention.”


**Why these changes work:**

*   **""Tend to be unaware""** became ""often doesn’t pay attention” or “isn’t careful”. This is more accessible.
*   **""Metaphorically compared to zombies""** was replaced with phrases like ""seem like undead,"" ""act like zombies,"" or ""are like zombies.""  This avoids the slightly formal and complex wording.
*   **""These computers are""** was shortened to ""these computers"" to improve readability"
"The wave traveled across the Atlantic, and organized into a tropical depression off the northern coast of Haiti on September 13.","Okay, here are a few options for rewriting that sentence, aiming for clarity and natural English flow while preserving the core meaning:

**Option 1 (More Detailed - Good for Beginners):**

""A large wave moved across the Atlantic Ocean. As it traveled north along the coast of Haiti on September 13th, it began to form a tropical storm there.""

**Option 2 (Slightly More Concise):**

""A big wave traveled from the Atlantic towards the northern part of Haiti on September 13th. It then developed into a tropical depression.""

**Option 3 (Focusing on the Process):**

“A wave surged across the Atlantic, eventually forming a tropical storm near the northern coast of Haiti on September 13th.”

---

**Why these changes were made:**

*   **Replaced Complex Words:** ""The wave traveled,"" ""organized into,"" ""off the northern coast of Haiti,"" and ""on September 13th"" were all replaced with more common and understandable phrases.
*   **Simplified Language:** Phrases like “wave traveled across” became “a large wave moved across” or “a wave surged”.
*   **Compression:**  I removed unnecessary words like ""and organized"
"For example, the stylebook of the Associated Press is updated annually.","Okay, here are a few options for rewriting that complex sentence, aiming for clarity and natural English while maintaining its core meaning. I’ll provide variations offering slightly different nuances:

**Option 1 (More Detailed & Explanatory):**

""The Associated Press regularly updates its guidelines each year. This means they revise their rules and standards to reflect changes in the world.""

*   **Why it works:** Replaces ""complex sentence"" with “regularly updates,” simplifies “updated annually” to “updates,” and adds context about the revisions reflecting changes.


**Option 2 (Focus on Reformulation):**

""To keep up with evolving rules, the Associated Press revises its policies every year.  This ensures they are current and relevant.""

*   **Why it works:** Uses ""revises policies"" which is more accessible than ""updated guidelines,"" and explains the benefit – ensuring relevance.



**Option 3 (Breaking Down the Original - More Complex but Clearer):**

“The Associated Press frequently updates its rules and standards.  Each year, they review what’s happening in the world to ensure everything is fair and appropriate.”

*   **Why it works:** Breaks down the initial sentence into three shorter sentences, explaining"
"The four canonical texts are the Gospel of Matthew, Gospel of Mark, Gospel of Luke and Gospel of John, probably written between AD 65 and 100 (see also the Gospel according to the Hebrews).","Okay, here's a rewritten version of that complex sentence, aiming for clarity and readability for an English speaker unfamiliar with biblical scholarship:

**Option 1 (More Detailed - Good for Understanding):**

“Four important religious books – the Gospels of Matthew, Mark, Luke, and John – were likely written between 65 and 100 AD. These books originated from the region of Judea and were believed to have been created during this period.”

**Option 2 (Slightly Shorter & More Direct):**

“Texts like the Gospels of Matthew, Mark, Luke, and John, which originated around 65-100 AD, were produced in the area of Judea. They’re considered to have been written during that time.”


**Option 3 (Breaking it Down - For Maximum Clarity):**

“There are four key religious writings – the Gospels of Matthew, Mark, Luke, and John – that were probably written sometime between 65 and 100 AD.  They were created in the region of what is now Judea.”

---

**Why these changes work:**

* **Simpler Vocabulary:** Words like ""canonical texts,"" ""probably written,"" and ""likely"" were"
Since the end of the 19th century Eschelbronn is well known for its furniture manufacturing industry.,"Okay, here are a few options for rewriting that sentence, aiming for clarity for an English speaker unfamiliar with the nuances of German and the specific context:

**Option 1 (More Detailed - Good for general understanding):**

""Escheburg, a town in Switzerland, was famous for its furniture making business during the 19th century.  It’s important to remember that at that time, this town was particularly skilled at creating beautiful furniture.""

**Option 2 (Slightly More Concise - Still Clear):**

""In the 19th century, Escheburg was renowned for its furniture production. It was a significant center for furniture making in Switzerland.""

**Option 3 (Focus on the Core Idea - If you want to emphasize the location's importance):**

“During the 19th century, Escheburg was famous for being a major hub for furniture manufacturing.”


**Option 4 (Breaking it Down - For maximum clarity if needed):**

Here’s a breakdown:
*   **Escheburg** is a town.
*   **is well known for its furniture manufacturing industry.** – This means it was famous for making furniture.
*   **during the 19"
The upper half also resembles the coat of arms of the former district Oberbarnim.,"Okay, here are a few options for rewriting that sentence, aiming for clarity and natural English flow while preserving the core meaning:

**Option 1 (More Detailed - Good for general understanding):**

""The upper part of the area also has the same design as the old arms of the district of Oberbarnim.""

**Option 2 (Slightly More Concise):**

""Similar to the coats of arms of the previous district, the upper portion of this area bears the same pattern.""

**Option 3 (Focus on Similarity):**

“The style of the upper part of this area is similar to the old arm designs of the district of Oberbarnim.”

**Option 4 (Breaking it Down – If you need to explain each part):**

“The upper part of the area shares a similar design to the old arms of the district of Oberbarnim.  This means it looks like a shield or emblem.”


---

**Why these changes work:**

* **Simpler Vocabulary:** Words like ""the upper half,"" ""also resembles,"" and ""bears the same pattern"" were replaced with more common alternatives.
* **Paraphrasing:** Instead of saying “resembles,” we used phrases like “has the same"
"Unlike the clouds on Earth, however, which are composed of crystals of ice, Neptune's cirrus clouds are made up of crystals of frozen methane.","Okay, here’s a rewritten version of that sentence, aiming for clarity for an English speaker unfamiliar with the specific terminology:

**Option 1 (More Detailed - Good for Understanding):**

“Unlike the clouds we see on Earth – which are made of tiny ice crystals – Neptune’s clouds are made of frozen methane instead. ”

**Option 2 (Slightly More Concise):**

“Instead of clouds made of ice crystals like those on Earth, Neptune’s clouds are formed from frozen methane.”

**Option 3 (Breaking it Down - For Maximum Clarity):**

“Compared to clouds on Earth, which are made of ice crystals, Neptune’s clouds are made of frozen methane.  This is different.”


**Why these changes work:**

*   **Replaced Complex Words:** “Unlike the clouds on Earth” became “Unlike the clouds we see on Earth”. “Composed of crystals of ice” became “made of tiny ice crystals”. “Cirrus clouds” was simplified to “clouds”
*   **Simplified Language:** Phrases like ""which are composed of"" were replaced with more direct language.
*   **Compression:**  The core message remains, but the wording is streamlined.
*   **Maintaining"
Their participation is limited until they reach legal adulthood.,"Here are a few options for rewriting that sentence, aiming for clarity for an English speaker unfamiliar with the nuances:

**Option 1 (More Direct):**

""They can’t participate in activities or events until they are legally an adult.""

**Option 2 (Adding Context - Slightly More Detailed):**

""If they don't become adults before a certain age, they won’t be allowed to join any group or activity.""

**Option 3 (Breaking it Down – Good for Understanding Complexity):**

“Someone’s ability to participate in things like sports or clubs depends on them reaching the age of majority – which means they need to be considered adults.”

**Option 4 (Focusing on the Restriction):**

“They aren’t allowed to participate until they are officially an adult.”


---

To help me refine the best option for you, could you tell me:

*   **What was the context of the original sentence?**  (e.g., Was it part of a larger discussion about rules, opportunities, etc.?)
*   **Who is your audience specifically?** (e.g., Someone learning English, someone familiar with social rules?)"
"Development Stable releases are rare, but there are often Subversion snapshots which are stable enough to use.","Okay, here's a rewritten version of that sentence, aiming for clarity and natural English flow while preserving the core meaning:

**Option 1 (More Detailed):**

""It’s not common to see regular updates or new versions. However, sometimes you find ‘snapshots’ – reliable versions that are stable enough to work with. ”

**Option 2 (Slightly More Concise):**

""While updates are rare, sometimes there are 'snapshots' that are dependable enough to use.""

**Option 3 (Breaking it Down - If needed):**

“Updates are hard to come by.  But, occasionally, you might find ‘snapshots’ – they’re reliable and can be used.”


**Why these changes were made:**

*   **“Development” became “It’s not common…” or “While updates are rare…”**: This is more accessible language.
*   **“Stable releases” became “regular updates or new versions” or “reliable versions”**:  This clarifies what ""stable releases"" means.
*   **“are rare” became “are not common” or “are hard to come by”**: A smoother phrasing.
*   **“Subversion snapshots” became “snapshots”"
"Finally in 1482 the Order dispatched him to Florence, the ‘ city of his destiny ’.","Okay, here are a few options for rewriting that sentence, aiming for clarity and natural English flow while preserving the core meaning:

**Option 1 (More Detailed - Good for Understanding):**

""In 1482, the Order sent him to Florence, which he considered his home or destination.""

**Option 2 (Slightly More Concise):**

""In 1482, the Order sent him to Florence, where he felt like he belonged.""

**Option 3 (Focus on Destiny - Emphasizes Significance):**

“At the beginning of 1482, the Order entrusted him to Florence – a place he believed was meant for him.”

**Option 4 (Breaking it Down - For Easier Processing):**

“Around 1482, the Order directed him to Florence.  He felt like he had been chosen for something important there.”


**Why these changes work:**

*   **Replaced Complex Words:** ""dispatched,"" ""the ' city of his destiny,"" ""the essence of his destiny"" were replaced with more common phrases.
*   **Simplified Language:** Phrases like “sent him to” became “sent him to” or “directed him to”."
"In the Soviet years, the Bolsheviks demolished two of Rostov's principal landmarks - St Alexander Nevsky Cathedral (1908) and St George Cathedral in Nakhichevan (1783-1807).","Okay, here are a few options for rewriting that sentence, aiming for clarity for an English speaker unfamiliar with the historical context, along with explanations of why I made each change:

**Option 1 (More Detailed & Explanatory):**

""During the Soviet era, the Russian government destroyed two important buildings in the city of Rostov – the St. Alexander Nevsky Cathedral completed in 1908 and the St. George Cathedral in Nakhichevan, which was active from 1783 to 1807.  This destruction occurred during that time.""

* **Changes Made:**
    * ""In the Soviet years"" became ""During the Soviet era"" – more direct and easily understood.
    * ""Bolsheviks demolished"" became ""the Russian government destroyed"" – clarifies who did the action.
    * ""two of Rostov's principal landmarks"" became ""two important buildings in the city of Rostov"" – simplifies the phrasing.
    * ""completed in 1908"" becomes ""completed in 1908"" – straightforward.
    * ""which was active from 1783 to 1807"" became ""which was active from 1783 to"
"He died on May 29, 1518 in Madrid, Spain and was buried in the church of San Benito d'Alcantara.","Okay, here are a few options for rewriting that sentence, aiming for clarity for someone who’s learning English and doesn’t be familiar with very specific historical details:

**Option 1 (More Detailed - Good for Beginners):**

""He passed away on May 29, 1518, in Madrid, Spain. He was later buried in the church of San Benito d'Alcantara.""

*   **Changes:** Replaced “died” with “passed away,” used “in” instead of “on” for better flow.  Added “Spain” for context.

**Option 2 (Slightly More Concise – Still Clear):**

“He died in Madrid, Spain, on May 29, 1518. His remains were buried at the church of San Benito d'Alcantara.”

*   **Changes:** Simplified phrasing (""was buried"" became ""were buried""). Added “His remains” for clarity.

**Option 3 (Breaking it Down - For Learners Who Need More Context):**

“He died in Madrid, Spain, on May 29, 1518. After his death, his body was placed in the church of San Benito d'"
This was demonstrated in the Miller-Urey experiment by Stanley L. Miller and Harold C. Urey in 1953.,"Okay, here are a few options for rewriting that sentence, aiming for clarity for an English speaker unfamiliar with scientific jargon, along with explanations of why I made each change:

**Option 1 (More Detailed - Good for general understanding):**

""In 1953, scientists Stanley L. Miller and Harold C. Urey discovered this through their experiments. They found evidence suggesting that the building blocks of life – like amino acids – could have formed spontaneously from simple chemicals in the universe.""

*   **Changes Made:**
    *   “This was demonstrated” changed to “They discovered this through their experiments.”  This is more direct and less formal.
    *   “by Stanley L. Miller and Harold C. Urey” changed to “scientists Stanley L. Miller and Harold C. Urey.”
    *   “in 1953” remains the same as it's a key fact.
    *   “they found evidence suggesting…” replaced “this was demonstrated” to provide context.
    *   “that the building blocks of life – like amino acids – could have formed spontaneously…” clarifies what they observed.
    *   “from simple chemicals in the universe” replaces ""from simple chemicals in the"
"Cogeneration (also combined heat and power, CHP) is the use of a heat engine or a power station to simultaneously generate both electricity and useful heat.","Okay, here's a rewritten version of that sentence, aiming for clarity for someone who’s learning English and doesn’t be familiar with technical terms:

**""Using a heat engine or power plant, you can create both electricity and warmth at the same time.""**

Here's a breakdown of what was changed and why:

*   **“Cogeneration (also combined heat and power, CHP)”** – This was kept as it’s a specific term, but rephrased for better understanding.
*   **“is the use…”** -  Replaced “is the use” with a more straightforward phrasing.
*   **“of a heat engine or power station…”** - Clarified that we are talking about a device that generates heat and power.
*   **“…to simultaneously generate both electricity and useful heat.”** - Replaced ""simultaneously generate both electricity and useful heat"" with a simpler description of what the process does.


Let me know if you'd like me to tweak this further or explain any part of the changes!"
"On occasion the male ""den master"" will also allow a second male into the den; the reason for this is unclear.","Okay, here are a few options for rewriting that sentence, aiming for clarity and natural English flow while preserving the core meaning:

**Option 1 (More Detailed - Good for general understanding):**

""Sometimes, a man who specializes in controlling crowds – often called a ‘den master’ – will let another man join his establishment.  We don't know exactly why he does this.""

**Option 2 (Slightly More Concise):**

""Occasionally, a man known as a 'den master' allows another man to enter his den.  The reason for this isn’t clear to anyone.""

**Option 3 (Focus on the Action & Uncertainty):**

“Occasionally, a man who manages a crowd lets someone else come inside his place.  It’s not clear why.”

**Option 4 (Breaking it Down - If you need to explain each part):**

“Now, sometimes a man who’s good at controlling people – like a ‘den master’ – will invite another person to go into his area.  We don’t have any idea why he does this.”


---

**Why these changes work:**

* **Simpler Vocabulary:** Words like “den master” were replaced with more"
A Wikipedia gadget is a JavaScript and / or a CSS snippet that can be enabled simply by checking an option in your Wikipedia preferences.,"Okay, here's a rewritten version of the sentence, aiming for clarity for someone who’s learning English and unfamiliar with technical terms:

**“A website feature – a ‘gadget’ – is available through a setting in your Wikipedia account.  You can turn it on by looking at a choice within your Wikipedia settings.”**

Here’s a breakdown of what was changed and why:

*   **""A Wikipedia gadget is a JavaScript and / or a CSS snippet""** became **""A website feature – a 'gadget' - is available through a setting in your Wikipedia account.""** This clarifies that ""gadget"" is a small piece of code and that it’s a feature offered by Wikipedia.
*   **""that can be enabled simply by checking an option in your Wikipedia preferences""** became **""available through a setting in your Wikipedia account.""** This explains the functionality – it’s activated by selecting a preference option within Wikipedia.


Let me know if you'd like me to tweak this further or create another version tailored to a specific level of understanding!"
Below are some useful links to facilitate your involvement.,"Okay, please provide the complex sentence you want me to rewrite! I need the text itself to work with. 😊 

Once you paste it here, I’ll do my best to simplify it for someone who isn’t fluent in English. Let’s get started!"
He served as the prime minister of Egypt between 1945 and 1946 and again from 1946 and 1948.,"Here are a few options for rewriting that sentence, aiming for clarity for an English speaker unfamiliar with the specific details:

**Option 1 (More Concise):**

""During his time as Prime Minister of Egypt from 1945 to 1946 and again from 1946 to 1948, he held that position.""

*   **Explanation:** This version replaces phrases like ""served as the prime minister of Egypt"" with “held that position,” which is more straightforward.

**Option **2 (Adding Context - Slightly More Detailed):**

""After serving as Prime Minister of Egypt from 1945 to 1946 and then again from 1946 to 1948, he held that role.”

*   **Explanation:**  This adds “after” to clarify the timing and uses “role” instead of “position” for a slightly smoother feel.


**Option 3 (Breaking Down into Smaller Sentences - For Enhanced Understanding):**

“He was Prime Minister of Egypt from 1945 to 1946 and again from 1946 to 1948.  He held this important position during that"
She was left behind (explanations for this vary) when the rest of the Nicoleños were moved to the mainland.,"Okay, here are a few options for rewriting that sentence, aiming for clarity for someone who’s learning English and doesn’t know the specific context:

**Option 1 (Focus on Clarity & Simple Language):**

""When the rest of the Nicoleños moved to the mainland, she stayed behind.""

*   **Why it works:** This is the most straightforward and easily understood version. It directly states the situation.

**Option 2 (Adding Context - Slightly More Detailed):**

""After the Nicoleños moved to the mainland, she couldn't follow them.  She remained in the area.""

*   **Why it works:** This adds a little more explanation – “they” refers to the people who moved, and ""she couldn't follow them"" clarifies the reason she was left behind. ""remained in the area"" provides a sense of where she was located.


**Option 3 (Breaking Down the Original - For Maximum Comprehension):**

“The people who moved to the mainland left her behind. Now, she’s still in the same place.”

*   **Why it works:** This breaks down the original sentence into smaller parts. “left her behind” is clearer than “was left behind.”"
"James I appointed him a Gentleman of the Chapel Royal, where he served as an organist from at least 1615 until his death.","Okay, here are a few options for rewriting that sentence, aiming for clarity for someone new to English, along with explanations of why each change was made:

**Option 1 (More Detailed - Good for Beginners):**

""King James appointed him as a member of the Chapel Royal. He played the organ there starting around 1615 and continued doing so until his passing.""

*   **Changes:** Replaced ""a Gentleman of the Chapel Royal"" with “member of the Chapel Royal.”  “where he served” became “he played there,” which is more direct. “from at least 1615 until his death” became “starting around 1615 and continuing doing so until his passing.” This clarifies the timeframe.


**Option 2 (Slightly More Concise – Still Clear):**

""King James granted him the title of Gentleman of the Chapel Royal, beginning around 1615 and continuing until his death.""

*   **Changes:**  Replaced ""appointed him a"" with “granted him the title of”.  This simplifies the phrasing.



**Option 3 (Breaking Down into Smaller Sentences - For Enhanced Understanding):**

Here’s a breakdown:

1."
Chauvin was embarrassed to receive his award and initially indicated that he may not accept it.,"Okay, here are a few options for rewriting that sentence, aiming for clarity and natural English flow while preserving the core meaning:

**Option 1 (More Detailed - Good for Beginners):**

""After receiving his award, Chauvin felt ashamed and hesitated to refuse it. He wasn’t sure if he would agree.""

*   **Explanation:** This replaces ""Chauvin was embarrassed to receive"" with “felt ashamed” – a common way to express feeling bad about something.  “Hesitated to refuse” is clearer than “may not accept.” “He wasn’t sure if he would agree” simplifies the initial statement.


**Option 2 (Slightly More Concise):**

""When Chauvin received his award, he felt uncomfortable and wondered if he would decline it.""

*   **Explanation:** This uses “uncomfortable” instead of “embarrassed” and “wondered” to convey the uncertainty.



**Option 3 (Breaking Down into Smaller Sentences - For Enhanced Understanding):**

Here's a breakdown:

1.  Chauvin received an award.
2.  He felt embarrassed because of this.
3.  He didn’t want to refuse the award.
4."
"Later, Esperanto speakers began to see the language and the culture that had grown up around it as ends in themselves, even if Esperanto is never adopted by the United Nations or other international organizations.","Okay, here's a rewritten version of the sentence, aiming for clarity and natural English flow while preserving the core meaning:

**Option 1 (More Detailed):**

“Eventually, people who studied Esperanto noticed the language and the culture that developed alongside it – even though Esperanto wasn’t chosen by the United Nations or other international bodies.”

**Option 2 (Slightly Shorter & More Direct):**

“As time went on, people familiar with Esperanto realized that the language and the culture surrounding it were complete, even if it wasn’t used by the UN or similar organizations.”

**Option 3 (Focusing on the Evolution):**

“Over time, people became aware of the language and the culture associated with Esperanto – even though it wasn’t officially adopted by the United Nations or other international groups.”


**Why these changes work:**

*   **Replaced Complex Words:** “later,” “saw” became “learned,” “recognized,” “became aware of”
*   **Simplified Language:** Phrases like ""that had grown up around it"" were replaced with more direct phrasing.
*   **Compression:**  The original sentence was quite lengthy. I've broken it down into smaller,"
Dry air wrapping around the southern periphery of the cyclone eroded most of the deep convection by early on September 12.,"Okay, here are a few options for rewriting that sentence, aiming for clarity for an English speaker unfamiliar with the specific terminology:

**Option 1 (More Detailed - Good for Understanding):**

""As the strong storm moved further south, the dry air surrounding the edge of the cyclone significantly weakened the powerful swirling air currents. This happened early on September 12th.""

**Option 2 (Slightly More Concise):**

""When the cyclone moved south, dry air gradually covered the area near the edges, causing many of the strong air currents to break down.""

**Option 3 (Focusing on the Core Idea - Clearest):**

""In the early days of the cyclone, as the wind blew across the southern part of the storm’s path, the dry air slowed down and damaged the large, warm air masses within the storm.”


**Here's why I made these changes and what they mean:**

*   **“Dry air wrapping around”**:  Replaced with “dry air surrounding” or “wind blowing across the southern part of the storm’s path”. This is more accessible.
*   **“Southern periphery of the cyclone”**: Simplified to ""the cyclone's edge"" or ""the"
Calvin Baker is an American novelist.,"Okay, here are a few options for rewriting that sentence, aiming for clarity and natural English flow while preserving the core meaning:

**Option 1 (More Concise):**

""Calvin Baker is an American writer.""

*   **Why it works:** This removes the somewhat formal ""is an American novelist"" and uses a more direct term – “writer.”

**Option 2 (Slightly More Detailed - Still Simple):**

""Calvin Baker is an author from America.""

*   **Why it works:**  This clarifies that he’s an author and where he originates.

**Option 3 (Breaking it Down - Good for Beginners):**

“Calvin Baker is a writer who lives in America.”

*   **Why it works:** This breaks down the initial statement into two parts, making it easier to grasp.

**Option 4 (Focusing on the Core Idea):**

“Calvin Baker is a novelist who writes about America.”

*   **Why it works:** This emphasizes his profession and the subject matter of his work.


To help me refine the best option for *you*, could you tell me:

*   What's the context of this sentence? (e.g.,"
"Eva Anna Paula Braun, died Eva Anna Paula Hitler (6 February 1912 – 30 April 1945) was the longtime companion and, for a brief time, wife of Adolf Hitler.","Okay, here's a rewritten version of that sentence, aiming for clarity and natural English flow while preserving the core meaning:

**Option 1 (More Detailed - Good for Understanding):**

""Eva Anna Paula Braun died on February 6th, 1912, and she was the longtime friend and lover of Adolf Hitler.  For a short period, she even served as his wife.""

**Option 2 (Slightly More Concise - Still Clear):**

""Eva Anna Paula Braun, who was a longtime friend and lover of Adolf Hitler, died on February 6th, 1912, and briefly married him.""


**Option 3 (Breaking it Down - For Maximum Clarity if Needed):**

“First, Eva Anna Paula Braun passed away on February 6th, 1912.  She was a close friend and lover of Adolf Hitler, and they were married for a brief time, just once.”



**Explanation of Changes & Why They Work:**

*   **Complex Words:** ""died,"" ""companion,"" ""wife,"" ""for a brief time,"" ""served"" were replaced with more common and understandable alternatives.
*   **Long Sentences:** I broke down the original into"
Each version of the License is given a distinguishing version number.,"Okay, please provide the complex sentence you want me to rewrite! I need the text itself to work with. 😊 

Once you give me the sentence, I’ll do my best to transform it into something clear and understandable for an English speaker who isn't fluent in English. Let’s get started!"
Most IRC servers do not require users to register an account but a user will have to set a nickname before being connected.,"Okay, here are a few options for rewriting that sentence, aiming for clarity for someone new to English and retaining the core meaning:

**Option 1 (More Detailed - Good for Beginners):**

""When using most IRC chat programs, you don’t need to create an account beforehand. Instead, you must choose a nickname – a name – before you can join the conversation.""

**Option 2 (Slightly More Concise):**

""Most IRC servers let you connect without needing an account.  You usually have to give a nickname first.""

**Option 3 (Focus on the Core Concept):**

""In most cases, you can join an IRC server without creating an account. You'll typically need to pick a nickname to start chatting.""

---

**Why these changes work:**

* **Replaced Complex Words:** ""do not require,"" ""a user will have to,"" ""before being connected,"" ""a name,"" and ""the conversation"" were replaced with more common and understandable alternatives.
* **Simplified Language:** Phrases like “most IRC servers” and “a user will have to” were shortened to make them clearer.
* **Compression:** The original sentence was quite long. Breaking it down into shorter phrases helps"
"That same year he also received a mechanics certificate, becoming the youngest certificated airplane mechanic in New York.","Okay, here are a few options for rewriting that sentence, aiming for clarity and natural English flow while preserving the core meaning:

**Option 1 (More Detailed - Good for Beginners):**

""In the same year, he also got a certification as a mechanic. He became the youngest mechanic in New York City to receive this award.""

**Option 2 (Slightly More Concise):**

""He also received a mechanic’s certificate during that year, making him the youngest certified mechanic in New York.""

**Option 3 (Focus on the Key Action):**

“During that year, he earned a mechanic’s certificate, which made him the youngest mechanic working in New York.”


**Explanation of Changes & Why They Work:**

*   **Complex Words:**  Words like ""that same year,"" ""mechanics certificate,"" ""certificated airplane mechanic,"" and ""New York City"" were replaced with more common and understandable alternatives.
*   **Compression:**  The unnecessary phrases (""...in order to..."") were removed.
*   **Paraphrasing:** I rephrased the original sentence structure to present the information differently.

To help me refine the best option for you, could you tell me:

*"
"SummerSlam (2009) is an upcoming professional wrestling pay-per-view event produced by World Wrestling Entertainment (WWE), which will take place on August 23, 2009 at Staples Center in Los Angeles, California.","Okay, here's a rewritten version of that sentence, aiming for clarity for someone who’s learning English and doesn’t be familiar with specific wrestling terminology:

**""The Summer Slam 2009 pay-per-view event, organized by WWE, is scheduled for August 23rd, 2009, at the Staples Center in Los Angeles, California.""**

Here’s a breakdown of what I changed and why:

*   **“Summer Slam (2009)”** became **“The Summer Slam 2009”**:  This is straightforward and easily understood.
*   **“pay-per-view event”** was replaced with **“pay-per-view event”**: This is a common term used in sports and entertainment.
*   **“produced by World Wrestling Entertainment (WWE)”** became **“organized by WWE”**:  This clarifies who is hosting the event.
*   **“which will take place…”** was simplified to **“is scheduled for…”**: More direct and less formal.
*   **“at Staples Center in Los Angeles, California”** remained largely the same – it’s a clear location detail.


Would you like"
"Usually portrayed as being bald, with long whiskers, he is said to be an incarnation of the Southern Polestar.","Okay, here are a few options for rewriting that sentence, aiming for clarity and natural English flow while preserving the core meaning:

**Option 1 (More Detailed - Good for Understanding):**

""He’s often depicted as being bald and having long, prominent whiskers. People describe him as representing the spirit or essence of the Southern Pole – a powerful and somewhat mysterious figure.""

**Option 2 (Slightly More Concise):**

""He appears to be bald with long whiskers, and is often referred to as an embodiment of the Southern Polestar.""

**Option 3 (Focus on Imagery - Slightly more poetic):**

“Often seen with his hair like that, he resembles a figure embodying the wild, distant power of the Southern Pole.”


**Option 4 (Breaking it Down - For Maximum Clarity):**

Here's how we can break it down:
*   “Usually portrayed as being bald” = “He’s often depicted as being bald”
*   “with long whiskers” = “and having long whiskers”
*   “is said to be” = “people describe him as” or “is referred to as”
*   “an incarnation of” = “representing” or “becoming"
"A few animals have chromatic response, changing color in changing environments, either seasonally (ermine, snowshoe hare) or far more rapidly with chromatophores in their integument (the cephalopod family).","Okay, here's a rewritten version of that sentence, aiming for clarity for an English speaker unfamiliar with specialized biology terms:

**Option 1 (More Detailed - Good for Understanding):**

“Some animals change color when they encounter different environments – like bears or rabbits that darken in the winter, or quickly shift their colors as pigments in their skin.  This happens because some animals, like seals or octopus relatives, change color very quickly, too.”

**Option 2 (Slightly More Concise - Still Clear):**

“Certain animals display color changes to adapt to their surroundings. They darken in the winter or quickly change their color as pigment cells in their fur or skin. This is often seen in animals like bears and seals.”


**Option 3 (Breaking it Down - For Maximum Clarity):**

“Animals sometimes change color to help them adjust to what’s happening around them.  For example, they might darken in the winter to blend in with the snow, or quickly change their color as pigments in their skin.  This happens with animals like bears or seals, who react very quickly to changes in their environment.”

---

**Why these revisions work:**

* **Simpler Vocabulary:** Words like ""chromatic response,"" """
Val Venis defeated Rikishi in a Steel cage match to retain the WWF Intercontinental Championship (14:10) Venis pinned Rikishi after Tazz hit Rikishi with a TV camera.,"Okay, here's a rewritten version of that sentence, aiming for clarity for an English speaker unfamiliar with wrestling terminology and complex phrasing, along with explanations of why I made the changes:

**Rewritten Sentence:**

“Dutch wrestler Val Venis won a wrestling match against Rikishi to keep the WWF Intercontinental Championship (the 14th round).  During the fight, a camera attached to a television monitor struck Rikishi.”

**Here’s a breakdown of the changes and why they were made:**

*   **""Val Venis defeated Rikishi"" changed to ""Dutch wrestler Val Venis won...""**: This is more straightforward. It clearly states who won and the context.
*   **""in a Steel cage match"" changed to ""a wrestling match""**:  Steel cages are a common setting for wrestling matches; this clarifies what kind of match it was.
*   **""to retain the WWF Intercontinental Championship (14:10)"" changed to ""to keep the WWF Intercontinental Championship (the 14th round)""**: This simplifies the time frame and makes it clearer that it was the 14th round of the match.
*   **""Venis pinned Rikishi after Tazz hit Rikishi"
This closely resembles the Unix philosophy of having multiple programs each doing one thing well and working together over universal interfaces.,"Okay, here are a few rewritten versions of that complex sentence, aiming for clarity and natural English flow while retaining the core meaning. I’ve focused on different approaches – some more literal, others slightly more interpretive – depending on what you want to emphasize:

**Option 1 (More Literal & Explanatory):**

""Like the way Unix systems work, where each program does one specific job well and communicates through common interfaces, we could build complex things by combining them.""

* **Explanation:** This version uses ""like the way Unix systems work..."" to immediately establish the parallel concept.  It then clarifies that the key is collaboration and communication.

**Option 2 (Focusing on Collaboration - Slightly More Abstract):**

""Just like Unix programs, which specialize in particular tasks, we could create larger systems by letting different programs work together using shared standards.""

* **Explanation:** This emphasizes the collaborative aspect – “working together” – and replaces “universal interfaces” with “shared standards.” It's a bit broader but still conveys the idea.

**Option 3 (Breaking Down the Original - A More Detailed Approach):**

“Imagine a system where each program performs a specific task very well. Then, these programs communicate seamlessly with each other"
"He came from a musical family; his mother, LaRue, was an administrative assistant and singer, and his father, Keith Brion, was a band director at Yale.","Okay, here are a few options for rewriting that sentence, aiming for clarity for someone who’s learning English and doesn’t know much about the specific details:

**Option 1 (More Detailed - Good for Beginners):**

""He grew up in a family with a love of music. His mother, named LaRue, worked as an administrative assistant and also sang.  His father, Keith Brion, was the head of music at Yale University.""

**Option 2 (Slightly More Concise):**

""He came from a musically inclined family. His mother, LaRue, was an administrative assistant and a singer, while his father, Keith Brion, was a music teacher at Yale.""

**Option 3 (Breaking it Down – For Easier Processing):**

“He grew up with a musical background. His mother, LaRue, was an administrative worker and a singer.  His father, Keith Brion, was the music director at Yale.”

---

**Why these changes work:**

* **Simpler Vocabulary:** Words like ""musical family,"" ""administrative assistant,"" and ""band director"" were replaced with more common alternatives.
* **Rephrasing:** Instead of saying “was an administrative assistant and singer,” we used"
"The largest populations of Mennonites are in Canada, Democratic Republic of Congo and the United States, but Mennonites can also be found in tight-knit communities in at least 51 countries on six continents or scattered amongst the populace of those countries.","Okay, here's a rewritten version of that sentence, aiming for clarity and natural English flow while preserving the core meaning:

**Option 1 (More Detailed - Good for Understanding):**

“Mennonite communities are particularly large in Canada, Democratic Republic of Congo, and the United States. However, you’ll find Mennonites all over the world – in small groups in at least 51 countries across six different continents. They’re often present in close-knit areas within these countries.”

**Option 2 (Slightly Shorter & More Direct):**

“Mennonites have large populations in Canada, the Democratic Republic of Congo, and the United States.  They’re also common in many smaller communities spread across 51 countries around the globe, including regions within six continents.”

**Option 3 (Focusing on Distribution - A bit more descriptive):**

""Mennonites are widely distributed globally. There are significant Mennonite populations in countries like Canada, the Democratic Republic of Congo, and the United States.  Furthermore, they can be found in numerous smaller communities throughout 51 countries spanning six continents.""


**Key Changes Made & Why:**

*   **Complex Words Replaced:**"
"Naas is a major ""Dublin Suburb"" town, with many people living in Naas and working in Dublin.","Okay, here are a few options for rewriting that sentence, aiming for clarity for an English speaker unfamiliar with the nuances of the original:

**Option 1 (More Concise):**

""Naas is a large town near Dublin, and there are many people who live there and work in Dublin.""

*   **Why it works:** This removes the slightly formal phrasing (""major 'Suburb' town"") and uses more common vocabulary.

**Option 2 (Adding Context - Slightly More Detailed):**

""Naas is a significant town located close to Dublin.  Many residents of Naas work in Dublin, contributing to the local economy.""

*   **Why it works:** This expands on the idea of “suburban” feeling and adds a subtle economic element.

**Option 3 (Breaking it Down - Good for Understanding Complexity):**

“Naas is a big town that’s part of a larger area – Dublin.  Lots of people live in Naas and they all work or earn a living in Dublin.”

*   **Why it works:** This breaks down the initial statement into smaller parts, explaining the relationship between the town and Dublin.

---

To help me refine the best option for *you*, could you tell"
"Acanthopholis's armour consisted of oval plates set almost horizontally into the skin, with spikes protruding from the neck and shoulder area, along the spine.","Okay, here are a few options for rewriting that sentence, aiming for clarity for an English speaker unfamiliar with the specific terminology:

**Option 1 (More Detailed - Good for Understanding):**

""Acanthopholis’s armor was made up of overlapping, oval-shaped plates that were placed almost flat against the skin, especially around the edges of the neck and shoulders.  These plates also had sharp, pointed spines extending from the back and upper arms.""

**Option *2 (Slightly More Concise):**

""Acanthopholis’s armor looked like a shield with oval plates that overlapped the skin, starting near the neck and shoulders and extending outwards towards the spine.""

**Option *3 (Breaking it Down - For Easier Processing):**

“Acanthopholis wore armor shaped like large, slightly curved shields. These shields were made of overlapping, oval pieces of material that covered the skin, particularly at the base of the neck and shoulders.  Along the back and upper arms, there were also pointy, raised sections called 'spines'.""

---

**Why these changes work:**

*   **Replaced Complex Words:** ""consisted of,"" ""set,"" ""almost horizontally,"" ""along the spine"
"Origin Irmo was chartered on Christmas Eve in 1890 in response to the opening of the Columbia, Newberry and Laurens Railroad.","Okay, here are a few options for rewriting that sentence, aiming for clarity for an English speaker unfamiliar with the specific details, along with explanations of why I made each change:

**Option 1 (More Detailed - Good for general understanding):**

""In 1890, a railroad company called Irmo was established as a special charter to open the Columbia, Newberry, and Laurens Railroad. This happened during Christmas Eve.""

*   **Changes Made:** Replaced ""Irmo was chartered on Christmas Eve in 1890"" with “a railroad company called Irmo was established as a special charter to open the Columbia, Newberry, and Laurens Railroad.”  This is more straightforward.
*   **Why:**  The original phrasing was a bit clunky. We're focusing on the key event – the railroad’s establishment.


**Option 2 (Slightly More Concise - Still Clear):**

“On Christmas Eve, in 1890, Irmo received a special permission to build the Columbia, Newberry, and Laurens Railroad.”

*   **Changes Made:**  Rephrased ""was chartered on"" to ""received a special permission to build,"" which is more"
"Conversely, bills proposed by the Law Commission, and consolidation bills, start in the House of Lords.","Okay, here are a few options for rewriting that sentence, aiming for clarity and natural English flow while preserving the core meaning:

**Option 1 (More Detailed - Good for general understanding):**

""The Law Commission has proposed bills related to consolidating different types of financial arrangements, and these proposals began in the House of Lords.""

**Option 2 (Slightly Shorter & More Direct):**

""The Law Commission is proposing bills to combine various financial rules, and those proposals started in the House of Lords.""

**Option 3 (Focus on the Action - Emphasizes the legislative process):**

""Following a legislative action, the Law Commission has introduced bills designed to consolidate existing financial regulations – they began their work in the House of Lords.""

**Option 4 (Breaking it Down - If you need to explain each part):**

“The Law Commission has proposed laws to combine different financial agreements.  These proposals originated within the House of Lords.”


---

**Why these changes were made:**

* **Replaced Complex Words:** ""proposed bills,"" ""consolidation bills,"" ""start in"" became more accessible phrases like ""has proposed bills"" or ""is proposing bills.""
* **Simplified Language:** Phrases like ""requested"
"In the years before his final release in 1474, when he began preparations for the reconquest of Wallachia, Vlad resided with his new wife in a house in the Hungarian capital.","Okay, here are a few options for rewriting that sentence, aiming for clarity for an English speaker unfamiliar with the nuances of the original:

**Option 1 (More Detailed - Good for general understanding):**

""Before he finally released his military plans in 1474, while preparing to reclaim Wallachia, Vlad lived with his new partner in a home in Budapest.""

*   **Changes:** Replaced ""In the years before his final release"" with “Before he finally released his military plans.”  “reclaim” is more accessible than “reconquest.” “living with his new partner” clarifies the situation. “home” is a common and easily understood term.

**Option 2 (Slightly More Concise - Still Clear):**

""During the time before he launched his military campaign to retake Wallachia in 1474, Vlad stayed with his new wife in Budapest.""

*   **Changes:** Simplified phrasing – “launched his military campaign” is clearer than “began preparations for the reconquest.” “stayed with” is a smoother way to express the location.

**Option 3 (Breaking it Down - For maximum comprehension):**

""When Vlad was working on planning to take back"
"You may add a passage of up to five words as a Front-Cover Text, and a passage of up to 25 words as a Back-Cover Text, to the end of the list of Cover Texts in the Modified Version.","Okay, please provide the complex sentence you want me to rewrite! I need the text itself to work with. 😊

Once you give me the original sentence, I’ll craft a revised version for you, incorporating simpler language, paraphrasing, compression, and adding a cover text as requested. Let's get started!"
"He is interred in the Restvale Cemetery in Alsip, Illinois.","Here are a few options for rewriting that sentence, aiming for clarity for someone unfamiliar with English:

**Option 1 (More Detailed):**

""Someone is buried at Restvale Cemetery in the town of Alsip, Illinois.""

*   **Why it works:** This replaces “interred” with a more common word and clarifies the location.

**Option 2 (Slightly More Concise):**

""There’s a grave at Restvale Cemetery in Alsip, Illinois.""

*   **Why it works:**  This uses a shorter phrase and focuses on the fact of the burial.

**Option 3 (Breaking it Down - If you want to explain the context):**

“A person is laid to rest in Restvale Cemetery, located in the city of Alsip, Illinois.”

*   **Why it works:** This breaks down the longer phrase into smaller, understandable parts.


---

To help me refine the best option for *you*, could you tell me:

*   What's the overall context of this sentence? (e.g., is it part of a larger paragraph about death or a place?)"
Bone marrow is the flexible tissue found in the hollow interior of bones.,"Okay, here are a few options for rewriting that sentence, aiming for clarity for someone who’s learning English and doesn’t be familiar with specific medical terms:

**Option 1 (More Explanatory):**

""The bone marrow is a soft tissue inside your bones. It’s like a sponge that helps keep your bones strong and healthy.""

**Option 2 (Focus on Function):**

""Inside your bones, there's a special tissue called bone marrow. This tissue allows your bones to grow and stay flexible.""

**Option 3 (Slightly More Detailed - Still Simple):**

“The marrow within your bones is a flexible part of the bone structure.  It’s essential for keeping your bones strong.”

---

**Why these changes work:**

*   **Replaced Complex Words:** “tissue” instead of “bone,” “interior” replaced with “inside,” “sponge” for “flexible”
*   **Simplified Language:** Avoided phrases like ""found in the hollow interior of bones” – we can just say “inside your bones.”
*   **Added Context:** Providing a simple analogy (""like a sponge"") helps people grasp the concept.


To help me refine the rewrite even further"
Reflection nebulae are usually blue because the scattering is more efficient for blue light than red (this is the same scattering process that gives us blue skies and red sunsets).,"Okay, here's a rewritten version of the sentence, aiming for clarity for an English speaker unfamiliar with the specific scientific terminology:

**Option 1 (More Detailed - Good for Understanding):**

“Blue nebulae – like clouds of gas and dust – tend to appear blue because sunlight scatters differently for different colors. This same scattering effect is what makes our blue sky and the vibrant red color of sunsets.”

**Option 2 (Slightly Shorter & More Direct):**

“Nebulae often look blue because they scatter light differently.  This is similar to how sunlight scatters when it passes through the atmosphere, creating the blue color we see in the sky and sunsets.”


**Option 3 (Breaking it Down - For Easier Processing):**

“Generally, blue nebulae are colored blue because light bounces around them differently.  It’s the same way that sunlight scatters when it goes through the air, which is why we see blue skies and red sunsets.”

---

**Why these changes were made:**

*   **Replaced Complex Words:** ""Reflection nebulae"" became ""Blue nebulae,"" ""like clouds of gas and dust,"" or ""Nebulae often look blue.""
*   **Simplified Language:** Phrases"
"Monteux is a commune of the Vaucluse département in southern France, in the area Provence-Alpes-Côte d'Azur.","Okay, here are a few options for rewriting that sentence, aiming for clarity for an English speaker unfamiliar with French and the region’s details:

**Option 1 (More Detailed & Explanatory):**

""Monteux is a small town located in the Vaucluse department of southern France, part of the Provence-Alpes-Côte d'Azur region.  It’s situated in that area.""

*   **Why this works:** This version replaces “a commune of” with “a small town,” clarifies the location with “part of,” and simplifies the phrasing.

**Option 2 (Slightly More Concise):**

""Monteux is a town in the Vaucluse department of southern France, within the Provence-Alpes-Côte d'Azur area.”

*   **Why this works:** It removes some unnecessary words while maintaining the core meaning.

**Option 3 (Breaking it Down - If you want to really simplify):**

“Monteux is a town in the Vaucluse department of southern France, like a place in the Provence-Alpes-Côte d’Azur region.”

*   **Why this works:** This breaks down the longer sentence into two shorter ones, making it easier to grasp the overall"
"MacGruber starts asking for simple objects to make something to defuse the bomb, but he is later distracted by something (usually involving his personal life) that makes him run out of time.","Okay, here are a few options for rewriting your sentence, aiming for clarity and natural English flow while preserving the core meaning:

**Option 1 (More Concise):**

""When MacGruber asks for basic items to disable the bomb, he gets sidetracked by something – often related to his own personal problems – which causes him to quickly run out of time.""

**Option 2 (Slightly More Detailed - Still Clear):**

""After asking for easy things to stop the bomb, MacGruber becomes preoccupied by something else – frequently involving his personal life – and ends up rushing because he doesn’t have enough time left.""

**Option 3 (Focus on the Core Conflict):**

""Trying to stop the bomb with simple objects, MacGruber gets pulled away by his own worries or personal issues, leading him to feel rushed and unable to finish.""


**Here's why these revisions work:**

* **Simpler Vocabulary:** Words like ""starts asking"" became ""asks,"" ""gets sidetracked,"" and ""becomes preoccupied"" offer more accessible alternatives.
* **Paraphrasing:**  Instead of directly translating phrases like ""MacGruber starts asking,"" we rephrase it as ""MacGruber"
"This was substantially complete when Messiaen died, and Yvonne Loriod undertook the final movement's orchestration with advice from George Benjamin.","Okay, here are a few options for rewriting that sentence, aiming for clarity and natural English flow while preserving the core meaning:

**Option 1 (More Detailed - Focus on Flow):**

""After Messiaen passed away, Yvonne Loriod completed the final orchestration of the piece with guidance from George Benjamin. This was a very significant undertaking.""

**Option 2 (Slightly More Concise):**

""When Messiaen died, Yvonne Loriod finished the last part of the music with help from George Benjamin. It was a substantial and important project.""

**Option 3 (Breaking it Down - Good for Clarity):**

“When Messiaen died, Yvonne Loriod finished the final section of his composition with assistance from George Benjamin.  It was a large and important musical effort.”


**Option 4 (Combining elements):**

“Following Messiaen’s death, Yvonne Loriod completed the final movement’s orchestration, receiving advice from George Benjamin. This was a considerable and important undertaking.”



**Why these changes work:**

*   **Simpler Vocabulary:** Words like ""substantially complete"" were replaced with more common phrases like ""very significant"" or ""a large and important effort"".
*   **Reduced"
"Shi'a Muslims consider Karbala to be one of their holiest cities after Mecca, Medina, Jerusalem and Najaf.","Okay, here are a few options for rewriting that sentence, aiming for clarity for an English speaker unfamiliar with the specific religious context, along with explanations of why I made each change:

**Option 1 (More Detailed & Explanatory):**

""For Shia Muslims, Karbalah is incredibly important as one of the most sacred places they visit after Mecca, Medina, Jerusalem, and Najaf. They consider it very special.""

*   **Changes:** Replaced ""Shi'a Muslims consider"" with “For Shia Muslims,” which is more natural.  Added “extremely important” to emphasize the significance.  Simplified “to be one of their holiest cities” to “as one of the most sacred places they visit.”


**Option **2 (Focus on Importance & Context):**

“Karbalah holds immense importance for Shia Muslims. They regard it as a central place of worship among Mecca, Medina, Jerusalem, and Najaf.”

*   **Changes:**  Rephrased to highlight the importance first. Used “holds immense importance” to convey the depth of the feeling.  Changed “to be one of their holiest cities” to “as a central place of worship” – this is a clearer way to express"
"The PAD called for the resignation of the governments of Thaksin Shinawatra, Samak Sundaravej and Somchai Wongsawat, whom the PAD accused of being proxies for Thaksin.","Okay, here are a few options for rewriting that sentence, aiming for clarity for an English speaker unfamiliar with the nuances of Thai political terminology:

**Option 1 (More Detailed - Good for Understanding):**

""The PAD (Political Action Department) demanded that the governments of Thaksin Shinawatra, Samak Sundaravej, and Somchai Wongsawat – who they believed were agents of Thaksin – step down.""

* **Explanation:** This version replaces ""called for the resignation of"" with “demanded that…” which is more direct.  It also clarifies that they were *believed* to be agents.

**Option 2 (Slightly More Concise - Still Clear):**

""The PAD forced the resignation of the governments of Thaksin Shinawatra, Samak Sundaravej, and Somchai Wongsawat, accusing them of being Thaksin’s proxies.”

* **Explanation:** This uses “forced” instead of “called for the resignation of” to emphasize the action taken. It also adds context about their alleged role.

**Option 3 (Breaking Down - For Maximum Clarity if Needed):**

“The PAD instructed the governments of Thaksin Shinawatra, Samak Sundaravej"
"However travel through very remote areas, on isolated tracks, requires advance planning and a suitable, reliable vehicle (usually a four wheel drive).","Okay, here are a few options for rewriting that sentence, aiming for clarity for an English speaker unfamiliar with the nuances of the original:

**Option 1 (More Detailed - Good for general understanding):**

""Traveling through remote, faraway places often involves careful planning and having a sturdy vehicle – usually one with all-wheel drive. It’s important to plan ahead and choose something reliable like a four-wheel drive.""

**Option 2 (Slightly More Concise):**

""Exploring remote, isolated areas requires careful planning and a dependable vehicle, often a four-wheel drive.  It's best to plan thoroughly and choose something reliable.""

**Option 3 (Focusing on the Core Idea - Slightly more formal but still accessible):**

“When traveling through remote and difficult regions, it’s essential to plan thoroughly and have a reliable vehicle, such as a four-wheel drive. This ensures safety and comfort.”


---

**Why these changes were made:**

*   **Complex Words:** ""travel through very remote areas,"" ""on isolated tracks,"" and ""a suitable, reliable vehicle"" were replaced with simpler alternatives like “traveling through remote, faraway places,” “exploring remote, isolated areas,” and “having a"
While at Kahn he was chief architect for the Fisher Building in 1928.,"Here are a few options for rewriting that sentence, aiming for clarity for an English speaker unfamiliar with the specific vocabulary:

**Option 1 (More Detailed - Good for general understanding):**

""When working at Kahn, he was the lead designer for the Fisher Building in 1928.""

*   **Why it works:** This replaces “chief architect” with “lead designer,” which is more accessible. It also simplifies “for the Fisher Building in 1928” to “for the Fisher Building in 1928.”


**Option **2 (Slightly More Concise):**

""At Kahn, he served as the architect for the Fisher Building in 1928.""

*   **Why it works:**  This uses ""served as"" instead of ""was chief architect,"" which is slightly less formal.



**Option 3 (Breaking Down the Original - For maximum clarity):**

“Kahn employed him as the architect for the Fisher Building in 1928.”

*   **Why it works:** This breaks the original sentence into two shorter sentences, making the structure easier to follow.


---

To help me refine the best option for you, could you tell me:"
"He excuses himself because he has to leave for rehearsal, and he and Dr. Schön leave.","Okay, here are a few options for rewriting that sentence, aiming for clarity and naturalness for an English speaker unfamiliar with the nuances:

**Option 1 (More Detailed - Good for general understanding):**

""Because he has to go practice his music, he’s leaving now.  Along with him, Dr. Schön also leaves.""

**Option 2 (Slightly More Concise):**

""Since he needs to leave for practice, he and Dr. Schön are leaving together.""

**Option 3 (Focus on the Reason - Emphasizes the need to leave):**

“He’s going to leave because he has to practice – he’s leaving with Dr. Schön.”

---

**Why these changes work:**

* **""Because he has to go practice his music""**: This is a more common and easily understood way to express ""he has to leave for rehearsal.""
* **""along with him"" / ""and""**: These phrases create a smoother flow and clearly indicate the presence of both people.
* **""also leaves"" / ""are leaving together""**: This emphasizes the action of leaving as a shared experience.


To help me refine the rewrite even further, could you tell me:"
Britpop emerged from the British independent music scene of the early 1990s and was characterised by bands influenced by British guitar pop music of the 1960s and 1970s.,"Okay, here are a few options for rewriting that sentence, aiming for clarity for an English speaker unfamiliar with the nuances of the original:

**Option 1 (More Detailed - Good for general understanding):**

""British rock music started to develop in Britain during the early 1990s, largely inspired by the style of popular guitar music from the 1960s and 1970s.  Several bands formed based on this musical heritage.""

**Option *2 (Slightly shorter and more direct):**

""A new type of British music began to emerge in Britain starting around the early 1990s. It was influenced by classic American rock and roll styles from the 1960s and 70s.""

**Option *3 (Focusing on the origin and inspiration):**

“Growing up in Britain during the early 1990s, musicians started creating music that sounded like the style of 1960s and 70s American rock and roll. This led to the formation of many bands.”


---

**Why these changes were made:**

*   **Replaced Complex Words:** ""emerged,"" ""characterized by,"" ""influenced"
This was absorbed into battalions being formed for XI International Brigade.,"Okay, here are a few options for rewriting that sentence, aiming for clarity and natural English flow while preserving the core meaning:

**Option 1 (More Detailed - Good for general understanding):**

""The XI International Brigade is organizing into large groups of soldiers.""

**Option 2 (Slightly More Concise):**

""The XI International Brigade is creating separate units of soldiers.""

**Option 3 (Focus on the Formation):**

""The XI International Brigade is building up a formation of soldiers.""

**Option 4 (Breaking it Down - If you want to emphasize the process):**

""The XI International Brigade is forming large teams of soldiers.  They’re essentially creating separate groups of soldiers.""


---

**Why these changes work:**

* **Replaced Complex Words:** ""absorbed into battalions being formed"" became ""organizing into large groups,"" ""creating separate units,"" or ""building up a formation.""
* **Simplified Language:** Phrases like ""being formed for"" were replaced with more direct phrasing.
* **Reduced Redundancy:**  Phrases like ""for XI International Brigade"" were streamlined.



To help me refine the best option for *you*, could you tell me:

*   **What"
"The Sheppard line currently has fewer users than the other two subway lines, and shorter trains are run.","Okay, here's a rewritten version of that sentence, aiming for clarity for someone who’s learning English and doesn’t be familiar with all the nuances:

**Option 1 (More Detailed - Good for Beginners):**

""Currently, the Sheppard line isn’t getting as many people as the other two subway lines. They also have shorter train cars.""

**Option 2 (Slightly More Concise):**

""The Sheppard line is less popular than the other two subway lines.  They use shorter trains instead.""

**Option 3 (Focus on Key Points - If you want to emphasize the core message):**

“Because the Sheppard line has fewer riders, they operate with shorter train routes.”


**Why these changes work:**

*   **Replaced Complex Words:** ""The shepherd line,"" ""and,"" ""are run,"" ""shorter trains"" were replaced with more common and understandable phrases.
*   **Simplified Language:** Phrases like “currently has fewer users” became “isn’t getting as many people” or “is less popular”.
*   **Compression:**  The original sentence was a bit wordy. We shortened it to be more direct.
*   **Maintaining Meaning:** All options maintain the"
"It has a capacity of 98,772, making it the largest stadium in Europe, and the eleventh largest in the world.","Okay, here are a few options for rewriting that sentence, aiming for clarity and natural English while maintaining the core meaning:

**Option 1 (More Concise & Explanatory):**

""This stadium is incredibly large – it’s one of the biggest in Europe, but it’s also the eleventh largest stadium globally.""

**Option 2 (Breaking Down the Original - Slightly More Detailed):**

""It’s the largest stadium in Europe, officially measuring over 100,000 seats.  However, it’s the eleventh largest stadium worldwide.”

**Option 3 (Focus on Size Comparison):**

“This stadium is enormous; it’s the largest in Europe and the tenth-largest globally.”

**Option 4 (Combining Elements - A Balanced Approach):**

""It's a massive stadium – it’s the largest in Europe, dwarfing many other stadiums around the world. It’s the eleventh largest stadium overall.”


---

**Why these changes work:**

* **Simpler Vocabulary:** Words like ""capacity,"" ""largest,"" and ""world"" were replaced with more common alternatives.
* **Reduced Complexity:** Phrases like “has a capacity of” were streamlined.
* **"
"In December, 1967, Ten Boom was honored as one of the Righteous Among the Nations by the State of Israel.","Okay, here are a few options for rewriting that sentence, aiming for clarity and natural English flow while preserving the core meaning:

**Option 1 (More Detailed - Good for general understanding):**

""In December 1967, Dutch humanitarian Theo Bosman was recognized by Israel as a person who helped those persecuted during the Holocaust.  The State of Israel then awarded him this honor.""

**Option *2 (Slightly shorter and more direct):**

""In December 1967, Theo Bosman, a Dutch humanitarian fighting against Nazi persecution, was honored by Israel as a Righteous Jew.""

**Option *3 (Focus on the action and recognition):**

“During December 1967, when the Nazis were persecuting people, Theo Bosman was praised by Israel as someone who helped them.”


**Explanation of Changes & Why They Work:**

*   **""Righteous among the Nations"":** This phrase is very formal and difficult to translate directly. I replaced it with ""a person who helped those persecuted"" or “someone who helped those facing persecution” – these phrases are more accessible.
*   **""Ten Boom was honored"":** Reworded to ""was recognized by Israel"""
Some articles are quite lengthy and rich in content while others are shorter (possibly stubs) and of lesser quality.,"Okay, here's a rewritten version of that sentence, aiming for clarity and natural English flow for someone who’s new to English:

**Option 1 (More Detailed):**

“There are some articles – they contain a lot of detail and important information – but there are also some shorter articles that aren’t as valuable. ”

**Option 2 (Slightly More Concise):**

“Some articles are detailed and comprehensive, while others are brief and less informative.”

**Option 3 (Focus on Comparison - Good if you want to emphasize the difference):**

“While some articles offer a lot of information, others are much more basic and don’t provide as much depth.”


**Why these changes work:**

* **Replaced Complex Words:** “quite lengthy and rich in content” became “contain a lot of detail and important information” or “are detailed and comprehensive”.  “of lesser quality” became “aren’t as valuable” or “less basic and don’t provide as much depth.”
* **Simplified Language:** Phrases like ""some articles are quite lengthy"" were replaced with more straightforward expressions.
* **Compression:**  The original sentence was a bit wordy. I’ve trimmed it down"
About 95 species are currently accepted.,"Here are a few options for rewriting that sentence to make it clearer for an English speaker unfamiliar with the specific terminology, along with explanations of why they work:

**Option 1 (Focus on Clarity & Simplicity):**

""Currently, about 95 different kinds of plants and animals have been recognized as being part of this group.""

* **Why it works:**  Replaces ""about 95 species"" with “different kinds of plants and animals.” It’s more accessible and avoids sounding overly formal.

**Option 2 (More Detailed Explanation - if needed):**

""There are currently 95 officially recognized species. These include various types of plants and animals found across the world.""

* **Why it works:** Adds context – “officially recognized” clarifies the nature of the recognition.  It also expands on what constitutes a “group” – mentioning “various types of plants and animals.”


**Option 3 (Breaking Down the Original - for even greater clarity):**

“Scientists have identified approximately 95 different species of plants and animals. This number includes a wide range of life forms.”

* **Why it works:** Breaks down the initial phrase into smaller, understandable parts. ""Identified"" is a good"
"Eugowra is said to be named after the Indigenous Australian word meaning ""The place where the sand washes down the hill"".","Okay, here are a few options for rewriting that sentence, aiming for clarity for an English speaker unfamiliar with the specific terminology, along with explanations of why I made each change:

**Option 1 (More Detailed - Good for general understanding):**

""The name ‘Eugraw’ comes from an Aboriginal Australian expression meaning 'the place where the sand flows down the slope.'  It's a descriptive term referring to a natural feature.""

* **Why this works:** This replaces “is said to be named after” with a more straightforward statement about the origin. It also clarifies the meaning – it’s a descriptive name related to a landscape feature.

**Option 2 (Slightly More Concise - Still Clear):**

""‘Eugraw’ is named after an Aboriginal saying describing a location where sand slides down a hillside.”

* **Why this works:**  This simplifies the phrasing while retaining the core meaning.  “Saying” is a good substitute for “word” when discussing cultural origins.

**Option 3 (Breaking Down - For maximum clarity if you need to explain further):**

“The name ‘Eugraw’ originates from an Aboriginal legend. It refers to a spot on a hillside where sand constantly flows downwards."
"Terms such as ""undies"" for underwear and ""movie"" for ""moving picture"" are oft-heard terms in English.","Okay, here's a rewritten version of that sentence, aiming for clarity and natural English flow while preserving the core meaning:

**Option 1 (More Detailed):**

“It’s common to hear people say things like ‘undies’ referring to underwear, or ‘movie’ meaning a moving picture.  These phrases often get used.”

**Option 2 (Slightly More Concise):**

“Often, you’ll hear someone say ‘undies’ – they’re underwear – or ‘movie’ – which means a moving picture.”

**Option 3 (Focus on the Core Idea - Good for beginners):**

“People sometimes use the phrase ‘undies’ to describe underwear, or ‘movie’ to describe a moving picture.”


**Why these changes work:**

* **Simpler Vocabulary:** Replaced words like “undies” and “movie” with more familiar equivalents.
* **Paraphrasing:** Instead of saying “undies for underwear,” we now say “they’re referring to underwear.”
* **Compression:** We removed unnecessary phrases like “oft-heard terms” – it adds little value.
* **Flow:** The sentences are structured to read smoothly and naturally.

To help me"
"Jurisdiction draws its substance from public international law, conflict of laws, constitutional law and the powers of the executive and legislative branches of government to allocate resources to best serve the needs of its native society.","Okay, here are a few options for rewriting that sentence, aiming for clarity for an English speaker unfamiliar with legal jargon, along with explanations of why I made each change:

**Option 1 (More Detailed - Good for general understanding):**

""The rules governing who has authority – like international agreements, laws about disputes between countries, rules about how governments should handle things, and the power of the leaders and lawmakers – all come from the overall framework of international law.  It’s designed to help the country where it lives get the most benefit and support.""

*   **Changes Made:**
    *   “Jurisdiction” became “rules governing…” – This is more accessible.
    *   “draws its substance from” changed to “come from the overall framework of…” – More natural phrasing.
    *   “conflict of laws” became “laws about disputes between countries” – Easier to grasp.
    *   “constitutional law” became “rules about how governments should handle things” – Simplified the concept.
    *   “powers of the executive and legislative branches” became “the power of the leaders and lawmakers” – Clearer wording.
    *   “to allocate resources to best serve the needs of its native society"
"He followed this with several other pieces about Hiawatha: The Death of Minnehaha, Overture to The Song of Hiawatha and Hiawatha's Departure.","Okay, here are a few options for rewriting that sentence, aiming for clarity for an English speaker unfamiliar with the topic, ranging from slightly more to significantly more condensed:

**Option 1 (Slightly More Detailed - Good for Beginners):**

""After that, he studied further on the subject of Hiawatha. Specifically, he read about ‘The Death of Minnehaha,’ the beginning of the story of Hiawatha, ‘Overture to The Song of Hiawatha,’ and then ‘Hiawatha’s departure.’""

**Option 2 (More Concise – Focuses on Key Information):**

""Following that, he researched several books about Hiawatha. He read about ‘The Death of Minnehaha,’ the opening of the story, ‘Overture to The Song of Hiawtha,’ and ‘Hiawatha’s departure.’”

**Option 3 (Most Condensed - If you want maximum simplicity):**

""Then, he explored further writings about Hiawatha.  He read about ‘The Death of Minnehaha,’ the beginning of the story, ‘Overture to The Song of Hiawatha,’ and ‘Hiawatha’s departure.’”"
The capital of the state is Aracaju (pop.,"Okay, here are a few options for rewriting that sentence, aiming for clarity and natural English while maintaining the core meaning:

**Option 1 (More Detailed - Good for general understanding):**

""The capital city of the state of Aracaju is [it has a population of].  Specifically, Aracaju is the official capital.""

**Option 2 (Slightly More Concise):**

""Aracaju is the capital of this state, and it’s home to a population of [a significant number] people.""

**Option 3 (Focus on Key Information - If space is limited):**

""Aracaju is the state's capital, and it has a large population of [approximately X number] people."" (Replace ""X"" with a realistic estimate if you have one).


**Option 4 (Breaking it Down - For very complex learners):**

“Aracaju is the capital of the state. It’s known for having a considerable population of [a specific number] people.”

---

**Why these changes work:**

* **Simpler Vocabulary:** Words like “the capital” were replaced with more common phrases.
* **Paraphrasing:** Instead of directly translating ""is,"" we use"
"Despite this, Farrenc was paid less than her male counterparts for nearly a decade.","Okay, here are a few options for rewriting that sentence, aiming for clarity and natural English flow while preserving the core meaning:

**Option 1 (More Emphasis on the Difference):**

""Even though Farrenc received less money than men who had done the same job for almost ten years, this difference persisted.""

**Option 2 (Slightly More Detailed - Still Clear):**

""Farrenc wasn’t paid as much as her male colleagues for nearly a decade. Despite this disparity, she still earned less.""

**Option 3 (Breaking it Down – Good for Understanding Complexity):**

“Farrenc was paid significantly less than other men who had worked similar roles for a long time.  This happened repeatedly over a period of nearly a decade.”

**Option 4 (Concise & Direct):**

“Farrenc was underpaid compared to many men who had held similar positions for a long time.”


---

**Why these changes work:**

* **Simpler Vocabulary:** Words like ""despite this"" were replaced with more direct alternatives like ""even though"" or ""despite the fact that.""
* **Reduced Wordiness:** Phrases like “for nearly a decade” were streamlined to “for almost ten years” or “"
Gumbasia was created in a style Vorkapich taught called Kinesthetic Film Principles.,"Okay, here are a few options for rewriting that sentence, aiming for clarity and natural English flow while preserving the core meaning:

**Option 1 (More Detailed - Good for Beginners):**

""Gumbasia originated through a filmmaking technique taught by Vorkapich – which involved using movement and feeling during filming, known as Kinesthetic Film Principles.""

**Option 2 (Slightly More Concise):**

""Gumbasia was developed using Vorkapich’s method of Kinesthetic Film Principles – where movements and feelings were incorporated into the film.”

**Option 3 (Focus on the Core Concept):**

“Inspired by Vorkapich’s teaching about Kinesthetic Film Principles, Gumbasia was created.”

---

**Why these changes work:**

*   **Replaced Complex Words:** ""created in a style"" became ""originated through a filmmaking technique"" or ""developed using...""
*   **Simplified Language:** Phrases like “was taught called” were replaced with more straightforward descriptions.
*   **Compression:**  The original sentence is quite long. Breaking it down into smaller phrases makes it easier to grasp.
*   **Main Idea Retained:** All options maintain the central idea – that Gumb"
"The lawyer, Brandon (Waise Lee), became his idol, and MK Sun grew up to be a lawyer.","Okay, here are a few options for rewriting that sentence, aiming for clarity and natural English flow while preserving the core meaning:

**Option 1 (More Concise):**

""Brandon Waise Lee, a lawyer, was a significant influence on him. Meanwhile, Mark Sun grew up to become a lawyer himself.""

**Option 2 (Slightly More Detailed - Still Clear):**

""Brandon Waise Lee, a lawyer, was someone he admired greatly. As a result, Mark Sun also developed a passion for law.""

**Option 3 (Breaking it Down - Good for Understanding Complexity):**

""When Brandon Waise Lee was a young lawyer, he became a role model for many.  Mark Sun, inspired by this example, eventually pursued a career as a lawyer.""

---

**Why these changes work:**

*   **Simpler Vocabulary:** Words like ""idol,"" ""grew up to be,"" and ""himself"" were replaced with more common alternatives.
*   **Reduced Wordiness:** Phrases like ""became his idol"" were streamlined to ""was a significant influence on him"" or ""was someone he admired greatly.""
*   **Logical Flow:** The sentences now present the relationships between the two people in a"
"ISBN 1-876429-14-3 is an historic township located near Cowra in the central west of New South Wales, Australia in Cabonne Shire.","Okay, here's a rewritten version of that sentence, aiming for clarity for someone who’s learning English and doesn’t be familiar with specific geographical terms:

**""The ISBN number 1-876429-14-3 refers to a historical settlement located near Cowra in the central western part of New South Wales, Australia, within the Cabonne Shire region.""**

Here’s a breakdown of what I changed and why:

*   **“ISBN 1-876429-14-3”**:  This was kept as it's a unique identifier.
*   **“is an historic township”**: Changed to “refers to a historical settlement” – more straightforward.
*   **“located near Cowra”**: Simplified to ""located near Cowra"" - shorter and easier to grasp.
*   **“in the central west of New South Wales, Australia”**: Rephrased to ""within the central western part of New South Wales, Australia"" - clarifies the location.
*   **“in Cabonne Shire”**: This phrase remains the same, but is clarified as the region where the settlement is situated.


Would you like me to tweak"
Military career Donaldson enlisted in the Australian Army on 18 June 2002.,"Here are a few options for rewriting that sentence, aiming for clarity for an English speaker unfamiliar with military jargon:

**Option 1 (More Detailed - Good for general understanding):**

""Donaldson joined the Australian Army on June 18, 2002.""

*   **Why it works:** This is straightforward and avoids overly formal language. It clearly states the time he joined.

**Option 2 (Slightly More Concise):**

""Donaldson began his military service with the Australian Army on June 18, 2002.""

*   **Why it works:**  It uses ""began his military service"" which is slightly more natural phrasing.

**Option 3 (Focusing on the Action - Emphasizes joining):**

""Donaldson became a member of the Australian Army on June 18, 2002.""

*   **Why it works:** This emphasizes the action of joining the army.


**Option 4 (Breaking it Down - For maximum clarity if you need to explain each part):**

“Donaldson started serving with the Australian Army on June 18th, 2002.”

*   **Why it works:** This"
"Prospectors from California, Europe and China were also digging along the Peel River and up the mountain slopes.","Okay, here are a few options for rewriting that sentence, aiming for clarity and natural English flow while preserving the core meaning:

**Option 1 (More Concise):**

""Miner working in California, Europe, and China were also searching for gold along the Peel River and on the hillsides.""

*   **Changes:** Replaced ""Prospectors"" with ""Miners,"" simplified ""digging along"" to ""searching for gold,"" and replaced ""up the mountain slopes"" with ""on the hillsides.""

**Option 2 (Slightly More Detailed - Still Clear):**

""Gold prospectors from California, Europe, and China were also exploring the Peel River and the slopes of the mountains.""

*   **Changes:**  Rephrased “digging” as “exploring” – this is slightly more descriptive. Added “the slopes” for clarity.

**Option 3 (Breaking Down Further - For Maximum Clarity):**

“People working in California, Europe, and China were also looking for gold in the Peel River and around the hills in those regions.”

*   **Changes:** This breaks down the initial sentence into three shorter sentences, making it easier to follow.

---

**Why these changes work:**"
"Before the advent of the pocket calculator, it was the most commonly used calculation tool in science and engineering.","Okay, here are a few options for rewriting that sentence, aiming for clarity for an English speaker unfamiliar with the specific vocabulary, along with explanations of why I made each change:

**Option 1 (More Detailed - Focus on Clarity):**

""Before there were calculators in your pocket, scientists and engineers relied on manual calculations – that’s how they did their work.""

*   **Why it works:** This replaces phrases like ""the most commonly used calculation tool"" with “calculators in your pocket,” which is more relatable.  “rely on manual calculations” clarifies the original meaning.

**Option 2 (Slightly More Concise - Still Clear):**

""In the past, scientists and engineers used traditional methods for calculations – things like doing calculations by hand.""

*   **Why it works:**  This simplifies ""the most commonly used calculation tool"" to ""traditional methods for calculations,"" and ""rely on manual calculations"" to ""using traditional methods for calculations.""

**Option 3 (Breaking Down - For Easier Processing):**

""When there weren't calculators, scientists and engineers would often do calculations manually – using pen and paper or other tools.""

*   **Why it works:** This breaks down the initial statement"
"The Kindle 2 features 16-level grayscale display, improved battery life, 20 percent faster page-refreshing, a text-to-speech option to read the text aloud, and overall thickness reduced from 0.8 to 0.36 inches (9.1 millimeters).","Okay, here's a rewritten version of that sentence, aiming for clarity for an English speaker unfamiliar with technical terms:

**Option 1 (More Detailed - Good for Understanding):**

“The Kindle 2 has a new display that offers 16 different shades of gray. It also has much longer battery life, allowing you to use your device for longer.  It’s also equipped with a feature that reads text aloud – essentially, it can speak the words on the screen.  Finally, it’s thinner than ever, now only about 0.36 inches thick (or 9.1 millimeters)!”

**Option 2 (Slightly More Concise - Still Clear):**

“The Kindle 2 boasts a 16-color grayscale display, providing better visibility. It has significantly improved battery life, letting you use it for more time.  Furthermore, it includes a text-to-speech function that reads text aloud, and it’s noticeably slimmer, now only 0.36 inches thick.”


---

**Key Changes & Why They Were Made:**

*   **Complex Words:** Replaced phrases like ""features,"" ""overall thickness reduced,"" and ""text-to-speech option"" with simpler"
Yoghurt or yogurt is a dairy product produced by bacterial fermentation of milk.,"Okay, here are a few options for rewriting that sentence, aiming for clarity for someone who’s learning English and doesn’t be familiar with specific technical terms:

**Option 1 (More Detailed - Good for Beginners):**

""Milk is fermented by bacteria to create yogurt. Yogurt is a type of dairy food.""

**Option 2 (Slightly More Concise):**

""Bacteria turn milk into yogurt through fermentation.  This results in a delicious dairy product.""

**Option 3 (Focus on the Process):**

“When bacteria ferment milk, they create yogurt – a popular and nutritious food.”

---

**Why these changes work:**

*   **Replaced Complex Words:** ""produced by bacterial fermentation of milk"" became “fermented by bacteria to create yogurt” or “bacteria turn milk into yogurt through fermentation”.
*   **Simplified Language:** Phrases like ""Yoghurt or yogurt is a"" were replaced with more straightforward phrasing.
*   **Added Context:** Adding phrases like ""this results in a delicious dairy product"" helps clarify the purpose of yogurt.


To help me refine the best option for *you*, could you tell me:

*   What's your current level of English?
*"
"Seventy-five defencemen are in the Hall of Fame, more than any other current position, while only 35 goaltenders have been inducted.","Okay, here's a rewritten version of that sentence, aiming for clarity for an English speaker unfamiliar with the specific terminology:

**""There are seventy-five men honored as heroes – far more than any other defensive position currently active. Only thirty-five of those heroes have received this recognition.""**

Here’s a breakdown of what I changed and why:

*   **“Seventy-five defencemen are in the Hall of Fame”** became **“There are seventy-five men honored as heroes”**. This is much more straightforward. ""Defensemen"" becomes ""men honored as heroes,"" which is easier to grasp.
*   **“more than any other current position”** became **“far more than any other defensive position currently active.”**  This clarifies the comparison.
*   **“while only 35 goaltenders have been inducted”** became **“only thirty-five of those heroes have received this recognition.”** This simplifies the wording and emphasizes the recognition aspect.

Let me know if you'd like me to tweak it further or explain *why* I made these changes!"
"Alternative views on the subject have been proposed throughout the centuries (see below), but all were rejected by mainstream Christian bodies.","Okay, here's a rewritten version of that complex sentence, aiming for clarity and natural English flow while preserving its core meaning:

**Option 1 (More Detailed):**

“Throughout history, many different viewpoints have been considered about this topic. However, most Christian organizations refused to accept these ideas. ”

**Option 2 (Slightly Shorter & More Direct):**

“People have suggested various opinions about this matter throughout the past centuries, but mainstream Christian groups rejected them.”

**Option 3 (Focusing on the Core Idea - Good if you want to emphasize the rejection):**

“Historically, there were different beliefs about this, but churches didn’t approve of them.”


**Explanation of Changes Made:**

*   **""alternative views on the subject""** became **""different viewpoints"" or ""various opinions.""** This is more accessible.
*   **""have been proposed throughout the centuries""** was rephrased as **""many different viewpoints have been considered over time""** or **""people have suggested various opinions about this matter throughout the past centuries.""**  This avoids the formal phrasing.
*   **""but all were rejected by mainstream Christian bodies""** was changed to **""However"
"The album, however, was banned from many record stores nationwide.","Here are a few options for rewriting that sentence, aiming for clarity for an English speaker unfamiliar with the nuances of the original:

**Option 1 (More Direct):**

""Unfortunately, this album wasn’t allowed in many stores across the country.""

*   **Why it works:** This replaces “The album” with “this album,” simplifies “was banned from” to “wasn’t allowed in,” and uses “across the country” which is more accessible than “nationwide.”

**Option 2 (Adding Context - Slightly More Detailed):**

“Despite being popular, this album was prohibited from numerous record shops throughout the United States.”

*   **Why it works:**  This adds ""despite being popular"" to explain *why* the album might have been banned, and clarifies ""the United States"" for better understanding. It also uses ""prohibited"" instead of ""banned"" for a slightly more formal tone.

**Option 3 (Breaking it Down – Good for Larger Texts):**

“The album faced opposition and was refused entry into many retail stores nationwide.”

*   **Why it works:** This breaks down the initial phrase into three smaller parts: “The album faced opposition” (meaning it was disliked"
"The legs are wide at the top, and narrow at the ankle.","Okay, here are a few options for rewriting that sentence, aiming for clarity for someone who’s learning English and doesn’t be familiar with very specific anatomical terms:

**Option 1 (More Detailed - Good for Beginners):**

""The legs have a broad, rounded shape at the top and then become narrower towards the bottom of the foot.""

**Option 2 (Slightly More Concise):**

""The legs are wider at the top and then get shorter at the lower part of the foot.""

**Option 3 (Focusing on the Overall Shape):**

“The legs are shaped like a wide, flat section at the top and then gradually become more slender near the end of the foot.”

**Option 4 (Breaking it Down – If you want to explain each part):**

“First, the legs have a large, gentle curve at the top. Then, as you move down, they become smaller and thinner near the bottom of the foot.”


---

**Why these changes work:**

*   **Simpler Vocabulary:** Words like ""wide,"" ""narrow,"" ""at the top,"" ""at the ankle,"" and ""lower part"" were replaced with more common alternatives.
*   **Paraphrasing"
"In late 2004, Suleman made headlines by cutting Howard Stern's radio show from four Citadel stations, citing Stern's frequent discussions regarding his upcoming move to Sirius Satellite Radio.","Okay, here are a few options for rewriting that sentence, aiming for clarity for an English speaker unfamiliar with the nuances of the original:

**Option 1 (More Concise & Explanatory):**

""In late 2004, journalist Suleman gained attention because he stopped broadcasting Howard Stern’s radio show across four different radio stations – Citadel stations – because he was planning to move him to Sirius Satellite Radio.""

*   **Changes:** Replaced “made headlines by cutting” with “gained attention because he stopped broadcasting.”  Simplified “citing Stern’s frequent discussions regarding his upcoming move” to “because he was planning to move him.” Explained the reason more directly.


**Option 2 (Breaking Down into Smaller Sentences):**

“Around late 2004, news outlets reported on Suleman. He stopped broadcasting Howard Stern’s radio show at four different radio stations owned by Citadel. This happened because he was considering moving Stern to Sirius Satellite Radio.”

*   **Changes:** Split the original into three shorter sentences. Added ""around"" to clarify timing. Explained the reasoning using ""this happened because...""



**Option 3 (Focusing on the Core Action - Slightly More Detailed):**

“Sule"
"The company opened twice as many Canadian outlets as McDonald's ""Wendy's confirms Tim Hortons IPO by March"", Ottawa Business Journal, December 1, 2005, and system-wide sales also surpassed those of McDonald's Canadian operations as of 2002.","Okay, here’s a rewritten version of that complex sentence, aiming for clarity and readability for an English speaker unfamiliar with business jargon:

**Option 1 (More Detailed - Good for Understanding):**

“A Canadian company significantly expanded its presence by opening twice as many outlets as McDonald’s.  In addition to this expansion, their overall sales figures exceeded those of McDonald’s Canadian outlets as of 2002. Furthermore, the company’s systems-wide sales were also higher than McDonald’s existing Canadian operations.”

**Option 2 (Slightly More Concise - Still Clear):**

""McDonald’s announced that a Canadian firm doubled its outlet network compared to previous years. Simultaneously, their overall sales were greater than what McDonald’s Canadian outlets were generating in 2002. This is also confirmed by a business journal report.""


**Here’s a breakdown of why these changes work:**

*   **Complex Words Replaced:** “opened twice as many” became “significantly expanded its presence by opening twice as many outlets,” “system-wide sales also surpassed” became “their overall sales figures exceeded those of McDonald’s Canadian outlets.”
*   **Removed Unnecessary Information:** Phrases like “the company"
"Plot Captain Caleb Holt (Kirk Cameron) is a firefighter in Albany, Georgia and firmly keeps the cardinal rule of all firemen, ""Never leave your partner behind"".","Okay, here are a few options for rewriting that sentence, aiming for clarity for an English speaker unfamiliar with the context, along with explanations of why I made each change:

**Option 1 (More Direct & Explanatory):**

""As a firefighter in Albany, Georgia, Caleb Holt strictly follows a crucial rule – ‘Never leave your partner behind.’”

*   **Why it works:** This replaces phrases like “Plot Captain” and “firmly keeps” with more common language.  “Strictly follows” clarifies the commitment. “Crucial rule” provides a good understanding of the importance.

**Option 2 (Breaking Down & Focusing on Core Meaning):**

“Caleb Holt, a firefighter in Albany, Georgia, always makes sure to protect his partner. He believes it’s important to never leave someone alone while he’s working.”

*   **Why it works:** This breaks down the longer sentence into smaller, easier-to-understand parts. It focuses on the core idea – protecting a partner – and explains *why* this rule is important.

**Option 3 (Combining Elements - Slightly More Detailed):**

“In Albany, Georgia, as a firefighter named Caleb Holt, he has a very important rule"
He won the presidential election held on 2 March 2008 with 71.25% of the popular vote.,"Okay, here are a few options for rewriting that sentence, aiming for clarity for someone who’s learning English and doesn’t be familiar with specific political jargon:

**Option 1 (More Detailed - Good for Beginners):**

""In March 2008, he became president by winning a large percentage of the people's votes – almost exactly 71.25%. This means he received over 71% of all the voters who wanted him as president.""

**Option 2 (Slightly Shorter & More Direct):**

""He won the presidential election on March 2nd, 2008, earning nearly 71.25% of the support from the voters.""

**Option 3 (Focusing on the Result - Clearer):**

“He successfully won the presidential race in March 2008, securing about 71.25% of the people’s choice.”

---

**Why these changes work:**

*   **Replaced Complex Words:** ""held on,"" ""with,"" ""popular vote,"" ""significant percentage,"" ""winning by"" were replaced with more common phrases.
*   **Simplified Language:**  Phrases like “won"
The plant is considered a living fossil.,"Okay, here are a few options for rewriting that sentence, aiming for clarity and natural English flow while preserving the core meaning:

**Option 1 (More Detailed - Good for Beginners):**

""This plant is like a very old relic – it’s considered a living fossil because it has remained unchanged for millions of years.""

*   **Explanation:** This replaces ""is considered"" with “is like” which is more accessible.  “Relic” is a good synonym for “living fossil.” “Remained unchanged” clarifies the key aspect.

**Option 2 (Slightly Shorter & More Direct):**

""This plant is a prehistoric specimen – it's believed to be a living fossil due to its long history.""

*   **Explanation:** Uses “prehistoric specimen” for a clearer image. “Believed to be” provides a slightly softer phrasing. “Long history” explains the reason for being a fossil.


**Option 3 (Breaking it Down - For Enhanced Understanding):**

""Because this plant has existed for a very long time – perhaps millions of years – it’s often called a living fossil. It hasn’t changed much during that time.""

*   **Explanation:** This breaks the original"
"In 1990, she was the only female entertainer allowed to perform in Saudi Arabia.","Okay, here are a few options for rewriting that sentence, aiming for clarity and natural English flow while preserving the core meaning:

**Option 1 (More Detailed - Good for Beginners):**

""In 1990, there was no other woman performing in Saudi Arabia. She was the only one permitted to entertain on stage.""

**Option 2 (Slightly More Concise):**

""In 1990, there was only one female performer allowed to perform in Saudi Arabia.""

**Option 3 (Focusing on the Restriction):**

""During 1990, there wasn’t any other woman who could perform in Saudi Arabia – she was the sole option.""

**Option 4 (Breaking it Down - If you want to explain each part):**

“In 1990, there was no other woman allowed to perform in Saudi Arabia.  She was the *only* one who had permission to perform.”


---

**Why these changes work:**

*   **Simpler Vocabulary:** Words like ""allowed"" and ""permitted"" are generally easier to grasp than more formal terms.
*   **Rephrasing:** Instead of saying “was the only female entertainer,” we"
Orchestration Stravinsky first conceived of writing the ballet in 1913.,"Okay, here are a few options for rewriting that sentence, aiming for clarity and natural English flow while preserving the core meaning:

**Option 1 (More Detailed - Good for Beginners):**

""Composing the ballet was the idea of Igor Stravinsky in 1913.""

*   **Why it works:** This directly states the origin of the idea and avoids overly formal language.

**Option 2 (Slightly More Concise):**

""Igor Stravinsky started writing the ballet in 1913.""

*   **Why it works:**  It’s shorter and focuses on the action – the writing itself.

**Option 3 (Breaking it Down - For Enhanced Understanding):**

“Igor Stravinsky began composing the ballet in 1913.”
* **Why it works:** This breaks down the initial statement into smaller parts, making it easier to grasp.

**Option 4 (Combining Elements - A Balanced Approach):**

“In 1913, composer Igor Stravinsky started working on a ballet.”

*   **Why it works:** It combines the initial statement with a more descriptive element.


---

To help me refine the best option for"
Protests across the nation were suppressed.,"Here are a few options for rewriting the sentence “Protests across the nation were suppressed” in simpler English, each with slightly different nuances:

**Option 1 (Focus on directness):**

""Large protests happened throughout the country, but they were stopped.""

*   **Why it works:** This is straightforward and uses common vocabulary. It directly states the action and the result.

**Option 2 (More descriptive, emphasizing the action):**

""People organized protests nationwide, but authorities quickly put an end to those demonstrations.""

*   **Why it works:**  This adds context – people protesting and then the government’s response. ""Authorities"" provides a clearer term than ""protesters.""

**Option 3 (Breaking down the original for clarity):**

“Protests grew in many places across the United States. However, the government immediately took action to stop these gatherings.”

*   **Why it works:** This breaks the sentence into smaller parts, explaining what protests were and then highlighting the government's intervention.

**Option 4 (Combining elements - a bit more formal but still clear):**

“Significant protests were observed across the entire country. Unfortunately, the government swiftly intervened to halt these events.”

*"
"Offenbach's numerous operettas, such as Orpheus in the Underworld, and La belle Hélène, were extremely popular in both France and the English-speaking world during the 1850s and 1860s.","Okay, here are a few options for rewriting that sentence, aiming for clarity and naturalness for an English speaker unfamiliar with the nuances of French opera terminology:

**Option 1 (More Detailed - Good for Understanding):**

""France and many countries around the world enjoyed a lot of successful operas by Monsieur Offenbach during the 1850s and 1860s.  Specifically, he wrote famous works like ‘Orpheus in the Underworld’ and ‘La Belle Hélène.’”

*   **Changes Made:** Replaced “Offenbach’s numerous operettas” with “Monsieur Offenbach’s successful operas.” Used “enjoyed a lot of” instead of “were extremely popular.” Explained “Orpheus in the Underworld” – it’s a well-known opera title. Added “many countries around the world” to provide context.

**Option 2 (Slightly More Concise - Still Clear):**

“During the 1850s and 1860s, France and other places loved operas written by composer Monsieur Offenbach. He composed famous pieces like ‘Orpheus in the Underworld’ and ‘La Belle Hélène.’”

*   **Changes Made:** Simplified"
Roof tiles dating back to the Tang Dynasty with this symbol have been found west of the ancient city of Chang'an (modern-day Xian).,"Okay, here are a few options for rewriting that sentence, aiming for clarity for an English speaker unfamiliar with the specific details, along with explanations of why I made each change:

**Option 1 (More Detailed - Good for general understanding):**

""Ancient roof tiles featuring a distinctive symbol have been discovered further west of the historic city of Chang'an, which is now modern-day Xi’an.""

*   **Changes Made:** Replaced “Roof tiles dating back to the Tang Dynasty with this symbol” with “ancient roof tiles featuring a distinctive symbol.” This clarifies the context – the tiles were old and had a special marking.  “dating back to the Tang Dynasty” is more accessible than the original phrasing. ""with this symbol"" is clearer than the original wording.


**Option 2 (Slightly More Concise - Still Clear):**

""Found west of the ancient city of Chang'an, there are roof tiles adorned with a particular symbol.""

*   **Changes Made:** Removed the somewhat formal phrasing (""roof tiles dating back to..."").  Rephrased to focus on the discovery itself.


**Option 3 (Breaking Down into Smaller Sentences - For maximum comprehension):**

""Archaeologists have discovered roof tiles"
"Jeanne Marie-Madeleine Demessieux (February 13, 1921 November 11, 1968), was a French organist, pianist, composer, and pedagogue.","Okay, here are a few options for rewriting that sentence, aiming for clarity for an English speaker unfamiliar with French music terminology:

**Option 1 (More Detailed - Good for general understanding):**

""Jean Marie-Madeleine Demessieux was born on February 13, 1921, and passed away on November 11, 1968. She was a talented musician who played the organ, composed music, and taught music – she was also very knowledgeable about music theory.""

**Option 2 (Slightly More Concise - Still Clear):**

""Jeanne Marie-Madeleine Demessieux was a French musician who played the organ, composed music, and taught music.  She was also a skilled pedagogue – meaning she was knowledgeable about teaching music.""

**Option 3 (Breaking it Down - For maximum clarity if you need to process it slowly):**

“Born in February 1921, Jeanne Marie-Madeleine Demessieux was a French musician. She played the organ, wrote her own music, and taught music to others.  She was also a knowledgeable teacher.”


**Why these changes were made:**

*   **Replaced Complex Words:** ""Organist,"""
"By most accounts, the instrument was nearly impossible to control.","Here are a few options for rewriting that sentence, aiming for clarity and natural English flow while preserving the core meaning:

**Option 1 (More Emphasis on Difficulty):**

""Most people said it was very difficult to manage or control the instrument.""

*   **Why it works:** This replaces “nearly impossible” with a more common expression of difficulty. It also focuses on the action – managing or controlling – rather than the abstract idea of “control.”

**Option 2 (Slightly More Detailed - Still Simple):**

""It was extremely challenging to get the instrument under control.""

*   **Why it works:** ""Extremely challenging"" is a good substitute for ""nearly impossible,"" and ""get the instrument under control"" conveys the sense of difficulty well.

**Option 3 (Breaking Down the Original - Good for Clarity):**

“Many people believed it was hard to direct or handle the instrument effectively.”

*   **Why it works:**  This breaks down the original sentence into smaller parts, focusing on the difficulty of directing or handling.

**Option 4 (Combining Elements - A Balanced Approach):**

“Generally speaking, it was very hard to guide or command the instrument.”

*   **Why it works"
"Santa Maria Maggiore (St. Mary the Greater), the earliest extant church in Assisi.","Okay, here are a few options for rewriting that sentence, aiming for clarity and natural English flow while preserving the core meaning:

**Option 1 (More Detailed - Good for Beginners):**

""The oldest church in Assisi, known as Santa Maria Maggiore, was built early on.""

**Option 2 (Slightly More Concise):**

""Santa Maria Maggiore, the oldest church in Assisi, was founded centuries ago.""

**Option 3 (Focusing on the Historical Significance):**

“Located in Assisi, Italy, Santa Maria Maggiore is one of the oldest churches ever established.”

**Option 4 (Breaking it Down – If you want to explain each part):**

“Around the 8th century, a church called Santa Maria Maggiore was started in Assisi, Italy. It’s considered one of the oldest churches in the world.”


---

**Why these changes work:**

*   **Simpler Vocabulary:** Words like ""existed"" and ""established"" replaced more formal terms.
*   **Reduced Complexity:**  Phrases like “the earliest” were streamlined.
*   **Contextual Clarity:** Adding phrases like ""in Assisi"" helps clarify the location.



To help me refine"
Characteristics Radar observations indicate a fairly pure iron-nickel composition.,"Okay, here are a few options for rewriting that sentence, aiming for clarity and natural English flow while preserving the core meaning:

**Option 1 (More Detailed - Good for Beginners):**

""When looking at radar signals, we find that the material is mostly made of iron and nickel. This means it’s a very specific type of metal.""

**Option 2 (Slightly More Concise):**

""Radar readings show that the material is predominantly composed of iron and nickel.""

**Option 3 (Focus on Explanation):**

“Radar data suggests that the object or surface being observed is primarily made of iron and nickel – a particular alloy.”

**Option 4 (Breaking it Down - If you want to really clarify):**

“Radar scans reveal that the material has a very clear composition of iron and nickel.  This indicates a specific chemical makeup.”


---

**Why these changes work:**

* **Simpler Vocabulary:** Words like ""indicate,"" ""pretty pure,"" and ""a fairly"" were replaced with more common alternatives.
* **Paraphrasing:** Instead of saying “indicates,” I used phrases like “shows” or “reveals” to express the same idea.
* **Compression:**  The"
"Railway Gazette International is a monthly business journal covering the railway, metro, light rail and tram industries worldwide.","Okay, here are a few options for rewriting that sentence, aiming for clarity for an English speaker unfamiliar with the specific terminology:

**Option 1 (More Detailed - Good for general understanding):**

""The Railway Gazette International is a yearly magazine that reports on the railway, subway, light rail, and tram systems across many countries.""

*   **Changes:** Replaced “is a monthly business journal” with “reports on” – more straightforward.  Added “across many countries” to clarify the scope.


**Option **2 (Slightly Shorter & Focused):**

“The Railway Gazette International is a magazine that covers the railway, metro, light rail, and tram networks globally.”

*   **Changes:** Simplified phrasing – “covers” is clearer than “covering.” Added “networks” to describe the types of transportation.


**Option 3 (Most Concise - Still Clear):**

“The Railway Gazette International publishes a yearly magazine detailing the railway, metro, light rail, and tram systems around the world.”

*   **Changes:** Shortened phrases, replaced ""is a monthly business journal"" with “publishes a yearly magazine”.



---

To help me refine the best option for *you*, could you tell me"
He was appointed Companion of Honour (CH) in 1988.,"Okay, here are a few options for rewriting that sentence, aiming for clarity and natural English flow while preserving the core meaning:

**Option 1 (More Detailed - Good for Beginners):**

""In 1988, he received the prestigious title of Companion of Honour (CH). This honor was awarded to him.""

**Option 2 (Slightly Shorter & More Direct):**

""He was appointed as a Companion of Honour in 1988.""

**Option 3 (Focus on the Action - Emphasizes Importance):**

“Because of his outstanding service, he was given the honor of being a Companion of Honour in 1988.”

**Option 4 (Breaking it Down - If you want to explain each part):**

“In 1988, he was officially recognized as a Companion of Honour – a very important honor.  This happened because of something he did well.”


---

**Why these changes work:**

*   **Replaced Complex Words:** ""Appointed,"" ""Companion of Honour (CH),"" and ""in 1988"" were all challenging terms.
*   **Simplified Language:** Phrases like “was appointed to” became “received"
"Loèche harbours the installations of Onyx, the Swiss interception system for electronic intelligence gathering.","Okay, here are a few options for rewriting that sentence, aiming for clarity and natural English flow while preserving the core meaning:

**Option 1 (More Detailed - Good for Beginners):**

""A sophisticated surveillance system called Onyx, operated by Switzerland, collects and analyzes data from electronic sources.""

**Option 2 (Slightly More Concise):**

""Switzerland uses Onyx, a sophisticated intelligence gathering system involving interception technology, to monitor electronic signals.""

**Option 3 (Focus on the System's Purpose):**

""Onyx is a powerful surveillance tool developed by Switzerland – an interception system designed to gather information from electronic devices.""

---

**Why these changes work:**

*   **“Loèche harbours”**:  Replaced with “A sophisticated surveillance system called…” This is more accessible.
*   **“installations of Onyx”**: Replaced with “a sophisticated surveillance system involving…” This clarifies what the system *does*.
*   **“Swiss interception system”**: Simplified to ""Switzerland uses Onyx...""
*   **“for electronic intelligence gathering”**: Reworded as “to collect and analyze data from electronic sources” or “designed to gather information from electronic devices.”

To help"
A matchbook is a small cardboard folder (matchcover) enclosing a quantity of matches and having a coarse striking surface on the exterior.,"Okay, here's a rewritten version of that sentence, aiming for clarity for someone who’s learning English and doesn’t be familiar with specific technical terms:

**Option 1 (More Detailed - Good for Beginners):**

""A matchbook is a small, cardboard box with a little opening at the top – it’s like a protective cover for the matches inside.  On the outside, it has a rough, textured surface to help hold the matches securely.""

**Option 2 (Slightly More Concise - Still Clear):**

""A matchbook is a small cardboard container with a raised edge designed to hold matches. It has a rough surface to keep them from sliding off.""

**Option 3 (Breaking it Down - For Easier Processing):**

“Imagine a small, flat cardboard piece. Inside this piece, you have a little opening where you could put matches.  It also has a slightly bumpy or textured outer layer to prevent the matches from falling out.”


---

**Why these changes were made:**

*   **Replaced Complex Words:** ""folder,"" ""enclose,"" ""quantity,"" ""striking surface,"" ""protective cover,"" ""textured surface,"" ""holding securely,"" ""raised edge,"" ""designed to hold"
"She was among the first doctors to object to cigarette smoking around children, and drug use in pregnant women.","Okay, here are a few options for rewriting that sentence, aiming for clarity and natural English flow while preserving the core meaning:

**Option 1 (More Detailed - Good for general understanding):**

""Early on, doctors like her raised concerns about smoking among children and also warned about using drugs during pregnancy.""

*   **Changes:** Replaced ""among the first"" with “early on,” replaced “objected to” with “raised concerns about,” and “drug use in pregnant women” became “using drugs during pregnancy.”

**Option **2 (Slightly More Concise):**

""Doctors early on protested against smoking with children and recommending avoiding drugs during pregnancy.""

*   **Changes:**  Replaced “objected to” with “protested against,” and combined the two sentences into one.

**Option 3 (Breaking it Down - Useful if you want to emphasize each part):**

“Several doctors started raising alarms about smoking for kids and advising against using drugs when they were pregnant.”

*   **Changes:**  Simplified “objected to” to “raising alarms about,” and rephrased the second clause to describe the action.


---

To help me refine the best option for *you*, could you"
"Defiantly, she vowed to never renounce the Commune, and dared the judges to sentence her to death.","Okay, here are a few options for rewriting that sentence, aiming for clarity and natural English flow while preserving the core meaning:

**Option 1 (More Emphasis on Defiance):**

""Determinedly, she refused to give up the Commune – she was defiant and challenged the judges to impose the death penalty.""

*   **Changes:** Replaced “Defiantly” with “Determinedly,” used “refused to give up” instead of “vowed to never renounce.”  Added “and” to create a stronger sense of defiance.

**Option **2 (Slightly More Detailed - Still Clear):**

“She firmly decided not to leave the Commune, and she challenged the judges to sentence her to death.”

*   **Changes:**  Replaced ""Defiantly"" with “firmly decided.” Used “to leave” and “to sentence” for better understanding.

**Option 3 (Breaking Down into Smaller Sentences - Good for Flow):**

“She made a firm promise not to abandon the Commune. She also asked the judges to punish her with the death penalty.”

*   **Changes:** Split the original into three shorter sentences. Explained what each part means.

---

**Why"
"OEL manga series Graystripe's Trilogy There is a three volume original English-language manga series following Graystripe, between the time that he was taken by Twolegs in Dawn until he returned to ThunderClan in The Sight.","Okay, here’s a rewritten version of the sentence, aiming for clarity and readability for someone learning English:

**“There’s an original English-language manga series called Graystripe’s Trilogy. It consists of three volumes and follows Graystripe throughout his time being captured by Twolegs during the events of Dawn and then returns to ThunderClan in ‘The Sight.’”**

Here’s a breakdown of what I changed and why:

*   **""OEL manga series""** became **""there’s an original English-language manga series""**:  This is more straightforward.
*   **""Graystripe's Trilogy""** remained the same – it’s a well-known title.
*   **""between the time that he was taken by Twolegs in Dawn until he returned to ThunderClan in The Sight.""** became **""It follows Graystripe throughout his time being captured by Twolegs during the events of Dawn and then returns to ThunderClan in ‘The Sight.’”** This rephrases the lengthy description using clearer language.
    *   ""follows"" - means ""continues to follow""
    *   ""captured by Twolegs"" - means ""being taken by Twolegs""
    *   ""during"
"Samovar & Porter (1994), p. 84 Syrians did not congregate in urban enclaves; many of the immigrants who had worked as peddlers were able to interact with Americans on a daily basis.","Okay, here's a rewritten version of that sentence, aiming for clarity for an English speaker unfamiliar with the nuances of the original:

**Option 1 (More Detailed - Good for Understanding):**

“In a study published in 1994 (p. 84), researchers found that Syrians didn’t typically live in large, planned neighborhoods. Many of the people who had previously worked as merchants – often selling goods – were able to talk to Americans regularly.”

**Option 2 (Slightly More Concise - Still Clear):**

“According to a study from 1994 (p. 84), Syrians didn’t usually settle in big city areas.  Many of their former trade workers could easily chat with Americans every day.”

**Option 3 (Breaking it Down - For Maximum Clarity):**

“The research published in 1994 (p. 84) shows that Syrians didn’t generally live in densely populated urban centers. However, many of their previous business contacts – who had been merchants – could frequently communicate with Americans.”


**Why these changes work:**

* **Replaced Complex Words:** “convergences,” “enclaves,” “peddlers,” “"
"He was also famous for his prints, book covers, posters, and garden metalwork furniture.","Okay, here are a few options for rewriting that sentence, aiming for clarity and natural English flow while preserving the core meaning:

**Option 1 (More Concise):**

""Besides being well-known, he was also a renowned artist who created prints, book covers, posters, and furniture made from metal.""

**Option 2 (Slightly More Detailed - Still Clear):**

""He was also famous for his artwork – including prints, book covers, posters, and furniture crafted from metal.  This included his work with garden decorations.""

**Option 3 (Breaking it Down - Good for Understanding Complexity):**

""He was famous for many things besides just his art. He made prints, book covers, posters, and furniture out of metal.  He also created decorative pieces for gardens.""

---

**Why these changes help:**

*   **Simpler Vocabulary:** Words like ""also,"" ""famous for,"" and ""made from"" were replaced with more common alternatives.
*   **Reduced Phrases:** “was also known for” was shortened to “was also known.”
*   **Clarification:** Adding phrases like ""this included"" or ""this included his work"" helps clarify the relationships between the elements.
*"
"During childhood she suffered from collapsed lungs twice, she had pneumonia 4-5 times a year, a ruptured appendix, and had a tonsillar cyst.","Okay, here's a rewritten version of that complex sentence, aiming for clarity for someone learning English while preserving the core meaning:

**Option 1 (More Detailed - Good for Beginners):**

“When she was young, she often experienced problems with her breathing. She had two collapsed lungs throughout her childhood, frequently getting sick with pneumonia – around four to five times a year.  She also had a ruptured appendix and sometimes had a tonsillistle (a small lump in her tonsils).”

**Option 2 (Slightly Shorter & More Focused):**

“Growing up, she struggled with respiratory issues. She experienced two collapses in her lungs, frequent pneumonia infections, and a ruptured appendix several times.  Additionally, she had a tonsillar cyst.”

**Option 3 (Breaking it Down - For Further Understanding):**

“As a child, she faced several health challenges. She had two instances of lung collapse, experiencing pneumonia repeatedly – about four to five times a year.  She also had a ruptured appendix and a tonsillistle (a small swelling in her tonsils) throughout her life.”


**Explanation of Changes Made:**

*   **""During childhood"" changed to ""When she was young"" or ""As"
"Dr. David Lindenmeyer (Australian National University) has argued that the need for nest boxes indicates that logging practices are not ecologically sustainable, for conserving hollow-dependent species like Leadbeater's possum.","Okay, here are a few options for rewriting that sentence, aiming for clarity and natural English flow while preserving the core meaning:

**Option 1 (More Detailed - Good for general understanding):**

""Dr. David Lindenmeyer, an Australian researcher at the University of Australia, believes that logging operations aren’t good for the environment because they don’t help protect animals that rely on cavities – like the Leadbeater’s possum.  He argues that this is unsustainable.""

**Option 2 (Slightly Shorter & More Direct):**

""Dr. David Lindenmeyer, from the University of Australia, says that logging doesn’t protect wildlife that depend on nests, such as the Leadbeater’s possum. He believes this is a problem because it’s not sustainable.""

**Option 3 (Focusing on the Core Argument - Slightly more formal but still accessible):**

“According to Dr. David Lindenmeyer, who teaches at the University of Australia, logging practices aren’t environmentally sound because they threaten the habitats of species that use cavities, including the Leadbeater’s possum.  This suggests that continued logging could be harmful.”

---

**Why these changes were made:**

*"
"The Montreal Canadiens are a professional ice hockey team based in Montreal, Quebec, Canada.","Okay, here are a few options for rewriting that sentence, aiming for clarity and natural English flow while preserving the core meaning:

**Option 1 (More Concise):**

""The Montreal Canadiens are a professional ice hockey team located in Montreal, Canada.""

*   **Why it works:** This is shorter and avoids unnecessary phrasing.

**Option 2 (Adding Context - Slightly More Detailed):**

""Based in the city of Montreal, Quebec, Canada, the Montreal Canadiens are a well-known professional ice hockey team.""

*   **Why it works:** Adds a little context – it’s a recognized team.

**Option 3 (Breaking it Down - For Clarity):**

“The Montreal Canadiens are a professional ice hockey team that plays in Montreal, Canada.”

*   **Why it works:**  This breaks the sentence into three smaller parts, making it easier to follow.

---

To help me refine the best option for *you*, could you tell me:

*   **What's the overall context of this sentence?** (e.g., Are you writing an article about sports? A travel guide?)
*   **Who is your target audience?** (e.g., Beginners learning English? Someone"
Small value inductors can also be built on integrated circuits using the same processes that are used to make transistors.,"Okay, here's a rewritten version of the sentence, aiming for clarity for someone who’s learning English and doesn’t be familiar with specific technical terms:

**Option 1 (More Detailed - Good for Understanding):**

“Small electronic circuits can be created on printed circuit boards (chips) using the same methods that are used to create transistors – which are essential components in many electronic devices.”

**Option 2 (Slightly More Concise - Still Clear):**

“Similar to how transistors are made using integrated circuits, small electronic circuits can also be designed using the same techniques.”


**Option 3 (Breaking it Down - For Maximum Clarity):**

“Tiny electronic circuits can be made on chips using the same ways that produce transistors. This is because transistors are important parts of many electronics.”

---

**Why these changes were made:**

*   **""Inductors""**: Replaced with ""electronic circuits"" – a more common and understandable term.
*   **""Integrated circuits""**: Explained as “printed circuit boards” – a straightforward way to describe the technology.
*   **""Using the same processes...""**:  Rephrased to explain *how* they’re being created – emphasizing the method"
"The term gribble was originally assigned to the wood-boring species, especially the first species described from Norway by Rathke in 1799, Limnoria lignorum.","Okay, here's a rewritten version of that sentence, aiming for clarity for an English speaker unfamiliar with botanical terminology:

**Option 1 (More Detailed - Good for Understanding):**

""The word ‘gribble’ refers to a type of wood-eating insect, particularly one discovered in Norway by Robert Rathke in 1799.  Specifically, he described this species as *Limnoria lignorum*.""

**Option 2 (Slightly Shorter & More Direct):**

“Originally, ‘gribble’ was used to describe insects that live inside trees – specifically, one described by Rathke in 1799 from Norway, which is *Limnoria lignorum*.”


**Option 3 (Breaking it Down - For Maximum Clarity):**

“The term ‘gribble’ describes a type of wood-boring insect, originating from Norway. It was first documented by Robert Rathke in 1799. This insect is *Limnoria lignorum*.”

---

**Why these changes were made:**

*   **Replaced Complex Words:** ""Term,"" ""assigned to,"" ""originally,"" ""first species,"" ""described from,"" ""Limnoria lign"
The wounds inflicted by a club are generally known as bludgeoning or blunt-force trauma injuries.,"Okay, here's a rewritten version of that sentence, aiming for clarity for someone who’s learning English and doesn’t be familiar with specific medical terminology:

**Option 1 (More Detailed - Good for Understanding):**

""When someone hits you with a club – like a baseball bat – it can cause serious injuries called ‘bludgeoning’ or ‘forceful trauma.’ These injuries happen when the force of the blow is strong enough to hurt your body.""

**Option 2 (Slightly Shorter & More Direct):**

""Hitting someone with a club often results in injuries called ‘bludgeoning’ or ‘forceful trauma.’ This kind of injury happens because the impact is very forceful.""

**Option 3 (Breaking it Down - If you want to really simplify):**

“If someone punches you hard with a club, it can cause significant harm.  This type of injury is sometimes described as ‘bludgeoning’ or ‘forceful trauma,’ because the force of the hit is very powerful.”


**Why these changes work:**

*   **Replaced Complex Words:** ""Inflicted” became “causes,” “results in,” or “happens” – all more accessible.
*   **Simplified"
Thereafter the county's administration was conducted at Duns or Lauder until Greenlaw became the county town in 1596.,"Okay, here are a few options for rewriting that sentence, aiming for clarity and natural English flow while preserving the core meaning:

**Option 1 (More Detailed - Good for Beginners):**

""The local government of Duns or Lauder eventually became the county town in 1596 when Greenlaw became the county’s center.""

**Option 2 (Slightly More Concise):**

""After 1596, the county’s administration moved to Duns or Lauder, and Greenlaw became the county’s main town.""

**Option 3 (Focus on the Key Event):**

“In 1596, the county’s governing body established itself in Duns or Lauder, and Greenlaw became the central place for the county.”

**Option 4 (Breaking it Down – If you want to explain each part):**

“Initially, the county’s administration took place in Duns or Lauder.  Then, Greenlaw was designated as the main town within the county during this period.”


**Why these changes work:**

*   **Simpler Vocabulary:** Words like ""administration,"" ""conducted,"" ""became,"" and ""center"" were replaced with more common alternatives.
*"
No skater has yet accomplished a quadruple Axel in competition.,"Okay, here are a few options for rewriting that sentence, aiming for clarity and natural English flow while preserving the core meaning:

**Option 1 (More Detailed - Good for Beginners):**

""Currently, no skater has ever successfully performed a quadruple loop in a real competition.""

*   **Explanation:** This replaces “accomplished” with “successfully performed,” which is more accessible. ""Quadruple loop"" is explained as a jump.  “In a real competition” clarifies the context.

**Option 2 (Slightly Shorter & More Direct):**

""Nobody has ever shown a quadruple loop during an official skating competition.""

*   **Explanation:** This simplifies “accomplished” to “shown” and uses “officially” to clarify the context.

**Option 3 (Breaking it Down – For Easier Processing):**

""There’s no skater who has ever landed a quadruple loop cleanly at a major competition.”

*   **Explanation:** This breaks down the original sentence into smaller parts. ""Cleanly"" explains the desired outcome of the jump. ""At a major competition"" provides context.


**Option 4 (Combining Elements - A Balanced Approach)**

""It's not yet common for a skater"
"From the telephone exchange, the Port Jackson District Commandant could communicate with all military installations on the harbour.","Okay, here are a few options for rewriting that sentence, aiming for clarity and natural English flow while preserving the core meaning:

**Option 1 (More Concise):**

""The Port Jackson District Commandant could call all the military bases near the harbor.""

**Option 2 (Slightly More Detailed - Still Clear):**

""As the commander of the Port Jackson District, he could talk to every military station located near the harbor.""

**Option 3 (Breaking it Down – Good for Understanding Complexity):**

""The port command officer could contact all the military bases located along the harbor’s edge.""

---

**Why these changes work:**

*   **Replaced ""communicate with""**:  “Call” is a more common and easily understood verb for this action.
*   **Simplified “all military installations”**: Replaced with “military bases” or “military stations” which are generally easier to grasp.
*   **Removed unnecessary phrases**: Phrases like ""on the harbour"" were streamlined.


To help me refine the best option for you, would you like me to tailor it further? For example, if you want to emphasize a specific aspect of the original sentence, let me know!"
"However, even to those who enter the prayer hall of a mosque without the intention of praying, there are still rules that apply.","Okay, here's a rewritten version of the sentence, aiming for clarity and natural English while preserving the core meaning:

**Option 1 (More Detailed):**

“Even if you’re not praying in the mosque, there are still rules to follow.”

**Option 2 (Slightly Shorter & More Direct):**

“There are still rules to keep in the mosque, even if you don’t pray.”

**Option 3 (Focus on the Principle):**

“Regardless of whether you’re praying or not, certain rules exist within the mosque.”


**Why these changes work:**

*   **Replaced Complex Words:** “there are still rules that apply” is more accessible than phrases like ""there are still rules that apply.""
*   **Simplified Language:**  Phrases like ""that apply"" were replaced with simpler alternatives.
*   **Reduced Information:** The unnecessary details about the mosque’s purpose were removed.
*   **Main Idea Preserved:** All options maintain the fundamental message – that rules still exist regardless of whether someone is praying or not.

To help me refine the best option for *you*, could you tell me:

*   What was the context of the original sentence"
It is described as pointed in the face and about the size of a rabbit.,"Okay, here are a few options for rewriting that sentence, aiming for clarity and natural English while preserving the core meaning:

**Option 1 (More Detailed - Good for Beginners):**

""It’s roughly the size of a rabbit – it’s being looked at directly from the front.""

**Option 2 (Slightly More Concise):**

""It's as big as a rabbit; someone is pointing at it directly.""

**Option 3 (Focus on the Action & Size):**

“It’s the size of a rabbit – someone is focusing on it.”

**Option 4 (Breaking it Down - If you need more context):**

“Imagine a rabbit – it’s large enough to be pointed at directly. Someone is looking at it.”


---

**Why these changes work:**

*   **Simpler Vocabulary:** Words like ""pointed in the face"" become ""looking at directly,"" or ""being looked at directly.""
*   **Rephrasing:**  Instead of saying “about the size of,” we use phrases like “roughly the size of” or “as big as.”
*   **Reduced Complexity:** We eliminate phrases like ""described as"" and ""in the"
Computer performance is characterized by the amount of useful work accomplished by a computer system compared to the time and resources used.,"Okay, here are a few options for rewriting that sentence, aiming for clarity for someone who’s learning English or just needs a simpler explanation:

**Option 1 (More Detailed - Good for Beginners):**

""When a computer does its job, how much useful work it can accomplish – considering how much time and resources it uses – is important.  A good computer performs well.""

**Option 2 (Slightly More Concise):**

""The speed and efficiency of a computer system – how much work it completes given the time and resources – are key measures of its performance.""

**Option 3 (Breaking it Down - For Easier Processing):**

“Computers measure how effectively they perform tasks.  It’s about how much work they get done, taking into account how much time and resources they need. A good computer will complete a lot of work efficiently.”


---

**Why these changes were made:**

*   **Complex Words:** Replaced phrases like ""characterized by the amount of useful work accomplished"" with more straightforward terms like “performs its job” or “does its job”.
*   **Unnecessary Information:** Removed phrases like ""compared to the time and resources used"" as they add little context.
*"
Some of the largest reservoirs in the world can be found along the Volga.,"Okay, here are a few options for rewriting that sentence, aiming for clarity and natural English flow while preserving the core meaning:

**Option 1 (More Detailed - Good for Beginners):**

""Large lakes like the Volga River are located throughout much of the world.""

**Option 2 (Slightly More Concise):**

""Many large bodies of water exist along the Volga River.""

**Option 3 (Focus on Location & Importance):**

""Significant lakes, particularly along the Volga River, are widespread around the globe.""

**Option 4 (Breaking it Down – If you want to explain each part):**

“There are huge lakes scattered across many countries.  The Volga River is one of them.”


---

**Why these changes work:**

*   **Replaced Complex Words:** ""reservoirs,"" ""alongside,"" ""can be found,"" ""much of the world,"" ""many,"" ""particularly,"" ""globe"" were all replaced with more common and understandable alternatives.
*   **Simplified Language:** Phrases like “some of the largest” became “large lakes” or “significant lakes”.
*   **Reduced Redundancy:** Removed phrases like “in the world” which added little meaning.



To help"
The crosier symbolises the monasteries of the region.,"Okay, here are a few options for rewriting that sentence, aiming for clarity and natural English flow while preserving the core meaning:

**Option 1 (More Direct):**

""A circle often indicates religious institutions or monasteries in this area.""

**Option 2 (Slightly More Detailed - Still Clear):**

""Circles frequently represent monasteries located in the region.""

**Option 3 (Breaking it Down – Good for Understanding Complex Ideas):**

“In this region, circles might signify places where monasteries exist.”

**Option 4 (Focusing on the Core Meaning - Slightly Longer but Explanatory):**

“Certain areas have circles that symbolize monasteries – those places where religious communities reside.”


---

To help me refine the best option for *you*, could you tell me:

*   **What is the context of the surrounding text?**  (e.g., Is this part of an academic paper? A travel guide? A casual conversation?)
*   **What's the overall tone you want to convey?** (Formal? Informal? Descriptive?)"
Human skin hues can range from very dark brown to very pale pink.,"Okay, here are a few options for rewriting that sentence, aiming for clarity and natural English flow while preserving the core meaning:

**Option 1 (More Detailed - Good for Beginners):**

""A person’s skin color can be incredibly dark – like deep brown – or very light and rosy pink.""

**Option 2 (Slightly More Concise):**

""Skin colors can vary greatly – ranging from very dark brown to very pale, pinkish tones.""

**Option 3 (Focus on Description - Emphasizes Appearance):**

“People’s skin often appears as shades of dark brown to light, rosy pink.”

---

**Why these changes work:**

* **Simpler Vocabulary:** Words like ""ranges"" became ""can be,"" ""very dark"" became ""deep brown,"" and ""pale"" became ""light.""
* **Synonyms:**  ""Very pale pink"" is replaced with ""light, rosy pink.""
* **Compression:**  The original sentence was a bit wordy. We've broken it down.
* **Maintaining Meaning:** All options maintain the overall idea that human skin colors have a wide spectrum of possibilities.


To help me refine the rewrite even further, could you tell me:"
"Bankers from ShoreBank, a community development bank in Chicago, helped Yunus with the official incorporation of the bank under a grant from the Ford Foundation.","Okay, here are a few options for rewriting that sentence, aiming for clarity for an English speaker unfamiliar with financial jargon, along with explanations of why I made each change:

**Option 1 (More Detailed - Good for general understanding):**

""A group called ShoreBank, a local community development bank located in Chicago, assisted Yunus with officially registering the bank. They received funding from the Ford Foundation.""

*   **Changes Made:** Replaced ""Bankers from ShoreBank, a community development bank in Chicago"" with “A group called ShoreBank, a local community development bank located in Chicago.” This is more straightforward.  Replaced “helped Yunus with” with “assisted Yunus with,” which is a common and easily understood phrase.  Replaced “the official incorporation” with “registering the bank,” which is clearer.  Replaced “under a grant from the Ford Foundation” with “who received funding from the Ford Foundation.”


**Option 2 (Slightly More Concise – Still Clear):**

""ShoreBank, a community development bank in Chicago, supported Yunus when he formally registered the bank through a grant from the Ford Foundation.""

*   **Changes Made:** Shortened “Bankers from ShoreBank”"
"Bremer reported plans to put Saddam on trial, but claimed that the details of such a trial had not yet been determined.","Okay, here are a few options for rewriting the sentence, aiming for clarity and natural English flow while preserving the core meaning:

**Option 1 (More Detailed - Good for Beginners):**

""German authorities announced they planned to bring Saddam Hussein to trial. However, they haven’t yet decided exactly how this trial would be structured.""

**Option 2 (Slightly More Concise):**

""Berman stated that plans have been made to prosecute Saddam Hussein, but the specific details of the trial remain unclear.""

**Option 3 (Focusing on the Uncertainty):**

“Despite plans to prosecute Saddam Hussein, the exact process of the trial – including how it will unfold – hasn’t been finalized.”

**Option 4 (Breaking it Down - If you need to explain each part):**

“German officials said they were considering bringing Saddam Hussein to court. But they haven't yet figured out all the steps involved in the trial.”


**Why these changes work:**

* **Simpler Vocabulary:** Words like ""put on trial,"" ""determined,"" and ""unclear"" were replaced with more common alternatives.
* **Rephrasing:**  Instead of saying “reported plans,” we used “announced they planned”"
Representatives of the Professional Hockey Writers' Association vote for the All-Star Team at the end of the regular season.,"Okay, here are a few options for rewriting that sentence, aiming for clarity for an English speaker unfamiliar with the specific terminology:

**Option 1 (More Detailed - Good for general understanding):**

""After the regular season, the writers of the Professional Hockey Association (PHAA) choose the best players to form the All-Star team.""

*   **Why it works:** Replaces “representatives” with “writers,” simplifies “vote for” to “choose,” and clarifies “regular season” as “the regular season.”

**Option **2 (Slightly More Concise):**

""At the end of the NHL season, the PHAA selects the best players for the All-Star squad.""

*   **Why it works:** Uses more common language (""NHL season"") and streamlines the phrasing.

**Option 3 (Breaking it Down - For maximum clarity):**

“Following the end of the hockey season, the Professional Hockey Writers’ Association (PHAA) decides who will be selected to play on the All-Star team.”

*   **Why it works:**  Breaks down the initial phrase into smaller, understandable parts.

---

To help me refine the rewrite even further, could you tell me:"
"Tajikistan, Turkmenistan and Uzbekistan border Afghanistan to the north, Iran to the west, Pakistan to the south and the People's Republic of China to the east.","Okay, here are a few options for rewriting that sentence, aiming for clarity for an English speaker unfamiliar with the region’s geography and political context. I’ll offer variations, each with slightly different emphasis:

**Option 1 (More Detailed & Explanatory):**

""Located on the northern edge of Afghanistan, Tajikistan borders Turkmenistan and Uzbekistan. To the west, it shares borders with Iran.  South of this, Pakistan lies, and to the east, there’s also the presence of the People’s Republic of China.""

*   **Changes Made:** Replaced ""border"" with ""borders"" for better flow. Added “on the northern edge of” to clarify the location. Explained “to the west” with “shares borders with.” Clarified “Pakistan” as a separate country.


**Option 2 (Slightly Shorter & More Direct):**

“Afghanistan sits between Tajikistan, Turkmenistan, and Uzbekistan to the north.  To the west, it connects to Iran.  Southern to this, Pakistan is located, and further east, the People’s Republic of China exists.”

*   **Changes Made:** Shortened phrases like “bordering” and “the people’s republic of China” for brevity."
"Nupedia was founded on March 9, 2000, under the ownership of Bomis, Inc, a web portal company.","Okay, here are a few options for rewriting that sentence, aiming for clarity for an English speaker unfamiliar with the specific terminology:

**Option 1 (More Detailed - Good for general understanding):**

""Nupedia was established on March 9, 2000. It was owned by Bomis, Inc., a company specializing in online portals.""

**Option 2 (Slightly More Concise):**

""Founded in March 2000, Nupedia was owned by Bomis, Inc., a web portal business.""

**Option 3 (Focusing on the Foundation - if that's important):**

""Nupedia started in March 2000, when it was part of Bomis, Inc., a company focused on online websites.""

---

**Why these changes work:**

*   **Replaced Complex Words:** ""founded on,"" ""under the ownership of,"" and ""a web portal company"" were replaced with more common phrases.
*   **Simplified Language:** Phrases like ""a web portal company"" were shortened to ""a web portal business"" or simply ""a company specializing in online portals"".
*   **Removed Redundancy:**  The phrase “a web portal"
Notable features of the design include key-dependent S-boxes and a highly complex key schedule.,"Okay, here are a few options for rewriting that sentence, aiming for clarity for an English speaker unfamiliar with technical jargon. I’ll offer variations, each with slightly different emphasis:

**Option 1 (More Explanatory):**

""The design incorporates special boxes called ‘key-dependent S-boxes.’ It also uses a very complicated key schedule – this means the keys used to determine the security levels change frequently.""

**Option 2 (Focus on Functionality):**

""This design utilizes specialized boxes that rely on 'key-dependent S-boxes.'  Furthermore, the key schedule is intricate, adjusting the keys throughout the process.""

**Option 3 (Breaking it Down - Slightly More Detailed):**

“The design has two important features: it uses boxes that depend on specific keys (called ‘key-dependent S-boxes’), and it employs a complex key schedule where the keys change often.”

**Option 4 (Concise & Clear):**

“The design uses special boxes linked to keys, and it has a dynamically changing key schedule.”


---

**Why these changes work:**

* **Synonyms:** Replacing words like ""notable features"" with phrases like ""incorporates special features"" or ""utilizes important"
"Iain Grieve (born 19 February, 1987 in Jwaneng, Botswana) is a rugby union back-rower for Bristol Rugby in the Guinness Premiership.","Okay, here are a few options for rewriting that sentence, aiming for clarity for an English speaker unfamiliar with rugby terminology and nuances:

**Option 1 (More Detailed - Good for general understanding):**

""Iain Grieve was born in Botswana in February 1987. He currently plays as a back-row forward for Bristol Rugby within the prestigious English rugby league – the Guinness Premiership.""

**Option *2 (Slightly more concise):**

""Iain Grieve, born in Botswana in February 1987, is a back-row player for Bristol Rugby in the top rugby league, the Guinness Premiership.""


**Option *3 (Breaking it down further - if you want to emphasize the key elements):**

“Iain Grieve, who was born in Botswana on February 1987, is a rugby player for Bristol Rugby in the England’s premier rugby league, the Guinness Premiership.”

---

**Why these changes were made:**

*   **Replaced Complex Words:** ""rugby union back-rower"" became ""back-row forward"" or ""a back-row player"".  ""Guinness Premiership"" is a well-known term.
*   **Simplified Language"
Other nearby settlements include Pont-Bellanger and Beaumesnil.,"Okay, here are a few options for rewriting that sentence, aiming for clarity and natural English flow while preserving the core meaning:

**Option 1 (More Concise):**

""In addition to these areas, there are also towns like Pont-Bellanger and Beaumesnil.""

**Option 2 (Slightly More Detailed - Still Clear):**

""Besides Pont-Bellanger and Beaumesnil, other nearby settlements exist.""

**Option 3 (Focus on Location):**

“Nearby, you’ll find towns such as Pont-Bellanger and Beaumesnil.”

**Option 4 (Breaking it Down – If appropriate for context):**

“Along with Pont-Bellanger and Beaumesnil, there are other places nearby.”


**Why these changes work:**

*   **Replaced Complex Words:** ""other settlements,"" ""in addition to,"" ""there are also,"" and ""such as"" are all more accessible than phrases like ""including"" or ""alongside.""
*   **Simplified Language:**  Phrases like “are also” were replaced with simpler alternatives.
*   **Reduced Redundancy:** Removed unnecessary wording.

To help me refine the best option for *you*, could you tell me"
The quark model was independently proposed by physicists Murray Gell-Mann and George Zweig in 1964.,"Okay, here are a few options for rewriting that sentence, aiming for clarity for an English speaker unfamiliar with physics jargon, along with explanations of why I made each change:

**Option 1 (More Detailed - Good for general understanding):**

""Physicists Murray Gell-Mann and George Zweig announced their idea about new particles in 1964. They proposed that these particles were actually tiny building blocks called quarks.""

*   **Why this works:**  Replaces ""The quark model was independently proposed"" with a more straightforward statement about a discovery. “New particles” is clearer than “quark model.” “Proposed that these particles were actually…” provides context.


**Option **2 (Slightly More Concise - Still good):**

“Murray Gell-Mann and George Zweig discovered quarks in 1964. They proposed that these tiny particles were fundamental constituents of matter.”

*   **Why this works:** This version streamlines the wording while retaining the core meaning. It replaces ""The quark model was independently proposed"" with a more direct observation.



**Option 3 (Breaking it Down - Best for absolute beginners):**

“In 1964, physicists Murray Gell-Mann and George Zweig came"
The fourth ring is decorated with golden garlands and was added in 1938 39 when the column was moved to its present location.,"Here are a few options for rewriting that sentence, aiming for clarity for an English speaker unfamiliar with the specific details:

**Option 1 (More Detailed - Good for general understanding):**

""In 1938, the fourth ring was beautifully adorned with golden wreaths. It was placed where it now stands, which is important because the column’s position changed during that time.""

**Option 2 (Slightly More Concise):**

""Around 1938, a golden garland was put on the fourth ring, and this placement remained stable as the column moved to its current spot.""

**Option 3 (Focusing on the Key Information):**

“During the year 1938, a golden decoration was added to the fourth ring.  This addition ensured the column stayed in the correct place.”


**Option 4 (Breaking it Down – If you want to really simplify):**

*   “In 1938, a golden wreath was placed on the fourth ring.*
*   “This ring was positioned correctly at a later date.”

---

**Why these changes work:**

* **Simpler Vocabulary:** Words like ""decorated,"" ""added,"" and ""present location"" were replaced"
"West Berlin had its own postal administration, separate from West Germany's, which issued its own postage stamps until 1990.","Okay, here are a few options for rewriting that sentence, aiming for clarity for an English speaker unfamiliar with the specific details, along with explanations of why I made each change:

**Option 1 (More Concise & Explanatory):**

""Berlin used its own postal service, independent of West Germany’s, which produced its own postage stamps until 1990.""

*   **Why it works:** This replaces phrases like ""had its own postal administration"" with “used its own postal service” – it’s more direct.  “separate from” is replaced with “independent of,” which is clearer. “issued its own postage stamps” becomes “produced its own postage stamps.”


**Option 2 (Breaking Down & Focusing on Key Information):**

""Before West Germany established its own postal system, Berlin maintained its own postal service. It issued its own stamps independently until 1990.""

*   **Why it works:** This breaks the original sentence into three shorter sentences.  It clearly states the context – Berlin already had a postal service – then explains the key detail about its independence.



**Option 3 (Slightly More Detailed - Still Relatively Simple):**

""In Berlin, they had their own"
"The Primavera is a painting by the Italian Renaissance painter Sandro Botticelli, c. 1482.","Okay, here are a few options for rewriting that sentence, aiming for clarity and natural English flow while preserving the core meaning:

**Option 1 (More Detailed - Good for Beginners):**

""Sandro Botticelli, a famous Italian Renaissance artist, created a beautiful painting called ‘Primavera’ around 1482. This painting depicts springtime scenes.""

**Option 2 (Focus on Simplicity):**

""Around 1482, the Italian Renaissance artist Sandro Botticelli painted a painting titled ‘Primavera.’”

**Option 3 (Breaking it Down – Slightly More Complex, but Clearer):**

“Sandro Botticelli, an artist from Italy during the Renaissance period, painted ‘Primavera’ around 1482. It’s a painting depicting the season of spring.”

---

**Why these changes work:**

*   **Replaced Complex Words:** ""The Primavera"" became ""Sandro Botticelli's beautiful painting,"" or ""a beautiful painting called 'Primavera'.""  ""c. 1482"" was shortened to ""around 1482"" or ""during the Renaissance period.""
*   **Simplified Language:** Phrases like “is a painting by” were"
New South Wales's largest city and capital is Sydney.,"Okay, here are a few options for rewriting that sentence, aiming for clarity and natural English flow while preserving the core meaning:

**Option 1 (More Concise):**

""Sydney, the biggest city and capital of New South Wales, is home to many important places.""

**Option 2 (Adding Context - Slightly More Detailed):**

""Sydney, Australia’s most populous city and its government center, is known for its beautiful harbor and vibrant culture.""

**Option 3 (Breaking it Down):**

“New South Wales has Sydney as its largest city and its capital.  Sydney is a very large and important place.”

---

**Why these changes work:**

*   **Simpler Vocabulary:** Words like ""largest"" and ""capital"" were replaced with more common alternatives like ""biggest"" and ""home to"".
*   **Reduced Complexity:** Phrases like “is a” were shortened to “is” or rephrased to express the same idea.
*   **Added Context (Option 2):** Providing a little extra detail about why Sydney is significant helps readers grasp the overall picture.


To help me refine the best option for you, could you tell me:

*   What was the context where this"
"The polymer is most often epoxy, but other polymers, such as polyester, vinyl ester or nylon, are also sometimes used.","Okay, here's a rewritten version of that sentence, aiming for clarity for an English speaker unfamiliar with specialized terminology:

**Option 1 (More Detailed):**

""Epoxy resins are commonly used materials, but sometimes you’ll find other types of polymers like polyester, vinyl esters, or nylon too.  These alternatives are utilized in various applications.""

**Option 2 (Slightly More Concise - Still Clear):**

""Often, epoxy resins are chosen, but other polymers like polyester, vinyl esters, or nylon are also frequently used.""

**Option 3 (Breaking it Down – For Maximum Clarity):**

“Most often, epoxy is used. However, sometimes you might also see materials made from polyester, vinyl esters, or nylon.”


**Why these changes work:**

*   **Replaced Complex Words:** ""is most often,"" ""are also sometimes used,"" and ""such as"" were replaced with more straightforward language.
*   **Simplified Vocabulary:** Phrases like “are utilized” became “are used” or “are frequently used”.
*   **Reduced Redundancy:** Removed phrases that didn't add significant meaning.
*   **Improved Flow:** Restructured the sentences to read more naturally.

To"
"The name survives as a brand for a related spin-off digital television channel, digital radio station, and website which have survived the demise of the printed magazine.","Okay, here are a few options for rewriting that sentence, aiming for clarity and natural English flow while preserving the core meaning:

**Option 1 (More Detailed - Good for general understanding):**

""The name continues as a brand for a new digital television channel and radio station that emerged after the decline of traditional print magazines.  This digital offering now serves as a substitute for the old channels.""

**Option *2 (Slightly more concise):**

""After the loss of traditional magazines, this digital channel and radio station, branded as a successor, continues to exist.""

**Option *3 (Focus on the impact):**

“Because traditional magazines disappeared, this digital service – a digital TV channel, radio station, and website – has become a vital alternative.”


---

**Why these changes were made:**

*   **Complex Words:** ""survives as,"" ""for a related,"" ""which have survived,"" ""the demise of"" were replaced with simpler phrases like ""continues to exist,"" ""emerged after the decline,"" or ""has become a vital alternative.""
*   **Long Sentences:** I broke down the original into shorter, more manageable sentences.
*   **Removed Redundancy:** Phrases like “"
"At four-and-a-half years old he was left to fend for himself on the streets of northern Italy for the next four years, living in various orphanages and roving through towns with groups of other homeless children.","Okay, here are a few options for rewriting that sentence, aiming for clarity and natural English flow while preserving the core meaning:

**Option 1 (More Detailed - Good for Beginners):**

""When he was four and a half years old, he lived alone on the streets of northern Italy for four years. He moved between different orphanages and traveled through towns with other homeless kids.""

**Option *2 (Slightly More Concise):**

""Growing up alone on the streets of northern Italy at age four and a half, he lived in various orphanages and wandered around towns with other homeless children.""

**Option *3 (Focusing on the Struggle):**

“Living on the streets of northern Italy for four years as a young boy, he faced hardship and often traveled with other homeless children.”

---

**Why these changes were made:**

*   **Replaced Complex Words:** ""left to fend for himself"" became ""lived alone,"" ""roving through"" became ""moved around,"" ""with groups of other homeless children"" became ""with other homeless kids.""
*   **Simplified Language:**  Phrases like ""for the next four years"" were shortened to ""for four years"" or ""growing up alone for four"
Stands were eventually added behind each set of goals during the 1980s and 1990s as the ground began to be modernised.,"Okay, here are a few options for rewriting that sentence, aiming for clarity for an English speaker unfamiliar with the specific terminology:

**Option 1 (More Detailed - Good for general understanding):**

""Around the middle of the 1980s and 1990s, areas where goals were located started to be built up behind each goal set. As the surrounding landscape changed and became more modern, this happened.""

**Option *2 (Slightly More Concise):**

""During the 1980s and 1990s, areas around goals were added behind them as the area was modernized.""

**Option *3 (Focus on the Process):**

“As the surroundings of goals evolved and became more developed in the 1980s and 1990s, new areas were constructed behind each goal.”


**Explanation of Changes & Why They Work:**

*   **""Stands were added""** became ""areas where goals were located started to be built up"" or ""new areas were constructed"". This is more accessible language.
*   **""behind each set of goals""** was rephrased as “behind each goal set” or “behind"
"A town may be correctly described as a market town or as having market rights even if it no longer holds a market, provided the right to do so still exists.","Okay, here's a rewritten version of that sentence, aiming for clarity for an English speaker who’s not fluent in the language:

**Option 1 (More Detailed - Good for Understanding):**

“A town can be called either a market town – meaning it still sells goods and does business like before – or a town with special rights related to selling – even if now it doesn’t sell anymore.  As long as those rights are still there, the town is allowed to continue doing business.”

**Option 2 (Slightly Shorter & More Direct):**

“If a town still has the right to sell, it can be called a market town, even if it’s no longer a market. As long as that right remains, the town can continue to trade.”

**Option 3 (Breaking it Down - For Maximum Clarity):**

“The town can be described as a market town – like a place where people buy and sell things – even if it’s no longer active as a market. However, if it still possesses the right to do so, the town can continue to operate.”


**Why these changes work:**

* **Simpler Vocabulary:** Words like ""correctly described,"" ""holding a"
A bastion on the eastern approaches was built later.,"Here are a few options for rewriting that sentence, aiming for clarity for an English speaker unfamiliar with the specific vocabulary:

**Option 1 (Focus on Clarity & Flow):**

""Later, a defensive structure appeared along the eastern coast.""

*   **Why it works:** This replaces “bastion” with a more common term – “defensive structure,” which is easier to grasp. ""Eastern approaches"" becomes “along the eastern coast.”

**Option 2 (More Detailed Explanation - if needed):**

""Some time ago, a fortified wall was constructed along the eastern edge of the land.  It’s a protective barrier.”

*   **Why it works:** This expands slightly on the initial phrase, explaining the function of the structure as a defensive measure.

**Option 3 (Breaking Down the Original - for maximum understanding):**

“A strong defensive structure was established further east. It was built later in history.”

*   **Why it works:** This breaks down the original sentence into three shorter, understandable parts.

---

**To help me refine the best option for you, could you tell me:**

*   What's the context of this sentence? (e.g., is it part of a larger"
Events Europe July 29 — Battle of Stiklestad (Norway): Olav Haraldsson loses to his pagan vassals and is killed in the battle.,"Okay, here's a rewritten version of that sentence, aiming for clarity for someone who’s learning English and doesn’t necessarily know much about Norwegian history:

**Option 1 (More Detailed - Good for Beginners):**

“In July 2008, a significant event happened in Norway – the Battle of Stiklestad.  Olav Haraldsson, a powerful king, lost to the forces of his pagan followers. He was fatally wounded during the fight.”

**Option 2 (Slightly Shorter & More Direct):**

“In July 2008, a battle took place in Norway called the Battle of Stiklestad.  King Olav Haraldsson was defeated by his pagan guards and died in the battle.”

**Option 3 (Focus on Key Elements - If you want to emphasize the core point):**

“A major battle occurred in Norway in July 2008, known as the Battle of Stiklestad. King Olav Haraldsson suffered defeat when he fought against his pagan supporters.”


**Explanation of Changes Made:**

*   **""Events Europe July 29 —""**: This was shortened to ""In July 2008"" or """
Others have theorized that Tresca was eliminated by the NKVD as retribution for criticism of the Stalin regime of the Soviet Union.,"Okay, here are a few options for rewriting that sentence, aiming for clarity and natural English flow while preserving the core meaning:

**Option 1 (More Detailed - Good for Beginners):**

""Many people believe that the NKVD, a secret police force during the Soviet era, removed Tresca because he criticized the government of Joseph Stalin.  They thought this was a punishment.""

**Option 2 (Slightly More Concise):**

""It’s said that the NKVD eliminated Tresca after he criticized the Soviet government under Stalin. They likely punished him as retaliation.""

**Option 3 (Focus on the Core Idea - Clearer):**

“Some theories suggest that the NKVD acted against Tresca because he spoke out against the Stalin regime. This action resulted in his removal.”

**Option 4 (Breaking it Down – If you want to explain each part):**

“Historians think that the NKVD, a secret agency, might have punished Tresca. They believed he criticized the Soviet government led by Joseph Stalin.  This punishment could be seen as an act of retribution.”


---

**Why these changes work:**

*   **Simpler Vocabulary:** Words like ""theoretically,"" ""retaliate,"""
This resulted in both Montenegro and Serbia becoming independent countries.,"Okay, here are a few options for rewriting that sentence, aiming for clarity and natural English flow while preserving the core meaning:

**Option 1 (More Detailed - Good for Beginners):**

""Montenegro and Serbia finally became independent nations.  After a period of struggle, they were able to break free from their former rule.""

**Option 2 (Slightly Shorter & More Direct):**

""Montenegro and Serbia each gained independence after they were no longer under foreign control.""

**Option 3 (Focus on the Process):**

""Eventually, Montenegro and Serbia declared their independence from other countries.""

**Option 4 (Breaking it Down - If you want to explain the process):**

“Following a difficult time, Montenegro and Serbia successfully became sovereign states – meaning they were no longer part of another country’s government – and thus, achieved independence.”


---

**Why these changes work:**

* **Simpler Vocabulary:** Words like ""resulting in"" were replaced with more common phrases like ""became"" or ""finally"".
* **Synonyms:** “struggle” and “break free from” replace “becoming independent,” adding nuance.
* **Compression:** The original sentence is quite long.  The"
Use HTML and CSS markup sparingly and only with good reason.,"Okay, please provide the complex sentence you want me to rewrite! I need the text itself to work with. 😊 

Once you paste it here, I’ll do my best to transform it into something clear and understandable for an English speaker who isn't fluent in English.  I’ll focus on:

*   **Replacing Complex Words:** Using more common synonyms.
*   **Compression:** Removing unnecessary details.
*   **Sentence Splitting:** Breaking down long sentences.
*   **Grammar & Flow:** Ensuring the rewritten sentence is grammatically correct and reads naturally.


Let's get started! Just paste your sentence here."
Schuschnigg immediately responded publicly that reports of riots were false.,"Okay, here are a few options for rewriting the sentence “Schuschnigg immediately responded publicly that reports of riots were false” into clearer English, each with slightly different emphasis and complexity levels:

**Option 1 (Most Direct & Clear):**

""Immediately, Schuschnigg stated clearly that there were no reports of riots.""

*   **Why it works:** This uses straightforward vocabulary (""stated,"" ""no reports"") and avoids overly formal phrasing. It directly conveys the core message.

**Option 2 (Slightly More Detailed - Still Easy):**

""As soon as Schuschnigg announced it, he said definitively that there weren’t any reports of riots.""

*   **Why it works:**  This replaces ""immediately responded publicly"" with a more natural expression – “announced it” and “said definitively.”  It also adds context (""there weren't any reports"").

**Option 3 (Breaking Down the Original - Good for Understanding Complex Ideas):**

“Right away, Schuschnigg declared that there were no reports of riots. That’s what he said.”

*   **Why it works:** This breaks the sentence into two shorter sentences, making it easier to grasp the initial statement and then"
"Addiscombe is a suburb in the London Borough of Croydon, England.","Okay, here are a few options for rewriting that sentence, aiming for clarity and natural English flow while preserving the core meaning:

**Option 1 (More Concise):**

> Addiscombe is a neighborhood located in the London Borough of Croydon, England.

**Option 2 (Slightly More Detailed - Still Simple):**

> Addiscombe is a town within the Croydon borough of London, England.

**Option 3 (Focus on Location - Good for Beginners):**

> Addiscombe is a residential area in Croydon, which is a part of London.

---

**Why these changes work:**

*   **""Suburb"" replaced with ""neighborhood"" or ""town"":** These terms are generally easier to grasp than the more formal term ""suburb.""
*   **""London Borough"" shortened to ""Croydon borough"":**  This is more common phrasing.
*   **Removed unnecessary phrases:** “in the” is often implied when describing locations.


To help me refine the best option for you, could you tell me:

*   What's the context of this sentence? (e.g., a travel guide, an explanation of a place?)"
"Depending on the context, another closely-related meaning of constituent is that of a citizen residing in the area governed, represented, or otherwise served by a politician; sometimes this is restricted to citizens who elected the politician.","Okay, here's a rewritten version of the sentence, aiming for clarity and natural English flow while preserving the core meaning:

**Option 1 (More Detailed - Good for general understanding):**

""In some cases, a political figure might represent a specific area – like a neighborhood or town – where people live under their influence.  This representation often applies to residents who have chosen to support that politician.""

**Option 2 (Slightly More Concise - If space is limited):**

""Sometimes, politicians represent areas they govern or serve, and these representatives are those who have chosen to support them.""


**Option 3 (Focusing on the Core Idea - if you want to emphasize the relationship between a politician and an area):**

“Politicians may represent certain areas, and those residents who choose to support them are part of that representation.”



**Explanation of Changes & Why They Work:**

* **Complex Words Replaced:** ""Depending on the context"" was replaced with ""In some cases,"" ""sometimes,"" or ""politicians may.""
* **Paraphrasing:** Instead of saying ""depending on the context,"" we directly state the situation.
* **Compression:** We removed phrases like ""otherwise served"" which added unnecessary length"
"Prunk is a member of Institute of European History in Mainz, and a senior fellow of the Center for European Integration Studies in Bonn.","Okay, here are a few options for rewriting that sentence, aiming for clarity for someone who’s learning English and doesn’t be familiar with all the specific academic jargon:

**Option 1 (More Explanatory):**

""As a member of the Institute of European History in Mainz, Germany, and a respected researcher at the Center for European Integration Studies in Bonn, he/she is a distinguished scholar.""

*   **Why it works:** Replaces “Prunk” with “member,” simplifies “senior fellow” to “respected researcher,” and adds “he/she” to make it gender-neutral.

**Option 2 (Breaking Down the Sentence - More Detailed):**

“John Doe is an employee of the Institute of European History in Mainz, Germany.  He also holds a position as a senior researcher at the Center for European Integration Studies in Bonn.”

*   **Why it works:** Breaks down the initial phrase into three shorter sentences, clearly stating his role and affiliation.

**Option 3 (Concise & Focused):**

“He is a researcher and member of the Institute of European History in Mainz, and he’s affiliated with the Center for European Integration Studies in Bonn.”

*   **Why it works"
Stallone also had a cameo appearance in the 2003 French film Taxi 3 as a passenger.,"Okay, here are a few options for rewriting that sentence, aiming for clarity for an English speaker unfamiliar with the nuances of the original:

**Option 1 (More Direct):**

""Actor Sylvester Stallone appeared briefly in the 2003 French movie *Taxi 3*. He was a passenger inside.""

**Option 2 (Adding Context - Slightly More Detailed):**

""Sylvester Stallone made a brief, unexpected appearance in the French film *Taxi 3* released in 2003.  He was traveling with someone as a passenger.""

**Option 3 (Breaking it Down - Good for Clarity):**

“In the year 2003, actor Sylvester Stallone appeared in the French film *Taxi 3*. He was a passenger, travelling alongside someone else.”

---

**Why these changes work:**

*   **Simpler Vocabulary:** Words like ""cameo,"" ""passenger,"" and ""as a passenger"" are generally easier to grasp than the original phrasing.
*   **Reduced Complexity:** Phrases like “also had a cameo appearance” were shortened to “appeared briefly” or “made a brief appearance”.
*   **Contextualization:** Adding phrases like ""traveling alongside someone"
"Instead, the crew fashioned a trailer with a cantilevered arm attached to the ""hovercraft"" and shot the scene while riding up Templin Highway north of Santa Clarita.","Okay, here are a few options for rewriting that sentence, aiming for clarity for an English speaker unfamiliar with the specific details, along with explanations of why I made each change:

**Option 1 (More Detailed - Good for general understanding):**

“The crew built a trailer with a long arm extending from it, connected to a hovercraft they were driving north on Templin Highway, heading towards Santa Clara.”

*   **Changes:** Replaced “fashioned” with “built,” “with” with “from,” “shot the scene” with “they were driving,” and “riding up” with “heading towards Santa Clara.” This adds context and flow.


**Option **2 (Slightly More Concise – Still Clear):**

“Using a trailer with a long arm linked to a hovercraft, the crew filmed the scene as they traveled north on Templin Highway, passing near Santa Clara.”

*   **Changes:**  Rephrased “fashioned” as “using,” “shot the scene” as “filmed,” and “riding up” as “traveling north.” Added “near Santa Clara” to provide more context.



**Option 3 (Most Simplified - If you want maximum brevity):**

“The crew"
The conference papers were published the next year in a bookMicroeconomic Foundations of Employment and Inflation Theory by Phelps et al.,"Okay, here are a few options for rewriting that sentence, aiming for clarity and natural English flow while preserving the core meaning:

**Option 1 (More Concise):**

""Research findings from the recent conference papers have been published as a book titled ‘Microeconomic Foundations of Employment and Inflation Theory’ by Phelps et al.""

**Option 2 (Slightly More Detailed - Still Clear):**

""Recently published research papers on the topic of employment and inflation have been released in a book called ‘Microeconomic Foundations of Employment and Inflation Theory’ by Phelps et al.""

**Option 3 (Breaking it Down - Good for Beginners):**

“A book recently published about economic principles related to jobs and inflation – specifically, one written by Phelps et al. – contains the latest research findings.”

---

**Why these changes work:**

*   **Replaced Complex Words:** ""The conference papers"" became ""research findings from the recent conference papers,"" ""published as a book"" or ""released as a book"".  ""Microeconomic Foundations of Employment and Inflation Theory"" was kept as it's a specific title.
*   **Simplified Language:** Phrases like “were published the next year” became “have been published as…” or “are"
"Wario Land The Wario Land series is a platforming series that started with Wario Land: Super Mario Land 3, a spin-off of the Super Mario Land series.","Okay, here are a few options for rewriting that sentence, aiming for clarity for an English speaker unfamiliar with the specific terminology, along with explanations of why I made each change:

**Option 1 (More Detailed - Good for Beginners):**

""The Wario Land series is a type of video game where the first game, *Wario Land: Super Mario Land 3*, was created as a smaller game inspired by the classic *Super Mario* series.""

*   **Why this works:** This replaces ""platforming series"" with “video game where the first game…” which is more accessible.  It also clarifies the origin – it’s inspired by a well-known game.

**Option 2 (Slightly More Concise - Still Clear):**

“The Wario Land series includes games like *Wario Land: Super Mario Land 3*, which is a game developed as a tribute to the popular *Super Mario* franchise.”

*   **Why this works:** It uses “includes” instead of “is a platforming series,” and adds “tribute to” to explain the inspiration.

**Option 3 (Breaking it Down - For Easier Processing):**

“*Wario Land* is a series of games"
Frédéric Chopin's Opus 57 is a berceuse for solo piano.,"Okay, here are a few options for rewriting that sentence, aiming for clarity and natural English flow while preserving the core meaning:

**Option 1 (More Detailed - Good for Beginners):**

"" Frédéric Chopin’s piece, Op. 57, is a gentle lullaby specifically written for solo piano.""

*   **Why it works:** This replaces “berceuse for solo piano” with a more understandable phrase – a ""gentle lullaby for solo piano."" It also clarifies the piece’s purpose.


**Option 2 (Slightly More Concise):**

""Chopin composed ‘Op. 57,’ a peaceful song for piano.”

*   **Why it works:**  This simplifies the phrasing and focuses on the fact that it’s a song.



**Option 3 (Breaking it Down - For Easier Processing):**

“The piece ‘Op. 57’ by Frédéric Chopin is a soft, comforting melody intended for solo piano.”

*   **Why it works:** This breaks down the longer phrase into smaller, more digestible parts. It emphasizes the feeling and intended recipient.


**Option 4 (Combining Elements - A Balanced Approach):**

“Chopin wrote ‘Op. 5"
These attacks may have been psychological in origin rather than physical.,"Okay, here are a few options for rewriting that complex sentence, aiming for clarity and natural English flow while preserving its core meaning:

**Option 1 (More Detailed - Good for general understanding):**

""It’s possible these attacks originated from mental factors – meaning they weren't caused by something like a physical injury or damage.  Perhaps they were related to feelings or thoughts.""

**Option 2 (Slightly More Concise):**

""The attacks might have started because of psychological reasons, not physical ones.""

**Option 3 (Focus on the Core Idea - Slightly more formal but clear):**

""The attacks could have been triggered by psychological influences, rather than being caused by physical harm.""

**Option 4 (Breaking it Down - If you want to really simplify):**

“Possible explanations for these attacks suggest they stemmed from mental states – not from physical injuries.”


---

**Why these changes work:**

* **Synonyms:** I replaced phrases like ""psychological in origin"" with “mental factors” or “psychological reasons”.
* **Paraphrasing:**  I rephrased the original sentence structure to express the same idea using different wording.
* **Compression:**  I removed unnecessary words"
"A historian has stated that ""it was quinine's efficacy that gave colonists fresh opportunities to swarm into the Gold Coast, Nigeria and other parts of west Africa"".","Okay, here are a few options for rewriting the sentence, aiming for clarity for an English speaker unfamiliar with the nuances of historical language and geographical detail:

**Option 1 (More Detailed & Explanatory):**

""According to a historian, quinine’s ability to help people survive – its medicinal properties – allowed settlers in the Gold Coast region of West Africa, like Nigeria, to move more easily and establish themselves.""

*   **Changes:** Replaced “efficacy” with “ability to help,” “swarm into” with “move more easily,” and “parts of west Africa” with “region of West Africa.” Added “like” to clarify the relationship between the settlers and the area.


**Option 2 (Focus on the Benefit - Slightly Shorter):**

“Historians say that quinine helped travelers and settlers in West Africa, particularly in regions like Nigeria, gain new opportunities to settle there.”

*   **Changes:**  Simplified “it was” to “historians say that.” Used “travelers and settlers” to broaden the scope.


**Option 3 (Breaking Down into Smaller Sentences - Good for Flow):**

“A historian believes that quinine provided crucial advantages to people who settled in West Africa, specifically in areas"
"Furthermore, spectroscopic studies have shown evidence of hydrated minerals and silicates, which indicate rather a stony surface composition.","Okay, here are a few options for rewriting that sentence, aiming for clarity and natural English flow while preserving the core meaning:

**Option 1 (More Detailed - Good for general understanding):**

""Research has found that certain types of minerals, particularly those containing water molecules (hydrated minerals) and compounds like silica, often form a rough, layered surface. This suggests a rocky or stone-like structure.""

**Option *2 (Slightly more concise):**

""Studies show that hydrated minerals and silicate compounds create a textured surface – suggesting a stony composition.""

**Option *3 (Focus on the key idea):**

“Analyzing mineral samples reveals that they often contain water and silicon dioxide, leading researchers to believe this creates a rugged, stone-like appearance.”


---

**Why these changes were made:**

*   **Complex Words:**  Replaced phrases like ""evidence of"" with “research has found that” or “studies show”.  ""rather a stony surface composition"" was rephrased as ""a rocky or stone-like structure"" or ""a rugged, stone-like appearance"".
*   **Long Sentences:**  The original sentence is quite long. I broke it down into smaller, more manageable"
She became the authoritative editor of her husband's works for Breitkopf und Härtel.,"Okay, here are a few options for rewriting that sentence, aiming for clarity and natural English flow while preserving the core meaning:

**Option 1 (More Detailed - Good for Beginners):**

""After she became the chief editor of her husband’s published books, she took on the responsibility of reviewing and approving them.""

*   **Explanation:** This replaces “became the authoritative editor” with “became the chief editor,” which is more accessible. ""taking on the responsibility of reviewing and approving"" clarifies the action.

**Option 2 (Slightly More Concise):**

""When she was the editor of her husband’s books, she carefully reviewed and approved each one.""

*   **Explanation:**  This simplifies “became the authoritative editor” to “was the editor” and focuses on the review aspect.

**Option 3 (Breaking it Down – For Enhanced Understanding):**

“Her husband had published his books, and she now became the head editor of those books. She then carefully checked and approved every single one.”

*   **Explanation:** This breaks down the initial clause into three smaller parts, making the overall structure clearer. It also uses ""checked and approved"" to describe the action.


---

To help me"
"Mercury is similar in appearance to the Moon: it is heavily cratered with regions of smooth plains, has no natural satellites and no substantial atmosphere.","Okay, here's a rewritten version of that sentence, aiming for clarity for someone who’s learning English and doesn’t be familiar with very specific scientific terms:

**Option 1 (More Detailed - Good for Beginners):**

""The Moon looks remarkably like Mercury. It’s covered in lots of craters – big, flat areas where there’s no soil. Importantly, it doesn’t have any other planets orbiting it and doesn’t have much air around it.""

**Option 2 (Slightly More Concise - Still Clear):**

""Like the Moon, Mercury appears to have many large craters.  It’s not surrounded by any other planets and has a very thin atmosphere.""

**Option 3 (Breaking it Down - For Further Understanding):**

“Mercury shares a similar look to the Moon. Instead of having any moons or a lot of air, it’s covered in deep, smooth craters. Think of it as a landscape with lots of empty spaces.”


**Why these changes were made:**

*   **Replaced Complex Words:** ""is similar in appearance,"" ""regions of smooth plains,"" ""substantial atmosphere,"" ""no natural satellites,"" and ""no substantial atmosphere"" were replaced with more common and understandable"
Geography The town lies in the Limmat valley between Baden and Zürich.,"Okay, here are a few options for rewriting that sentence, aiming for clarity for someone who’s learning English and doesn’t be familiar with all the specific vocabulary:

**Option 1 (More Detailed - Good for Beginners):**

""The town is located in the Limmat Valley, which is between Baden and Zurich.""

*   **Why this works:** This version uses more common words and phrases. “Located” is a good synonym for “lies.”  “Limmat Valley” is a well-known geographical feature.

**Option 2 (Slightly More Concise):**

""The town is situated in the Limmat Valley, bordered by Baden and Zurich.""

*   **Why this works:** ""Situated"" is a slightly more natural way to express location. ""Bordered by"" emphasizes the connection to the neighboring towns.


**Option 3 (Breaking it Down – For Learners Who Need More Context):**

Here's how it breaks down:

*   “The town is located in the Limmat Valley.” (This is the basic statement)
*   “It’s between Baden and Zurich.” (This tells you where the town is.)

**Option 4 (Combining Elements - A Balanced Approach)**"
"These ideally provide excellent habitat for chinkara, hog deer and blue bull.","Okay, here are a few options for rewriting that sentence, aiming for clarity and natural English flow while preserving the core meaning:

**Option 1 (More Detailed & Explanatory):**

""There’s a good habitat for chinkara, hog deer, and a blue bull.  This area provides suitable conditions for them.”

**Option 2 (Slightly More Concise):**

“Various habitats – including those for chinkara, hog deer, and a blue bull – offer good living spaces.”

**Option 3 (Focus on the Habitat's Benefit):**

“A variety of places – like those where chinkara, hog deer, and a blue bull live – provide a comfortable environment.”

**Option 4 (Breaking it Down - if appropriate for context):**

“You’ll find good homes for chinkara, hog deer, and a blue bull in this area. These habitats offer a comfortable life for them.”


---

**Why these changes work:**

*   **Simpler Vocabulary:** Words like ""these"" were replaced with more common alternatives (""there's,"" ""this area"").
*   **Rephrasing:** Instead of “provide excellent habitat,” we used phrases like"
"After the Sena dynasty, Dhaka was successively ruled by the Turkish and Afghan governors descending from the Delhi Sultanate before the arrival of the Mughals in 1608.","Okay, here's a rewritten version of that sentence, aiming for clarity for an English speaker unfamiliar with the specific historical context:

**Option 1 (More Detailed - Good for Understanding):**

“Following the Sena Dynasty, Dhaka repeatedly came under the control of Turkish and Pashtun officials who were part of the Delhi Sultanate. However, it wasn’t until the arrival of the Mughal Empire in 1608 that Dhaka became a major center of power.”

**Option 2 (Slightly Shorter & More Direct):**

“After the Sena Dynasty, Dhaka was ruled by Turkish and Afghan administrators who were also influenced by the Delhi Sultanate.  The arrival of the Mughal Empire in 1608 marked the beginning of Dhaka becoming a significant political hub.”

**Option 3 (Breaking it Down – For Maximum Clarity):**

“When the Sena Dynasty ended, Dhaka was controlled by Turkish and Pashtun rulers who had been part of the larger Delhi Sultanate. Then, with the arrival of the Mughal Empire in 1608, Dhaka became a key city because they were governed by these officials.”


**Why These Changes Worked:**

* **Replaced Complex Words:** “descending from,” “"
The Prime Minister stays in office only as long as he or she retains the support of the lower house.,"Okay, here are a few options for rewriting that sentence, aiming for clarity for an English speaker unfamiliar with political terminology:

**Option 1 (More Detailed - Good for general understanding):**

""The current Prime Minister must remain in power if his or her party still has the backing of the House of Representatives.""

*   **Explanation:** This replaces ""remains in office only as long as"" with “must remain in power if” which is more straightforward.  “Retaining the support” becomes “still has the backing.”

**Option **2 (Slightly More Concise):**

""A Prime Minister remains in office until his or her party continues to have their support from the lower house.”

*   **Explanation:** This simplifies the phrasing slightly while retaining the core meaning.

**Option 3 (Breaking it Down – Useful for further comprehension):**

""The Prime Minister’s position depends on whether his or her party still has the votes from the lower house. If they do, they stay in office; otherwise, they need to find new support.""

*   **Explanation:** This breaks down the sentence into three smaller parts, explaining each step. It also adds context about what happens when the party doesn't have the"
"For Rowling, this scene is important because it shows Harry's bravery, and by retrieving Cedric's corpse, he demonstrates selflessness and compassion.","Okay, here are a few options for rewriting that sentence, aiming for clarity and natural English flow while preserving the core meaning:

**Option 1 (More Detailed & Explanatory):**

“For Harry, seeing this scene is crucial because it highlights his courage and also shows him being selfless and kind – by finding Cedric’s body, he demonstrates a willingness to help others.”

**Option 2 (Slightly Shorter & More Direct):**

“The scene with Harry is important because it proves his bravery and reveals his compassionate nature; by recovering Cedric’s remains, he acts selflessly and shows kindness.”

**Option 3 (Focus on Core Meaning - Slightly Longer):**

“Harry’s presence in this moment is significant because it showcases his bravery and demonstrates a deep sense of compassion.  By discovering Cedric’s lifeless body, he chooses to act selflessly and show empathy.”

---

**Why these changes work:**

* **Simpler Vocabulary:** Words like ""important"" were replaced with more straightforward alternatives like “crucial” or “significant”.
* **Paraphrasing:** Instead of saying ""this scene is important,"" we directly state *why* it's important – highlighting courage and compassion.
*"
"On June 1, 1972, he and fellow RAF members Jan-Carl Raspe and Holger Meins were apprehended after a lengthy shootout in Frankfurt.","Okay, here are a few options for rewriting that sentence, aiming for clarity for an English speaker unfamiliar with the specific details, along with explanations of why I made each change:

**Option 1 (More Detailed - Good for general understanding):**

""On June 1, 1972, a group of men affiliated with the Royal Air Force (RAF) – including former member Jan-Carl Raspe and Holger Meins – were arrested during a tense confrontation in Frankfurt.""

*   **Changes Made:**
    *   “he and fellow RAF members” changed to “a group of men affiliated with the Royal Air Force (RAF)” – This is more straightforward.
    *   “were apprehended” changed to “were arrested” – Simpler vocabulary.
    *   “after a lengthy shootout” changed to “during a tense confrontation” –  Replaces the slightly formal phrase with something easier to grasp.


**Option 2 (Slightly More Concise - Still Clear):**

""In June 1972, when he and his RAF colleagues Jan-Carl Raspe and Holger Meins were present in Frankfurt, they were stopped during a violent police shootout.”

*   **Changes Made:**"
"Together they formed New Music Manchester, a group committed to contemporary music.","Okay, here are a few options for rewriting that sentence, aiming for clarity and natural English flow while preserving the core meaning:

**Option 1 (More Concise):**

""Several musicians called New Music Manchester, a group focused on modern music. They create and perform new sounds.""

**Option 2 (Slightly More Detailed - Still Clear):**

""New Music Manchester is a group dedicated to creating contemporary music. They produce unique and evolving soundscapes.""

**Option 3 (Breaking it Down – Good for Understanding Complexity):**

“There’s a group called New Music Manchester. They specialize in making new and interesting musical styles.”

---

**Why these changes work:**

*   **Replaced Complex Words:** ""Together they formed"" became ""Several musicians called"" or ""New Music Manchester is a group...""
*   **Simplified Language:** Phrases like “committed to” were replaced with more direct language.
*   **Compression:**  The original sentence was a bit wordy.  We've streamlined it.
*   **Main Idea Retained:** All options maintain the central idea – New Music Manchester is a group producing modern music.


To help me refine the best option for *you*, could you tell"
"The compact and intense hurricane caused extreme damage in the upper Florida Keys, as a storm surge of approximately 18 to 20 feet affected the region.","Okay, here are a few options for rewriting that sentence, aiming for clarity for an English speaker unfamiliar with the specific vocabulary:

**Option 1 (More Detailed - Good for general understanding):**

""A very strong and powerful hurricane recently struck the southern part of Florida – specifically, the upper Florida Keys.  Because of this storm, huge waves, about 18 to 20 feet high, flooded the area.""

**Option *2 (Slightly More Concise):**

""A large hurricane devastated the upper Florida Keys.  Waves reaching up to 18 to 20 feet surged through the region.""

**Option *3 (Focus on Impact - Emphasizes the severity):**

“This incredibly powerful hurricane caused significant damage to the Florida Keys’ northern coast.  Large waves, nearly 18 to 20 feet tall, flooded the land.”


---

**Why these changes were made:**

*   **""Compact and intense""**: Replaced with ""very strong and powerful"" or ""large"" to describe the hurricane's strength.
*   **""caused extreme damage""**: Reworded to ""devastated"" or ""caused significant damage"" for better flow.
*"
It is now the site of Meher Baba's samadhi (tomb-shrine) as well as facilities and accommodations for pilgrims.,"Okay, here are a few options for rewriting that sentence, aiming for clarity for an English speaker unfamiliar with the specific context – each with slightly different nuances:

**Option 1 (More Detailed & Explanatory):**

""A place of great significance – a tomb-shrine dedicated to Meher Baba – is currently located there, alongside facilities and lodging for travelers and pilgrims.""

*   **Why this works:** This replaces “is now the site of” with a more natural phrasing. ""Dedicated to"" clarifies the purpose.  “Alongside facilities and lodging” provides a clearer understanding of what’s present.

**Option 2 (Slightly More Concise):**

""There’s a shrine honoring Meher Baba, situated with facilities and accommodation for pilgrims.”

*   **Why this works:** This uses shorter, more direct language. It focuses on the core idea – a shrine and associated services.

**Option 3 (Breaking Down the Original - A bit more complex, but potentially helpful):**

""Meher Baba's memorial site, including facilities like hotels and rest houses, is currently occupied.  This area welcomes pilgrims seeking spiritual solace.""

*   **Why this works:** This breaks down the original sentence into smaller"
The collapsed dome of the main church has been restored entirely.,"Here are a few options for rewriting that sentence, aiming for clarity for an English speaker unfamiliar with the specific vocabulary:

**Option 1 (More Detailed - Good for general understanding):**

""A large, damaged roof of the main church building has been repaired completely.""

*   **Why it works:** Replaces “collapsed dome” with “damaged roof,” uses “repaired” which is more common and understandable.

**Option 2 (Slightly More Concise):**

""The main church’s roof has been rebuilt to its original shape.""

*   **Why it works:**  Replaces ""collapsed dome"" with “rebuilt roof,” focusing on the action of repair.

**Option 3 (Breaking it Down – If you want to emphasize the restoration):**

“Recently, the entire roof of the important church was repaired and made strong again.”

*   **Why it works:** This breaks the sentence into three shorter sentences, explaining the core idea of the restoration.

**Option 4 (Most Simplified - Use if you need maximum clarity):**

“The church’s roof now looks like it used to.”

*   **Why it works:** This is the most basic simplification, but still conveys the essential"
"In 2005, Meissner became the second American woman to land the triple Axel jump in national competition.","Okay, here are a few options for rewriting that sentence, aiming for clarity for an English speaker unfamiliar with the nuances of the original:

**Option 1 (More Detailed - Good for general understanding):**

""In 2005, a German skier named Meissner achieved a remarkable feat – she was the second American woman to successfully perform the triple axel jump at a national competition.""

*   **Changes:** Replaced ""became the second American woman to land"" with “she was the second American woman to successfully perform” which is more straightforward.  Added ""at a national competition"" to clarify the context.


**Option **2 (Slightly shorter and focuses on the achievement):**

""In 2005, Meissner, a German skier, was the second American woman to win a triple axel jump in a national competition.""

*   **Changes:** Simplified phrasing to emphasize the accomplishment.


**Option 3 (Breaking down the original into smaller parts - if you want to really simplify):**

“In 2005, a German skier named Meissner won the second place medal when she landed the triple axel jump during a national competition.”

*   **Changes:**  Reph"
"Salem is a city in Essex County, Massachusetts, United States.","Okay, here are a few options for rewriting that sentence, aiming for clarity and natural English flow while preserving the core meaning:

**Option 1 (More Concise):**

""Salem is a city located in Essex County, Massachusetts, within the United States.""

*   **Why it works:** This removes the slightly formal phrasing and directly states the location and country.

**Option 2 (Slightly More Detailed - Still Simple):**

""Salem is a city situated in Essex County, part of Massachusetts, in the United States.”

*   **Why it works:**  Replaces “is a city” with “is situated,” which sounds more approachable. Also clarifies ""part of"" and ""in"" for better understanding.

**Option 3 (Breaking it Down – Good for Beginners):**

“Salem is a city in Massachusetts, specifically in Essex County. It’s located in the United States.”

*   **Why it works:** This breaks the sentence into three shorter sentences, making it easier to process.

---

To help me refine the best option for *you*, could you tell me:

*   **What's the context?** (e.g., Are you explaining this to someone unfamiliar with US"
Forty-nine species of pipefish and nine species of seahorse have been recorded.,"Here are a few options for rewriting that sentence, aiming for clarity for an English speaker unfamiliar with the specific terminology:

**Option 1 (More Concise):**

""There are forty-nine different types of pipefish and nine different types of seahorses.""

**Option 2 (Slightly More Detailed - Still Clear):**

""Researchers have documented 49 different kinds of pipefish and nine different kinds of seahorses.""

**Option 3 (Focus on the Core Idea - Good for Beginners):**

""We’ve found 49 different types of pipefish and nine different types of seahorses.""

---

**Why these changes work:**

* **Simpler Vocabulary:** Words like ""recorded"" became ""documented"" or ""have been observed.""
* **Reduced Complexity:**  Phrases like ""and have been recorded"" were streamlined.
* **Clearer Structure:** Breaking down the original sentence into smaller phrases makes it easier to process.


To help me refine the best option for *you*, could you tell me:

*   What's the context of this sentence? (e.g., is it part of a scientific paper, a travel guide, etc.)"
"Saint Martin is a tropical island in the northeast Caribbean, approximately 300 km (186 miles) east of Puerto Rico.","Here are a few options for rewriting that sentence, aiming for clarity for an English speaker unfamiliar with the specific details:

**Option 1 (More Concise):**

""Saint Martin is a warm, tropical island located in the northeastern Caribbean Sea, about 300 kilometers (186 miles) east of Puerto Rico.""

**Option 2 (Adding Context - Slightly More Detail):**

""Saint Martin is a beautiful island in the southeastern Caribbean, situated roughly 300 kilometers (186 miles) to the east of Puerto Rico. It’s a sunny and tropical place!""

**Option 3 (Breaking it Down – Good for Understanding Complexity):**

“Saint Martin is an island located in the Northeast Caribbean, about 300 kilometers (186 miles) east of Puerto Rico.  It's a warm and tropical destination.”


---

**Why these changes work:**

* **Simpler Vocabulary:** Words like ""approximately"" were replaced with more straightforward phrases like ""about"" or ""roughly.""
* **Reduced Complexity:** Phrases like “in the northeast” were shortened to “in the southeastern” or simply “in the Northeast.”
* **Added Context:** Option 2 provides a little extra context"
"Therefore, these PDFs can not be distributed without further manipulation if they contain images.","Okay, here's a rewritten version of the complex sentence, aiming for clarity and readability for someone unfamiliar with formal English, along with explanations of the changes made:

**Rewritten Sentence:**

“If we have these documents (PDFs) – which include pictures – then we can’t share them directly because they might have visual elements.”

**Explanation of Changes and Why They Were Made:**

* **Complex Phrase:** ""These PDFs can not be distributed without further manipulation"" - This is very formal and uses jargon.  It was replaced with “if we have these documents – which includes pictures – then we can’t share them directly” – this is more straightforward.
* **Complex Clause:** ""if they contain images"" - This was also rephrased as “because they might have visual elements”.  This clarifies that the images are a potential issue.
* **Parallel Structure:** We used ""we can't share them directly"" to create a clear parallel structure, emphasizing the problem.


**Alternative Rewrites (Depending on Context):**

Here are a few other options, depending on the specific nuance you want to convey:

**Option 1 (More Concise):**

""If we have these PDF files, we can"
"In April 1862, Ben was arrested on the orders of Police Inspector Sir Frederick Pottinger for participating in an armed robbery whilst in the company of Frank Gardiner.","Okay, here are a few options for rewriting that sentence, aiming for clarity for someone who’s learning English and understanding the nuances:

**Option 1 (More Detailed - Good for Beginners):**

""In April 1862, Benjamin was arrested by Police Inspector Sir Frederick Pottinger. He was accused of leading a robbery – a violent attack – while he was joined by Frank Gardiner.""

**Option 2 (Slightly More Concise):**

""In April 1862, Benjamin was arrested by Police Inspector Sir Frederick Pottinger after he participated in a robbery with Frank Gardiner.""

**Option 3 (Focusing on the Core Action):**

“Because Benjamin was involved in a robbery – a violent act he shared with Frank Gardiner – he was arrested by Police Inspector Sir Frederick Pottinger in April 1862.”

**Option 4 (Breaking it Down - If you want to explain each part):**

“In April 1862, Benjamin was apprehended by Police Inspector Sir Frederick Pottinger.  He was suspected of being part of a robbery that took place alongside Frank Gardiner.”


**Why these changes work:**

*   **Simpler Vocabulary:** Words like ""participating"" and """
"Heavy rain fell across portions of Britain on October 5, causing localized accumulation of flood waters.","Okay, here are a few options for rewriting that sentence, aiming for clarity for an English speaker unfamiliar with the specific vocabulary, along with explanations of why I made each change:

**Option 1 (More Detailed - Good for general understanding):**

""Heavy rainfall occurred across different areas of Britain on October 5th.  As a result, small rivers and streams began to swell significantly in those specific spots.""

* **Why this works:** Replaces ""heavy rain fell across portions of Britain"" with “heavy rainfall occurred across different areas.”  “localized” is replaced with “small rivers and streams began to swell,” which is more accessible. “caused local accumulation of flood waters” becomes “resulted in small rivers and streams beginning to swell,” simplifying the phrasing.


**Option **2 (Slightly More Concise - Still Clear):**

""During heavy rain on October 5th, water levels rose sharply in certain regions of Britain.""

* **Why this works:** This version uses ""during heavy rain"" instead of the longer phrase. ""Water levels rose sharply"" is a more direct way to describe the flooding.



**Option 3 (Breaking it Down - For maximum comprehension):**

Here’s how it breaks down:"
"Version 2009.1 provides a USB installer to create a Live USB, where the user's configuration and personal data can be saved if desired.","Okay, here are a few options for rewriting that sentence, aiming for clarity for an English speaker unfamiliar with technical terms, along with explanations of why I made each change:

**Option 1 (More Detailed & Explanatory):**

""In 2009, the software offered a USB installer that allows you to create a ""Live"" USB drive. This means you can save your system settings and personal files on it – something useful if you want to keep them safe.""

* **Changes:** Replaced “provides a USB installer” with “offered a USB installer.”  Added “that allows you to create” to clarify the action. Explained “Live USB” with a simple definition. Added “This means you can save…” to explain the benefit.


**Option 2 (Slightly More Concise - Still Clear):**

""A software package in 2009 included a tool to create a USB drive that lets you save your system’s settings and personal data.  You could then store these things safely.""

* **Changes:** Shortened phrases like ""a USB installer"" and ""provides a USB installer"". Used ""letting you save..."" instead of ""allows you to save.""


**Option 3 ("
"In approximate relation to the parties' respective strength in the Federal Assembly, the seats were distributed as follows: Free Democratic Party (FDP): 2 members, Christian Democratic People's Party (CVP): 2 members, Social Democratic Party (SP): 2 members, and Swiss People's Party (SVP): 1 member.","Okay, here are a few options for rewriting that sentence, aiming for clarity for an English speaker unfamiliar with the specific political terminology. I’ll offer variations, each with slightly different emphasis and complexity levels:

**Option 1 (More Detailed - Good for Understanding):**

""Based on the strength of each party’s influence in the Federal Assembly – their ability to hold power – the seats were allocated as follows: The Free Democratic Party (FDP) received two seats, the Christian Democratic People’s Party (CVP) two, the Social Democratic Party (SP) two, and the Swiss People’s Party (SVP) one.  This arrangement reflects how powerful each party is in terms of legislative power.""

**Option 2 (Simplified & Concise):**

""The Federal Assembly was divided like this: The Free Democratic Party (FDP) had two seats, the Christian Democratic People’s Party (CVP) two, the Social Democratic Party (SP) two, and the Swiss People’s Party (SVP) had one. This distribution reflects the strength of each party’s influence in politics.""

**Option 3 (Breaking Down into Smaller Sentences - For Easier Processing):**

“The seats in the Federal Assembly"
"A fee is the price one pays as remuneration for services, especially the honorarium paid to a doctor, lawyer, consultant, or other member of a learned profession.","Okay, here are a few options for rewriting that sentence, aiming for clarity for an English speaker unfamiliar with legal terminology:

**Option 1 (More Detailed - Good for general understanding):**

""Paying someone for their work – called an ‘honorarium’ – is like a payment for their time and expertise. This often happens when a doctor, lawyer, or another professional who has specialized knowledge provides help. It’s essentially a fee for their services.""

**Option 2 (Slightly Shorter & More Direct):**

""When someone hires a doctor, lawyer, or expert for their work, they might pay them an ‘honorarium.’ This is a payment for their time and skill, similar to what you’d pay for consulting services.""

**Option 3 (Breaking it Down - For maximum clarity):**

“Think of it this way: if someone uses the skills of a doctor, lawyer, or specialist for a project, they might ask for a fee – an ‘honorarium’ – to compensate them for their time and knowledge.  It's like paying for their service.”

---

**Why these changes were made:**

*   **Replaced Complex Words:** “fee,” “remuneration,” “honor"
Ohio State's library system encompasses twenty-one libraries located on its Columbus campus.,"Okay, here are a few options for rewriting that sentence, aiming for clarity and natural English flow while preserving the core meaning:

**Option 1 (More Concise):**

""Ohio State University has twenty-one libraries located right on its Columbus campus.""

**Option 2 (Adding a little more detail - slightly longer but clearer):**

""The library system at Ohio State University includes fifteen libraries situated on the university’s central campus in Columbus.""

**Option 3 (Breaking it down further - good if you want to emphasize the location):**

“Ohio State University supports 21 libraries located directly within the Columbus campus itself.”


---

**Why these changes work:**

*   **Replaced Complex Words:** ""encompasses,"" ""located on,"" and ""its"" were replaced with simpler alternatives like “has,” “located,” and “the university’s.”
*   **Simplified Language:** Phrases like ""emanates from"" or ""situated within"" were streamlined.
*   **Reduced Redundancy:**  Phrases like ""on its Columbus campus"" were shortened to just ""campus"" when appropriate.



To help me refine the best option for *you*, could you tell me:

*   What is"
"In other developments, both Iceland and Greenland accepted the overlordship of Norway, but Scotland was able to repulse a Norse invasion and broker a favorable peace settlement.","Okay, here's a rewritten version of that complex sentence, aiming for clarity for an English speaker unfamiliar with the nuances of geopolitical history:

**Option 1 (More Detailed - Good for Understanding):**

""At the same time, both Iceland and Greenland agreed to be ruled by Norway. However, Scotland managed to successfully resist a Viking attack and ultimately negotiated a peaceful agreement with Norway.""

**Option 2 (Slightly More Concise - Still Clear):**

""Iceland and Greenland also agreed to be governed by Norway.  Scotland then successfully defended itself from a Norse invasion and established a peaceful deal with Norway.""

**Option 3 (Breaking it Down - For Maximum Clarity):**

“First, Iceland and Greenland joined forces and were ruled by Norway. Then, Scotland successfully fought off a Viking invasion and eventually made a peaceful agreement with Norway.”


**Why these changes work:**

*   **Replaced Complex Words:** ""Overlordship"" became ""ruled by,"" ""welcomes"" became ""governed by,"" ""brokered a favorable peace settlement"" became ""negotiated a peaceful agreement,"" etc.
*   **Simplified Language:** Phrases like “In other developments” were removed or replaced with more direct phrasing.
*   **Reduced"
"The singles from the album included ""By the Way"", ""The Zephyr Song"", ""Ca n't Stop"", ""Dosed"" and ""Universally Speaking"".","Okay, here are a few options for rewriting that complex sentence, aiming for clarity for an English speaker unfamiliar with music terminology:

**Option 1 (More Detailed - Good for general understanding):**

“The songs on this album featured ‘By the Way,’ ‘The Zephyr Song,’ ‘Can’t Stop,’ ‘Dosed,’ and ‘Universally Speaking.’”

**Option 2 (Slightly Shorter & More Direct):**

“Songs on the album included ‘By the Way,’ ‘The Zephyr Song,’ ‘Can’t Stop,’ ‘Dosed,’ and ‘Universally Speaking.’”

**Option 3 (Focusing on the Album Content - Slightly more evocative):**

“This album contained tracks like ‘By the Way,’ ‘The Zephyr Song,’ ‘Can’t Stop,’ ‘Dosed,’ and ‘Universally Speaking.’”


**Why these changes work:**

*   **Replaced Complex Words:** “The singles” became “the songs,” “included” became “featured” or “contained.”  “Including” was replaced with a simple verb phrase.
*   **Simplified Language:** Phrases like “The elements of the album” were streamlined.
*   **Reduced Redundancy:** Removed phrases"
"In April 2000, MINIX became free / open source software under a permissive free software licence, but by this time other operating systems had surpassed its capabilities, and it remained primarily an operating system for students and hobbyists.","Okay, here's a rewritten version of that sentence, aiming for clarity for someone learning English while preserving the core meaning:

**Option 1 (More Detailed):**

""In April 2000, the MINIX operating system became freely available as open-source software thanks to a generous license. However, soon after this, other computer operating systems quickly surpassed MINIX’s abilities, making it mostly used by students and people who were interested in exploring computers as a hobby.""

**Option 2 (Slightly Shorter & More Direct):**

""In April 2000, MINIX, an open-source program, was released with a friendly license.  But as faster computers emerged, MINIX’s capabilities weren’t strong enough – it mainly served as a tool for students and those just starting to learn about computers.""


**Here's a breakdown of why these changes work:**

*   **“became free” changed to “became freely available”**: This is more natural phrasing.
*   **“under a permissive free software licence” simplified to “thanks to a generous license” or “with a friendly license”**:  This avoids the formal language.
*   **“but by this"
"The body color varies from medium brown to gold-ish to beige-white; and occasionally, is marked with dark brown spots, especially on the limbs.","Okay, here are a few options for rewriting that sentence, aiming for clarity for an English speaker unfamiliar with the specific vocabulary, along with explanations of why I made each change:

**Option 1 (More Detailed & Explanatory):**

""The skin tone ranges from light to reddish-gold, sometimes appearing as darker brown patches, particularly around the arms and legs. Occasionally, there are also small, dark brown marks.""

* **Why this works:**  This version replaces phrases like ""body color varies from..."" with more straightforward language. “Reddish-gold” provides a better sense of the color range. “Dark brown patches” clarifies the appearance. “Arms and legs” are clearer than the original phrasing. “Occasionally” adds a touch of nuance.


**Option **2 (Slightly Shorter & Focused):**

""Skin tones typically include shades of medium brown, reddish-gold, or beige-white. Sometimes, they have small, dark brown spots on their arms and legs.""

* **Why this works:** This cuts out some of the wordiness. It focuses directly on the key elements – the color types and the presence of spots.



**Option 3 (Breaking it Down - Chunking):**

“"
"The Britannica was primarily a Scottish enterprise, as symbolised by its thistle logo, the floral emblem of Scotland.","Okay, here are a few options for rewriting that sentence, aiming for clarity and natural English flow while preserving the core meaning:

**Option 1 (More Detailed - Good for Beginners):**

""The Britannica was originally a business based in Scotland. It’s known for its distinctive thistle logo, which looks like a flower – a symbol of Scotland.""

**Option 2 (Slightly More Concise):**

""Britannia was a Scottish company, recognized by its thistle logo, a floral emblem representing Scotland.""

**Option 3 (Focus on Core Idea - Slightly more formal):**

“Britannia was a Scottish firm, famous for its thistle emblem, which resembles a flower and is a national symbol of Scotland.”

---

**Why these changes work:**

*   **Simpler Vocabulary:** Words like ""enterprise,"" ""symbolised,"" ""floral emblem,"" and ""national symbol"" were replaced with more common alternatives.
*   **Reduced Complexity:**  Phrases like “as symbolised by” were shortened to “known for” or “recognized by”.
*   **Clearer Structure:** Breaking down the original sentence into smaller parts makes it easier to follow.


To help me refine the best option for *you*, could you"
"The area covered by the warning issued on September 22 was extended southwards as Jose intensified, before being canceled soon after landfall on September 23.","Okay, here are a few options for rewriting that sentence, aiming for clarity for an English speaker unfamiliar with the nuances of the original:

**Option 1 (More Detailed - Good for Understanding):**

""As Jose continued to issue a warning on September 22nd, the area covered by that warning began to extend southward. However, this warning was quickly cancelled shortly after it hit the coast of Florida on September 23rd.""

**Option *2 (Slightly More Concise):**

""After Jose issued a warning on September 22nd, the warning area spread southwards. It was then cancelled shortly after the storm hit Florida on September 23rd.""

**Option *3 (Focusing on the Action & Timeline):**

“Because Jose issued a warning on September 22nd, the warning zone shifted south.  It was immediately stopped when the storm reached Florida on September 23rd.”


**Explanation of Changes Made:**

*   **""The area covered by the warning issued...""** became ""As Jose continued to issue a warning..."" or ""After Jose issued a warning..."" – This is more direct.
*   **""was extended southwards""** changed to ""began to"
"In August 2003, the San Diego Union Tribune alleged that U.S. Marine pilots and their commanders confirmed the use of Mark 77 firebombs on Iraqi Republican Guards during the initial stages of combat.","Okay, here are a few options for rewriting that sentence, aiming for clarity for an English speaker unfamiliar with military jargon and complex phrasing:

**Option 1 (More Detailed - Good for Understanding):**

""In August 2003, the San Diego Union Tribune reported that U.S. Marines and their leaders told authorities that they used Mark 77 firebomb attacks against Iraqi Republican Guard soldiers early in the fighting.  Specifically, they stated that these bombs were deployed during the beginning stages of the conflict.""

**Option *2 (Simplified & Concise):**

""In August 2003, the San Diego Union Tribune said that U.S. Marines and their commanders used Mark 77 firebombs to attack Iraqi Republican Guards during the start of the battle.""

**Option *3 (Breaking Down the Original - For Maximum Clarity):**

Here’s a breakdown of the original sentence:

*   **“alleged that”** becomes **“reported that”** – This is a more straightforward way to phrase it.
*   **“U.S. Marine pilots and their commanders”** becomes **“U.S. Marines and their leaders”** –  This clarifies who's being referred"
"The latter provided audiences with the sort of information later provided by intertitles, and can help historians imagine what the film may have been like.","Okay, here are a few options for rewriting that sentence, aiming for clarity and natural English while preserving the core meaning:

**Option 1 (More Detailed - Good for general understanding):**

""Earlier films often used subtitles – similar to what’s shown now – to tell viewers about the movie. This helps historians think about how the film might have looked and felt.""

**Option 2 (Slightly More Concise):**

""Films used subtitles back then to explain the movie. It allows historians to imagine what the film might have been like.""

**Option 3 (Focus on the Functionality):**

“Subtitles were common in older movies, allowing viewers to learn about the film’s content.  This helps historians reconstruct what the film might have looked like.”

**Option 4 (Breaking it Down - If you want to emphasize the process):**

“Historically, films relied on subtitles to provide context. These subtitles helped historians visualize the film's potential visuals and atmosphere.”


---

**Why these changes work:**

*   **Simpler Vocabulary:** Words like ""sort of information,"" ""can help,"" ""imagine,"" and ""reconstruct"" were replaced with more direct equivalents.
*   **Paraphrasing"
"That is because real estate, businesses and other assets in the underground economies of the Third World can not be used as collateral to raise capital to finance industrial and commercial expansion.","Okay, here are a few options for rewriting that sentence, aiming for clarity for an English speaker unfamiliar with the nuances of the original:

**Option 1 (More Detailed & Explanatory):**

""Real estate investments and other valuable things found in the hidden or informal economies of developing countries – like those in the third world – cannot be used as security for loans to help build factories and expand businesses.""

**Option *2 (Slightly Shorter & More Direct):**

""In the secret economies of developing nations, real estate and other assets can’t be used as collateral to get money for expanding industries and businesses.""

**Option *3 (Breaking it Down - Good for Clarity):**

“Property and other things held in the shady areas of developing countries – often called ‘underground economies’ – aren't good enough to secure loans for building factories or growing businesses.”


---

**Why these changes were made:**

*   **Replaced Complex Words:** ""Underground economies,"" ""informal economies,"" ""assets,"" ""collateral,"" ""finance,"" and ""expansion"" were all replaced with more common and understandable terms.
*   **Simplified Language:** Phrases like “that is because” were removed.  Phr"
He bolted from Sydney Cove several times before being shot dead in 1796.,"Okay, here are a few options for rewriting that sentence, aiming for clarity and natural English flow while preserving the core meaning:

**Option 1 (More Detailed - Good for Understanding):**

""During his travels in Sydney Harbour, Australia, he repeatedly fired weapons before he was killed in 1796.""

*   **Explanation:** This version replaces ""bolted from"" with “repeatedly fired weapons,” which is more accessible.  “Sydney Harbour” clarifies the location. “before he was killed” is clearer than “before being shot dead.”

**Option **2 (Slightly More Concise):**

""He was shot and killed in Sydney Harbour multiple times in 1796.""

*   **Explanation:** This simplifies the phrasing slightly, focusing on the action and the location.

**Option 3 (Breaking Down into Smaller Sentences - For Enhanced Comprehension):**

Here’s a breakdown:

*   “He traveled extensively in Sydney Harbour, Australia.” (Sets the scene)
*   “He was shot several times during his travels.” (Focuses on the repeated shooting)
*   “As a result, he was killed.” (States the outcome)

**Option 4 ("
"Ned and Dan advanced to the police camp, ordering them to surrender.","Okay, here are a few options for rewriting that sentence, aiming for clarity and natural English flow while preserving the core meaning:

**Option 1 (More Detailed - Good for Beginners):**

""Ned and Dan went to the police station and asked for the prisoners to leave. They demanded they give up.""

**Option 2 (Slightly More Concise):**

""Ned and Dan headed to the police headquarters and told the guards to let the prisoners go.""

**Option 3 (Focus on the Action - Clearer):**

“Ned and Dan arrived at the police camp and instructed the officers to allow the prisoners to leave.”

**Option 4 (Breaking it Down - If you need more context):**

“Ned and Dan traveled to the police facility and requested that the inmates relinquish their belongings.  They asked the authorities to release them.”


**Why these changes work:**

*   **Simpler Vocabulary:** Words like ""advanced,"" ""order,"" ""surrender,"" ""heading,"" and ""demanded"" were replaced with more common alternatives.
*   **Reduced Complexity:** Phrases like “ordering them to surrender” became “asked for the prisoners to leave” or “instructed the guards to allow…”
*   **"
"Before the second game got underway, the press agreed that the ""midget-in-a-cake"" appearance had not been up to Veeck's usual promotional standard.","Okay, here are a few options for rewriting that sentence, aiming for clarity and natural English flow while preserving the core meaning:

**Option 1 (More Detailed - Good for general understanding):**

""As soon as the second game started, journalists noticed that the ‘little cake’ look the player was wearing didn’t match Veeck’s usual standards of promotion.  They felt it wasn’t good enough.""

**Option 2 (Slightly More Concise):**

""After the second game began, reporters found that the player’s appearance looked unprofessional – it wasn’t like Veeck’s usual style of promotion.""

**Option 3 (Focus on the Problem - Clearer emphasis):**

“When the second game started, people criticized the player’s appearance. It didn’t seem to fit Veeck’s usual promotional style.”

**Option 4 (Breaking it Down - If you want to explain each part):**

“The press realized right away that the player’s appearance didn’t meet Veeck’s usual standards of promotion. They thought it wasn’t polished or professional.”


---

**Why these changes work:**

* **Simpler Vocabulary:** Words like “midget-"
"In a short video promoting the charity Equality Now Joss Whedon confirmed that ""Fray is not done, Fray is coming back.","Okay, here are a few options for rewriting the sentence, aiming for clarity and natural English while preserving the core message:

**Option 1 (More Detailed - Good for general understanding):**

""Recently, the director Joss Whedon stated that ‘Fray’ will return – he’s promising it will continue its work.  It’s important to remember this.""

**Option 2 (Slightly More Concise):**

""Joss Whedon, the director, said that ‘Fray’ will be returning. He’s confident it will continue its mission.""

**Option 3 (Focus on the Core Message - Slightly shorter):**

“Joss Whedon confirmed that ‘Fray’ will be revisiting its efforts. It’s going to continue fighting for equality.”


**Option 4 (Breaking it Down - If you want to really clarify):**

*   “Joss Whedon, the director, made a statement about ‘Fray.’*
*   “‘Fray’ will be returning.*”
*   “He’s promising it will continue its work.”



---

**Why these changes were made:**

* **Replaced Complex Words:** “In a short video"
A mutant is a type of fictional character that appears in comic books published by marvel comics.,"Okay, here are a few options for rewriting that sentence, aiming for clarity and natural English flow while preserving the core meaning:

**Option 1 (More Detailed - Good for Beginners):**

""In comic books created by Marvel Comics, there’s a special kind of character called a ‘mutant.’ This character is imagined as part of stories – they aren't real people but rather figures from the comics.""

**Option 2 (Slightly Shorter & More Direct):**

""Mutants are characters featured in comic books published by Marvel Comics. They’re not real people, but they appear in the stories.""

**Option 3 (Breaking it Down - For Easier Processing):**

“Marvel Comics publishes comic books featuring characters known as mutants. These characters aren’t actual people; they’re made up in the stories.”

**Option 4 (Combining Elements - A Balanced Approach):**

“Characters appearing in comic books by Marvel Comics are called mutants.  They’re not real people themselves, but they’re part of the stories.”


---

**Why these changes work:**

*   **Simpler Vocabulary:** Words like ""is a type of"" were replaced with more common phrases like “there’"
The SAT Reasoning Test (formerly Scholastic Aptitude Test and Scholastic Assessment Test) is a standardized test for college admissions in the United States.,"Okay, here are a few options for rewriting that sentence, aiming for clarity for an English speaker unfamiliar with the specific context, along with explanations of why I made each change:

**Option 1 (More Detailed & Explanatory):**

""The StandardizedSAT Reasoning Test is a common exam used to help students apply to colleges in the United States. It’s designed to assess a student’s skills in areas like critical thinking and problem-solving.""

*   **Changes Made:** Replaced ""The SAT Reasoning Test (formerly Scholastic Aptitude Test and Scholastic Assessment Test)"" with “The StandardizedSAT Reasoning Test” – more familiar phrasing.  Added “is a common exam” to clarify its purpose. Explained what the test assesses.


**Option 2 (Slightly More Concise - Still Clear):**

“A standardized test called the SAT is often required as part of the application process for universities in the U.S.”

*   **Changes Made:** Removed the somewhat formal title. Simplified the wording to be more direct.


**Option 3 (Breaking Down into Smaller Sentences - Good for Flow):**

“When applying to colleges in the United States, many students take the SAT. This test evaluates a person"
"Civil unrest in northern Italy spawns the medieval musical form of Geisslerlieder, penitential songs sung by wandering bands of Flagellants.","Okay, here are a few options for rewriting that sentence, aiming for clarity and natural English flow while preserving the core meaning:

**Option 1 (More Detailed - Good for Understanding):**

""In the north of Italy, disturbances led to the development of a traditional musical style called Geisslerlieder – a type of song sung by groups of people traveling as flagellants during periods of hardship or crisis.""

**Option *2 (Slightly More Concise):**

""When there was unrest in northern Italy, people started singing specific songs called Geisslerlieder, performed by wandering groups of flagellants.""

**Option *3 (Focus on the Origin & Context):**

“During times of turmoil in northern Italy, groups of people known as flagellants would sing mournful songs called Geisslerlieder – a tradition rooted in their religious practices.”


**Explanation of Changes Made:**

*   **“Civil unrest” replaced with “disturbances” or “times of turmoil”**:  These are more accessible terms.
*   **“spawns” replaced with “led to the development of” or “would start”**: This is a smoother way to express the idea of something arising.
*   **“medieval musical"
Some reports read that various factors increase the likelihood of both paralysis and hallucinations.,"Okay, here are a few options for rewriting that sentence, aiming for clarity and natural English flow while preserving the core meaning:

**Option 1 (More Detailed - Good for Beginners):**

""Several studies suggest that different things can make someone more likely to experience both numbness and seeing things that aren’t there – that’s called paralysis and hallucinations.""

**Option 2 (Slightly Shorter & More Direct):**

""Research indicates that certain conditions might cause people to feel numb and see things that aren't real, leading to paralysis or hallucinations.""

**Option 3 (Focus on the Core Idea - Slightly More Formal):**

“Reports show that various circumstances can increase the chances of experiencing both loss of movement (paralysis) and mental experiences like seeing things that aren’s there (hallucinations).”

---

**Why these changes work:**

* **Simpler Vocabulary:**  Words like ""read,"" ""increase the likelihood,"" ""different things,"" ""that’s called,"" “research,” “conditions” and “circumstances” have been replaced with more common alternatives.
* **Paraphrasing:** I rephrased the original sentence structure to express the same idea using different wording.
* **Compression"
His sentence was transportation to Australia for seven years.,"Here are a few options for rewriting that sentence, aiming for clarity for someone unfamiliar with English:

**Option 1 (Focus on straightforward explanation):**

""He moved to Australia for seven years.""

*   This is the most direct and easily understood option. It clearly states the action – moving – and the location.

**Option 2 (Adding context - slightly more detailed):**

""He spent seven years traveling to Australia. This means he immigrated there.""

*   This adds a little context – explaining *why* he moved – making it clearer.

**Option 3 (Breaking down the original into smaller parts):**

“He lived in Australia for seven years. That’s a long time!”

*   This breaks the original sentence into two shorter sentences, emphasizing the duration of his stay.

**Option 4 (Combining elements):**

“He settled in Australia after living there for seven years.”

*  This combines the idea of relocation with the timeframe.


To help me refine the best revision for you, could you tell me:

*   What's the overall context of this sentence? (e.g., is it part of a larger paragraph about immigration?)
*   Who is your intended audience"
"Waugh writes that Charles had been ""in search of love in those days"" when he first met Sebastian, finding ""that low door in the wall... which opened on an enclosed and enchanted garden"", a metaphor that informs the work on a number of levels.","Okay, here's a rewritten version of the sentence, aiming for clarity and natural English flow while preserving the core meaning:

**Option 1 (More Detailed):**

“George Waugh said that Charles was searching for love during his time in England. When he first saw Sebastian, he noticed a small, hidden doorway – a mysterious gate – leading into a beautiful, walled garden filled with magic. This detail helped shape the story’s overall themes.”

**Option 2 (Slightly More Compressed - Still Clear):**

“George Waugh wrote that Charles was looking for love when he met Sebastian. He found a secret, magical doorway leading into a lovely, enclosed garden – a metaphor that added depth to the story.”


**Option 3 (Breaking it Down - For Maximum Clarity):**

“George Waugh explained that Charles was seeking love back then.  He encountered Sebastian, and there was a hidden doorway – a magical gate – leading into a beautiful, enclosed garden. This detail significantly influenced the story’s development.”

---

**Why these changes were made:**

*   **Replaced Complex Words:** “in search of,” “that low door,” “enclosed and enchanted garden,” “a number of levels” were"
Her notorious friendship with the Russian mystic Grigori Rasputin was also an important factor in her life.,"Here are a few options for rewriting that sentence, aiming for clarity for someone unfamiliar with complex language:

**Option 1 (More Direct):**

""Her close relationship with the Russian mystic Grigori Rasputin played a significant role in her life.""

*   **Why it works:** Replaces “notorious friendship” with “close relationship,” simplifies “was also an important factor” to “played a significant role.”

**Option 2 (Adding Context - Slightly More Detailed):**

""Because she had a strong connection with the Russian mystic Grigori Rasputin, this friendship was very important to her.  It influenced many aspects of her life.""

*   **Why it works:** Adds context – explaining *why* the friendship mattered – and uses ""influenced many aspects"" instead of ""an important factor in her life.""

**Option 3 (Breaking Down into Smaller Sentences):**

“Grigori Rasputin, a famous Russian mystic, had a close friendship with her. This friendship significantly shaped her life.”

*   **Why it works:** Breaks the original sentence into three shorter sentences, each focusing on a specific aspect.

---

To help me refine the best option for you, could you tell me:"
The term dorsal refers to anatomical structures that are either situated toward or grow off that side of an animal.,"Okay, here's a rewritten version of the sentence, aiming for clarity for someone unfamiliar with specialized terminology:

**Option 1 (More Detailed - Good for Understanding):**

""When we talk about the shape of an animal’s body, ‘dorsal’ means referring to specific parts located on one side – like the back or edge of the animal.  These structures develop outward from that side.""

**Option 2 (Slightly Shorter & More Direct):**

""‘Dorsal’ describes the features found on one side of an animal’s body. These features grow outwards from that side.”

**Option 3 (Breaking it Down - For Maximum Clarity):**

“Think of ‘dorsal’ as the part of an animal’s body that is positioned towards the back or edge. It’s a feature that develops outward from that area.”


**Why these changes work:**

*   **Replaced Complex Words:** ""anatomical structures,"" ""situated toward or growing off,"" and ""that side"" were replaced with more common and understandable terms.
*   **Paraphrased:** The core meaning was rephrased using different wording.
*   **Compression:**  I removed unnecessary"
"The term ""protein"" itself was coined by Berzelius, after Mulder observed that all proteins seemed to have the same empirical formula and might be composed of a single type of (very large) molecule.","Okay, here's a rewritten version of the sentence, aiming for clarity for an English speaker unfamiliar with scientific terminology:

**Option 1 (More Detailed):**

“The word ‘protein’ was created by Berzelius because he noticed that all proteins had a similar chemical structure – they all seemed to follow the same basic formula.  It could potentially be made up of just one very large molecule.”

**Option 2 (Slightly More Concise - Still Clear):**

“Berzelius, while studying proteins, realized that they all had a similar chemical makeup. They likely formed from a single, enormous molecule.”

**Option 3 (Breaking it Down - Good for Understanding Complexity):**

“Berzelius came up with the idea of calling this ‘protein’ because he saw that many proteins share a similar chemical structure. Essentially, they all seem to be built from a single, huge molecule.”


**Why these changes work:**

*   **Replaced Complex Words:** “The term,” “itself,” “empirical formula,” “composed of” were replaced with more accessible language.
*   **Simplified Language:** Phrases like “might be composed of” became “seemed to be made up of” or “appear to"
"After the Jerilderie raid, the gang laid low for 16 months evading capture.","Okay, here are a few options for rewriting that sentence, aiming for clarity and natural English flow while preserving the core meaning:

**Option 1 (More Detailed - Good for Beginners):**

""After a significant raid by a criminal group, they stayed hidden for 16 months – they avoided being caught.  They continued to live quietly and avoid detection.""

**Option 2 (Slightly More Concise):**

""Following a major raid, a criminal gang remained undetected for 16 months. They kept their activities secret.""

**Option 3 (Focus on the Problem & Solution):**

""When a large criminal group raided, they didn’t appear for 16 months. They managed to stay hidden from authorities.""

---

**Why these changes work:**

*   **Replaced Complex Words:** ""lay low,"" ""gang,"" ""evading capture,"" ""remaining undetected,"" ""continued to live quietly,"" and ""avoidance"" were all replaced with more common and understandable alternatives.
*   **Simplified Sentence Structure:** Breaking down the original sentence into shorter phrases makes it easier to process.
*   **Removed Redundancy:** Phrases like “for 16 months” were streamlined.


To help me refine"
Barneville-la-Bertran is a commune in the Calvados department in the Basse-Normandie region in northwestern France.,"Okay, here are a few options for rewriting that sentence, aiming for clarity for an English speaker unfamiliar with French and the specific context:

**Option 1 (More Detailed - Good for general understanding):**

""Barneville-la-Bertran is a small village located in the Calvados department of Normandy, northwestern France.  It’s situated in the region of Basse-Normandie.""

**Option 2 (Slightly More Concise):**

""Barneville-la-Bertran is a town in the Calvados department of Normandy, France, northwest.”

**Option 3 (Focus on Location - Emphasizes where it is):**

“Nestled in the Calvados department of Normandy, northwestern France, there's a village called Barneville-la-Bertran.”


**Why these changes work:**

*   **Replaced Complex Words:** ""commune"" became ""small village,"" ""region"" became ""area,"" ""northwestern France"" became ""northwest France"".
*   **Simplified Language:** Phrases like “in the midst of” were replaced with more direct phrasing.
*   **Reduced Redundancy:** Removed phrases like ""in the region of"""
Color ranges from orange to pale yellow.,"Okay, here are a few options for rewriting that sentence, aiming for clarity for someone who’s learning English or just doesn’t know the specific color terms:

**Option 1 (More Detailed - Good for Beginners):**

""Colors range from light orange to pale yellow.""

*   **Why it works:** This is straightforward and avoids jargon. It directly states the general idea.

**Option 2 (Slightly More Descriptive - Still Easy to Understand):**

""There are colors that are shades of orange and very pale yellow.""

*   **Why it works:**  It uses ""shades"" which helps visualize the gradual change in color.

**Option 3 (Breaking it Down - For Enhanced Understanding):**

“You can see colors like light orange and pale yellow. They’re not very bright.”

*   **Why it works:** This breaks down the sentence into smaller parts, explaining what each color type is. Adding “not very bright” provides context.


---

To help me refine the best option for *you*, could you tell me:

*   **What's the context of this sentence?** (e.g., Are you writing an essay about color theory? Are you describing something"
"In 1963 an extension was added, curving north from Union station, below University Avenue and Queen's Park to near Bloor Street, where it turned west to terminate at St. George and Bloor Streets.","Okay, here are a few options for rewriting that sentence, aiming for clarity for someone who’s learning English and doesn’t be familiar with all the specific vocabulary:

**Option 1 (More Detailed - Good for Beginners):**

""In 1963, a new extension line was built. It started curving northward from Union Station and headed south towards University Avenue and Queen’s Park.  Then, it continued moving westward, eventually ending at St. George and Bloor Streets.""

**Option 2 (Slightly More Concise - Still Clear):**

""In 1963, a new road was constructed. It began curving north from Union Station and extended down to University Avenue and Queen’s Park before heading west to end at St. George and Bloor Streets.""

**Option 3 (Breaking it Down - For Easier Processing):**

“During 1963, a new street extension was installed. It started curving southward from Union Station and went past University Avenue and Queen’s Park.  It then moved westward, reaching the streets at St. George and Bloor Streets.”


**Key Changes & Why:**

*   **“Extension was added” became “a new extension line was built"
"Before 1980, a section of the Commonwealth Railways Central Australian line passed along the western side of the Simpson Desert.","Okay, here are a few options for rewriting that sentence, aiming for clarity for an English speaker unfamiliar with the specific details, ranging from slightly more to significantly simplified:

**Option 1 (More Detailed - Still Relatively Clear):**

""Before 1980, a portion of the railway line running through the Western part of the Simpson Desert remained along the western edge of the desert.""

**Option 2 (Streamlined & Focused on Key Information):**

""During the years before 1980, a railway route ran along the western side of the Simpson Desert.""

**Option 3 (Most Concise – Requires Context):**

""A railway line passed through the Western part of the Simpson Desert before 1980.""

---

**Why these changes work:**

*   **Replaced Complex Words:** ""section of the Commonwealth Railways Central Australian line,"" ""passed along the western side of the Simpson Desert,"" and ""ran along the western edge of the desert"" were replaced with simpler terms like ""portion of the railway line,"" ""remained along the western edge,"" and ""ran through the western side.""
*   **Reduced Wordiness:** Phrases like ""a section of the Commonwealth Railways Central Australian line"" were shortened"
It is located on an old portage trail which led west through the mountains to Unalakleet.,"Okay, here are a few options for rewriting that sentence, aiming for clarity and natural English flow while preserving the core meaning:

**Option 1 (More Detailed - Good for general understanding):**

""The path leading westward through the mountains towards Unalakleet was situated on an old, weathered trail.""

**Option 2 (Slightly More Concise):**

""A trail winding west through the mountains led to Unalakleet.""

**Option 3 (Focusing on the Location & Journey):**

""Located along an old trail that traveled west through the mountains toward Unalakleet, it’s a significant route.”

**Option 4 (Breaking it Down – if you want to really simplify):**

“It’s situated on an old path that went west into the mountains, ultimately reaching Unalakleet.”


---

**Why these changes work:**

*   **Replaced Complex Words:** ""located on"" became ""situated,"" ""led to,"" or simply ""was situated.""  ""which led"" became ""that traveled"" or ""leading to.""
*   **Simplified Language:** Phrases like “to Unalakleet” were shortened to “towards Unalakleet” or “reaching Unalakleet”.
*"
People with cardiomyopathy are often at risk of arrhythmia or sudden cardiac death or both.,"Okay, here's a rewritten version of that sentence, aiming for clarity and natural English flow while preserving the core meaning:

**Option 1 (More Detailed):**

""Individuals with heart problems like cardiomyopathy frequently experience irregular heartbeat (arrhythmia) or suddenly die due to heart failure.  It’s also possible they could have a sudden heart attack.""

**Option 2 (Slightly Shorter & More Direct):**

""People who have cardiomyopathy – a condition where the heart muscle weakens – are more likely to have an irregular heartbeat or die unexpectedly from heart failure. They might also face a sudden cardiac arrest.""

**Option 3 (Breaking it Down - If you want to really simplify):**

“If someone has cardiomyopathy, they’re at higher risk of having a fast heartbeat (an arrhythmia) or dying quickly because of heart problems. It’s also possible they could experience a sudden heart attack.”


**Why these changes work:**

* **Synonyms:** Instead of ""people with cardiomyopathy,"" I used phrases like “individuals with heart problems” or “those who have heart problems”.
* **Paraphrasing:** Phrases like ""a condition where the heart muscle weakens"" or ""suddenly die due to heart failure"""
"As the largest sub-region in Mesoamerica, it encompassed a vast and varied landscape, from the mountainous regions of the Sierra Madre to the semi-arid plains of northern Yucatán.","Okay, here are a few options for rewriting that sentence, aiming for clarity for an English speaker unfamiliar with the specific details, along with explanations of why I made each change:

**Option 1 (More Detailed & Explanatory):**

""Located within the largest part of Mexico’s interior, the region known as Mesoamerica was incredibly diverse – it included everything from towering mountain ranges like the Sierra Madre to wide, dry areas in northern Yucatán.""

*   **Changes Made:** Replaced ""As the largest sub-region"" with “Located within the largest part” - more straightforward.  Replaced “encompassed a vast and varied landscape” with “was incredibly diverse – it included everything” - This is a more natural way to express the idea of a large area.


**Option 2 (Compression & Focusing on Key Elements):**

“Mesoamérica, a huge area in Mexico’s interior, had mountains as high as the Sierra Madre and dry plains in northern Yucatán.”

*   **Changes Made:** Removed “it encompassed” – this phrase is wordy.  Condensed the description of the landscape.


**Option 3 (Splitting & Rewording for Flow):**

“Within the largest part of Mexico’s"
Google subsequently made the comic available on Google Books and their site and mentioned it on its official blog along with an explanation for the early release.,"Okay, here are a few options for rewriting that sentence, aiming for clarity for someone who’s learning English and doesn’t be familiar with specific jargon:

**Option 1 (More Detailed - Good for Beginners):**

“Google released the comic on Google Books and also shared about it on their official website, along with a note explaining how it was released earlier.”

*   **Why this works:** This version replaces phrases like “subsequently made” with “released,” “along with” with “and shared about,” and “an explanation for the early release” with “a note explaining how it was released earlier.” It's more straightforward.


**Option 2 (Slightly More Concise – Still Clear):**

“Google published the comic on Google Books and announced it on their blog, providing an explanation for when it was released.”

*   **Why this works:**  ""Published"" is a good synonym for ""made available,"" and ""announced"" is a clear way to say ""mentioned.""



**Option 3 (Breaking it Down - For Learners Who Need More Context):**

“Google put the comic online on Google Books. They also wrote about it on their website, explaining why it was released sooner.”

*"
"Anyone may register a pedigree with the college, where they are carefully internally audited and require official proofs before being altered.","Okay, here's a rewritten version of that sentence, aiming for clarity for someone who’s learning English and doesn’t be familiar with specific academic jargon:

**Option 1 (More Detailed):**

“You can register a family history record at the college.  The college thoroughly examines each part of your family tree – it’s very careful about this process. Before you can officially add it to your records, they need to verify everything through official documents.”

**Option 2 (Slightly More Concise - Still Clear):**

“Anyone can register a family history record at the college.  The college carefully checks and verifies each part of your family tree before allowing you to add it.”

**Option 3 (Breaking it Down - Good for Understanding Flow):**

“You can register a family history record at the college.  The college performs a thorough internal review of your family tree, ensuring all parts are accurate.  Then, they require official proof to confirm your record.”


**Why these changes work:**

*   **Replaced Complex Words:** “pedigree,” “internally audited,” “altered,” “formally adds” were replaced with more common and understandable terms like ""family history record,"" ""thoroughly"
"The book, Political Economy, was published in 1985, but had limited classroom adoption.","Okay, here are a few options for rewriting that sentence, aiming for clarity and natural English flow while preserving the core meaning:

**Option 1 (More Detailed - Good for Beginners):**

""Published in 1985, the book on Political Economics didn’t spread widely in schools. It was relatively small in terms of how many students used it.""

**Option 2 (Slightly More Concise):**

""The book titled ‘Political Economy’ was released in 1985, but wasn't widely adopted in classrooms.""

**Option 3 (Focusing on the Problem):**

“Despite being published in 1985, this political economy book didn’t gain much traction within schools.”

**Option 4 (Breaking it Down – If you want to explain each part):**

“The book ‘Political Economy’ was published in 1985. However, it wasn’t very popular when used in schools because it had a small number of students who read it.”


---

**Why these changes work:**

* **Simpler Vocabulary:** Words like ""published,"" ""adoption,"" ""spread,"" and ""used"" were replaced with more common alternatives.
* **Paraphr"
"He toured with the IPO in the spring of 1990 for their first-ever performance in the Soviet Union, with concerts in Moscow and Leningrad, and toured with the IPO again in 1994, performing in China and India.","Okay, here's a rewritten version of that sentence, aiming for clarity and natural English flow while preserving the core meaning:

**Option 1 (More Detailed - Good for Understanding):**

""During the spring of 1990, the IPO group traveled with the Soviet Union, performing for the first time outside the country. They performed concerts in both Moscow and Leningrad. Later, they continued touring, traveling to China and India.""

**Option 2 (Slightly More Concise - Still Clear):**

""The IPO performed in the Soviet Union during the spring of 1990, including performances in Moscow and Leningrad.  They then continued touring, visiting China and India.""

**Option 3 (Breaking it Down - For Maximum Clarity):**

“In the spring of 1990, the IPO group started performing in the Soviet Union – their first performance there! They went to Moscow and Leningrad to perform. After that, they continued touring, going to China and India.”


**Why these changes work:**

* **Simpler Vocabulary:** Words like ""touring"" became ""performed,"" ""traveling,"" or ""continued touring"" are more accessible.
* **Rephrasing:** Instead of saying “"
"Napoleonic Wars: Austrian General Mack surrenders his army to the Grand Army of Napoleon at Ulm, reaping Napoleon over 30,000 prisoners and inflicting 10,000 casualties on the losers.","Okay, here's a rewritten version of that sentence, aiming for clarity for an English speaker unfamiliar with military history terms, along with explanations of why I made the changes:

**Rewritten Sentence:**

“During the Napoleonic Wars, Austrian General Wilhelm Mack surrendered his large army to the French Grande Armée under the command of Napoleon at the city of Ulm. As a result, he lost approximately 30,000 soldiers and inflicted nearly 10,000 casualties among those who surrendered to him.”

**Here’s a breakdown of the changes and why they were made:**

*   **""Napoleonic Wars:""**  This was translated as ""during the Napoleonic Wars,"" which is more accessible.
*   **""Austrian General Mack surrenders his army...""**: This was rephrased as “Austrian General Wilhelm Mack surrendered his large army…”  It clarifies who ""Mack"" is and emphasizes the scale of the surrender.
*   **""...to the Grand Army of Napoleon...""**:  This is a more common and understandable phrase than ""to the Grand Army of Napoleon.""
*   **""...at the city of Ulm.""**:  Adding this provides context – where the battle took place."
"It has long been the economic centre of northern Nigeria, and a centre for the production and export of groundnuts.","Okay, here are a few options for rewriting that sentence, aiming for clarity and natural English flow while preserving the core meaning:

**Option 1 (More Concise):**

""For many years, Northern Nigeria has been the main economic hub – a place where they grow and sell groundnuts.""

*   **Why it works:** Replaces “has long been” with “has been,” simplifies “centre of” to “hub,” and replaces “production and export” with “grow and sell.”

**Option 2 (Slightly More Detailed - Still Relatively Simple):**

""Northern Nigeria has historically been a major center for growing and exporting groundnuts. It’s been an important economic area for a long time.""

*   **Why it works:**  Uses ""major center"" instead of ""economic centre,"" clarifies the action (""growing and exporting"") and adds context about its historical importance.

**Option 3 (Breaking Down into Smaller Sentences - Good for Clarity):**

“Historically, Northern Nigeria was the primary economic center because it produced and sold groundnuts. This region has been important for generations.”

*   **Why it works:** Breaks the original sentence into three shorter sentences, making it easier to follow.

---"
"A majority of South Indians speak one of the five Dravidian languages — Kannada, Malayalam, Tamil, Telugu and Tulu.","Okay, here are a few options for rewriting that sentence, aiming for clarity for an English-speaking audience who might not be familiar with the specific linguistic terms:

**Option 1 (More Detailed - Good for Beginners):**

""Most people living in South India speak one of five different Indian languages called Dravidian languages – Kannada, Malayalam, Tamil, Telugu, or Tulu.""

*   **Why this works:**  It replaces “a majority of” with “most people,” clarifies the language names with “different Indian languages,” and uses “live” instead of “speak” for a smoother flow.

**Option 2 (Slightly More Concise - Still Clear):**

""In South India, many people know one of four languages from the Dravidian family – Kannada, Malayalam, Tamil, Telugu, and Tulu.""

*   **Why this works:** It simplifies ""speak"" to ""know,"" and rephrases the list as a group of languages.

**Option 3 (Breaking Down - For Enhanced Understanding):**

“South India has a lot of people who speak one of five languages belonging to the Dravidian language family: Kannada, Malayalam, Tamil, Telugu, or Tulu.”

*   **Why this works"
Meteora earned the band multiple awards and honors.,"Here are a few options for rewriting that sentence, aiming for clarity for an English speaker unfamiliar with the specific vocabulary:

**Option 1 (Focus on Clarity):**

""Meteora received many accolades and recognition from the music industry.""

*   **Why it works:** Replaces “earned” with “received” which is more common and conveys the sense of receiving something prestigious. ""Multiple awards and honors"" becomes “many accolades and recognition,” which is easier to grasp.

**Option 2 (More Detailed - Still Relatively Simple):**

""Meteora was recognized by numerous organizations and received significant awards and praise.""

*   **Why it works:**  “Earned” becomes “was recognized by,” which is a more natural phrasing. “Multiple awards and honors” becomes “numerous awards and praise,” emphasizing the large number of awards.

**Option 3 (Breaking Down the Original - Good for Larger Texts):**

""Meteora got lots of awards and special recognitions from various groups and institutions.""

*   **Why it works:** This breaks down the longer phrase into smaller, more understandable parts. It uses ""got"" instead of ""earned"" and replaces ""various groups and institutions"" with ""different groups and"
"After a brief stand-off, the WWF cavalry turned around and attacked Kane and Jericho.","Okay, here are a few options for rewriting that sentence, aiming for clarity and natural English flow while preserving the core meaning:

**Option 1 (More Direct):**

""After a tense disagreement, the WWF military forces attacked Kane and Jericho.""

*   **Why it works:** This replaces “turned around and attacked” with a more straightforward action – “attacked.” It also uses “military forces” which is clearer than “cavalry.”

**Option 2 (Adding Context - Slightly More Detailed):**

""When the WWF wrestling team faced a conflict, their soldiers launched an attack on Kane and Jericho.  This happened after they had already argued.""

*   **Why it works:** This expands slightly to explain *why* the attack occurred – the argument preceding it. It clarifies ""cavalry"" as part of the WWF team.

**Option 3 (Breaking it Down - For Maximum Clarity):**

“Following a difficult disagreement between the WWF wrestlers, their soldiers began attacking Kane and Jericho. They were already in the middle of a fight.”

*   **Why it works:** This breaks the sentence into three smaller parts, making the overall structure easier to follow. It emphasizes the sequence of events.

---

To"
Most of the songs were written by Richard M. Sherman and Robert B. Sherman.,"Okay, here are a few options for rewriting that sentence, aiming for clarity and natural English flow while preserving the core meaning:

**Option 1 (More Concise):**

""Many of Richard M. Sherman and Robert B. Sherman’s songs were composed.""

**Option 2 (Adding Context - Slightly More Detailed):**

""Richard M. Sherman and Robert B. Sherman wrote many popular songs.  Their music is known for its beautiful melodies.""

**Option 3 (Breaking it Down - Good for Clarity):**

“A lot of songs were created by Richard M. Sherman and Robert B. Sherman. They are famous for their catchy tunes.”

---

**Why these changes work:**

*   **Replaced Complex Words:** ""Most of the songs"" became ""Many of their songs,"" ""A lot of songs"" or ""They wrote many songs"".
*   **Simplified Language:** Phrases like “written by” were replaced with more direct phrasing.
*   **Removed Redundancy:**  The phrase ""written by"" is often implied when talking about musical compositions.


To help me refine the best option for you, could you tell me:

*   What's the overall context of this sentence? (e"
In the 5th century Slavs started to move into the area.,"Okay, here are a few options for rewriting that sentence, aiming for clarity and natural English flow while preserving the core meaning:

**Option 1 (More Detailed - Good for general understanding):**

""Slavs began migrating into the region around the 5th century.""

**Option 2 (Slightly More Concise):**

""Slavs moved into the area during the 5th century.""

**Option 3 (Focus on the Action - Emphasizes the movement):**

""As the 5th century progressed, Slavs settled in the region.""

**Option 4 (Breaking it Down - If you want to explain the context):**

""Around the 5th century, Slavic tribes started settling in this area.""


---

**Why these changes work:**

*   **“began migrating” / “moved into”**: These phrases are more accessible than the original wording.
*   **“region” / “area”**:  These terms are generally understood.
*   **“around the 5th century” / “during the 5th century”**: This provides a little more context without being overly verbose.

To help me refine the best option for *you*, could"
"From 1900 to 1920 many new facilities were constructed on campus, including facilities for the dental and pharmacy programs, a chemistry building, a building for the natural sciences, Hill Auditorium, large hospital and library complexes, and two residence halls.","Okay, here's a rewritten version of that sentence, aiming for clarity for an English speaker unfamiliar with the specific details, along with explanations of how I made the changes:

**Rewritten Sentence:**

“Between 1900 and 1920, numerous new buildings were built on the university campus. These included spaces dedicated to the dental and pharmacy schools, alongside a science building focused on chemistry, a building for studying natural sciences like physics and biology, and facilities like the Hill Auditorium, a large hospital, and a substantial library collection.  In addition, there were also two student housing residences.”

**Here’s a breakdown of why I made these changes and what they achieve:**

*   **""From 1900 to 1920"" changed to ""Between 1900 and 1920"":** This is more straightforward and easily understood as a timeframe.
*   **""many new facilities were constructed"" changed to ""numerous new buildings were built"":** “Numerous” is a stronger, less formal word than “many,” making it sound more natural.
*   **""on campus"" changed to ""on the university campus"":** Clarifies where the buildings were located."
"Winchester is a city in Scott County, Illinois, United States.","Okay, here are a few options for rewriting that sentence, aiming for clarity and natural English flow while preserving the core meaning:

**Option 1 (More Concise):**

"" Winchester is a city located in Scott County, Illinois, within the United States.""

**Option 2 (Slightly More Detailed - Still Simple):**

""Winchester is a city situated in Scott County, Illinois, in the United States.""

**Option 3 (Breaking it Down – Good for Clarity):**

“Winchester is a city in Illinois, part of Scott County. It’s located in the United States.”

---

**Why these changes work:**

*   **Simpler Vocabulary:** Words like ""situated"" and ""within"" replace more formal or abstract terms.
*   **Reduced Complexity:**  Phrases like “in the United States” are straightforward.
*   **Clear Structure:** Breaking the sentence into shorter phrases makes it easier to process.

To help me refine the best option for *you*, could you tell me:

*   What's the context of this sentence? (e.g., an essay, a travel brochure, etc.)
*   Who is your intended audience? (e.g"
"Name Arzashkun seems to be the Assyrian form of an Armenian name ending in -ka formed from a proper name Arzash, which recalls the name Arsene, Arsissa, applied by the ancients to part of Lake Van.","Okay, here's a rewritten version of that complex sentence, aiming for clarity for someone unfamiliar with the nuances of ancient names and geographical references:

**Rewritten Sentence:**

“The name Arzashkun appears to be an ancient Assyrian name derived from an Armenian name that ends with –ka. It’s related to the name Arsane or Arsissa, which were used by people living near Lake Van as part of their naming conventions.”

**Explanation of Changes & Why They Were Made:**

*   **Complex Words:**  Replaced phrases like ""seems to be the Assyrian form"" with “appears to be an ancient Assyrian name”. This is more direct.
*   **Complex Phrases:**  Condensed the longer phrase about the name’s origin into a single, clearer statement.
*   **Vocabulary:**  Used slightly more accessible vocabulary (""derived from,"" ""part of"").
*   **Grammar & Flow:** Restructured the sentences to improve readability.


Let me know if you'd like me to tweak this further or explain any particular part of the revision!"
"Out of 16,421 participants in the national casting, she was chosen among the 15 candidates to appear on the TV show.","Okay, here are a few options for rewriting that sentence, aiming for clarity for an English speaker unfamiliar with the nuances of the original:

**Option 1 (More Concise):**

""Among 15 candidates selected for a national television audition, one person was chosen.""

*   **Why it works:** This is shorter and avoids overly formal language. It directly states the core idea – someone was selected from a larger group.

**Option **2 (Adding Context - Slightly More Detailed):**

""From a pool of 16,421 people participating in a national talent search, a single individual was selected out of fifteen applicants to be featured on the television program.""

*   **Why it works:**  This adds a little more context about the ""casting"" process – a talent search – making it clearer what's being referred to.

**Option 3 (Breaking it Down - For Easier Processing):**

“A total of 16,421 people participated in a national talent competition.  As a result, one of those 15 candidates was chosen to appear on the TV show.”

*   **Why it works:** This breaks the sentence into three smaller parts, which can help with comprehension flow"
"Its episodes were broadcast on the ABC network from its debut on September 21, 1993 to March 1, 2005.","Okay, here are a few options for rewriting that sentence, aiming for clarity for an English speaker unfamiliar with the specific terminology:

**Option 1 (More Detailed - Good for general understanding):**

""The show aired on ABC television from its start on September 21, 1993, and continued through March 1, 2005.""

**Option 2 (Slightly More Concise - Still Clear):**

""The show began broadcasting on ABC from September 21, 1993, and ended on March 1, 2005.""

**Option 3 (Breaking it Down - If you want to emphasize the timeframe):**

“The program started airing on ABC from September 21, 1993, and finished broadcasting on March 1, 2005.”

---

**Why these changes work:**

*   **Replaced Complex Words:** ""Its episodes"" became ""the show,"" ""broadcast on"" became ""airing on,"" and ""from its debut to"" became ""starting from...""
*   **Simplified Language:** Phrases like ""its debut on"" were replaced with more straightforward phrasing.
*   **Compression:**  The"
The latter device can then be designed and used in less stringent environments.,"Okay, here are a few rewritten versions of that sentence, aiming for clarity and natural English flow while maintaining the core meaning. I’ve focused on different approaches – some more direct, others slightly more nuanced – depending on what you want to emphasize:

**Option 1 (More Direct & Concise):**

""It is possible to create and use this technology in less demanding situations.""

*   **Why it works:** Replaces phrases like ""The latter device can then be designed and used"" with a straightforward statement about creating and applying the technology.

**Option 2 (Slightly More Detailed - Explaining the Context):**

""You can build or implement this method in environments where it's not too complicated.""

*   **Why it works:**  Uses “build” and “implement” which are common ways to describe technological creation.  “Environments where it’s not too complicated” clarifies the context.

**Option 3 (Breaking Down the Original - Chunking):**

""We can develop this technique in simpler settings. This means it’s suitable for situations where complexity isn’t a major concern.”

*   **Why it works:**  This breaks the original sentence into three shorter sentences, each focusing on"
"Gimnasia hired first famed Colombian trainer Francisco Maturana, and then Julio César Falcioni, but both had limited success.","Okay, here's a rewritten version of that sentence, aiming for clarity and natural English flow while preserving the core meaning:

**Option 1 (More Detailed):**

""Gimnasia, a well-known Spanish football coach named Francisco Maturana, hired two more coaches – Julio César Falcioni – but neither of them were very good at training.""

**Option 2 (Slightly More Concise):**

""Gimnasia hired two coaches, Francisco Maturana and Julio César Falcioni, but they didn’t achieve much success.""

**Option 3 (Breaking it Down - If you want to really simplify):**

“Gimnasia hired a famous Spanish football coach, Francisco Maturana.  Then, they hired Julio César Falcioni, but neither could train effectively.”


**Why these changes work:**

*   **Replaced Complex Words:** ""first famed,"" ""had limited success,"" ""both had"" became ""were known,"" ""were not very good at,"" ""didn't achieve much success.""
*   **Simplified Phrasing:** Phrases like “and then” were shortened to “but” or “then” to create a smoother flow.
*   **Removed Redund"
"Brighton is a city in Washington County, Iowa, United States.","Okay, here are a few options for rewriting that sentence, aiming for clarity and natural English flow while preserving the core meaning:

**Option 1 (More Concise):**

""Brighton is a city located in Washington County, Iowa, within the United States.""

**Option 2 (Slightly More Detailed - Still Simple):**

""Brighton is a city situated in Washington County, part of the state of Iowa, in the United States.""

**Option 3 (Breaking it Down – Good for Beginners):**

“Brighton is a city in Washington County, Iowa, which is part of the United States.”

---

**Why these changes work:**

*   **Replaced Complex Words:** ""is a city located in"" or ""part of the state of"" replaced “is a city in”
*   **Simplified Language:**  Phrases like ""in the United States"" were streamlined.
*   **Reduced Redundancy:** Removed phrases like ""located in"" when the context was already clear.


To help me refine the best option for *you*, could you tell me:

*   What's the overall context of this sentence? (e.g., an essay introduction, a travel guide description"
"Furthermore, she appeared in several music videos, including ""It Girl"" by John Oates and ""Just Lose It"" by Eminem.","Okay, here are a few options for rewriting that sentence, aiming for clarity for someone who’s learning English and doesn’t know the specific vocabulary:

**Option 1 (More Detailed - Good for Beginners):**

“She was featured in several music videos, such as “It Girl” by John Oates and “Just Lose It” by Eminem.”

*   **Explanation:** This version replaces phrases like “appeared in several” with “was featured in,” which is more straightforward.  It also uses “such as” to introduce the examples.


**Option 2 (Slightly More Concise – Still Clear):**

“She had appearances in several music videos, including the popular songs “It Girl” by John Oates and “Just Lose It” by Eminem.”

*   **Explanation:** This option rephrases the first part to emphasize the appearance itself (""appearances"") and adds context about the song titles.



**Option 3 (Breaking it Down - For Learners Who Need More Context):**

“She was seen in several music videos. Specifically, she recorded videos for songs like “It Girl” by John Oates and “Just Lose It” by Eminem.”

*   **Explanation:** This breaks down the original"
"On June 24 1979 (the 750th anniversary of the village), Glinde received its town charter.","Okay, here are a few options for rewriting that sentence, aiming for clarity for someone who’s learning English and doesn’t be familiar with very specific historical terms:

**Option 1 (More Detailed - Good for Beginners):**

""On June 24, 1979, which was the 750th anniversary of the village, Glinde received its official town charter.""

*   **Changes:** Replaced “the 750th anniversary of the village” with “which was the 750th anniversary of the village.”  This is more straightforward.

**Option 2 (Slightly More Concise - Still Clear):**

""On June 24, 1979, marking the 750th year of the village, Glinde received its town charter.""

*   **Changes:**  Rephrased slightly to flow better. ""Marking"" adds a bit of context.

**Option 3 (Breaking it Down - For Learners Who Need More Context):**

“In June 1979, the 750th anniversary of the village happened. As a result, Glinde received its town charter.”

*   **Changes:**"
"Pauline returned in the Game Boy remake of Donkey Kong in 1994, and later Mario vs. Donkey Kong 2: March of the Minis in 2006, although the character is now described as ""Mario's friend"".","Okay, here are a few options for rewriting that sentence, aiming for clarity and natural English flow while preserving the core meaning:

**Option 1 (More Detailed & Explanatory):**

""In 1994, Pauline played the game on the Nintendo Game Boy remake of Donkey Kong, and then later in 2006, she participated in ‘Mario vs. Donkey Kong 2: March of the Minis.’ Now, the character who appeared in the game is often referred to as Mario’s companion.""

**Option 2 (Slightly Shorter & More Direct):**

""Pauline played the Donkey Kong remake on the Game Boy in 1994, and later in 2006, she was associated with ‘Mario vs. Donkey Kong 2: March of the Minis.’  Today, people often describe her as Mario’s friend.""

**Option 3 (Focusing on the Core Idea - Good for Beginners):**

“After playing the Game Boy version of Donkey Kong in 1994, Pauline later joined forces with Mario in ‘Mario vs. Donkey Kong 2: March of the Minis.’ Now, she’s often seen as a friend of Mario"
The vagina is remarkably elastic and stretches to many times its normal diameter during vaginal birth.,"Okay, here are a few options for rewriting that sentence, aiming for clarity and natural English flow while preserving the core meaning:

**Option 1 (More Detailed - Good for Understanding):**

""During vaginal childbirth, the vagina often expands significantly – it becomes much wider than usual. This stretching is quite remarkable.""

**Option 2 (Slightly Shorter & More Direct):**

""When a woman has a vaginal birth, the vagina can stretch very far beyond its normal size. It’s a surprising and impressive phenomenon.""

**Option 3 (Focus on the Stretch - Emphasizes the Unusualness):**

“During labor, the vagina tends to expand considerably.  It can grow much larger than what you might expect.”

**Option 4 (Breaking it Down - For Easier Processing):**

“During vaginal delivery, the vagina can become incredibly flexible and extend much further than usual. It's a fascinating and unusual part of the process.”


---

**Why these changes were made:**

*   **Replaced Complex Words:** ""remarkably,"" ""extends,"" ""much wider,"" ""surprising,"" and ""unusual"" were all replaced with more common and understandable alternatives.
*   **Simplified Sentence Structure:**"
"His real date of birth was never recorded, but it is believed to be a date between 1935 and 1939.","Okay, here are a few options for rewriting that sentence, aiming for clarity for someone who’s learning English or just doesn’t know the specific details:

**Option 1 (More Detailed - Good for Beginners):**

""We don't know his exact birthdate. It’s thought he was born sometime between 1935 and 1939.""

**Option 2 (Slightly More Concise):**

""It’s believed his birthdate was likely between 1935 and 1939, though we don’t have any record of it.""

**Option 3 (Focus on the Core Idea - Clearer):**

“Nobody knows for sure when he was born. Historians think he might have been born between 1935 and 1939.”

**Option 4 (Breaking it Down - If you want to explain each part):**

“Since his birthdate hasn’t been documented, it’s suggested he was born sometime between 1935 and 1939.  This timeframe is a possibility based on historical records.”


---

**Why these changes work:**

*   **Simpler Vocabulary:** Words"
"This quantitative measure indicates how much of a particular drug or other substance (inhibitor) is needed to inhibit a given biological process (or component of a process, i.e. an enzyme, cell, cell receptor or microorganism) by half.","Okay, here are a few options for rewriting that complex sentence, aiming for clarity for someone who’s learning English and doesn’t be familiar with specialized scientific terms:

**Option 1 (More Detailed - Good for Beginners):**

""This number tells you how much of a specific medicine or substance (called an inhibitor) is needed to stop a particular process happening inside a body's cells or parts of them – like enzymes, cells themselves, or even microorganisms.""

**Option 2 (Slightly More Concise - Still Clear):**

""It measures how much of a drug or substance reduces the effect of a specific biological process within a living thing – perhaps slowing down an enzyme or stopping a cell from working properly.""

**Option 3 (Breaking it Down - For Easier Processing):**

“This measurement shows how much of a drug or substance is required to block a specific part of a biological process.  For example, it could reduce the effect of a certain enzyme, or stop a cell from functioning normally.”


---

**Why these changes work:**

* **Simpler Vocabulary:** Words like ""quantative measure,"" ""indicates,"" ""inhibitor,"" ""biological process,"" and ""component"" were replaced with more common alternatives."
"Although the name suggests that they are located in the Bernese Oberland region of the canton of Bern, portions of the Bernese Alps are in the adjacent cantons of Valais, Lucerne, Obwalden, Fribourg and Vaud.","Okay, here's a rewritten version of the sentence, aiming for clarity for an English speaker unfamiliar with the specific details:

**Option 1 (More Concise):**

""The name indicates that these areas might be located in the Bernese Alps, but also include parts of the mountains in the neighboring states of Valais, Lucerne, Obwalden, Fribourg, and Vaud.""

**Option 2 (Slightly More Detailed - Still Easy to Understand):**

""The name refers to a geographical area – specifically, portions of the Bernese Alps situated in the regions of Valais, Lucerne, Obwalden, Fribourg, and Vaud.  These areas also include mountain ranges within those neighboring states.""

**Option 3 (Breaking it Down - For Maximum Clarity):**

“If you look at the name, it suggests these places are near the Bernese Alps. However, there’s also a part of the mountains in the states of Valais, Lucerne, Obwalden, Fribourg, and Vaud.”


**Why These Changes Worked:**

* **Simpler Vocabulary:** Words like ""suggests,"" “situated,” “part” were replaced with more common alternatives."
"There he had one daughter, later baptized as Mary Ann Fisher Power, to Ann (e) Power.","Okay, here are a few options for rewriting that sentence, aiming for clarity and natural English flow while preserving the core meaning:

**Option 1 (More Detailed - Good for Beginners):**

""He had one daughter, named Mary Ann Fisher Power, who was baptized as Mary Ann Fisher Power.  She was also known as Ann (e) Power.""

**Option 2 (Slightly More Concise):**

""He had one daughter, Mary Ann Fisher Power, who was baptized as Mary Ann Fisher Power. She was also called Ann (e).""

**Option 3 (Focus on the Key Information):**

“He had one daughter, Mary Ann Fisher Power, who was baptized as Mary Ann Fisher Power.”


**Explanation of Changes & Why They Work:**

*   **""There he had one daughter...""**: This is restructured to be more direct – ""He had one daughter..."" – which is easier to follow.
*   **""...to Ann (e) Power""**:  This phrase is rewritten as ""who was baptized as Mary Ann Fisher Power"" or ""who was baptized as Mary Ann Fisher Power."" It clarifies the relationship between the daughter and the baptism.
*   **""later""**: Replaced with ""who"
"During an interview, Edward Gorey mentioned that Bawden was one of his favorite artists, lamenting the fact that not many people remembered or knew about this fine artist.","Okay, here are a few options for rewriting that sentence, aiming for clarity for someone who’s learning English and doesn’t be familiar with specific art terminology:

**Option 1 (More Detailed - Good for Beginners):**

""When Edward Gorey talked about it, he said that Siratta Bawden was one of his favorite artists. He felt sad because not many people remember him or know about this talented artist.""

*   **Changes:** Replaced “during an interview” with “when Edward Gorey talked about it.”  Used “Siratta Bawden” as a more understandable name. Added “he felt sad” to clarify the emotion. Explained “fine artist” with “talented artist”.


**Option 2 (Slightly More Concise – Still Clear):**

""Edward Gorey commented that Siratta Bawden was one of his favorite artists. He noticed that few people knew about this skilled artist.""

*   **Changes:** Simplified ""during an interview"" to ""Edward Gorey commented."" Used “skilled” instead of “fine” to describe the artist's talent.


**Option 3 (Breaking Down into Smaller Sentences - For Enhanced Understanding):**

“When Edward Gorey spoke about it, he"
"The string can vibrate in different modes just as a guitar string can produce different notes, and every mode appears as a different particle: electron, photon, gluon, etc.","Okay, here's a rewritten version of that complex sentence, aiming for clarity for someone who’s learning English and doesn’t have extensive knowledge of physics or quantum mechanics:

**Option 1 (More Detailed - Good for Understanding):**

“When a string vibrates in various ways, like a guitar string producing different sounds, it creates different ‘modes.’ Each of these modes is represented by a specific type of particle – an electron, a photon, or even a gluon.  These particles are all connected to the vibration.”

**Option 2 (Slightly More Concise - Still Clear):**

“Just like a guitar string produces different notes when vibrating, a string can also create different types of vibrations. These vibrations are associated with different particles – electrons, photons, or gluons – each contributing to the sound.”

**Option 3 (Breaking it Down - For Easier Processing):**

“Imagine a string on a guitar. When it vibrates in many different ways, it creates different patterns of energy.  Each pattern is like a separate 'note' – think of it as a particle called an electron, a photon, or a gluon.  All these particles work together to create the sound we hear.”


**Why I made these changes"
Gable also earned an Academy Award nomination when he portrayed Fletcher Christian in 1935's Mutiny on the Bounty.,"Here are a few options for rewriting that sentence, aiming for clarity for someone unfamiliar with formal language:

**Option 1 (More Concise):**

""Gable was nominated for an Academy Award for his role as Fletcher Christian in the movie *Mutiny on the Bounty* released in 1935.""

**Option 2 (Slightly More Detailed - Still Clear):**

""When he played Fletcher Christian in *Mutiny on the Bounty* – released in 1935 – Gable also received an Academy Award nomination.""

**Option 3 (Breaking it Down - Good for Understanding Complexity):**

“Gable won an Academy Award for his performance as Fletcher Christian in *Mutiny on the Bounty* during the year 1935.”

---

**Why these changes work:**

* **Simpler Vocabulary:** Words like ""earned"" became ""was nominated for,"" ""portrayed"" became ""played,"" and ""released"" replaced ""in.""
* **Reduced Wordiness:**  Phrases like “when he portrayed” were streamlined.
* **Focus on the Core Message:** Each option maintains the core idea – Gable received an award for his role – while making it easier to grasp.

To help me"
