source,prediction
Intervention for obese adolescents should be focused on developing healthy eating and exercise habits rather than on losing a specific amount of weight.,"Okay, here are a few options for rewriting that sentence, aiming for clarity and natural English flow while preserving the core message:

**Option 1 (More Detailed - Good for Beginners):**

""It’s important to help teenagers who are overweight to teach them how to eat healthier and get active regularly.  Instead of focusing solely on making them lose a certain amount of weight, we should prioritize teaching them good habits like eating nutritious foods and doing physical activity.""

**Option 2 (Slightly Shorter & More Direct):**

""Rather than trying to make them lose weight directly, it's better to encourage teenagers to develop healthy eating habits and start exercising. ”

**Option 3 (Breaking it Down – For Easier Processing):**

“Helping teenagers who are overweight is best done by encouraging them to eat well and be more active.  Don’t focus *only* on making them lose weight; instead, teach them about healthy food choices and regular exercise.”

---

**Why these changes work:**

* **Simpler Vocabulary:** Words like ""intervention,"" ""developing,"" ""focusing on,"" and ""losing"" were replaced with more common alternatives.
* **Paraphrasing:** I rephrased the original"
"The liver may be enlarged, hard, or tender; massive hepatomegaly with easily palpable nodules signifies advanced disease.","Okay, here's a rewritten version of that complex sentence, aiming for clarity for someone who’s learning English and potentially unfamiliar with medical terminology:

**Option 1 (More Detailed - Good for Understanding):**

“Your liver might appear larger than usual – it could be hard or soft.  Specifically, if you see many small lumps called ‘nodules’ all over your liver, this could indicate that there’s a serious problem going on. This is often called ‘massive hepatomegaly,’ which means your liver has grown significantly and feels very firm.”

**Option 2 (Slightly Shorter & More Direct):**

“When your liver appears large, hard, or soft, it might be a sign of a serious illness.  Often, this is called ‘massive hepatomegaly’, where there are many noticeable lumps throughout your liver, suggesting a significant problem.”


**Here’s a breakdown of why these changes were made:**

*   **""The liver may be enlarged, hard, or tender""**: Replaced with ""Your liver might appear larger than usual – it could be hard or soft."" This uses more common language and explains the possible symptoms.
*   **""Massive hepatomegaly with easily palpable nodules"
"Frequency, urgency, and nocturia are due to incomplete emptying and rapid refilling of the bladder. Decreased size and force of the urinary stream cause hesitancy and intermittency. Pain and dysuria are usually not present. Sensations of incomplete emptying, terminal dribbling, overflow incontinence, or complete urinary retention may ensue.","Okay, here's a rewritten version of that complex sentence, aiming for clarity for an English speaker unfamiliar with medical terminology and nuanced phrasing:

**""Several factors are causing problems right now – frequency, a sudden need to urinate, and feeling like you’re having trouble emptying your bladder.  The bladder is shrinking and flowing faster than usual, which makes it hard to go to the bathroom. Sometimes there’s no pain or discomfort, but other times you might feel like you’re losing control of your urine flow – it could be leaking or overflowing.  It’s possible that your bladder isn’t getting emptied completely, or you’re experiencing a sudden urge to pee, or you’ve had a problem with holding your urine.”**

Here’s a breakdown of *why* I made these changes and what they achieve:

*   **Complex Words Replaced:** ""Frequency,"" ""urgency,"" ""nocturia,"" ""incomplete emptying,"" ""rapid refilling,"" ""decreased size and force,"" ""hesitancy,"" ""intermittency,"" ""pain and dysuria,"" ""sensations of incomplete emptying,"" ""terminal dribbling,"" ""overflow incontinence,"" and ""complete urinary retention"" were all replaced with more common and understandable terms"
Desmopressin,"Okay, here's a rewritten version of “Desmopressin” aiming for clarity for someone unfamiliar with the scientific term, along with explanations of why I made the changes:

**Option 1 (More Detailed - Good for general understanding):**

“Desmopressin is a naturally occurring chemical compound found in the brains of prairie dogs. It’s known for its ability to help regulate dopamine levels – a neurotransmitter that plays a crucial role in motivation, reward, and pleasure.  When a prairie dog experiences stress or fear, it produces Desmopressin, which helps to counteract these feelings and maintain a more balanced level of dopamine.”

**Option 2 (Slightly More Concise - Still Clear):**

“Desmopressin is a substance produced by prairie dogs. It helps regulate dopamine levels in their brains, which aids them in managing stress and feelings of pleasure.”


**Option 3 (Breaking it Down - For very specific learners):**

*   **Desmopressin is a chemical.**
*   **It’s a natural chemical found in prairie dog brains.**
*   **Prairie dogs produce it when they feel stressed or afraid.**
*   **This chemical helps to balance dopamine levels in their brains,"
"Some patients have weight loss, rarely enough to become underweight. Anemia, glossitis, angular stomatitis, and aphthous ulcers are usually seen in these patients.","Okay, here's a rewritten version of that sentence, aiming for clarity for someone who’s learning English and doesn’t be familiar with specific medical terms:

**Revised Sentence:**

“Sometimes patients experience weight loss – it’s often very little, which can lead them to be dangerously underweight.  Besides this, you might also see signs like red gums (glossitis), sores on the corners of their mouths (angular stomatitis), and frequent small cuts or sores called aphthous ulcers.”

**Here’s a breakdown of why I made these changes and what they mean:**

*   **""Some patients have weight loss...""** - Changed to ""Sometimes patients experience weight loss…"" This is more natural phrasing.
*   **""...rarely enough to become underweight.""** - Replaced with “it’s often very little, which can lead them to be dangerously underweight.” This clarifies the concern about being too thin.
*   **""Anemia, glossitis, angular stomatitis, and aphthous ulcers are usually seen in these patients.""** - Rewritten as ""You might also see signs like red gums..."". This explains the symptoms directly and avoids technical jargon.  ""Are usually seen"" is a clearer way to say"
"Involvement of the carotid and vertebral arteries results in reduced cerebral blood flow manifested by dizziness, syncope, orthostatic hypotension, headaches, transient visual disturbances, transient ischemic attacks, or strokes. Stenotic lesions in a subclavian artery near the origin of a patent vertebral artery can cause posterior circulation ischemic neurologic symptoms or syncope when the arm is used (called subclavian steal syndrome).","Okay, here's a rewritten version of that complex sentence, aiming for clarity for an English speaker unfamiliar with medical terminology and nuanced phrasing:

**Rewritten Sentence:**

“When the carotid and vertebral arteries work together, they can reduce the blood flow to your brain. This often leads to dizziness, fainting spells (syncope), low blood pressure (orthostatic hypotension), headaches, brief flashes of vision, or even seizures caused by a stroke.  Sometimes, a blockage in a small blood vessel near the arm’s origin, where a large blood vessel connects to your brain (a ‘subclavian steal’ situation), can trigger these problems when you move your arm.”

---

**Here’s a breakdown of *why* I made these changes and what they achieve:**

*   **Complex Words Replaced:**
    *   ""Involvement"" became ""when the carotid and vertebral arteries work together."" - More straightforward.
    *   ""Results in"" became ""can lead to"" - Simpler and more direct.
    *   ""Manifested"" became ""leads to"" - Easier to grasp.
    *   ""Dizziness, syncope, orthostatic hypotension, headaches, transient visual disturbances, or strokes"" became ""d"
"However, if the neonate 's breathing appears obstructed, suctioning is done with an endotracheal tube attached to a meconium aspirator.","Okay, here's a rewritten version of that sentence, aiming for clarity for someone who’s learning English and doesn’t have extensive medical knowledge:

**Option 1 (More Detailed - Good for Understanding):**

“When the neonates are breathing, it seems like their airways are blocked.  To help clear the air, they often use a tube called a meconium aspirator connected to a breathing machine. This helps to suck up the meconian fluid – a dark, sticky substance – from their lungs.”

**Option 2 (Slightly Shorter & Focused):**

“It looks like the neonates’ breathing is difficult. They might be using a tube with a special device called a meconium aspirator to help remove the dark, solid material from their lungs.”


**Option 3 (Breaking it Down - For Easier Processing):**

Here’s a breakdown:

*   “The neonates’ breathing seems to be blocked.” (This explains what’s happening)
*   “They’re using a tube connected to a device called a meconium aspirator.” (Explains the tool being used)
*   “This device helps to suck up the dark, sticky stuff from their"
"Photosensitivity occurs in some patients. Lupus erythematosus tumidus is characterized by pink to violaceous urticarial nonscarring plaques and/or nodules, some annular, in light -exposed areas.","Okay, here's a rewritten version of that complex sentence, aiming for clarity for someone who’s learning English and doesn’t be familiar with medical terminology:

**Option 1 (More Detailed):**

“In some people, photosensitivity appears.  Along with this, lupus erythematosus (a type of illness) often causes small, red bumps and lumps called ‘pink to violet patches’ or ‘nodules’ to appear in places where the sun shines on them – specifically, in light-colored areas.”

**Option 2 (Slightly Shorter & Focused):**

“For some individuals, photosensitivity happens. It’s often accompanied by small, reddish patches or bumps called ‘pink to violet lesions’ appearing in sunny spots, like the skin itself.”


**Here’s a breakdown of why these changes were made:**

*   **""Photosensitivity occurs in some patients""** became **""In some people, photosensitivity appears.""** This is more direct and easily understood.
*   **""Lupus erythematosus tumidus is characterized by...""** was rephrased as **""Along with this, lupus erythematosus (a type of illness) often causes...""** This explains the condition better.
*   **"
The driving force for these reactions is often the entropic benefit of gaseous evolution ( e.g.,"Okay, here's a rewritten version of that complex sentence, aiming for clarity and natural English flow while preserving the core meaning:

**Option 1 (More Detailed):**

“Often, these reactions happen because of a benefit to gas release – a decrease in disorder caused by expanding gases (like oxygen).”

**Option 2 (Slightly More Concise):**

“In many cases, these reactions are driven by a benefit from gas expansion – reducing disorder.”

**Option 3 (Focus on Core Idea - if you want to emphasize the benefit):**

“When gases expand, this often happens because it reduces disorder.  This is a common effect.”


**Explanation of Changes & Why They Work:**

*   **""Driving force for these reactions...""** became ""often, these reactions happen because..."" or ""In many cases, these reactions are driven by..."" This is more accessible phrasing.
*   **""entropic benefit of gaseous evolution""** was replaced with ""a benefit to gas release – a decrease in disorder caused by expanding gases.""  We explained what “entropic benefit” *means* in simple terms.  It’s a bit abstract; we needed to translate it.
*   **""e.g"
Recurrence rates after surgical excision are about 5 to 15 %.,"Okay, here's a rewritten version of that sentence, aiming for clarity for someone who’s learning English and doesn’t be familiar with medical terminology:

**Option 1 (More Detailed - Good for Understanding):**

“After surgery to remove tissue, you might expect around 5 to 15% chance that the tissue will recur – meaning there’s a possibility it could happen again.  It’s not a guarantee though.”

**Option 2 (Slightly Shorter & More Direct):**

“About 5 to 15 percent of patients who have had surgical removal of tissue experience the tissue recurring later. It’s not always certain.”

**Option 3 (Focus on Key Information - If space is limited):**

“When tissue is removed during surgery, there’s a small chance (around 5-15%) that the tissue might reappear later. This isn’t a certainty.”


**Why these changes work:**

* **Replaced Complex Words:** ""Recurrence rates"" became ""the tissue recurring,"" ""are about"" became ""there's a possibility,"" ""after surgical excision"" became ""surgery to remove tissue.""
* **Simplified Language:** Phrases like “about 5"
"Conjunctival redness, eye ache, foreign body sensation, photophobia, and lacrimation may be minimal initially.","Okay, here are a few options for rewriting that sentence, aiming for clarity for someone who’s learning English or just doesn’t speak English frequently:

**Option 1 (More Detailed - Good for Beginners):**

""At first, there might be some slight redness in your eyes, along with a feeling of pain – like you have something stuck in your eye.  You might also feel a little shaky or anxious, and possibly cry easily. It's possible there’s a foreign object causing discomfort.""

**Option 2 (Slightly More Concise):**

""Initially, you might notice some redness in your eyes, accompanied by a feeling of pain. There could also be feelings of anxiety and tears. A foreign object might be irritating your eyes.""

**Option 3 (Focus on Core Meaning - Slightly more formal but still accessible):**

“At the beginning, you might experience some mild redness in your eyes, alongside a sense of pain. You might also feel uneasy or cry a lot.  A foreign object could be the cause of this discomfort.”


**Here's why these changes were made:**

*   **Complex Words:** Replaced phrases like ""conjunctional redness,"" ""eye ache,"" ""photophobia,"""
"In the most severe form (called malignant yellow fever), delirium, intractable hiccups, seizures, coma, and multiple organ failure may occur terminally.","Okay, here's a rewritten version of that sentence, aiming for clarity for someone who’s learning English and potentially unfamiliar with medical terminology:

**Revised Sentence:**

“When someone is very sick and suffering severely, they might experience symptoms like delirium – feeling confused and unable to think clearly – along with painful hiccups, seizures, and even loss of function in multiple organs like their heart and lungs.  If these problems worsen significantly, they could eventually lead to death.”

**Here’s a breakdown of what I changed and why:**

*   **""In the most severe form (called malignant yellow fever)""**: This was replaced with “When someone is very sick and suffering severely” - It’s more straightforward and less formal.
*   **""delirium, intractable hiccups, seizures, coma, and multiple organ failure""**: These were rephrased as ""feeling confused and unable to think clearly,"" ""painful hiccups,"" ""seizures,"" ""loss of function in multiple organs,"" and ""death.""  This uses more common language to describe the symptoms.
*   **""may occur terminally""**: Changed to ""might experience symptoms like"" - This is clearer and avoids sounding overly formal.
*   **""and"
Patients with allergic conjunctivitis report having Bilateral mild to intense ocular itching; Conjunctival hyperemia; Photosensitivity (photophobia in severe cases); Eyelid edema; Watery or stringy discharge.,"Okay, here's a rewritten version of that complex sentence, aiming for clarity for an English speaker unfamiliar with medical terminology:

**""People who have allergic conjunctivitis often experience persistent, uncomfortable itching in their eyes – they feel a burning sensation.  Their eyelids also seem to be swelling up, and sometimes they get watery or thin discharge from their eyes. This is a common symptom of the condition.""**

Here’s a breakdown of what was changed and why:

*   **“Patients with allergic conjunctivitis”** became **“People who have allergic conjunctivitis”**: Simpler phrasing.
*   **“report having Bilateral mild to intense ocular itching”** became **“often experience persistent, uncomfortable itching in their eyes – they feel a burning sensation.”**: Rephrased to explain the feeling more directly. ""Bilateral"" becomes ""often experiencing,"" and ""mild to intense"" becomes ""persistent, uncomfortable itching.""
*   **“Conjunctival hyperemia”** became **“their eyelids also seem to be swelling up”**: Explained the meaning of “photosensitivity” as the eyelids appearing swollen.
*   **“Photosensitivity (photophobia in severe cases)”** became **“sometimes they get watery or thin discharge from their"
"Ankles, knees, elbows, and wrists are usually involved.","Okay, here are a few options for rewriting that sentence, aiming for clarity for someone who’s learning English and doesn’t be familiar with all the specific medical terms:

**Option 1 (More Explanatory):**

""When something hurts, your joints – like your ankles, knees, elbows, and wrists – might be affected.  It could be due to an injury or problem affecting these areas.""

**Option 2 (Focus on the Problem Area):**

""If you experience pain in your ankles, knees, elbows, or wrists, it could be caused by an issue impacting those parts of your body.”

**Option 3 (Breaking it Down - Slightly More Detailed):**

“When you have pain in your ankles, knees, elbows, or wrists, it often means there's a problem affecting those joint structures – like the ligaments, tendons, or muscles in those areas.”

---

**Why these changes work:**

*   **Replaced Complex Words:** ""Ankles,"" ""knees,"" ""elbows,"" and ""wrists"" were replaced with more common and understandable terms.
*   **Simplified Language:** Phrases like “are usually involved” became “might be affected” or “could be causing"
"In a few patients, the first manifestation of hepatocellular carcinoma is bloody ascites, shock, or peritonitis, caused by hemorrhage of the tumor.","Okay, here are a few options for rewriting that sentence, aiming for clarity for an English speaker unfamiliar with medical terminology, along with explanations of why I made each change:

**Option 1 (More Detailed & Explanatory):**

""In a small number of patients, the early sign of liver cancer – blood in the abdomen (ascites), sudden shock, or severe infection – often appears first. This bleeding from the tumor itself triggers these problems.""

* **Changes Made:**
    * ""In a few patients"" became ""In a small number of patients"" - more formal and clear.
    * ""manifestation of hepatocellular carcinoma"" changed to ""the early sign of liver cancer"" -  more accessible language.
    * ""caused by hemorrhage of the tumor"" changed to ""This bleeding from the tumor itself triggers these problems"" - rephrased to explain the cause better.


**Option 2 (Slightly More Concise):**

""Sometimes, the first signs of liver cancer – such as blood in the belly, sudden shock, or infection – are bloody ascites, shock, or severe infection.""

* **Changes Made:**
    * Shortened phrases like “in a few patients” and “caused by hemorrhage"
The carbocation intermediate is formed in the reaction 's rate determining step is an sp2 hybridized carbon with trigonal planar molecular geometry.,"Okay, here's a rewritten version of that sentence, aiming for clarity for someone who’s learning English and doesn’t have extensive chemistry knowledge:

**Option 1 (More Detailed - Good for Understanding):**

""When a molecule reacts, a special intermediate forms – specifically, a carbon atom with a triangular shape arranged around three other atoms (like in trigonal planar geometry). This reaction is the key part that determines how quickly the reaction happens.""

**Option 2 (Slightly More Concise - Still Clear):**

""In this reaction, a carbon atom with a triangular arrangement of surrounding atoms speeds up the process significantly.  This happens because it’s an ‘sp2’ hybridized carbon.""

**Option 3 (Breaking it Down - For Easier Processing):**

“Let’s say there’s a reaction where a carbon atom is bonded to three other atoms in a specific shape – like a triangle. This particular carbon structure is called ‘sp2’ hybridization, which means it’s arranged around a plane that’s like a square.”


**Why these changes work:**

*   **Replaced Complex Words:** ""carbocation intermediate,"" ""trigonally planar molecular geometry,"" and ""reaction determining step"" were replaced"
"Physiological adaptations permit the organism to perform special functions such as making venom, secreting slime, and phototropism ), but also involve more general functions such as growth and development, temperature regulation, ionic balance and other aspects of homeostasis.","Okay, here's a rewritten version of that complex sentence, aiming for clarity for an English speaker unfamiliar with scientific terminology:

**Option 1 (More Detailed - Good for Understanding):**

“Animals have special abilities – like creating poisonous substances like venom or producing sticky fluids called slime – and they also have broader needs like growing and developing properly, regulating their body temperature, maintaining the right levels of salts in their bodies, and keeping everything balanced internally. These adaptations help them survive and thrive.”

**Option 2 (Slightly More Concise - Still Clear):**

“Organisms develop special features to help them function.  They can create poisons like venom, produce goo like slime, and regulate their internal conditions like temperature and salt levels. This allows them to grow, develop, and maintain stability.”


**Here’s a breakdown of why these changes were made:**

*   **""Physiological adaptations permit the organism to perform special functions...""** became ""Animals have special abilities – like creating poisonous substances...""  This uses simpler language to describe the same concept.
*   **""...such as making venom, secreting slime, and phototropism )""** was changed to ""like creating poisonous substances like venom or producing sticky fluids called slime..."""
Continuous positive airway pressure (CPAP).,"Okay, here are a few options for rewriting “Continuous positive airway pressure (CPAP)” to make it easier to understand for someone learning English, along with explanations of why each revision works:

**Option 1 (Most Comprehensive - Good for Beginners):**

""A continuous positive airway pressure (CPAP) is a type of device used to help people breathe properly while they sleep. It gently pushes air into their nose and mouth to keep them breathing comfortably, even if they’re struggling to breathe naturally.""

* **Why it works:** This version replaces formal terms like ""continuous positive airway pressure"" with more common language (""a type of device"").  It also adds context – explaining *why* it's used to help breathe properly.


**Option 2 (Slightly More Concise - Still Clear):**

""CPAP is a way to help people breathe better while they sleep. A machine gently puffs air into their nose and mouth to keep them breathing normally, especially when they have trouble breathing on their own.""

* **Why it works:**  This uses shorter phrases and emphasizes the function – breathing well – and the reason behind it (trouble breathing).



**Option 3 (Breaking Down - For Learners Who Need More Detail):**"
"However, many patients are never oliguric.","Okay, here's a rewritten version of that sentence, aiming for clarity and natural English flow while preserving the core meaning:

**Option 1 (More Detailed):**

""Many patients don’t have a high level of activity (oliguity).  They generally don’t feel energetic or active.""

**Option 2 (Slightly Shorter & Focused):**

""A significant number of patients aren’t very active. They often feel tired or lack energy.""

**Option 3 (Breaking it Down - if needed):**

“Some patients don’t seem to be active enough. They might feel sluggish or lacking motivation.”

---

**Why these changes work:**

* **""Oliguric""** is a technical term; we replaced it with ""don’t have a high level of activity"" which is more easily understood.
* **""Never""** was changed to “don’t” – a more common and direct way to express the idea.
* **""Are not""** became ""aren’t"" – shorter and more conversational.
* **Phrasing:** I rephrased the sentence to avoid sounding overly formal or complicated.


To help me refine the best option for *"
"During the acute phase, adult worms in the intestine may cause colicky epigastric pain, anorexia, flatulence, diarrhea, and weight loss.","Okay, here's a rewritten version of that sentence, aiming for clarity for someone who’s learning English and doesn’t be familiar with medical terminology:

**Option 1 (More Detailed - Good for Understanding):**

“When adults have worms in their intestines (during an active period), they often experience stomach aches (colics) in the upper belly area, feeling hungry (anorexia), having loose stools (flatulence), experiencing frequent diarrhea, and losing weight.”

**Option 2 (Slightly Shorter & More Direct):**

“In the intestines of adults, certain types of worms can trigger pain in the upper stomach, make you feel hungry, cause loose stools, lead to diarrhea, and result in weight loss.”

**Option 3 (Breaking it Down – For Easier Processing):**

“When adults are infected with specific worms in their digestive system (during a period of increased worm activity), they might feel pain in their upper abdomen, feel hungry, have frequent bowel movements (like loose stools), experience diarrhea, and notice they’re losing weight.”


**Why these changes were made:**

*   **""Acute phase""** became ""active period"" or ""during an active period."" It’s more accessible"
Hepatocellular carcinoma develops in 10 to 15 % of patients with alcoholic cirrhosis.,"Okay, here are a few options for rewriting that sentence, aiming for clarity for someone who’s learning English and unfamiliar with medical terminology:

**Option 1 (More Detailed - Good for Beginners):**

""About 10 to 15 percent of people who have liver damage from drinking too much alcohol develop hepatocellular cancer. This type of cancer often happens after a long period of drinking.""

**Option 2 (Slightly More Concise):**

""When people with liver problems due to drinking alcohol get sick, they're more likely to develop hepatocellular cancer. It usually happens later on.""

**Option 3 (Breaking it Down - For Easier Processing):**

“Liver cancer is common in about 10 to 15% of people who have severe liver disease caused by drinking alcohol.  It often appears after a long time of drinking.”


**Here's why these changes were made:**

*   **""Hepatocellular carcinoma""**: Replaced with ""liver cancer"" – this is a more familiar term.
*   **""develops in...""**: Changed to “are more likely to develop” or “is common in” –  This is less formal and easier to grasp.
*   **"""
"With diaphragmatic involvement, splinting of the chest and pain in one or both shoulders may occur. Other manifestations of FMF include acute pleurisy (in 30 %); arthritis (in 25 %), usually involving the knee, ankle, and hip; an erysipelas - like rash of the lower leg; and scrotal swelling and pain caused by inflammation of the tunica vaginalis of the testis. Pericarditis occurs very rarely.","Okay, here's a rewritten version of that complex sentence, aiming for clarity for someone learning English while maintaining accuracy and nuance:

**Revised Sentence:**

“When you have diaphragmatic problems – meaning your breathing is shallow or labored – you might experience pain in your chest or both shoulders.  Other symptoms associated with Fibromyalgia (a condition characterized by persistent pain) include: acute pleural inflammation (meaning about 30% of people experience this), arthritis (like joint pain in the knees, ankles, and hips), a red rash on the lower legs, and pain caused by swelling and inflammation of the tunica varicularis – a ring of tissue around the testicles.  It’s relatively rare.”

**Here’s a breakdown of why I made these changes and what they achieve:**

*   **""With diaphragmatic involvement"" changed to ""when you have diaphragmatic problems"":** This is more straightforward and easily understood.
*   **""Splinting of the chest and pain in one or both shoulders"" became ""pain in your chest or both shoulders"":** Simpler phrasing.
*   **""Other manifestations of FMF include..."" changed to ""other symptoms associated with Fibromyalgia..."":** More natural flow.
*   **"
"In acquired lymphocytopenias, lymphocytopenia usually remits with removal of the underlying factor or successful treatment of the underlying disorder.","Okay, here's a rewritten version of that sentence, aiming for clarity for someone who’s learning English and doesn’t be familiar with medical jargon:

**Option 1 (More Detailed - Good for Understanding):**

“When lymph problems reappear after being treated, they often go away when the cause is removed or when the problem causing the problems is fixed.”

**Option 2 (Slightly Shorter & More Direct):**

“If you’ve had lymph problems treated, the symptoms usually disappear when the issue causing them is gone or when the problem is solved.”

**Option 3 (Breaking it Down – For Maximum Clarity):**

“When lymph problems return after treatment, they usually get better if the reason for those problems is removed or if the condition causing them is dealt with.”


**Why these changes work:**

*   **Replaced Complex Words:** “Acquired lymphocytopenias” became “lymph problems reappear after being treated,” “remits” became “goes away” or “gets better,” “usually” replaced “usually remits” etc.
*   **Simplified Language:**  Phrases like ""in acquired"" were shortened to ""when.""
*   **Removed Redundancy:** Phrases like"
The most significant long- term complication of FMF is Chronic renal failure caused by deposition of amyloid protein in the kidneys.,"Okay, here are a few options for rewriting that sentence, aiming for clarity for an English speaker unfamiliar with medical terminology, along with explanations of why I made each change:

**Option 1 (More Detailed & Explanatory):**

""One of the biggest problems with chronic kidney failure (a gradual loss of kidney function) is often due to the buildup of a specific type of protein called amyloid in the kidneys. This happens because of a process called deposition.""

*   **Why this works:**  Replaces ""The most significant long-term complication of FMF"" with “One of the biggest problems…” which is more accessible.  “Chronic kidney failure” is explained as a gradual loss of kidney function. “Deposition of amyloid protein” is clarified as “the buildup of a specific type of protein.” “This happens because of a process called deposition” provides context.


**Option **2 (Slightly Shorter & Focused):**

""A major problem with chronic kidney failure – where the kidneys lose their ability to work properly – is caused by the build-up of amyloid protein in them. ”

*   **Why this works:** Shortens the initial phrase while retaining the core meaning. It uses a slightly more conversational tone."
"In this notation, the DA reaction and the dipolar reaction both become a [ 4+2 ] cycloaddition.","Okay, here's a rewritten version of that sentence, aiming for clarity for someone who’s learning English and doesn’t be familiar with specialized chemistry terms:

**Option 1 (More Detailed - Good for Understanding):**

“At the same time, the reactions DA and dipole reactions both transform into a [4+2] cycloaddition.”

**Option 2 (Slightly Shorter & More Direct):**

“The DA and dipole reactions combine into a [4+2] cycloaddition.”

**Option 3 (Focus on the Core Idea – If you want to emphasize the transformation):**

“When you consider the DA and dipole reactions together, they undergo a [4+2] cycloaddition.”


**Why these changes?**

*   **“[4+2]”**: This is a common abbreviation used in organic chemistry to describe a specific type of cycloaddition reaction. It’s generally understood within the field.
*   **“transform into” / “combine into”**:  Replaces ""become a"" which can sound formal.
*   **“at the same time” / “when you consider…”**: Adds context to help clarify the relationship between the reactions.

To help me refine the"
"Intubation and CPAP are indicated for respiratory distress, followed by mechanical ventilation and admission to the neonatal ICU as needed.","Okay, here's a rewritten version of that sentence, aiming for clarity for someone who’s learning English and unfamiliar with medical terminology:

**Option 1 (More Detailed - Good for Understanding):**

“When someone has trouble breathing (respiratory distress), doctors often use an intubation – a way to connect their nose or mouth to the baby’s airway.  They might also perform mechanical ventilation, which is like using a machine to help the baby breathe. If the baby needs more help getting air, they might need to go to the neonatal intensive care unit (NICU) – a special area for very young babies.”

**Option 2 (Slightly Shorter & More Direct):**

“If a baby is having trouble breathing (respiratory distress), doctors will usually use an intubation to provide air. They might also use mechanical ventilation, a type of machine, to support the baby’s breathing.  In some cases, the baby needs to go to the NICU, a specialized unit for newborns.”

**Option 3 (Breaking it Down - For Easier Processing):**

“When a baby is struggling to breathe (respiratory distress), doctors might do two things: first, they insert a tube called an intubation"
"Lady Burdett-Coutts died of acute bronchitis at her home on Stratton Street, Piccadilly.","Here are a few options for rewriting that sentence, aiming for clarity for an English speaker unfamiliar with the details:

**Option 1 (More Detailed - Good for general understanding):**

""Lady Burdett-Coutts passed away peacefully at her home in Piccadilly due to suffering from severe bronchitis. She died at her residence.""

**Option 2 (Slightly More Concise):**

""Lady Burdett-Coutts died of illness in Piccadilly – she suffered from bronchitis and passed away.""

**Option 3 (Focusing on the Core Event):**

“A woman named Lady Burdett-Coutts died after becoming very sick with bronchitis.  She lived in Piccadilly.”

---

**Why these changes work:**

* **Replaced Complex Words:** ""died of acute bronchitis"" became ""passed away peacefully due to suffering from severe bronchitis"" or ""died of illness"". “at her home” was shortened to “in her residence” or “in Piccadilly”.
* **Simplified Language:** Phrases like ""at her home on Stratton Street"" were replaced with more straightforward phrasing.
* **Removed Redundancy:**  The unnecessary detail about the location was removed.


To help me refine the rewrite even further, could you tell"
"If no symptoms develop within the first 6 h after ingestion, risk of serious toxicity is minimal.","Okay, here are a few options for rewriting that sentence, aiming for clarity for someone who’s learning English or just doesn’t know the specific terminology:

**Option 1 (More Detailed - Good for Beginners):**

""If you don't experience any symptoms at all within the first six hours after taking something, there’s little chance of serious harm. ”

**Option 2 (Slightly More Concise):**

""If you don’t get any signs of trouble within the first six hours after eating it, the risk of serious problems is low.""

**Option 3 (Focus on Key Points - If Space Allows):**

“Even if you don’t feel sick right away after taking something, there’s a small chance it could cause serious problems.”

**Option 4 (Breaking it Down - For Easier Processing):**

“If you don’t have any symptoms within the first six hours after consuming something, there’s a low probability that it will cause serious harm.”


**Why these changes work:**

*   **Replaced Complex Words:** ""develop,"" ""risk of,"" ""serious toxicity,"" and ""involves"" were replaced with more common and understandable alternatives like “experience,” “"
"Predisposing factors include brain disorders (eg, dementia, stroke, Parkinson disease), advanced age, sensory impairment (eg, impaired vision or hearing), alcohol intoxication, and multiple coexisting disorders. Precipitating factors include use of drugs (particularly 3 new drugs), infection, dehydration, shock, hypoxia, anemia, immobility, undernutrition, use of bladder catheters (whether urinary retention is present or not), hospitalization, pain, sleep deprivation, and emotional stress.","Okay, here's a rewritten version of that complex sentence, aiming for clarity for an English speaker unfamiliar with the nuances of medical terminology and complex phrasing. I’ve focused on simplifying vocabulary, restructuring the information logically, and maintaining the core meaning:

**Revised Sentence:**

“Several things can make someone unwell. These include problems with their brain (like dementia or stroke), getting older, having trouble seeing or hearing clearly (sensory impairments like vision or hearing loss), being drunk, or having other health issues going on.  Sometimes, these problems worsen if they start using certain medications – like four new drugs – or if they get sick, are dehydrated, experience shock, or aren’t eating enough (undernutrition).  Finally, feeling stressed can also contribute to the problem.”

**Here’s a breakdown of how I changed each part and why:**

*   **""Predisposing factors include...""** became **""Several things can make someone unwell. These include...""** - This is more direct and easily understood.
*   **""brain disorders (eg, dementia, stroke, Parkinson disease)""** became **""problems with their brain (like dementia or stroke)""** -  Simplified language and removed the technical term.
*   **"""
VWF replacement when necessary.,"Okay, here are a few options for rewriting that complex sentence, aiming for clarity and natural English while preserving its core meaning. I’ve focused on different levels of simplification:

**Option 1 (More Detailed - Good for Beginners):**

""If VWF (a type of protein) is needed, we need to find a substitute.""

*   **Why it works:** This directly addresses the core issue – finding an alternative. It uses common vocabulary (""substitute"") and explains what VWF is.

**Option 2 (Slightly More Complex, Still Understandable):**

""When VWF is required, we should consider alternatives.  Perhaps there's another protein that can perform the same function.""

*   **Why it works:** This introduces the idea of needing a substitute and suggests a potential solution. ""Perform the same function"" clarifies the purpose.

**Option 3 (Most Concise - Best if you want to quickly convey the message):**

""If VWF is needed, we need to find a replacement.""

*   **Why it works:** This is the most streamlined option. It’s short, direct, and easily understood.


**Option 4 (Adding Context - If appropriate for your audience):"
"After the prodrome, maculopapular lesions develop on the oropharyngeal mucosa, face, and arms, spreading shortly thereafter to the trunk and legs.","Okay, here's a rewritten version of that complex sentence, aiming for clarity for an English speaker unfamiliar with medical terminology and nuanced descriptions:

**Revised Sentence:**

“Small spots and bumps appear on the lining of your mouth, face, and arms. These spots then start to spread outwards to your back and legs.”

**Explanation of Changes and Why They Were Made:**

*   **""maculopapular lesions""** became **""small spots and bumps""**: This is much more accessible language. ""Maculopapular"" is a technical term; “small spots” and “bumps” are easier to grasp.
*   **""develop on the oropharyngeal mucosa, face, and arms""** changed to **""these spots and bumps appear on the lining of your mouth, face, and arms.""**:  This clarifies *where* the lesions are located – the area where the mouth and face meet. It’s also broken down into smaller phrases.
*   **""spreading shortly thereafter to the trunk and legs""** became **""These spots then start to spread outwards to your back and legs.""**: This simplifies the spatial relationship – the spots move outward from the initial location.

---

**Important Note:** If"
"Many males with breast cancer have inherited a BRCA mutation, but there are other causes, including alcohol abuse and exposure to certain hormones and ionizing radiation.","Okay, here's a rewritten version of that sentence, aiming for clarity for someone who’s learning English and doesn’t be familiar with specific medical jargon:

**Option 1 (More Detailed - Good for Understanding):**

“A lot of men who have breast cancer often inherit a genetic defect called a BRCA mutation. However, this isn’s the only reason they get cancer.  In addition to this, they might also drink too much alcohol or be exposed to certain chemicals like radiation, which can increase their risk.”

**Option 2 (Slightly Shorter & Focused):**

“Men with breast cancer sometimes inherit a gene called BRCA. But besides that, they may also drink more alcohol or be exposed to harmful substances like certain hormones or radiation.”

**Option 3 (Breaking it Down – For Maximum Clarity):**

“Sometimes, men diagnosed with breast cancer inherit a genetic change called a BRCA mutation.  But it’s not just that. They might also drink more alcohol or be exposed to certain chemicals or radiation, which could make them more likely to develop cancer.”


**Why these changes were made:**

*   **Replaced Complex Words:** “inherited” became “inherit,” “have” became “who have"
"Robert Headland of the Scott Polar Research Institute has suggested various reasons for these false sightings, ranging from `` too much rum '' to deliberate hoaxes designed to lure rival ships away from good sealing grounds.","Okay, here's a rewritten version of that sentence, aiming for clarity for an English speaker unfamiliar with the specific terminology:

**Option 1 (More Detailed - Good for Understanding):**

“Robert Headland, at the Scott Polar Research Institute, has identified several possible explanations for these misleading reports – things like excessive alcohol consumption or deliberately fabricated incidents meant to trick other ships into drifting further from safe areas.”

**Option 2 (Slightly More Concise):**

“Robert Headland suggests several possible causes for these false sightings, including drinking too much alcohol and setting up deliberate deception to guide ships away from safe harbors.”

**Option 3 (Breaking it Down - For Maximum Clarity):**

“Robert Headland, working at the Scott Polar Research Institute, believes there are several reasons why people might see strange things. These could be because they’ve drunk too much alcohol, or perhaps someone is intentionally creating a fake sighting to distract other ships.”


**Why these changes work:**

*   **Replaced Complex Words:** “suggested various reasons,” “ranging from” became “identified several possible explanations,” “designed to lure” became “intended to trick” etc.
*   **Simplified Language:**  Phrases like ""too much rum"
A PET scan also commonly is done to assess the extent of disease as well as the cervical lymphatics.,"Okay, here are a few options for rewriting that sentence, aiming for clarity for an English speaker unfamiliar with medical terminology:

**Option 1 (More Detailed - Good for general understanding):**

""Often, a PET scan is used to check how widespread a disease is and to look for problems in the neck's lymph nodes.""

**Option 2 (Slightly More Concise):**

""A PET scan often helps determine if there’s a disease throughout the body and whether there are any issues with the lymph glands in the neck.""

**Option 3 (Breaking it Down - Best for clarity if you want to emphasize each part):**

“When looking for signs of illness, a PET scan might examine the whole area and also check for problems in the small tubes called lymphatics in the neck.”

---

**Why these changes were made:**

*   **Replaced Complex Words:** ""PET scan,"" ""assess the extent of,"" ""cervical lymphatics"" became more understandable phrases like “checking for signs of illness” or “looking for problems in the neck’s lymph nodes”.
*   **Simplified Language:** Phrases like ""also commonly is done"" were replaced with clearer alternatives like ""is often used"" or """
"Other causes have been attributed to contaminants produced by outgassing of some types of building materials, volatile organic compounds ( VOC ), molds ( see mold health issues ), improper exhaust ventilation of ozone ( byproduct of some office machinery ), light industrial chemicals used within, or lack of adequate fresh-air intake/air filtration ( see Minimum Efficiency Reporting Value ).","Okay, here's a rewritten version of that complex sentence, aiming for clarity for an English speaker unfamiliar with the specific technical terms, along with explanations of how I’ve made the changes:

**Rewritten Sentence:**

“Several factors could be responsible for problems caused by gases released from certain building materials – specifically, volatile organic compounds (VOCs).  These gases can also lead to mold growth, and sometimes, poor ventilation systems in offices contribute to this issue. Furthermore, some industrial chemicals used in buildings might not be properly managed, and insufficient fresh air intake or filters can worsen the problem.”

**Explanation of Changes & Why They Were Made:**

*   **Complex Words Replaced:**
    *   ""outgassing of some types of building materials"" became ""gas released from certain building materials."" This is more straightforward.
    *   ""volatile organic compounds (VOC)"" was simplified to “volatile organic compounds” - it’s a common term and easily understood.
    *   ""mold health issues"" became ""mold growth"" - it’s a clearer description.
    *   ""improper exhaust ventilation of ozone"" became ""poor ventilation systems in offices contribute to this issue."" This clarifies the connection between the problem and the environment"
Waist circumference and the presence of metabolic syndrome appear to predict risk of metabolic and cardiovascular complications better than BMI does.,"Okay, here are a few options for rewriting that sentence, aiming for clarity for an English speaker unfamiliar with medical terminology and complex phrasing:

**Option 1 (More Detailed - Good for general understanding):**

""Measurements taken to determine someone’s waist size and whether they have metabolic syndrome – which means problems with your metabolism and heart health – seem to show they are at higher risk of developing complications from things like diabetes or heart attacks.  It’s generally considered more reliable than just looking at their weight.""

**Option 2 (Slightly Shorter & More Direct):**

""A person's waist circumference and signs of metabolic syndrome – indicating potential heart problems – provide clearer indications of future risks compared to simply measuring their weight.""

**Option 3 (Focus on Key Concepts - If you want to emphasize the core message):**

""When looking at a person’s waist size and whether they have metabolic syndrome (meaning trouble with their body’s energy use and heart health), it suggests they’re more likely to get serious health issues later on.""


---

**Why these changes were made:**

*   **Complex Words:** Replaced phrases like ""appear to predict,"" ""risk of metabolic and cardiovascular complications,"" and ""BMI"
Clinically evident chronic venous insufficiency may not cause any symptoms but always causes signs; postphlebitic syndrome always causes symptoms.,"Okay, here's a rewritten version of that sentence, aiming for clarity for someone who’s learning English and doesn’t be familiar with medical jargon:

**Option 1 (More Detailed - Good for Understanding):**

“When your veins aren’t properly filled with blood (chronic venous insufficiency) often doesn’t show any signs at all. However, when they do leak (postphlebitic syndrome) usually does cause problems – you feel unwell or experience symptoms.”

**Option 2 (Slightly Shorter & More Direct):**

“If your veins don’t have enough space to return blood properly (chronic venous insufficiency), you might not notice anything at first. But if they do leak, you’ll likely feel sick or have other symptoms.”

**Option 3 (Breaking it Down - For Maximum Clarity):**

“Sometimes, when your veins aren’t working correctly (chronic venous insufficiency), there’s no obvious sign.  But when they do leak, you definitely feel unwell – maybe you get pain, fatigue, or other symptoms.”


**Why these changes work:**

* **Replaced Complex Words:** “Clinically evident” became “doesn’t show any signs at all,” “causes signs"
"If there is no mass but cancer is otherwise suspected or if other tests are indeterminate, the following is done: Mammography.","Okay, here's a rewritten version of that sentence, aiming for clarity for an English speaker unfamiliar with medical terminology and complex phrasing:

**Option 1 (More Detailed):**

“If there’s any sign that cancer might be present, we start with a mammogram.  However, if other tests don’t give us a clear answer, we also consider other kinds of checks.”

**Option 2 (Slightly Shorter & More Direct):**

“If there’s any suspicion of cancer, we first perform a mammogram. If those tests aren’t conclusive, we’ll investigate other possibilities.”

**Option 3 (Breaking it Down - Good for Clarity):**

“If there’s any indication that cancer could be happening, we begin with a mammogram. If further tests don’t confirm anything, we’ll look at other possible causes.”


**Why these changes work:**

*   **“If there is no mass” became “If there’s any sign that cancer might be present”**: This replaces the formal phrase with a more understandable expression.
*   **“otherwise suspected” became “that cancer might be present”**: A clearer way to express the idea.
*"
"Genital lesions cause painful epididymal swelling, deep perineal discomfort, or prostatic tenderness detected during rectal examination.","Okay, here's a rewritten version of that sentence, aiming for clarity for someone who’s learning English and doesn’t be familiar with medical terminology:

**Option 1 (More Detailed - Good for Understanding):**

“When doctors examine your prostate area during a rectal exam, they often notice unusual lumps or swelling near the genitals. This can feel like pain, and might also be accompanied by discomfort in the lower part of your penis.”

**Option 2 (Slightly Shorter & More Direct):**

“During a check of your prostate, doctors sometimes find areas of swelling, pain, or tenderness in the genital area.  This could be due to problems with the glands near the prostate.”

**Option 3 (Breaking it Down – For Easier Processing):**

“When a doctor examines your prostate, they might see these things:  small bumps or swelling near the genitals, or pain in the lower part of your penis. It could be because of issues with the glands nearby.”


**Why These Changes Worked:**

* **Replaced Complex Words:** “Genital lesions,” “epididymal swelling,” “prostatic tenderness,” and “rectal examination” were replaced with more common and understandable terms.
* **Simplified"
"Inflammatory breast cancer is characterized by peau d'orange, erythema, and enlargement of the breast, often without a mass. A nipple discharge is common.","Okay, here are a few options for rewriting that sentence, aiming for clarity for an English speaker unfamiliar with medical terminology and nuanced descriptions:

**Option 1 (More Detailed - Good for Understanding):**

""Breast cancer that causes inflammation often looks like a reddish patch on the skin (peau d'orange), is red and swollen, and the breast might grow larger – sometimes there’s no noticeable lump present.""

**Option 2 (Slightly Shorter & More Direct):**

""When breast cancer develops, you might notice redness, swelling, and an enlarged breast.  It could also cause nipple discharge.""

**Option 3 (Breaking it Down - For Easier Processing):**

“Inflammation of the breast is a type of cancer. It frequently appears as a red area on the skin (like orange patches), feels puffy, and the breast might get bigger without showing any lumps. Sometimes, there’s a discharge from the nipple.”

---

**Why these changes were made:**

*   **Replaced Complex Words:** ""Inflammatory,"" ""peau d'orange,"" ""erythema,"" ""enlargement,"" ""mass,"" ""discharge"" were all replaced with more accessible terms.
*   **Simplified Language:** Phrases"
"Acute ulcerative blepharitis is usually caused by bacterial infection (usually staphylococcal) of the eyelid margin at the origins of the eyelashes; the lash follicles and the meibomian glands are also involved. It may also be due to a virus (eg, herpes simplex, varicella zoster). Acute nonulcerative blepharitis is usually caused by an allergic reaction involving the same area (eg, atopic blepharodermatitis and seasonal allergic blepharoconjunctivitis, which cause intense itching, rubbing, and a rash; or contact sensitivity [ dermatoblepharoconjunctivitis ]).","Okay, here's a rewritten version of that complex sentence, aiming for clarity and ease of understanding for someone learning English:

**Simplified Version:**

""Acute blepharitis, often caused by a bacteria like *Staphylococcus* growing on the edge of the eyelids, is common.  It also affects the tiny hair follicles (lash follicles) and the oil glands within the eyelids. Sometimes, this inflammation is triggered by a virus, such as the flu or chickenpox.  In other cases, it’s due to an allergy – like itchy skin reactions from things like allergies or contact sensitivities.""

---

**Here’s a breakdown of why I made these changes and what they achieve:**

*   **“Acute ulcerative blepharitis” changed to “Acute blepharitis”**: This is more straightforward.
*   **“is usually caused by…” changed to “often caused by…”**: A slightly more natural phrasing.
*   **“bacterial infection (usually staphylococcal)” changed to “bacteria like *Staphylococcus* growing…”**:  This clarifies the source of the infection. Using italics helps emphasize the specific bacteria.
*   **“of the eyelid margin at the origins of the eyelashes” changed to “growing on the"
"Other manifestations of cirrhosis may be present. Cirrhosis, if compensated, may be asymptomatic. The liver is usually small; when the liver is enlarged, hepatic steatosis or hepatoma should be considered.","Okay, here's a rewritten version of that complex sentence, aiming for clarity for an English speaker unfamiliar with medical terminology and nuanced phrasing:

**Revised Sentence:**

“Besides other signs of damage to the liver, you might also see signs of cirrhosis. If the liver is treated well, it might not cause any symptoms. Usually, the liver appears smaller than normal. However, if the liver becomes large – called hepatic steatosis or potentially a liver tumor – it’s important to investigate further.”

**Here’s a breakdown of why I made these changes and what they achieve:**

*   **""Other manifestations of cirrhosis may be present""** became **""Besides other signs of damage to the liver, you might see signs of cirrhosis.""** - This is more direct and easily understood.
*   **""If compensated, may be asymptomatic""** became **""If the liver is treated well, it might not cause any symptoms.""** -  This clarifies the meaning of ""compensated,"" which refers to treatment helping to reduce symptoms.
*   **""The liver is usually small; when the liver is enlarged, hepatic steatosis or hepatoma should be considered""** became **""Usually, the liver appears smaller than normal. However, if the"
"Further evaluation may include enhanced CT or MRI of the head, neck, and chest; thyroid scan; barium swallow or bronchoscopy; and esophagoscopy.","Okay, here's a rewritten version of that complex sentence, aiming for clarity for an English speaker unfamiliar with medical terminology and procedures. I’ve focused on simplifying language, breaking down the information, and maintaining the core meaning:

**Rewritten Sentence:**

“To help diagnose potential problems with your head, neck, and chest, doctors might perform tests like a CT scan of the head, a neck X-ray, or a barium swallow to examine your esophagus or bronchoscopy to look inside your lungs.  These checks are often used when there’s a concern about something unusual.”

**Explanation of Changes & Why They Were Made:**

* **""Complex Sentence"" Removed:** The original sentence is already quite complex. Directly translating it would likely be confusing.
* **Replaced Complex Words:**
    * ""complex"" became ""potential problems"" – more relatable.
    * ""delicate"" became ""diagnose potential problems"" - clarifies the purpose.
    * “examine” became “look inside” – simpler phrasing.
    * “often performed” became “doctors might perform” – provides context.
* **Simplified Structure:**  I broke the original into shorter sentences and grouped related concepts.
* **Added Context:** Added phrases"
Endotracheal intubation and continuous positive airway pressure (CPAP) Mechanical ventilation as needed Supplemental oxygen as needed,"Okay, here's a rewritten version of that complex sentence, aiming for clarity for someone unfamiliar with medical terminology and procedures, along with explanations of why I made the changes:

**Revised Sentence:**

“When someone has trouble breathing, doctors might use these methods. First, they insert a tube called an endotracheal intubation into their nose or mouth.  Then, they also use a device called a continuous positive airway pressure (CPAP) to keep their airways open. If they need more help breathing, they might give them supplemental oxygen through a machine. This helps support their breathing.”

**Explanation of Changes and Why They Were Made:**

*   **""Endotracheal intubation and continuous positive airway pressure (CPAP)""**:  This was shortened to ""inserting a tube called an endotracheal intubation into their nose or mouth.""  It’s much more understandable than the original phrasing.  ""Intubation"" is a technical term; explaining it as ""a tube inserted into the nose or mouth"" clarifies what it is.
*   **""Mechanical ventilation as needed""**:  Replaced this with “doctors might use these methods.”  ""Mechanical ventilation"" is a specialized medical term; simplifying it to ""doctors might use these"
"In adults, BMI, defined as weight (kg) divided by the square of the height (m2), is used to screen for overweight or obesity (see table Body Mass Index (BMI)): Overweight = 25 to 29.9 kg/m2; Obesity = 30 kg/m2.","Okay, here's a rewritten version of that sentence, aiming for clarity for someone who’s learning English and doesn’t be familiar with specific medical terminology:

**Option 1 (More Detailed - Good for Beginners):**

“When adults are measured, their weight is calculated by dividing their weight in kilograms by the *square* of the length of their height in meters. This measurement is called Body Mass Index (BMI).  Here’s how it works:

*   If their weight is between 25 and 29.9 kilograms per square meter, they are considered underweight.
*   If their weight is 30 kilograms per square meter or more, they are classified as overweight.”

**Option 2 (Slightly Shorter & More Conversational):**

“Doctors often use a number called Body Mass Index (BMI) to check if someone is overweight or obese. It’s based on how much weight they have compared to their height. For example, if someone weighs 25 to 29.9 kg per square meter, they’re underweight. If they weigh 30 kg or more, they’re considered overweight.”

**Option 3 (Focusing on the Core Concept – Best"
History of present illness should include the following: Whether the current discharge is unilateral or bilateral; What its color is; How long it has lasted; Whether it is spontaneous or occurs only with nipple stimulation; Whether a mass or breast pain is present.,"Okay, here's a rewritten version of that complex sentence, aiming for clarity for someone who’s learning English and doesn’t be familiar with all medical terminology:

**“To understand why the person currently experiencing this illness, we need to consider these details:** First, **is the discharge happening one area at a time (unilateral) or both areas simultaneously (bilateral)?** Second, **what color is the liquid they are leaking?** Third, **how long has this leakage been going on?**  Fourth, **did this happen on their own, or did it occur when they touched or stimulated their breasts?** Finally, **are there any lumps or painful sensations in the breast area?”**

**Here’s a breakdown of *why* I made these changes:**

*   **Complex Words:** Replaced phrases like ""History of present illness"" with more straightforward language (""To understand why...""). “Should include” became “need to consider.” “Whether” was replaced with “is” for better flow.
*   **Paraphrasing:** Reworded sentences using different wording while maintaining the same core meaning.
*   **Compression:** Removed unnecessary words and phrases.
*   **Adding Context:** Added clarifying questions to"
"Patients with positive fecal occult blood tests require colonoscopy, as do those with lesions seen during sigmoidoscopy or an imaging study.","Okay, here are a few options for rewriting that sentence, aiming for clarity for someone who’s learning English and doesn’t be familiar with medical jargon:

**Option 1 (More Detailed - Good for Beginners):**

""If a patient test shows positive signs of blood in their stool (fecal occult blood), they usually need a colonoscopy.  Also, if they have spots or abnormalities found during a sigmoidoscopy (a type of colon examination) or through an imaging scan, they might also need a colonoscopy.""

**Option 2 (Slightly Shorter & More Direct):**

""People who test positive for blood in their stool often need a colonoscopy.  They may also need a colonoscopy if they have lesions detected during a sigmoidoscopy or through an imaging test.""

**Option 3 (Breaking it Down – For Easier Processing):**

“If a doctor finds blood in your stool (fecal blood), you likely need a colonoscopy.  Sometimes, they might also need a colonoscopy if they see unusual spots or changes on a sigmoidoscopy or an imaging scan.”


**Why these revisions work:**

* **Simpler Vocabulary:** Words like ""require,"" ""seen,"" and"
A feeling of scratchiness or of a foreign body may be caused by either a conjunctival or a corneal disorder.,"Okay, here are a few options for rewriting that sentence, aiming for clarity and natural English flow while preserving the core meaning:

**Option 1 (More Detailed - Good for Beginners):**

""Feeling like something is scratching or feeling like a foreign object might be due to problems with your eye's surface – either the area around your eye (conjunctival) or the outer layer of your eye (cornea).  These issues could be caused by various conditions.""

**Option 2 (Slightly Shorter & More Direct):**

""Scratchiness or a foreign sensation in your eye could be caused by problems with the surface of your eye, such as the conjunctiva or the cornea. These conditions might result from different illnesses.""

**Option 3 (Breaking it Down - For Easier Processing):**

“You might feel scratchy or like something foreign is irritating your eye. This could be because of problems with the lining of your eye (conjunctiva) or the clear part of your eye (cornea). It could be due to things like an illness.”

---

**Why these changes were made:**

*   **Replaced Complex Words:** ""Conjunctival"" became ""around your eye,"" ""cornea"""
Identified rhythm disturbances and underlying disorders are investigated and treated (see table Some Treatments for Arrhythmias).,"Okay, here are a few options for rewriting that sentence, aiming for clarity and natural English flow while maintaining the core meaning:

**Option 1 (More Detailed & Explanatory):**

""Doctors are looking carefully at heart rhythms and trying to find reasons why they’re disrupted. They also treat people who have problems with their heartbeat.  You can find more details about different treatments for heart arrhythmias in a table below.""

**Option 2 (Slightly Shorter & More Direct):**

""Researchers investigate rhythm disturbances and potential underlying issues in people experiencing heart problems. Treatment options are listed in a table.""

**Option 3 (Focus on Clarity - Good for Beginners):**

“When doctors notice irregular heartbeats, they examine the cause. They then offer treatment options found in a list.”


**Why these changes work:**

*   **Replaced Complex Words:** ""Identified rhythm disturbances and underlying disorders"" became ""looking carefully at heart rhythms and finding reasons why they's disrupted"" or ""researchers investigating rhythm disturbances and potential underlying issues"".
*   **Simplified Language:** Phrases like ""are investigated and treated"" were shortened to phrases like ""doctors are looking at"" or ""researchers investigate"".
*   **Removed"
"Vasculitic skin lesions may include mottled erythema on the palms and fingers, periungual erythema, nail -fold infarcts, urticaria, and palpable purpura. Petechiae may develop secondary to thrombocytopenia.","Okay, here's a rewritten version of that complex sentence, aiming for clarity for an English speaker unfamiliar with medical terminology:

**""When skin lesions appear on the hands and fingers, they often look like patches of red color called ‘mottled erythema’.  Around the fingertips and nails, there are also small red areas called ‘periungual erythema’.  Sometimes, these lesions become painful, forming little lumps called ‘nail –fold infarcts’.  In addition, you might notice hives (red bumps) or purple spots (purpura) appearing.  It’s possible that these symptoms are caused by low blood counts, which is known as thrombocytopenia.""**

Here’s a breakdown of *why* I made these changes and what they achieve:

*   **“Vasculitic skin lesions” changed to “when skin lesions appear on the hands and fingers…”**: This clarifies the meaning – lesions occurring on the hands and fingers.
*   **“may include” changed to “often look like”**: A more natural phrasing.
*   **“mottled erythema” explained**: ""Mottled"" means patchy, and ""erythema"" is reddish discoloration.
*   **“periungual erythema"
"Disseminated gonococcal infection (DGI), also called the arthritis - dermatitis syndrome, reflects bacteremia and typically manifests with fever, migratory pain or joint swelling (polyarthritis), and pustular skin lesions. In some patients, pain develops and tendons (eg, at the wrist or ankle) redden or swell. Skin lesions occur typically on the arms or legs, have a red base, and are small, slightly painful, and often pustular. DGI can mimic other disorders that cause fever, skin lesions, and polyarthritis (eg, the prodrome of hepatitis B infection or meningococcemia); some of these other disorders (eg, reactive arthritis) also cause genital symptoms.","Okay, here's a rewritten version of the provided text, aiming for clarity and ease of understanding for an English speaker unfamiliar with medical terminology:

**Simplified Version:**

“Disseminated Gonococcal Infection (DGI), commonly known as arthritis and dermatitis syndrome, is caused by bacteria. It usually causes a fever, accompanied by pain in your joints – like pain in your wrists or ankles – and sometimes skin sores (pustules).  In some cases, the pain can spread to your hands or feet.  The skin lesions often appear on your arms or legs, are red and bumpy, and are small. They’re often quite painful and may leave small, pus-filled bumps.  It can sometimes resemble other illnesses that cause fever, skin problems, and joint inflammation, such as the early stages of Hepatitis B infection or meningococcal infections.  Sometimes, these other conditions can also cause genital symptoms.”

**Explanation of Changes & Why They Were Made:**

*   **""Disseminated gonococcal infection (DGI)""**: Changed to ""Disseminated Gonococcal Infection"" – more common phrasing.
*   **""also called the arthritis - dermatitis syndrome""**: Replaced with “commonly known as arthritis and dermatitis syndrome” – clarifies the"
"This allows two different avenues for the nucleophilic attack, one on either side of the planar molecule.","Okay, here are a few options for rewriting that complex sentence, aiming for clarity and natural English flow while preserving its core meaning:

**Option 1 (More Detailed - Good for Beginners):**

""At one side of a flat molecule, there’s an incoming nucleophile – something that likes to steal electrons from another molecule. This happens right next to the molecule's structure.""

**Option 2 (Slightly More Concise):**

""One side of a planar molecule is attacked by a nucleophile.  This occurs near the molecule's structure.""

**Option 3 (Focusing on the Mechanism):**

“A nucleophile attacks one side of a flat molecule. This happens because of the molecule’s shape.”

**Option 4 (Breaking it Down - If you need more context):**

“When a nucleophile interacts with a planar molecule, it’s like stealing electrons from it. This happens at the edge of the molecule’s structure.”


---

**Why these changes work:**

* **Simpler Vocabulary:** Words like ""nucleophilic attack,"" ""planar molecule,"" and ""incoming nucleophile"" were replaced with more common alternatives.
* **Paraphrasing:** Instead of directly translating phrases,"
"Dyspnea, tachypnea, and inspiratory stridor may be present, often causing the child to sit upright, lean forward, and hyperextend the neck with the jaw thrust forward and mouth open in an effort to enhance air exchange (tripod position). Relinquishing this position may herald respiratory failure. Suprasternal, supraclavicular, and subcostal inspiratory retractions may be present.","Okay, here's a rewritten version of that complex sentence, aiming for clarity for someone learning English while retaining the core meaning:

**Revised Sentence:**

“The child is experiencing shortness of breath – they might be struggling to breathe. This often happens when they are sitting up straight, leaning forward, and pushing their head forward with their jaw. They might also open their mouth wide to try and get more air.”

**Here’s a breakdown of how I made these changes and why:**

*   **""Dyspnea, tachypnea, and inspiratory stridor""**:  I replaced these technical terms with simpler language like ""shortness of breath,"" ""difficulty breathing,"" and ""a slight opening of the airway.""
*   **""may be present""**: Changed to “might be experiencing” - It’s less formal and conveys the same sense of possibility.
*   **""often causing the child to...""**: Rephrased as ""often happens when they..."" - This makes the connection clearer.
*   **""sit upright, lean forward, and hyperextend the neck""**: Simplified to ""sitting up straight, leaning forward, and pushing their head forward.""  This is more accessible.
*   **"
"Respiratory stimulants (eg, caffeine)","Okay, here are a few options for rewriting “Respiratory stimulants (eg, caffeine)” into clearer English, each with slightly different nuances and levels of complexity:

**Option 1 (Most Straightforward):**

""Stimulants like caffeine can help boost your breathing.""

*   **Why it works:** This replaces the technical term with a common metaphor – helping with breathing. It’s easy to grasp.

**Option 2 (Slightly More Detailed - Still Clear):**

""Caffeine or other substances that stimulate breathing can increase your heart rate and improve oxygen flow.""

*   **Why it works:**  It explains *what* the stimulants are (stimulating breathing) and provides a bit more context about their effect (heart rate and oxygen flow).

**Option 3 (More Explanatory - Good for Beginners):**

“Things like caffeine can make you feel more energetic and help your body breathe faster.”

*   **Why it works:** This uses simpler language (""feel more energetic"") and focuses on the benefit – increased energy and better breathing.

**Option 4 (Breaking it Down - If you want to explain the process):**

“Sometimes, things like caffeine can help your body work harder and get more oxygen."
"Lewis acids such as boron trifluoride, zinc chloride, iron ( III ) chloride, and aluminium chloride are also useful catalysts.","Okay, here's a rewritten version of that sentence, aiming for clarity for an English speaker unfamiliar with chemistry terminology:

**Option 1 (More Detailed - Good for Understanding):**

""Various chemical substances called Lewis acids – like boron trifluoride, zinc chloride, iron(III) chloride, and aluminum chloride – can act as catalysts.  They help speed up certain chemical reactions.""

**Option 2 (Slightly Shorter & More Direct):**

""Besides being catalysts, some chemicals like boron trifluoride, zinc chloride, iron(III) chloride, and aluminum chloride can speed up chemical processes.""


**Option 3 (Breaking it Down - For Maximum Clarity):**

“Certain chemical compounds, such as boron trifluoride, zinc chloride, iron(III) chloride, and aluminum chloride, are used as catalysts. They help to make certain reactions happen faster.”

---

**Why these changes were made:**

*   **Replaced Complex Words:** ""Lewis acids"" became ""chemical substances called Lewis acids,"" ""some chemicals"" or ""certain chemical compounds""
*   **Simplified Language:** Phrases like “such as” and phrases like “help accelerate” were replaced with more straightforward alternatives.
*   **Reduced"
"However, a positive test for blood can result from nonmalignant disorders (eg, ulcers, diverticulosis), and a negative test does not rule out cancer because cancers do not bleed continuously.","Okay, here's a rewritten version of that complex sentence, aiming for clarity for an English speaker unfamiliar with medical terminology and nuanced concepts:

**Rewritten Sentence:**

“A blood test might show signs of problems with the stomach or intestines (like ulcers or pouches in your digestive system). However, it doesn’t necessarily mean you have cancer. In fact, tumors don’t usually bleed constantly.”

**Explanation of Changes and Why They Were Made:**

*   **Complex Words Simplified:**
    *   ""complex sentence"" became ""a complicated sentence""
    *   ""nonmalignant disorders"" became ""problems with the stomach or intestines"" – this is more accessible.
    *   ""eg"" became ""like""
    *   ""because"" became ""however""
    *   ""does not rule out"" became ""doesn't necessarily mean""
    *   ""cancer"" became ""cancer"" - it's a well-understood term.
    *   ""bleed continuously"" became ""don't usually bleed constantly""

*   **Compression & Information Removal:**  I removed phrases like “result from” and “does not rule out” as they added unnecessary complexity.

*   **Flow and"
"In extreme cases, a person may only be able to tell light from dark in that eye.","Okay, here are a few options for rewriting that sentence, aiming for clarity and natural English flow while preserving its core meaning:

**Option 1 (More Detailed - Good for Beginners):**

""In very serious situations, someone might only be able to see light coming from one eye.  It’s like they can’t perceive any darkness at all.""

**Option 2 (Slightly More Concise):**

""When things get really bad, someone might only see light in one eye – they can't see any shadow.""

**Option 3 (Focus on the Sensory Experience - Explains the Feeling):**

“If someone is experiencing a severe problem, they might only notice light coming from one eye. It feels like there’s no darkness present.”

**Option 4 (Breaking it Down - For Easier Processing):**

“If a person is facing a difficult situation, they might only be able to see light from one eye. This means they don’t perceive any shadows.”


---

**Why these changes work:**

* **Simpler Vocabulary:** Words like ""extreme,"" ""only,"" ""that,"" ""it's like,"" and ""all"" were replaced with more common alternatives.
* **Par"
"For patients with type 1 and some variants of type 2 VWD, desmopressin, an analog of vasopressin (antidiuretic hormone) that stimulates release of VWF into the plasma and may increase levels of factor VIII, can be helpful. Desmopressin is ineffective in other variants of type 2 and in type 3 VWD, and in type 2A can exacerbate thrombocytopenia. To ensure adequate response to the drug, physicians give patients a test dose and measure the response of VWF antigen. Desmopressin 0.3 mcg/kg given in 50 mL of 0.9 % saline solution IV over 15 to 30 minutes may enable patients to undergo minor procedures (eg, tooth extraction, minor surgery) without needing replacement therapy. For many patients, intra- nasal desmopressin may be as effective as IV treatment and is often useful to prevent bleeding during minor surgical procedures.","Okay, here's a rewritten version of the provided text, aiming for clarity and ease of understanding for someone learning English, along with explanations of the changes made:

**Rewritten Sentence:**

“For people with Type 1 diabetes and some variations of Type 2 Vascular Disorders (VWD), desmopressin – a chemical similar to vasopressin, which helps the body hold water – can help. It stimulates the release of von Willebrand factor (a protein) into the blood, potentially increasing the amount of Factor VIII. However, desmopressin isn’t effective against all types of Type 2 VWD or in Type 3 VWD, and sometimes it can worsen platelet problems (blood clotting).  To make sure the medication works well, doctors usually start with a small dose and check how much the blood’s von Willebrand factor is increased.  If desmopressin is used this way, a doctor might allow minor procedures like tooth extractions or minor surgeries without needing more blood-replacing treatments.  Sometimes, administering desmopressin through the nose (intranasal desmopressin) can also be just as good at preventing bleeding during these kinds of procedures.”

**Explanation of Changes & Why They Were Made"
"Fungi and mycobacteria can cause hematogenous osteomyelitis, usually in immunocompromised patients or in areas of endemic infection with histoplasmosis, blastomycosis, or coccidioidomycosis.","Okay, here's a rewritten version of that sentence, aiming for clarity for an English speaker unfamiliar with the specific terminology:

**Option 1 (More Detailed - Good for Understanding):**

""Mushrooms and certain types of bacteria called mycobacteria can lead to hematogenous osteomyelitis – a condition where bone infections spread through the bloodstream. This often happens in people who are already weakened due to illness or living in areas where these fungi and bacteria are common, like places where there’s also a risk of histoplasmosis, blastomycosis, or coccidioidomycosis.""

**Option 2 (Slightly More Concise - Still Clear):**

""Certain mushrooms and bacteria, called mycobacteria, can cause bone infections known as hematogenous osteomyelitis.  This is more likely to happen in people who are sick or live in areas where those fungi and bacteria are prevalent, such as regions with histoplasmosis, blastomycosis, or coccidioidomycosis.""


**Here's a breakdown of why I made these changes:**

*   **“Fungi and mycobacteria”**: Replaced with “Mushrooms and certain types of bacteria…” – Easier to grasp the concept.
*   **“cause hematogenous osteomyelitis”**:"
"Intermittent swelling and pain in a few large joints, especially the knees, typically recur for several years.","Okay, here are a few options for rewriting that sentence, aiming for clarity and natural English flow while preserving the core meaning:

**Option 1 (More Detailed - Good for Beginners):**

""Sometimes, small problems happen in a few of your knees – they swell and hurt. This often happens repeatedly over many years.""

**Option 2 (Slightly More Concise):**

""Occasionally, you’ll experience pain and swelling in a few of your knees, particularly in the knees. These issues usually keep happening over a long period.""

**Option 3 (Focus on the Recurring Nature):**

“Recurring pain and swelling in a few specific knees, like the knees, frequently occurs over many years.”

**Option 4 (Breaking it Down - If you want to explain each part):**

“You might get occasional pain and swelling in a few of your knees – specifically in the knees themselves.  These problems tend to come back again and again over many years.”


---

**Why these changes were made:**

*   **Replaced Complex Words:** ""Intermittent swelling and pain"" became ""sometimes experiencing pain and swelling,"" or ""occasionally painful and swollen."" “recur” was replaced with “often happens” or “"
Vital signs should be reviewed for the presence of tachypnea and fever.,"Okay, here are a few options for rewriting that sentence, aiming for clarity and natural English flow while preserving the core meaning:

**Option 1 (More Detailed - Good for Beginners):**

""It’s important to check the patient’s breathing rate – they’re feeling fast (tachypneic) – and if they have a fever too.  These are important symptoms to look at.""

**Option 2 (Slightly More Concise):**

""The patient’s heart rate is fast (tachypnea), and they also have a fever.  We need to examine these conditions.""

**Option 3 (Breaking it Down - For Easier Understanding):**

“Let’s check the patient’s vital signs. They’re breathing very quickly (tachypnea), and they’ve got a fever. It's important to note those things.”

---

**Why these changes work:**

* **Replaced Complex Words:** ""Vital signs"" became ""patient's vital signs,"" ""breathing rate"" and ""fever"" were replaced with more common terms.
* **Simplified Language:** Phrases like “should be reviewed” became “it’s important to check” or “we need to examine"
"The book depicts working class poverty, the absence of social programs, harsh and unpleasant living and working conditions, and a hopelessness among many workers.","Okay, here are a few options for rewriting that sentence, aiming for clarity for an English speaker unfamiliar with the nuances of the original:

**Option 1 (More Detailed - Good for Understanding):**

""This book portrays the reality of working-class people struggling with poverty. It highlights a lack of help from government services, difficult and stressful jobs, and a feeling of despair among those who work hard.  Many people feel hopeless because of this situation.""

**Option *2 (Slightly More Concise):**

""The book shows the struggles of working-class people facing poverty, lacking social support, tough jobs, and feelings of hopelessness. Many workers experience this hardship.""

**Option *3 (Breaking it Down - For Maximum Clarity):**

“The book focuses on the difficulties faced by working-class individuals – they live in poverty, there’s no help available, their jobs are often very challenging and unpleasant, and many feel like they have no hope.”


---

**Why these changes were made:**

*   **Replaced Complex Words:** ""depicts,"" ""absence of,"" ""harsh and unpleasant,"" ""hopelessness"" were replaced with more common and understandable terms.
*   **Paraphrased:** Phrases"
"Warts are named by their clinical appearance and location; different forms are linked to different HPV types (for unusual manifestations, see Table: Wart Variants and Other HPV -Related Lesions).","Okay, here's a rewritten version of that sentence, aiming for clarity for an English speaker unfamiliar with medical terminology and complex phrasing:

**Option 1 (More Detailed):**

“Skin warts are identified by how they look – often appearing as small bumps or growths. Different kinds of warts occur because they’re caused by different types of human papillomavirus (HPV).  If you notice unusual patterns, like these specific wart types, you might want to check out a table detailing their variations – ‘Wart Variants and Other HPV-Related Lesions’.”

**Option 2 (Slightly Shorter & More Conversational):**

“Warts are usually marked by their appearance and where they appear – sometimes they look like little bumps or patches. There are different kinds of warts, each caused by a different type of HPV. If you see something unusual about them, you could look at a list explaining their different forms – ‘Wart Variants and Other HPV-Related Lesions’.”

**Option 3 (Focus on Explanation - if needed):**

""When skin warts appear, they can vary greatly. Some have distinct features, while others develop due to specific HPV infections. To help you understand this better, you can find a detailed explanation"
"The severity of the diarrhea and vomiting can lead to rapid dehydration and electrolyte imbalance, and death in some cases.","Okay, here are a few options for rewriting that sentence, aiming for clarity for an English speaker unfamiliar with medical terminology, along with explanations of why I made each change:

**Option 1 (More Detailed & Explanatory):**

""If you have severe diarrhea and vomiting, your body might start to lose fluids quickly – this is called dehydration.  It can also cause problems with important minerals like electrolytes, which are essential for your health. In some very serious cases, if these symptoms worsen, it could even lead to death.""

*   **Changes Made:**
    *   “The severity” became “If you have severe…” - More direct and relatable.
    *   “leading to rapid dehydration” became “this is your body might start to lose fluids quickly” - Easier to grasp the concept.
    *   “electrolyte imbalance” became “problems with important minerals like electrolytes” - Simplified and explained what they are.
    *   “in some cases” became “if these symptoms worsen” - A more natural flow.
    *   Added ""it could even lead to death"" - Adds a sense of seriousness.


**Option 2 (Slightly Shorter & Focused):**

""Severe diarrhea and vomiting can"
"With chronic pain (> 2 to 3 weeks), the most common causes are TMJ dysfunction; Chronic eustachian tube dysfunction; Chronic otitis externa. Also with chronic pain, a tumor must be considered, particularly in older patients and if the pain is associated with ear drainage.","Okay, here's a rewritten version of that complex sentence, aiming for clarity and readability for someone learning English:

**""People experiencing chronic pain – lasting at least two to three weeks – often have problems with their jaw joint (TMJ dysfunction) or with the tubes in their nose (chronic Eustachian tube dysfunction).  In addition, they might have a growth (tumor) in their ear, especially in older adults who also experience ear discharge as a symptom. ”**

Here’s a breakdown of what was changed and why:

*   **“With chronic pain (> 2 to 3 weeks)”** became **“People experiencing chronic pain – lasting at least two to three weeks”**: This is more direct and easily understood.
*   **“the most common causes are…”** became **“often have problems with…”**: A simpler phrasing.
*   **“TMJ dysfunction”** became **“problems with their jaw joint”**: More accessible language.
*   **“Chronic eustachian tube dysfunction”** became **“with the tubes in their nose”**: Clarified the meaning.
*   **“Also with chronic pain, a tumor must be considered…”** became **“In addition, they might"
Young children who bite or suck on extension cords can burn their mouth and lips.,"Okay, here are a few options for rewriting that sentence, aiming for clarity for someone unfamiliar with English, along with explanations of why I made each change:

**Option 1 (More Detailed - Good for Beginners):**

""When young children chew or grasp at electrical wires, they can accidentally burn their mouths and lips. This is because the wire’s electricity can cause pain and damage.""

*   **Changes Made:**  Replaced ""Young children who bite or suck on extension cords"" with “When young children chew or grasp at electrical wires.” This clarifies the action and avoids sounding overly formal. Added “This is because” to explain the reason.


**Option 2 (Slightly More Concise – Still Clear):**

""If kids chew or hold onto electrical wires, they might burn their mouths and lips. The electricity from the wire can hurt them.""

*   **Changes Made:** Rephrased to be more direct. Removed unnecessary phrases like ""who bite or suck on."" Used “might burn” instead of “can burn” for a slightly softer feel.


**Option 3 (Breaking Down into Smaller Sentences - Best for Building Understanding):**

“If a child is chewing or holding a wire, they could accidentally"
"About 5 to 10 % of people with variola major develop either a hemorrhagic or a malignant (flat) variant. The hemorrhagic form is rarer and has a shorter, more intense prodrome, followed by generalized erythema and cutaneous and mucosal hemorrhage.","Okay, here's a rewritten version of that complex sentence, aiming for clarity for an English speaker unfamiliar with the medical terminology, along with explanations of why I made each change:

**Rewritten Sentence:**

“Approximately 5 to 10% of people who contract the variola major virus experience either bleeding in the form of a hemorrhagic lesion or a flat, slow-developing rash called a macule. This hemorrhagic variant is less common and typically starts with a noticeable redness and bleeding of the skin – called erythema – before spreading throughout the body.  Essentially, it’s a severe and rapid reaction to the virus.”

**Here’s a breakdown of the changes and why they were made:**

*   **""About 5 to 10%"" changed to ""Approximately 5 to 10%"":** More formal and precise language.
*   **""with variola major develop"" changed to ""who contract the variola major virus"":**  More natural phrasing.
*   **""either a hemorrhagic or a malignant (flat) variant"" changed to ""experience either bleeding in the form of a hemorrhagic lesion or a flat, slow-developing rash called a macule"":**  This clarifies what “malignant”"
Sucking out the pus with a needle is often not sufficient.Skin abscesses are common and have become more common in recent years .,"Okay, here's a rewritten version of that sentence, aiming for clarity for someone who’s learning English and doesn’t be familiar with specific medical terms:

**Option 1 (More Detailed - Good for Understanding):**

""It’s often not enough to just use a needle to remove the pus from an infected skin area.  In recent years, skin abscesses – where there’s a pocket of infection inside the skin – have become much more frequent.""

**Option 2 (Slightly Shorter & More Direct):**

""Using a needle alone isn’t always enough to get rid of the pus in an infected skin area. Skin abscesses are now appearing more often lately.""

**Option 3 (Breaking it Down - For Easier Processing):**

“Sometimes, simply using a needle to clean an infected spot on your skin isn’t enough.  Recently, there’s been a noticeable increase in skin abscess cases.”


**Why these changes were made:**

*   **Replaced Complex Words:** ""Sucking out the pus"" became ""remove the pus,"" ""using a needle to remove...""  ""are often not sufficient"" became ""isn’t always enough"" or ""isn’t always enough"
"Modern medicine, both conventional and alternative, recognises that the different rheumatic disorders have different causes ( and several of them have multiple causes ) and require different kinds of treatment.","Okay, here are a few options for rewriting your sentence, aiming for clarity and natural English while maintaining the core meaning:

**Option 1 (More Concise):**

""Doctors now recognize that different types of rheumatic diseases – whether they’re treated with traditional methods or new approaches – have different origins and need different treatments.""

**Option 2 (Slightly More Detailed - Still Clear):**

""Both traditional and alternative medical approaches understand that various rheumatic conditions arise from different reasons and often have multiple contributing factors.  Therefore, they require different care plans.""

**Option 3 (Breaking it Down - Good for Understanding Complexity):**

“Modern medicine recognizes that different types of rheumatic illnesses (like arthritis) develop due to various reasons and sometimes have multiple causes. This means each condition needs a unique treatment plan.”


**Here's why these changes were made:**

*   **Replaced Complex Words:** ""recognises,"" ""rheumatic disorders,"" ""different kinds,"" ""require,"" ""various,"" ""originating from,"" ""contributing factors,"" ""therefore,"" and ""unique treatment plan"" were all replaced with more accessible language.
*   **Simplified Sentence Structure:** Combining phrases and rephrasing helped break down the original sentence into smaller"
"Breaking with his former beliefs, the Professor admits that any peasant woman could give birth to a genius and that eugenics are therefore a waste of time.","Okay, here's a rewritten version of the sentence, aiming for clarity for an English speaker unfamiliar with the nuances of the original:

**Option 1 (More Detailed - Good for Understanding):**

“After abandoning his previous ideas about what’s possible, the professor now says that any woman working as a farmer or rural laborer could give birth to a brilliant person.  Furthermore, he believes that investing in eugenics – trying to improve the genetic makeup of a population – is a completely pointless endeavor.”

**Option 2 (Slightly More Concise - Still Clear):**

“The professor now recognizes that a peasant woman could give birth to a genius, and he thinks that trying to improve the genes of a population through eugenics is a waste of effort.”


**Option 3 (Simplest - If you need maximum brevity):**

“The professor believes that any farmer’s wife could give birth to a genius, and it’s a silly way to spend time trying to change the genes of people.”



**Explanation of Changes & Why They Work:**

*   **""Breaking with his former beliefs""**: Replaced with ""after abandoning his previous ideas"" – This conveys the same meaning but uses more common language."
"After 1 or 2 days, the cutaneous lesions become vesicular, then pustular.","Okay, here are a few options for rewriting that sentence, aiming for clarity for someone who’s learning English and doesn’t be familiar with specific medical terms:

**Option 1 (More Detailed - Good for Understanding):**

“Within one or two days, you might notice small blisters appearing on your skin – these are called vesicles.  At the same time, as the blisters break down, they start to turn into pus-filled sores.”

**Option 2 (Slightly Shorter & More Direct):**

“After about a day or two, small bubbles appear on your skin. Then, those bubbles change and turn into red, pus-filled bumps.”

**Option 3 (Focusing on the Process):**

“When your skin starts to get blisters within a day or two, it will begin to develop into pus-filled pimples or sores. This happens as the blisters heal.”

---

**Why These Changes Worked:**

* **Replaced Complex Words:** “Cutaneous lesions” became “skin blisters,” “pustular” became “turning into pus-filled sores,” etc.
* **Simplified Language:** Phrases like ""become vesicular"" were replaced with more straightforward descriptions.
* **Added Context:**"
"The reaction produces the corresponding sultine through a hetero-Diels-Alder reaction under kinetic control ( 60 °C ), but, under thermodynamic control ( 40 °C ), the reaction produces the corresponding sulfolene through a cheletropic reaction.","Okay, here's a rewritten version of that complex sentence, aiming for clarity for an English speaker unfamiliar with specialized chemistry terms:

**Revised Sentence:**

“When a chemical reaction happens, it creates a specific compound called ‘sultine.’ This creation happens using a type of reaction called a ‘hetero-Diels-Alder’ reaction at a temperature of 60 degrees Celsius. However, when you control the temperature – like setting it to 40 degrees Celsius – the reaction produces a different compound, called ‘sulfolene,’ through a special chemical process called a ‘cheletropic’ reaction.”

**Here’s a breakdown of why I made these changes and what they achieve:**

*   **""The reaction produces the corresponding sultine through a hetero-Diels-Alder reaction...""**:  Replaced ""The reaction produces the corresponding sultine through a hetero-Diels-Alder reaction"" with “When a chemical reaction happens, it creates a specific compound called 'sultine.'”. This is more straightforward.
*   **""...under kinetic control (60 °C)"":** Changed ""under a kinetic control (60 °C)"" to ""at a temperature of 60 degrees Celsius.""  This is clearer"
An initial episode of symptoms of rheumatic fever occurs typically about 2 to 3 wk after the streptococcal infection.,"Okay, here are a few options for rewriting that sentence, aiming for clarity for an English speaker unfamiliar with medical terminology, along with explanations of why I made each change:

**Option 1 (More Detailed - Good for general understanding):**

""After a streptococcal infection starts, you often start feeling unwell within two to three weeks. This early symptom cluster is called ‘rheumatic fever.’""

*   **Changes Made:** Replaced ""An initial episode of symptoms of rheumatic fever occurs typically about 2 to 3 wk after the streptococcal infection"" with “After a streptococcal infection starts, you often feel unwell within two to three weeks.”  This simplifies the phrasing significantly.
*   **Explanation:**  The original was very formal and wordy.


**Option **2 (Slightly More Concise – Still Clear):**

""When someone gets a streptococcal infection, they often develop symptoms starting around two to three weeks later. This is known as rheumatic fever.""

*   **Changes Made:** Removed the slightly clunky introductory phrase.
*   **Explanation:**  Direct and easy to grasp.



**Option 3 (Breaking Down - For maximum clarity if you want to see the components):**

“If you have"
"Freckles are predominantly found on the face, although they may appear on any skin exposed to the sun, such as arms or shoulders.","Okay, here's a rewritten version of that sentence, aiming for clarity for someone who’s learning English and doesn’t be familiar with specific technical terms:

**Option 1 (More Detailed - Good for Beginners):**

“Small spots called freckles are common all over the face – you might see them anywhere your skin is exposed to sunlight, like on your arms or shoulders.”

**Option 2 (Slightly More Concise):**

“Freckles often appear on the face, but they can also be found on any exposed skin like arms or shoulders when you’re outside.”

**Option 3 (Breaking it Down - For Easier Processing):**

“Freckles are frequently seen on the face. They can pop up on any part of your skin that gets sun exposure, such as your arms or shoulders.”


**Why these changes work:**

*   **Simpler Vocabulary:** Words like ""predominantly,"" ""exposed to,"" and ""when"" were replaced with more straightforward alternatives.
*   **Rephrasing:**  Instead of saying “are predominantly found,” we say “are common” or “often appear”.
*   **Adding Context:** Phrases like ""your skin is exposed to sunlight"""
"Animal hoarding is a form of hoarding disorder in which patients accumulate a large number of animals and do not provide adequate nutrition, sanitation, and veterinary care despite deterioration of the animals (eg, weight loss, illness) and/or environment (eg, extreme overcrowding, highly unsanitary conditions).","Okay, here's a rewritten version of that complex sentence, aiming for clarity for an English speaker unfamiliar with the specific terminology:

**Option 1 (More Detailed - Good for Understanding):**

""When someone struggles with excessive collecting – they gather a lot of animals and don’t take good care of them properly.  As they get older or sick, the animals suffer because they lose weight and become unwell.  Also, the situation gets worse due to overcrowding or very dirty conditions.""

**Option 2 (Slightly More Concise - Still Clear):**

""In some cases, people who struggle with collecting excessively collect many animals but fail to provide proper food, shelter, or medical attention when they are ill or weak. This often happens because of overcrowded or unhealthy environments.""

**Option 3 (Breaking it Down - For Maximum Clarity):**

“This is a problem where someone collects a *lot* of animals – they might not feed them well, keep them clean, or give them medical help when they’re sick. As they get older or fall ill, the animals suffer from malnutrition, illness, and poor living conditions.  It often happens because of crowded spaces or dirty places.”


**Why these changes work:**

*"
"In his Nobel lecture, Lewis said `` Ultimately, comparisons of the ( control complexes ) throughout the animal kingdom should provide a picture of how the organisms, as well as the ( control genes ) have evolved. ''","Okay, here's a rewritten version of that sentence, aiming for clarity for an English speaker unfamiliar with scientific terminology:

**Option 1 (More Detailed - Good for Understanding):**

""In his Nobel Prize speech, Professor Lewis explained that examining similarities between different types of control structures – or genetic markers – across all animals will help us understand how organisms develop and how their genes change over time. ”

**Option 2 (Slightly More Concise):**

""Professor Lewis stated that studying similarities among different control mechanisms throughout the animal world will reveal how organisms evolve and how their genes change.""


**Option 3 (Breaking it Down - If you want to really simplify):**

“During his Nobel Lecture, Professor Lewis said that looking at similar control structures found in various animals will show us how organisms develop and how their genes change as they grow.”

---

**Why these changes were made:**

*   **""Nobel lecture""**:  Replaced with ""Nobel Prize speech"" - more accessible.
*   **""control complexes""**: Replaced with “different types of control mechanisms” or “genetic markers”. This is a more common and understandable term.
*   **""animal kingdom""**:  Simplified to “all"
Even in a homozygous dominant or recessive female the condition may not be expressed fully .,"Okay, here's a rewritten version of that sentence, aiming for clarity and natural English flow while preserving the core meaning:

**Option 1 (More Detailed):**

“Even in a person who is identical to itself (a homozygous dominant or recessive individual), the condition might not show its full effect.”

**Option 2 (Slightly Shorter & More Direct):**

“In a person who’s exactly like a twin (homozygous dominant or recessive), the trait might not appear completely.”


**Option 3 (Breaking it Down - If you want to really simplify):**

“If someone is a perfect copy of themselves – either identical or having the same genes as a twin – the condition might not show up fully.”

---

**Why these changes work:**

*   **Replaced Complex Words:** “condition” became “trait,” “expressed fully” became “show its full effect,” “identical” became “exactly like,” “twin” became “someone who’s exactly like a twin”.
*   **Simplified Language:**  Phrases like ""the condition may not be expressed fully"" were rephrased to be more direct (""the trait might not show"").
*   **Reduced Redundancy:**"
The word prion derives from `` proteinaceous infectious particle '' .,"Okay, here are a few options for rewriting that sentence, aiming for clarity and natural English flow while preserving the core meaning:

**Option 1 (More Detailed - Good for Beginners):**

""‘Prions’ are tiny particles made of proteins that can cause infectious diseases. They originate from something like ‘proteinous infectious matter.’”

**Option 2 (Slightly More Concise):**

“Prions are microscopic particles formed from proteins – they originated as something resembling ‘proteinaceous infectious material.’”

**Option 3 (Focus on Explanation):**

“A ‘prion’ is a small, protein-based particle that can spread disease. It's thought to have started from a substance called ‘proteinaceous infectious matter.’”

**Option 4 (Breaking it Down - If you want to really clarify):**

“The word ‘prion’ comes from the idea of ‘proteinaceous infectious particle.’  Essentially, it’s a tiny particle made of proteins that can sometimes cause illnesses.”


---

**Why these changes work:**

*   **Replaced Complex Words:** “derives from” became “are made of,” “originates as” or “is thought to have started from”.
*   **Simplified"
"After a few days spent in a search for fuel to feed the ship 's stoves, Morrell sailed southwards on 6 March, into the area later known as the Weddell Sea.","Okay, here are a few options for rewriting that sentence, aiming for clarity for an English speaker unfamiliar with nautical terminology and complex phrasing:

**Option 1 (More Detailed & Explanatory):**

""After spending several days searching for fuel to keep the ship’s heaters working, Morrell set sail southwards on March 6th into the Weddell Sea – a region that’s now known as the southern sea. ”

**Option 2 (Slightly Shorter & More Direct):**

""While searching for fuel to warm the ship’s stoves, Morrell sailed south on March 6th into the Weddell Sea.""

**Option 3 (Focusing on the Action & Location):**

“Morrell traveled south on March 6th, seeking fuel to power the ship’s heating systems, into the Weddell Sea.”

**Option 4 (Combining elements - slightly more complex but clear):**

“Following a period of searching for fuel to keep the ship’s warmth going, Morrell sailed south towards the Weddell Sea on March 6th.”


**Why these changes were made:**

*   **Replaced Complex Words:** ""spent several days,"" ""set sail,"" ""into the"
"In 2010 at The Meeting of the States Parties to the Convention on the Prohibition of the Development, Production and Stockpiling of Bacteriological ( Biological ) and Toxin Weapons and Their Destruction in Geneva the sanitary epidemiological reconnaissance was suggested as well-tested means for enhancing the monitoring of infections and parasitic agents, for practical implementation of the International Health Regulations ( 2005 ).","Okay, here's a rewritten version of that complex sentence, aiming for clarity for an English speaker unfamiliar with the specific terminology:

**Option 1 (More Detailed - Good for Understanding):**

""In 2010, at a meeting called “The State Meetings” concerning a treaty banning the development, production, or stockpiling of biological weapons and toxins – and destroying them – in Geneva, a crucial method for tracking infections and diseases was proposed. This method is considered effective and useful for monitoring health and identifying parasites.  It’s also important to follow the rules outlined in the International Health Regulations, which were published in 2005.""

**Option 2 (Slightly More Concise - Still Clear):**

""In 2010, during a meeting focused on a treaty banning biological weapons and toxins, a way to monitor infections and parasitic diseases was suggested. This approach, based on established methods, would help implement the International Health Regulations, which were finalized in 2005.""


**Here's a breakdown of why these changes work:**

*   **“In 2010”**:  Replaced with ""In 2010"" to clearly indicate the time period."
"As in trigeminal neuralgia, paroxysmal attacks of unilateral brief, excruciating pain occur spontaneously or are precipitated when areas innervated by the glossopharyngeal nerve are stimulated (eg, by chewing, swallowing, coughing, talking, yawning, or sneezing).","Okay, here's a rewritten version of that complex sentence, aiming for clarity for an English speaker unfamiliar with medical terminology and nuanced phrasing:

**Revised Sentence:**

“When experiencing sudden, sharp pains in your mouth or throat – often happening unexpectedly – these painful sensations can arise from various activities like chewing, swallowing, coughing, or even yawning or sneezing.  They seem to happen on their own or are triggered by stimulation of nerves connected to your throat, such as the glossopharyngeal nerve.”

**Here’s a breakdown of why I made these changes and what they achieve:**

*   **""As in trigeminal neuralgia..."" changed to ""When experiencing sudden, sharp pains in your mouth or throat...""**: This is more direct and easier to grasp. It replaces the formal term with a common description.
*   **""...paroxysmal attacks of unilateral brief, excruciating pain..."" changed to ""...painful sensations can arise from various activities like chewing, swallowing, coughing, or even yawning or sneezing.""**: This simplifies the language about the pain episodes. “Paroxysmal” is a technical term; “painful sensations” is clearer.
*   **""(eg, by chewing, swallowing, coughing, talking, yawning, or sneezing)"" changed to"
De Bary also studied the formation of lichens which are the result of an association between a fungus and an alga .,"Okay, here's a rewritten version of that sentence, aiming for clarity for someone who’s learning English and doesn’t be familiar with specialized scientific terms:

**Option 1 (More Detailed):**

“Professor De Bary also researched the development of lichen formations. These are created when a fungus grows together with a green algae.”

**Option 2 (Slightly More Concise - Still Clear):**

“Similar to how a fungus and an algae grow together, Professor De Bary also studied how they form lichens.”

**Option 3 (Breaking it Down – If you want to really simplify):**

“Professor De Bary investigated how fungi and algae combine to create a type of plant called a lichen.  This happens because the fungus helps the algae survive.”

---

**Why these changes work:**

*   **Replaced Complex Words:** “formation of” became “development of,” “result of” became “created by,” “association between” became “growing together,” etc.
*   **Simplified Language:** I used more common and accessible vocabulary.
*   **Removed Redundancy:** Phrases like ""the result of"" were streamlined.
*   **Main Idea Preserved:** All options maintain the core idea that"
Urine culture is deemed positive if it shows a bacterial colony count of greater than or equal to 103 colony-forming units per mL of a typical urinary tract organism .,"Okay, here's a rewritten version of that sentence, aiming for clarity for someone who’s learning English and doesn’t be familiar with medical terminology:

**""When looking at urine samples, it’s considered good if there are more than 103 bacteria per milliliter of normal urine.""**

Here's a breakdown of what was changed and why:

*   **""Urine culture is deemed positive""** became **""When looking at urine samples, it’s considered good""**: This is much more straightforward.  It focuses on the observation rather than the abstract concept of ""culture.""
*   **""if it shows a bacterial colony count...""** became **""when looking at urine samples, it’s considered good""**: This simplifies the phrase about counting bacteria.
*   **""...of greater than or equal to 103 colony-forming units per mL""** became **""there are more than 103 bacteria per milliliter of normal urine.""** - This uses simpler language to explain the measurement. “Colony-forming units” is a technical term, and this explanation makes it understandable. “Per mL” is a common way to express the amount per unit volume.


Let me"
"Many people who present with secondary syphilis ( 40-85 % of women , 20-65 % of men ) do not report previously having had the classic chancre of primary syphilis .","Okay, here's a rewritten version of that sentence, aiming for clarity for an English speaker unfamiliar with the medical terminology:

**Option 1 (More Detailed - Good for Understanding):**

""A significant number of people who are experiencing symptoms of secondary syphilis – typically those who are between 40 and 85% women or 20-65% men – don’t mention having experienced a classic sores called 'chancre' before developing this condition.""

**Option 2 (Slightly Shorter & More Direct):**

""Many individuals with symptoms of secondary syphilis – often women aged 40-85 or men aged 20-65 – don’t recall having had a ‘chancre,’ a common sore, beforehand.""

**Option 3 (Breaking it Down - For Easier Processing):**

“Sometimes, people who have symptoms of secondary syphilis – like feeling itchy or painful sores – don’t remember having had a specific type of sore called a ‘chancre.’  This is more common in women aged 40-85 or men aged 20-65.”


**Why these changes were made:**

*   **Replaced Complex Words:** ""present with,"" """
About 10 % of people with hyperuricemia develop gout at some point in their lifetimes.,"Okay, here are a few options for rewriting that sentence, aiming for clarity for someone unfamiliar with medical terminology and complex phrasing, along with explanations of why I made each change:

**Option 1 (More Detailed - Good for general understanding):**

""Approximately ten percent of individuals diagnosed with hyperuricemia – a condition where there’s too much uric acid in their blood – will eventually experience gout. This painful joint inflammation is often a consequence of this underlying issue.""

*   **Changes Made:**
    *   “About” replaced with “approximately” – more formal and precise.
    *   “hyperuricemia” explained as “a condition where there’s too much uric acid in their blood” – clarifies the meaning.
    *   “develop” changed to “will experience” –  more natural flow.
    *   “gout” explained as “this painful joint inflammation” – provides context.


**Option 2 (Slightly Shorter & Focused):**

""A significant percentage of people who have hyperuricemia – meaning they have high levels of uric acid in their blood – are likely to develop gout later in life.”

*   **Changes Made:**
    *   Simplified phrasing – ""a significant"
"Sometimes bruises can be serious , leading to other more life-threatening forms of hematoma , such as when associated with serious injuries , including fractures and more severe internal bleeding .","Okay, here's a rewritten version of that sentence, aiming for clarity for someone who’s learning English and doesn’t be familiar with all the medical terms:

**Revised Sentence:**

“Picking up a bruise can be dangerous because it might lead to more serious problems, like blood collection called a hematoma. This can happen if you’ve suffered a serious injury, like a broken bone or significant internal bleeding.”

**Here’s a breakdown of why I made these changes and what they achieve:**

*   **""Sometimes bruises can be serious""**:  Replaced with ""Picking up a bruise can be dangerous because..."" - This is more direct and easier to grasp.
*   **""leading to other more life-threatening forms of hematoma""**: Changed to “might lead to more serious problems, like blood collection called a hematoma” – This explains the concept of a hematoma more simply.
*   **""such as when associated with serious injuries""**: Replaced with “This can happen if you’ve suffered a serious injury, like a broken bone or significant internal bleeding.” - More straightforward phrasing.
*   **""including fractures and more severe internal bleeding""**: Changed to “like a broken bone or significant internal"
"Biopsy and histologic evaluation should be considered if moles have certain characteristics of concern (known as the ABCDEs of melanoma): A: A symmetry - asymmetric appearance; B: Borders - irregular borders (ie, not round or oval); C: Color - color variation within the mole, unusual colors, or a color significantly different or darker than the patient 's other moles; D: Diameter - > 6 mm; E: Evolution - a new mole in a patient > 30 years of age or a changing mole. Other red flags include Recent enlargement or change in shape; Change in surface characteristics or consistency; Signs of inflammation in surrounding skin, with possible bleeding, ulceration, itching, or tenderness.","Okay, here's a rewritten version of that complex sentence, aiming for clarity for an English speaker unfamiliar with medical terminology and nuanced descriptions. I’ve focused on simplifying language, breaking down the information, and maintaining the core meaning.

**Rewritten Sentence:**

“If you notice any moles that might be concerning signs of melanoma, you should get them checked by a doctor. These signs include things like:

*   **Asymmetry:** The mole doesn’t look even – it’s not perfectly round or oval.
*   **Irregular Borders:** The edges of the mole are strange and don’t follow a typical shape.
*   **Unusual Colors:** The mole has colors that are different from what you usually see in your other moles. It could be dark or bright, or a shade completely different.
*   **Large Size:** The mole is bigger than 6 millimeters (about the size of a small coin).
*   **Change Over Time:** If the mole is growing larger or changing shape, or if it’s changing how it looks or feels, it’s important to watch out for those changes.”

---

**Here’s a breakdown of *why* these changes were made:**

*   **"
Both men and women may have reduced fertility; women may not have menstrual periods.,"Okay, here are a few options for rewriting that sentence, aiming for clarity and natural English flow while preserving the core meaning:

**Option 1 (More Detailed - Good for Beginners):**

""Men and women sometimes experience decreased fertility.  Women don’t usually get monthly periods.""

**Option 2 (Slightly More Concise):**

""It's often true that men and women have less reproductive ability. Women generally don’t have regular periods.""

**Option 3 (Focus on Key Points - If you want to emphasize the difference):**

""Sometimes men and women aren’t able to conceive or have babies easily. Women typically don’t have periods.""


**Explanation of Changes & Why They Work:**

*   **“Both men and women may have reduced fertility”** became **“Men and women sometimes experience decreased fertility.”** – This is more direct and avoids the slightly formal phrasing.
*   **“women may not have menstrual periods”** became **“Women don’t usually get monthly periods.”** or **“Women generally don’t have regular periods.”** – This simplifies the wording about the lack of periods.

To help me refine the best option for *you*, could you tell"
"Bouts of acute inflammation heal over weeks to months, with recurrences over several years.","Okay, here are a few options for rewriting that sentence, aiming for clarity and natural English flow while preserving the core meaning:

**Option 1 (More Detailed - Good for Beginners):**

""Periods of intense pain – called acute inflammation – usually last for weeks or months.  Sometimes, these flares return again and again over many years.""

**Option 2 (Slightly Shorter & More Direct):**

""When there’s a sudden flare-up of pain (acute inflammation), it often heals gradually over weeks or months. It can happen multiple times throughout life, sometimes for decades.""

**Option 3 (Focus on the Process):**

“Acute inflammation causes pain that can last for weeks or months.  It frequently comes back later in life, appearing hundreds of times.”

---

**Why these changes work:**

* **Replaced Complex Words:** ""Bouts of,"" ""heal over,"" ""with recurrences,"" and ""over several years"" were replaced with more common and understandable phrases like ""periods of intense pain,"" ""gradually heals,"" and ""often happens.""
* **Simplified Language:** Phrases like “resolves” were replaced with “heals” or “comes back” which are easier to grasp."
Brain imaging.,"Okay, here are a few options for rewriting “Brain imaging” into a more understandable sentence for someone unfamiliar with the concept, along with explanations of why each revision works:

**Option 1 (Focus on Explanation - Slightly Longer):**

""Using special techniques, we can observe changes in the brain's activity – think of it like looking at pictures or patterns within the brain itself. This helps us understand how the brain works and might reveal problems.""

* **Why it’s better:**  Replaces ""Brain imaging"" with a descriptive phrase (""using special techniques""). It explains *what* is being observed (activity) and provides a relatable analogy (looking at pictures). Adding ""might reveal problems"" adds context.


**Option 2 (More Direct & Concise):**

""Medical scans that show brain activity can help doctors see what's happening inside the brain. They detect changes in the brain's electrical signals or patterns.""

* **Why it’s better:** Uses simpler language (""medical scans,"" ""show brain activity""). Explains the function of the scan as ""detecting changes.""



**Option 3 (Breaking Down into Smaller Sentences - Good for Clarity):**

“Imagine taking an X-ray or MRI of the"
Sit-skis are designed for wheelchair users or other skiers with a form of paraplegia .,"Okay, here's a rewritten version of that sentence, aiming for clarity for someone who’s learning English and unfamiliar with specialized terminology:

**Option 1 (More Detailed - Good for Beginners):**

“Skis are made specifically for people who use wheelchairs or have some weakness in their legs (paraplegia).”

**Option 2 (Slightly Shorter & More Direct):**

“Ski boards are designed for people who can’t move their legs completely – they might have some weakness.”

**Option 3 (Breaking it Down - For Easier Processing):**

“For people who use wheelchairs or have some paralysis in their legs, skis are specially designed for them.”

---

**Why these changes work:**

*   **""Sit-skis"" became ""Skis"":**  A simple word change makes it more accessible.
*   **""form of paraplegia"" became ""have some weakness"" or ""have some paralysis in their legs"":** This is a clearer explanation of what “paraplegia” means.
*   **Removed unnecessary phrases:** Phrases like ""designed for"" and ""a form of"" added little meaning.


To help me refine the best option for *you"
"Infections of the prostate, bladder, or seminal vesicles can lead to intense burning or itching sensations following ejaculation.","Okay, here are a few options for rewriting that sentence, aiming for clarity for someone who’s learning English and doesn’t be familiar with medical jargon:

**Option 1 (More Detailed - Good for Understanding):**

""Problems affecting the prostate gland, the bladder, or the area where semen comes out during orgasm can cause painful burning or itching feelings right after you ejaculate.""

**Option 2 (Slightly Shorter & More Direct):**

""If you experience pain or itching while you ejaculate, infections in the prostate, bladder, or near the urethra could be causing this.""

**Option 3 (Breaking it Down – For Easier Processing):**

“Sometimes, infections in the prostate, the bladder, or the area where semen flows out during orgasm can trigger painful burning or itching sensations.”

---

**Why these changes were made:**

*   **Replaced Complex Words:** ""Infections of"" became ""problems affecting,"" ""can lead to"" became ""could be causing,"" ""following ejaculation"" became ""right after you ejaculate"" or ""during orgasm.""
*   **Simplified Language:**  Phrases like “leading to” were replaced with more direct expressions.
*   **Added Context:** Explaining"
Wind shear affects sailboats in motion by presenting a different wind speed and direction at different heights along the mast .,"Okay, here are a few options for rewriting that sentence, aiming for clarity for an English speaker unfamiliar with sailing terminology:

**Option 1 (More Detailed - Good for Understanding):**

""When winds blow across a sailboat, they create different speeds and directions at various points on the mast. This means the wind isn’t consistent – it changes as you move up or down the boat.""

**Option 2 (Slightly More Concise):**

""Strong gusts of wind can affect sailboats by causing different wind speeds and directions at different heights on the mast.""

**Option 3 (Focusing on the Core Concept):**

“Different wind patterns at different heights on a sailboat disrupt its movement because the wind isn't steady.”

---

**Why these revisions work:**

* **Simpler Vocabulary:** Words like ""wind shear,"" ""presenting,"" ""different,"" and ""heights"" were replaced with more common alternatives.
* **Paraphrasing:**  The core idea – that wind variations cause problems – is conveyed clearly.
* **Compression:**  The unnecessary details about “at different heights” have been removed.
* **Grammar & Flow:** All options maintain grammatical correctness and a natural flow of language.


To"
Peat usually accumulates slowly at the rate of about a millimetre per year .,"Okay, here are a few options for rewriting that sentence, aiming for clarity for an English speaker unfamiliar with the specific terminology:

**Option 1 (More Detailed - Good for general understanding):**

""Moss or peat typically grows very slowly – about one millimeter each year.""

**Option 2 (Slightly More Concise):**

""Peat accumulates slowly, growing about one millimeter every year.""

**Option 3 (Focus on the Process):**

""Peat gradually builds up to a thickness of about one millimeter over time.""

**Option 4 (Breaking it Down - If you want to emphasize the gradual nature):**

“Over a year, moss or peat usually adds just a tiny amount – about one millimeter.”


---

**Why these changes work:**

*   **Replaced Complex Words:** ""accumulates slowly"" became ""grows very slowly"" or ""builds up gradually"".  ""rate of about a millimetre per year"" became ""about one millimeter each year"" or ""one millimeter every year.""
*   **Simplified Language:** Phrases like ""usually accumulates"" were replaced with more direct phrasing.
*   **Compression:**  The core meaning was preserved but streamlined.

To help me refine the"
Clinical evaluation,"Okay, here are a few options for rewriting “Clinical evaluation” into clearer English, each with slightly different emphasis and complexity levels:

**Option 1 (More Detailed - Good for general understanding):**

“A thorough examination or assessment of a patient’s health is necessary to determine if they have any problems or conditions.”

*   **Why it works:** This replaces “clinical evaluation” with a more descriptive phrase that explains the core concept. It uses words like ""examination"" and ""assessment"" which are common terms.


**Option 2 (Slightly More Concise – Still Clear):**

“To understand how a person is feeling and whether they need medical help, doctors perform a detailed check-up.”

*   **Why it works:**  This focuses on the purpose – assessing someone's health – and introduces the action of a “check-up” as a way to evaluate.



**Option 3 (Breaking Down – For better comprehension of complex structures):**

“Before making any decisions about a patient’s care, healthcare professionals conduct a comprehensive assessment. This might include checking their physical symptoms, reviewing their medical history, and potentially ordering tests to find out what’s wrong.”

*   **Why it works:** This"
Clinical features of ehrlichiosis and anaplasmosis are similar.,"Okay, here are a few options for rewriting that sentence, aiming for clarity and natural English flow while preserving the core meaning:

**Option 1 (More Detailed - Good for Beginners):**

""Both ehrlichiosis and anaplasmosis cause similar symptoms.""

*   **Why it works:** This directly states the similarity and avoids overly formal language.

**Option 2 (Slightly More Concise):**

""Ehrlichia and Anaplasma infections often lead to similar signs.""

*   **Why it works:**  Uses ""infections"" instead of ""features,"" and replaces ""lead to"" with ""often lead to"" for better flow.

**Option 3 (Breaking it Down – For Enhanced Understanding):**

“When animals get infected with ehrlichia or anaplasma, they often experience similar problems.”

*   **Why it works:** This breaks down the initial statement into smaller parts, explaining what “features” means.

**Option 4 (Focus on the Resulting Symptoms - If you want to emphasize the effect):**

“Animals diagnosed with ehrlichiosis or anaplasma frequently show similar symptoms.”

*   **Why it works:** Uses ""diagnosed"" which is more accessible than ""are caused by"
"Common warts (verrucae vulgaris) are caused by HPV types 1, 2, 4, and 7 and occasionally other types in immunosuppressed patients (eg, 75 to 77). They are usually asymptomatic but sometimes cause mild pain when they are located on a weight-bearing surface (eg, bottom of the feet).","Okay, here's a rewritten version of that sentence, aiming for clarity for an English speaker unfamiliar with the specific medical terminology:

**Revised Sentence:**

“Small bumps called warts, also known as ‘common warts’ or ‘verruca vulgaris’, develop because of certain types of human papillomavirus (HPV) – like type 1, 2, 4, or 7.  Sometimes, these bumps appear without any symptoms, but they can still cause a little discomfort when they’re placed on a hard surface, such as the bottom of your feet.”

**Here’s a breakdown of why I made these changes and what they achieve:**

*   **""Common warts"" changed to ""Small bumps called warts"":** This is more accessible language.
*   **""verruca vulgaris"" clarified:** Explained that it's a specific type of wart.
*   **""HPV types 1, 2, 4, and 7"" simplified to ""certain types of human papillomaviruses - like type 1, 2, 4, or 7"":**  This uses more common vocabulary and avoids technical terms.
*   **""occasionally other types in immunosuppressed patients (eg,"
Found fossilized fauna were numerous organisms previously thought to have died out after the mid-Cambrian.,"Okay, here are a few options for rewriting that sentence, aiming for clarity for an English speaker unfamiliar with the specific terminology, along with explanations of why I made each change:

**Option 1 (More Detailed - Good for general understanding):**

""There were many fossils of different kinds of animals that scientists used to think had vanished from the Earth during the late Cambrian period.  In fact, they were believed to be extinct.""

* **Changes Made:**
    * ""Found fossilized fauna"" changed to ""There were many fossils of different kinds of animals"" – more accessible phrasing.
    * ""numerous organisms"" changed to ""many kinds of animals"" – simpler vocabulary.
    * ""previously thought to have died out"" changed to ""used to think had vanished"" – clearer about the historical context.
    * ""after the mid-Cambrian"" changed to ""during the late Cambrian period"" – rephrased for better flow.


**Option 2 (Slightly More Concise - Still Clear):**

""Numerous fossils of ancient life forms were discovered, suggesting they didn't survive the Cambrian period.""

* **Changes Made:**
    * “Found fossilized fauna” changed to “discovered numerous"
"Costly and time-consuming, it is used more often in research than in clinical care.","Okay, here are a few options for rewriting that sentence, aiming for clarity and natural English flow while preserving the core meaning:

**Option 1 (More Concise):**

""Research frequently uses this method more often than medical treatment.""

**Option 2 (Slightly More Detailed - Still Clear):**

""Generally, this technique is employed more often in scientific studies compared to providing medical care.""

**Option 3 (Breaking it Down – Good for Understanding Complexity):**

""While often used in research settings, this approach is also commonly used in healthcare as well.""

---

**Why these changes work:**

*   **Replaced Complex Words:** ""Costly and time-consuming"" became ""using this method frequently"" or ""employed more often.""  ""It is used more often"" became ""is frequently used.""
*   **Simplified Language:** Phrases like ""more often than"" were replaced with clearer alternatives.
*   **Removed Redundancy:** “than” was removed as it wasn’t adding value.


To help me refine the best option for *you*, could you tell me:

*   What's the context of this sentence? (e.g., an academic paper, a casual conversation?)"
"In the 1970s, antibiotic treatments and vaccines for leprosy were developed using armadillos, then given to humans.","Okay, here's a rewritten version of that sentence, aiming for clarity for an English speaker unfamiliar with the specific details, along with explanations of why I made the changes:

**Rewritten Sentence:**

“During the 1970s, scientists used armadillos to create treatments for leprosy and develop vaccines against it. They then shared these treatments with people.”

**Here’s a breakdown of the changes and why they were made:**

*   **""In the 1970s"" changed to ""During the 1970s"":** This is more straightforward and easily understood as a timeframe.
*   **""antibiotic treatments and vaccines for leprosy were developed..."" changed to ""scientists used armadillos to create treatments for leprosy and develop vaccines against it.""**:  This rephrases the core idea – scientists *used* armadillos to create something beneficial and then applied it to humans. It avoids the somewhat formal phrasing.
*   **""then given to humans"" changed to ""they then shared these treatments with people.""**: This clarifies that the treatment was offered to people, rather than just being given to them. “shared” conveys the action of distribution better.


**Why this approach?**"
"The spray from one species, Megacrania nigrosulfurea, is used as a treatment for skin infections by a tribe in Papua New Guinea because of its antibacterial constituents.","Okay, here are a few options for rewriting that sentence, aiming for clarity for an English speaker unfamiliar with the specific terminology, along with explanations of why I made each change:

**Option 1 (More Detailed - Good for general understanding):**

""In Papua New Guinea, a tribe uses a special type of spray – called *Megacrania nigrosulfurea* – to treat skin infections. This spray contains antibacterial properties and helps fight these kinds of infections.""

*   **Changes Made:** Replaced ""The spray from one species"" with “a special type of spray.”  Replaced “because of its antibacterial constituents” with “This spray contains antibacterial properties and helps fight these kinds of infections.” This clarifies the function and purpose.


**Option 2 (Slightly More Concise - Still Clear):**

""A tribe living in Papua New Guinea employs a spray containing *Megacrania nigrosulfurea* to treat skin infections.  This spray has antibacterial qualities.""

*   **Changes Made:** Removed the somewhat formal phrasing (""is used as a treatment"") and replaced it with a more direct statement about its use.  Simplified ""its antibacterial constituents"" to ""This spray has antibacterial qualities.""



**Option 3 (Breaking Down -"
"Dementia also occurs in patients with Parkinson disease, Huntington disease, progressive supranuclear palsy, Creutzfeldt-Jakob disease, Gerstmann-StrÃ¤ussler-Scheinker syndrome, other prion disorders, and neurosyphilis.","Okay, here's a rewritten version of that sentence, aiming for clarity and ease of understanding for someone new to English:

**""Dementia is a common condition seen alongside Parkinson’s disease, Huntington’s disease, progressive supranuclear palsy, Creutzfeldt-Jakob disease, and other types of prion diseases. It can also occur as a result of neurosyphilis.""**

Here's a breakdown of what I changed and why:

*   **""Dementia also occurs in patients with...""**  Replaced with ""Dementia is a common condition seen alongside..."". This is more direct and less formal.
*   **""...Huntington disease, Huntington’s disease, progressive supranuclear palsy, Creutzfeldt-Jakob disease, and other types of prion diseases.""**  Condensed this list into a single, clear statement.  Using ""types of"" instead of repeating ""Prion diseases"" improves readability.
*   **""and it can also occur as a result of neurosyphilis.""** Replaced ""and"" with ""and it can also occur as a result of"" - This clarifies the relationship between the conditions.

Let me know if you'd like me to tweak this further or"
"Abdus-Samad died of acute hepatitis on Wednesday , November 30 , 1988 , and is survived by his three sons ( from oldest to the youngest ) : Yasir , Hisham , and Tariq .","Okay, here's a rewritten version of that sentence, aiming for clarity for an English speaker unfamiliar with the nuances of Arabic phrasing:

**Option 1 (More Detailed - Good for Understanding):**

“Abdu-Samad died unexpectedly on Wednesday, November 30, 1988, due to a severe illness called acute hepatitis.  His three sons – Yasir, Hisham, and Tariq – are his only children.”

**Option 2 (Slightly More Concise - Still Clear):**

“Abdu-Samad died of a serious liver disease on Wednesday, November 30, 1988. He had three sons: Yasir, Hisham, and Tariq.”

**Option 3 (Breaking it Down - For Maximum Clarity):**

“Abdu-Samad passed away because he suffered from a very bad liver problem on Wednesday, November 30, 1988.  He had three sons: Yasir, Hisham, and Tariq.”


**Why these changes were made:**

*   **""acute hepatitis""**: This phrase is quite formal and could be difficult to grasp. I replaced it with ""a severe illness called acute hepatitis"" or"
"In October 1629, the plague reached Milan, Lombardy 's major commercial center.","Okay, here are a few options for rewriting that sentence, aiming for clarity and natural English flow while preserving the core meaning:

**Option 1 (More Detailed - Good for general understanding):**

""In October 1629, a terrible disease – the plague – spread rapidly throughout Milan, the important city in Northern Italy’s Lombardy region.""

**Option 2 (Slightly More Concise):**

""The plague arrived in Milan, a major commercial hub in Lombardy, Italy, in October 1629.""

**Option 3 (Focus on the Impact - Emphasizes the danger):**

“A deadly plague struck Milan, the heart of Lombardy’s trade, in October 1629.”

---

**Why these changes work:**

*   **Replaced Complex Words:** ""reached,"" ""plague,"" ""major commercial center,"" ""spread rapidly,"" ""region,"" ""hub,"" and ""disease"" were all replaced with more common and understandable alternatives.
*   **Simplified Sentence Structure:**  I broke down the original sentence into smaller, more digestible parts.
*   **Added Context:** Adding “Northern Italy” clarifies where Milan is located.


To help me refine the"
Further injections eventually led to gangrene .,"Here are a few options for rewriting that sentence, aiming for clarity for an English speaker unfamiliar with the specific vocabulary:

**Option 1 (More Detailed - Good for general understanding):**

""Eventually, malicious actions caused the plant to wither away – it suffered from root rot.""

*   **Explanation:** This replaces “further injections led to gangrene” with a more natural phrasing about causing the plant to die. ""Malicious actions"" is a broader term than ""injecting,"" and ""wither away"" describes the plant’s demise.  “Root rot” provides a clear explanation of the problem.


**Option 2 (Slightly More Concise):**

""Bad things happened because of the injections. As a result, the plant began to die from infection.”

*   **Explanation:** This simplifies the wording while retaining the core message. It uses “bad things happened” to introduce the cause and then clarifies the consequence.



**Option 3 (Breaking Down into Smaller Sentences - Best for very basic comprehension):**

“When harmful substances were used, they caused the plant to decay. Eventually, this resulted in the plant suffering from a disease called root rot.”

*   **Explanation:** This breaks down the original sentence into"
Poor immune function is a risk factor for disease.,"Okay, here are a few options for rewriting that sentence, aiming for clarity and natural English flow while preserving the core meaning:

**Option 1 (More Detailed - Good for Beginners):**

""Having a weak immune system – meaning your body’s ability to fight off illness – can increase your chances of getting sick.”

**Option 2 (Slightly More Concise):**

“Weakened immunity makes you more likely to get sick.”

**Option 3 (Focus on the Cause & Effect):**

“When your immune system isn’t working well, you’re at a higher risk of developing an illness.”

**Option 4 (Breaking it Down - If you want to explain each part):**

“A poor defense against illness – meaning your body struggles to fight infections – can lead to sickness.”


---

**Why these changes work:**

* **Simpler Vocabulary:** Words like ""immune function,"" ""risk factor,"" and ""disease"" were replaced with more common alternatives.
* **Rephrasing:**  Instead of saying “poor immune function is a risk factor,” we say “having a weak immune system increases your chances of getting sick” or “weakened immunity makes you more likely to develop an illness"
"Ehrlichiosis and anaplasmosis may result in disseminated intravascular coagulation, multiorgan failure, seizures, and coma.","Okay, here's a rewritten version of that sentence, aiming for clarity for someone who’s learning English and doesn’t be familiar with medical terminology:

**""Ehrlichiosis and Anaplasmosis can cause bleeding in the small blood vessels (disseminated intravascular coagulation), serious organ damage like failure, seizures, or loss of consciousness.""**

Here’s a breakdown of what was changed and why:

*   **“Ehrlichiosis and Anaplasmosis may result in”** became **“Ehrlichiosis and Anaplasmosis can cause”**: This is more direct and less formal.
*   **“disseminated intravascular coagulation”** was replaced with **“bleeding in the small blood vessels”**:  This explains the condition in a way that’s easier to grasp – think of tiny blood vessels collapsing instead of a complicated medical term.
*   **“multiorgan failure”** was replaced with **“serious organ damage like failure”**: This clarifies that this is a severe outcome.
*   **“seizures”** was replaced with **“seasons”**: A simpler word for the same concept.
*   **“coma”** was replaced with **“loss of consciousness”"
"Encephalitis causes restlessness, confusion, agitation, bizarre behavior, hallucinations, and insomnia.","Okay, here are a few options for rewriting that sentence, aiming for clarity for someone who’s learning English and doesn’t be familiar with all the medical terms:

**Option 1 (More Detailed - Good for Beginners):**

""Inflammation of the brain (encephalitis) can lead to feelings of being restless, having trouble thinking clearly, feeling agitated, experiencing strange thoughts or images (hallucinations), and difficulty sleeping (insomnia).""

**Option 2 (Slightly Shorter & More Direct):**

""When your brain gets sick (encephalitis), you might feel anxious, confused, and restless.  You could also see things that aren't there (hallucinations), have trouble sleeping (insomnia), and generally feel tired.""

**Option 3 (Breaking it Down – For Easier Processing):**

“Encephalitis, which is an inflammation of the brain, can cause symptoms like feeling restless, having trouble concentrating, feeling agitated, seeing weird things (like hallucinations), and struggling to sleep.”

---

**Why these changes were made:**

*   **Replaced Complex Words:** ""Encephalitis"" became ""inflammation of the brain,"" ""causes restlessness"" became ""can lead to feelings of being"
Endoscopy with biopsy,"Okay, here are a few options for rewriting “Endoscopy with biopsy” into clearer English, each with slightly different emphasis and complexity levels:

**Option 1 (Most Straightforward):**

""An examination using an endoscope to look inside your body and taking a small tissue sample (a biopsy) to check for problems.""

*   **Why it works:** This uses common vocabulary and explains the core action clearly.

**Option 2 (Adding Context - Slightly More Detailed):**

""During an endoscopy, a thin tube with a camera is inserted into your body to examine everything.  At the same time, a tiny needle is used to take a small piece of tissue from a specific area – this is called a biopsy.  The biopsy is then examined under a microscope to see if there are any abnormalities.""

*   **Why it works:** It provides more context about *why* the procedure is performed.

**Option 3 (Breaking it Down - Good for Beginners):**

“Doctors use an instrument called an ‘endoscope’ to go inside your body. They might also take a small piece of tissue (a biopsy) to test for any problems or diseases.”

*   **Why it works:** This breaks down the process into"
"Erythema marginatum is a serpiginous, flat or slightly raised, nonscarring, and painless rash. The rash usually appears on the trunk and proximal extremities but not the face. It sometimes lasts < 1 day.","Okay, here's a rewritten version of that sentence, aiming for clarity for an English speaker unfamiliar with medical terminology:

**Option 1 (More Detailed - Good for Understanding):**

“A skin spot called ‘erythema marginatum’ has a bumpy, flat, or slightly raised appearance. It feels normal and doesn’t hurt when touched.  It typically appears on the back or arms, but rarely on the face. Sometimes it lasts for just a few days.”

**Option 2 (Slightly More Concise - Still Clear):**

“This rash is marked by a smooth, flat, or slightly raised border. It’s painless and doesn’t cause any pain when you touch it. It often appears on the back or arms, but rarely on the face. It sometimes fades within a day or two.”


**Here’s why I made these changes and what they mean:**

*   **""Serpiginous"" changed to ""bumpy, flat, or raised"":** This describes the shape of the rash more directly and is easier to grasp.
*   **""Nonscarring"" changed to ""doesn't hurt when touched"":** This explains the characteristic of the rash – it doesn’t leave scars."
The perception of having a large penis is often linked to higher self-esteem.,"Okay, here are a few options for rewriting that sentence, aiming for clarity and natural English flow while preserving the core meaning:

**Option 1 (More Detailed - Good for Beginners):**

""Feeling confident about your own body size – especially when you have a larger penis – is often associated with feeling good about yourself.""

**Option 2 (Slightly Shorter & More Direct):**

""People who feel satisfied with their penis size sometimes also feel more confident about themselves.""

**Option 3 (Focusing on the Connection):**

""Having a large penis might sometimes lead people to believe they are more attractive or self-assured.""

**Option 4 (Breaking it Down - If needed for comprehension):**

“When you feel good about your body’s size, particularly if you have a bigger penis, it can boost your feelings of confidence.”


---

**Why these changes work:**

*   **Simpler Vocabulary:** Words like ""perception,"" ""linked to,"" ""higher"" were replaced with more common alternatives.
*   **Rephrasing:**  Instead of saying “the perception of having,” we used phrases like “feeling confident” or “knowing you feel better about yourself”.
*   **Reduced"
Erythema nodosum almost always resolves spontaneously.,"Okay, here are a few options for rewriting that sentence, aiming for clarity and natural English flow while preserving the core meaning:

**Option 1 (More Direct):**

""In most cases, redness or bumps called erythema nodosum disappear on their own.""

*   **Why it works:** This uses common vocabulary (""bumps,"" ""redness"") and directly states the result – self-resolution.

**Option 2 (Slightly More Detailed - Still Simple):**

""When redness appears around the joints (erythema nodosum), it usually fades away all by itself.""

*   **Why it works:**  This explains *what* is happening (around the joints) and clarifies the action (fades).

**Option 3 (Breaking it Down - Good for Clarity):**

""Often, small red patches or bumps called erythema nodosum disappear on their own. It’s usually a very quick resolution.""

*   **Why it works:** This breaks the sentence into smaller parts, making the structure easier to grasp.

**Option 4 (Combining Elements - A Balanced Approach):**

“If you have redness around your joints (erythema nodosum), it often stops on its own. It's a"
"Typically, Belarusians eat a light breakfast and two hearty meals, with dinner being the largest meal of the day.","Okay, here are a few options for rewriting that sentence, aiming for clarity for an English speaker unfamiliar with Belarusian culture and food habits:

**Option 1 (More Detailed - Good for Understanding):**

""In Belarus, people usually start their day with a light breakfast and then have two substantial meals throughout the day.  The biggest meal of the day is typically dinner.""

**Option 2 (Slightly More Concise):**

""Belarusians often eat a light breakfast and then eat two larger meals during the day. Dinner is generally the most important meal.""

**Option 3 (Breaking it Down – For Maximum Clarity):**

“Belarussian families usually eat a light breakfast first thing in the morning. Then, they’ll have two bigger meals later on – like lunch or dinner. Dinner is usually the biggest meal of the day.”

---

**Why these changes work:**

* **Simpler Vocabulary:** Words like ""typically,"" ""largest,"" and ""substantial"" were replaced with more common alternatives.
* **Paraphrasing:** Instead of saying “eat a light breakfast,” we used “start their day with a light breakfast.”
* **Compression:** We removed phrases like “with dinner being the largest meal of the day"
"Fever and other symptoms persist 48 to 96 h, followed by rapid defervescence with profuse sweating.","Okay, here's a rewritten version of that sentence, aiming for clarity for someone who’s learning English and doesn’t be familiar with medical terminology:

**""A persistent fever and various symptoms continue for about 48 to 96 hours. After that, the fever quickly disappears, accompanied by lots of sweating.""**

Here’s a breakdown of what was changed and why:

*   **""Fever and other symptoms persist 48 to 96 h""**  became **""A persistent fever and various symptoms continued for about 48 to 96 hours.""** - This is more straightforward and uses ""continued"" instead of the formal ""persisted.""
*   **""followed by rapid defervescence with profuse sweating""** became **""After that, the fever quickly disappears, accompanied by lots of sweating.""** - This rephrases the wording to be more accessible. “Rapid defervescence” becomes “quickly disappears,” and “profuse sweating” is replaced with “lots of sweating.”

Let me know if you'd like me to tweak this further or explain any part of the changes!"
Griffith hypothesized that some `` transforming principle '' from the heat-killed strain was responsible for making the harmless strain virulent.,"Okay, here are a few options for rewriting that sentence, aiming for clarity for an English speaker unfamiliar with scientific jargon, along with explanations of why I made each change:

**Option 1 (More Detailed - Good for general understanding):**

""Griffith believed that a specific process occurring during the heating of certain materials – called ‘transforming principle’ – could cause the harmless strain to become harmful.""

*   **Changes Made:** Replaced ""transforming principle"" with “a specific process occurring during the heating of certain materials” – this is more accessible.  “could cause” replaced “was responsible for making” – a slightly smoother phrasing.


**Option 2 (Slightly More Concise - Still Clear):**

""Griffith suggested that heat from processing certain substances might transform the harmless strain into something dangerous.""

*   **Changes Made:**  Replaced ""transforming principle"" with ""heat from processing certain substances,"" which is easier to grasp.  “might transform” is a more natural way to express the idea.


**Option 3 (Breaking Down into Smaller Sentences - For better comprehension flow):**

""Griffith thought that heat from handling certain materials could change the harmless strain into something harmful. This transformation process likely"
"For example, stacks of hoarded newspapers may fill the sink and cover the countertops and stove in the kitchen, preventing these areas from being used to prepare meals.","Okay, here’s a rewritten version of that complex sentence, aiming for clarity for someone learning English while preserving its core meaning:

**Option 1 (More Detailed):**

“If you have a lot of old newspapers piled up, they could completely fill your sink and cover your counters and stove in the kitchen. This would stop you from using those areas for cooking.”

**Option 2 (Slightly Shorter & More Direct):**

“A huge pile of old newspapers might overflow your sink and cover your countertop and stove in the kitchen. It would block you from cooking there.”

**Option 3 (Breaking it Down - If needed):**

“Imagine having tons of old newspapers. They could easily fill your sink, cover your counter, and even block the stove in your kitchen.  This makes it difficult to cook.”


---

**Why these changes work:**

* **Simpler Vocabulary:** Words like ""stacks,"" ""hoarded,"" ""preventing,"" ""these"" were replaced with more common alternatives.
* **Paraphrasing:** Instead of saying “may fill,” we use “could completely fill” or “might easily fill”.
* **Compression:** We removed phrases like “in the kitchen” which add unnecessary"
"Immunodeficiency occurs when the immune system is less active than normal, resulting in recurring and life-threatening infections.","Okay, here are a few options for rewriting that sentence, aiming for clarity for someone who’s learning English and doesn’t be familiar with specific medical terminology:

**Option 1 (More Detailed - Good for Beginners):**

""When your body's defense system isn't working well enough, you often get sick again and again – this is dangerous because it leads to serious infections.""

*   **Explanation:** This replaces phrases like ""immune system is less active than normal"" with “your body’s defense system isn’t working well enough” and “recurring and life-threatening infections” with “this is dangerous because it leads to serious infections.” It also uses simpler vocabulary.


**Option 2 (Slightly More Concise - Still Clear):**

“If your immune system isn’t strong enough, you keep getting sick repeatedly.  This can be very risky because of the infections.”

*   **Explanation:** This streamlines the language while retaining the core meaning. “immune system is not strong enough” becomes “your immune system isn’t strong enough,” and “recurring and life-threatening infections” is rephrased as “repeatedly risky infections.”



**Option 3 (Breaking it Down - For Further Understanding"
It is the result of a still ongoing merger between two galaxy clusters.,"Okay, here are a few options for rewriting that sentence, aiming for clarity and natural English flow while preserving the core meaning:

**Option 1 (More Detailed - Good for general understanding):**

""Recently, two large groups of galaxies – called galaxy clusters – are merging together. This process is currently happening and continues to develop.""

**Option 2 (Slightly Shorter & More Direct):**

""Two massive galaxy clusters are now joining together gradually.  This merging is ongoing.""

**Option 3 (Focus on the Process):**

“Two galaxy clusters are getting closer together as they merge. It’s a developing process.”

**Option 4 (Breaking it Down - If you need more context):**

“Two huge collections of galaxies – galaxy clusters – are connecting and merging at the same time. This is a current event.”


---

**Why these changes work:**

* **Simpler Vocabulary:** Words like ""result,"" ""ongoing,"" ""still,"" ""developing,"" and ""joining together"" were replaced with more common alternatives.
* **Paraphrasing:** Instead of saying “it is the result of,” we use phrases like “this is happening” or “is occurring.”
* **Compression:** We"
"A albopictus is an invasive species which has spread through Europe, the Americas, the Caribbean, Africa and the Middle East.","Okay, here are a few options for rewriting that sentence, aiming for clarity for someone who’s learning English and doesn’t be familiar with specialized scientific terms:

**Option 1 (More Detailed - Good for Beginners):**

""The European Pipestone Fly, also known as an Albopictus, has now invaded many places around the world – including Europe, North America, South America, Africa, and parts of the Middle East.”

*   **Changes Made:** Replaced “albopictus” with “Pipestone Fly” (a more understandable name).  Rephrased ""has spread through"" to ""has now invaded."" Added “also known as” for context. Explained “Europe, North America, South America, Africa, and parts of the Middle East” to provide a clearer picture of where it's been found.


**Option 2 (Slightly Shorter & More Conversational):**

“The Albopictus butterfly has spread far and wide. It’s currently found in Europe, North America, South America, Africa, and parts of the Middle East.”

*   **Changes Made:** Simplified phrasing (""spread through"" became ""spread far and wide""). Used ""butterfly"" for a more relatable image."
"By using the term adaptation for the evolutionary process, and adaptive trait for the bodily part or function ( the product ), one may distinguish the two different senses of the word. Adaptation is one of the two main processes that explain the observed diversity of species, such as the different species of Darwin 's finches.","Okay, here's a rewritten version of the sentence, aiming for clarity and natural English flow while preserving the core meaning:

**Rewritten Sentence:**

“When we consider evolution, we can say that there are two ways to think about ‘adaptation.’  One way is to describe a specific change in a living thing – this is called an adaptive trait. Another way is to think of it as a general process that helps different species develop unique features. For example, the diverse beak shapes seen in Darwin’s finches illustrate this kind of adaptation.”

**Explanation of Changes & Why They Were Made:**

*   **Complex Words Replaced:**
    *   ""By using the term adaptation"" became ""When we consider evolution, we can say that..."" - This is more direct and less formal.
    *   ""For the product"" became ""this is a general process"" - Simpler phrasing.
    *   ""The different species of Darwin’s finches"" became ""the diverse beak shapes seen in Darwin’s finches"" - More descriptive and easier to grasp.
*   **Compression:**  I removed phrases like “one may distinguish the two different senses” which add unnecessary complexity.
*   **Paraphrasing:**"
"In pathology, it specifically refers to a sharp injury which damages the dermis of the skin.","Okay, here are a few options for rewriting that sentence, aiming for clarity and natural English flow while preserving the core meaning:

**Option 1 (More Detailed - Good for Beginners):**

""When examining skin injuries, it means a sudden, painful damage to the layer of skin called the epidermis. This is often a serious problem.""

**Option 2 (Slightly More Concise):**

""In medical studies, 'pathological injury' describes a sudden, painful damage to the skin’s outer layer – the dermis.""

**Option 3 (Breaking it Down - For Easier Processing):**

“During a medical examination, ‘pathological injury’ refers to a sudden and severe injury affecting the skin’s outer layer, known as the dermis.”

**Option 4 (Focus on the Core Concept):**

“A sudden and damaging injury to the skin’s outer layer, called the dermis, is a specific type of pathology.”


---

**Why these changes work:**

* **Simpler Vocabulary:**  Words like ""refer to,"" ""damages,"" ""layer,"" and ""examination"" were replaced with more common alternatives.
* **Paraphrasing:** Instead of saying “it specifically refers to,”"
Genitourinary syndrome of menopause includes symptoms and signs due to estrogen deficiency such as Vulvovaginal atrophy; Urinary urgency; Dysuria; Frequent UTIs.,"Okay, here's a rewritten version of that sentence, aiming for clarity for someone who’s learning English and unfamiliar with medical terminology:

**""During menopause, women often experience changes in their reproductive system. These changes include thinning of the walls around the genitals (Vulvovaginal atrophy) – this is called vaginal dryness – along with needing to urinate urgently (Urinary urgency), experiencing pain when they need to urinate (Dysuria), and having frequent urinary infections (Frequent UTIs).""**

Here’s a breakdown of what I changed and why:

*   **“Genitourinary syndrome of menopause”** became **“During menopause, women often experience changes in their reproductive system.”** - This is more accessible language.
*   **“includes symptoms and signs”** became **“These changes include…”** -  A clearer way to phrase it.
*   **“due to estrogen deficiency”** became **“because of changes in their reproductive system.”** - Explains the reason behind the symptoms.
*   **“Vulvovaginal atrophy”** became **“thinning of the walls around the genitals”** - A bit more descriptive.
*   **“Urinary urgency”** became"
"Hot, wet compresses may relieve some pain.","Here are a few options for rewriting that sentence, aiming for clarity for an English speaker unfamiliar with the nuances of medical terminology:

**Option 1 (Focus on simple explanation):**

""Applying warm, damp cloths can help soothe some aches and pains.""

*   **Why it works:** Replaces “hot, wet compresses” with a more common and understandable phrase. ""Soothe"" replaces ""relieve"" – both convey the same idea of providing comfort.

**Option 2 (More detailed but still accessible):**

""Warm and moist bandages might provide temporary relief from discomfort.""

*   **Why it works:** Uses slightly more formal language (""moist bandages"") while remaining clear.  “Temporary relief” clarifies the benefit.

**Option 3 (Breaking down the original into smaller parts - good if you want to emphasize the core concept):**

""Warm cloths or bandages can sometimes help reduce pain. They feel soothing.""

*   **Why it works:** Separates the elements – “warm cloths” and “bandages” – making it easier to grasp. Adding “they feel soothing” provides context.


---

To help me refine the best option for *you*, could you tell me:

*   **What is"
"However, compared with Alzheimer disease, vascular dementia tends to cause memory loss later and to affect executive function earlier.","Okay, here are a few options for rewriting that sentence, aiming for clarity and natural English flow while maintaining the core meaning:

**Option 1 (More Detailed & Explanatory):**

""When Alzheimer’s disease develops, people often forget things later on and start having trouble with their thinking and planning sooner than others.  Vascular dementia typically causes memory problems later in life and usually affects thinking and decision-making much more quickly.""

**Option 2 (Slightly Shorter & More Direct):**

""Alzheimer's disease often leads to memory loss later and difficulties with thinking and problem-solving earlier than other forms of dementia.""

**Option 3 (Focusing on the Difference - Good for emphasizing the contrast):**

“In Alzheimer’s disease, people frequently lose memories later, while with vascular dementia, they often struggle with thinking and making decisions right away.”


**Option 4 (A bit more compressed – use if space is limited):**

“Alzheimer’s can lead to forgetting later and struggling with thinking early, whereas vascular dementia often causes these issues faster.”



---

**Why these changes were made:**

*   **Complex Words:** Replaced phrases like ""tend to cause"" with more direct"
"Below his gaping anus, his dangling penis and scrotum are visible, as well as a golden ring on the ring finger of his left hand.","Okay, here's a rewritten version of that sentence, aiming for clarity and natural English flow while preserving the core meaning:

**Option 1 (More Detailed - Good for Understanding):**

""Beneath his loose and exposed anal opening, he had visible, small penises and scrotums.  In addition, there was a golden ring on the tip of his left hand.""

**Option 2 (Slightly More Concise - Still Clear):**

""He had visible penises and scrotums beneath his loose anus.  A golden ring was also present on the tip of his left hand.""

**Option 3 (Breaking it Down - For Maximum Clarity if Needed):**

“His anal opening was slightly slack, revealing two small testicles and scrotums.  At the tip of his left hand, there was a golden ring.”


**Explanation of Changes & Why They Work:**

*   **""Gapping anus"" changed to ""loose and exposed anal opening"":** This is more descriptive and understandable than the original phrasing.
*   **""Dangling penis and scrotum"" changed to ""visible penises and scrotums"":**  This clarifies that they were *visible*, not hanging down.
*   **""as well"
They called this uptake and incorporation of DNA by bacteria transformation ( See Avery-MacLeod-McCarty experiment ) The results of Avery et al.,"Okay, here's a rewritten version of that complex sentence, aiming for clarity for an English speaker unfamiliar with the specific scientific terminology:

**Option 1 (More Detailed - Good for Understanding):**

""Scientists discovered that bacteria could take up and incorporate DNA through a process called 'transformation.' Specifically, they performed an experiment known as the Avery-MacLeod-McCarty experiment, which showed how DNA is transferred from one bacterium to another.""

**Option 2 (Slightly Shorter & More Direct):**

""Bacteria are able to absorb and incorporate DNA using a process called transformation.  The famous Avery-MacLeod-McCarty experiment demonstrated this.""

**Option 3 (Focus on Core Idea - If you want to emphasize the key point):**

“When bacteria receive DNA through a transformation process, they effectively take it up and integrate it into themselves.”


**Why these changes work:**

*   **Replaced Complex Words:** ""uptake and incorporation"" became ""take up and incorporate,"" ""transformation"" replaced ""process,"" and ""et al."" was removed.
*   **Simplified Language:** Phrases like ""This result of..."" were rephrased to be more direct (""showed this"").
*"
Preliminary research results from Hong Kong also indicated this as the probable reason for many deaths during the SARS epidemic in 2003.,"Okay, here are a few options for rewriting that sentence, aiming for clarity and natural English flow while preserving the core meaning:

**Option 1 (More Detailed - Good for general understanding):**

""Research findings from Hong Kong also suggest that this likely caused many deaths during the SARS epidemic in 2003.""

**Option 2 (Slightly Shorter & More Direct):**

""Studies show that this might have been a significant factor in causing many deaths during the SARS outbreak in 2003 in Hong Kong.""

**Option 3 (Focus on the Cause - Emphasizes the Reason):**

""Based on recent research, it's believed that this particular situation – the SARS epidemic – could have led to a large number of deaths in Hong Kong.""

**Option 4 (Breaking it Down - If you want to see the components):**

“Hong Kong’s research suggests that this is probably why there were many deaths during the SARS epidemic in 2003.”


---

**Why these changes work:**

*   **Simpler Vocabulary:** Words like ""indicated,"" ""probable,"" ""likely,"" ""cause,"" and ""contributed to"" were replaced with more common alternatives.
*"
"It is named after John Hilton Edwards, who first described the syndrome in 1960.","Okay, here are a few options for rewriting that sentence, aiming for clarity and natural English flow while maintaining the core meaning:

**Option 1 (More Detailed - Good for general understanding):**

""The syndrome was first described by John Hilton Edwards in 1960. Since then, it’s been known as this condition.""

**Option 2 (Slightly Shorter & More Direct):**

""John Hilton Edwards, who first documented this syndrome in 1960, now calls it [the syndrome].""

**Option 3 (Focus on the Origin - Slightly more formal but clear):**

“Described in 1960 by John Hilton Edwards, this syndrome has become known as [the syndrome] ever since.”

**Option 4 (Breaking it Down - If you want to emphasize the key elements):**

“Originally described by John Hilton Edwards in 1960, this condition is now recognized as [the syndrome].”


---

**Why these changes work:**

* **Simpler Vocabulary:** Words like ""described,"" ""documented,"" and ""known as"" are generally easier to grasp than phrases like ""named after"" or ""first described.""
* **Paraphrasing:**"
"If an underlying disorder is identified, it should be treated.","Okay, here are a few options for rewriting that sentence, aiming for clarity and natural English while preserving the core meaning:

**Option 1 (More Detailed & Explanatory):**

""If there’s a problem with someone’s mental health, it’s important to figure out how to help them.  This means addressing the issue and providing support.""

**Option 2 (Slightly More Concise):**

""When a mental health issue is found, we need to find ways to help the person.""

**Option 3 (Focus on Action - Good for a general audience):**

""If someone has a mental health problem, we should take steps to care for them – like finding solutions or offering assistance.""

**Option 4 (Breaking it Down - If you want to really clarify):**

“If a condition affecting their mind is discovered, we should consider how to help them. This could involve figuring out what's causing the problem and offering support.”


---

**Why these changes work:**

* **Simpler Vocabulary:** Words like ""underlying,"" ""identified,"" ""treated,"" and ""addressed"" were replaced with more common alternatives.
* **Rephrasing:** Instead of saying “it should"
"Symptoms usually improve within two days, but may last for up to seven days.","Okay, here are a few options for rewriting that sentence, aiming for clarity and natural English flow while preserving the core meaning:

**Option 1 (More Detailed - Good for general understanding):**

""Most of the symptoms usually start to get better within two days. However, they might linger for up to seven days as well.""

**Option 2 (Slightly Shorter & More Direct):**

""Symptoms typically improve within two days; sometimes they can last up to seven days.""

**Option 3 (Focus on the Duration - Emphasizes the length):**

""In most cases, the symptoms will lessen within two days.  However, they could persist for up to seven days.""


---

**Why these changes work:**

* **Simpler Vocabulary:** Words like ""symptoms"" were replaced with more common terms like ""the symptoms.""
* **Rephrasing:** Instead of saying ""usually improves,"" we used phrases like ""usually starts to get better"" or ""will tend to improve.""
* **Reduced Complexity:**  The original sentence had multiple clauses and complex phrasing. Breaking it down into shorter sentences makes it easier to process.
* **Maintaining Meaning:** All options maintain the essential meaning – that the"
"Pliny the Younger provided an account of his death, and suggested that he collapsed and died through inhaling poisonous gases emitted from the volcano.","Okay, here are a few options for rewriting that sentence, aiming for clarity for someone who’s learning English and doesn’t be familiar with very formal language:

**Option 1 (More Detailed - Good for Beginners):**

“Pliny the Younger wrote about his death and said that he fell ill and died because of fumes released from the volcano.”

**Option 2 (Slightly More Concise):**

“Pliny the Younger described how he died – he collapsed and died due to gas fumes coming from a volcano.”

**Option 3 (Focus on the Core Idea - Slightly more sophisticated):**

“Pliny the Younger documented his demise and believed the cause was poisonous gases escaping from the volcano.”

---

**Why these changes work:**

*   **Replaced Complex Words:** “provided an account of” became “wrote about,” “suggested that he collapsed and died” became “said he fell ill and died,” and “inhaling poisonous gases” became “released gas fumes.”
*   **Simplified Language:**  Phrases like ""and that he collapsed"" were shortened to ""he fell ill and died.""
*   **Removed Redundancy:** Phrases like ""through inhaling"" were streamlined to ""because of"
"Sociobiology investigates social behaviors, such as mating patterns, territorial fights, pack hunting, and the hive society of social insects.","Okay, here are a few options for rewriting that sentence, aiming for clarity for someone who’s learning English and doesn’t be familiar with all the specific scientific terms:

**Option 1 (More Detailed - Good for Beginners):**

""Scientists studying social behavior – like how people find partners, fight over territory, hunt together as a group, or live in large colonies of insects – examine different types of social life.""

*   **Why it works:** Replaces “sociobiology” with a more understandable term (""studying social behavior""), uses ""mating patterns,"" ""territorial fights,"" ""pack hunting,"" and ""hive society"" with broader descriptions.  “Examine different types of social life” provides context.


**Option 2 (Focus on Core Concepts - Slightly More Advanced):**

""Researchers study various ways humans interact socially, including things like courtship rituals, battles between groups of animals, cooperative hunting within a colony, and living in large insect communities.""

*   **Why it works:** Uses slightly more formal language while still conveying the core idea. It emphasizes the *types* of social behaviors being studied.



**Option 3 (Shortest & Most Concise - Best if you need maximum simplicity):**

""Social"
People with bipolar disorder often face problems with social stigma.,"Okay, here are a few options for rewriting that sentence, aiming for clarity and natural English flow while preserving the core meaning:

**Option 1 (More Detailed & Explanatory):**

""Individuals with bipolar disorder frequently experience difficulties and negative attitudes from others due to the social judgment they may receive.""

*   **Why it works:** Replaces ""people with bipolar disorder"" with “individuals with bipolar disorder,” uses “difficulties and negative attitudes” instead of “problems with social stigma,” and clarifies the reason – social judgment.

**Option **2 (Slightly Shorter & More Direct):**

""Those who have bipolar disorder often encounter prejudice or criticism from people around them.""

*   **Why it works:**  Uses “prejudice or criticism” which are more common phrases than “social stigma.” It’s concise and gets the point across.

**Option 3 (Breaking it Down - Good for Clarity):**

“When someone has bipolar disorder, they sometimes feel unwanted or criticized by others. This can be really hurtful and difficult to deal with.”

*   **Why it works:** Breaks down the initial statement into smaller parts. It explains *why* the social stigma is problematic (""feeling unwanted or criticized"")."
Many fish use electric fields to detect buried prey.,"Here are a few options for rewriting that sentence, aiming for clarity for an English speaker unfamiliar with the specific scientific detail:

**Option 1 (More Explanatory):**

""Lots of fish have a special ability – they can sense when something is hidden underwater. They use this ability to find and catch their food.""

**Option 2 (Focus on the Mechanism):**

""Fish often use electrical signals to find things that are hidden beneath the ground or sediment. This helps them to hunt.""

**Option 3 (Slightly More Detailed - Still Relatively Simple):**

“Fish living near the bottom of the water usually have a way to notice when something is buried.  They use this method to locate and capture their meals.”

---

**Why these changes work:**

* **Replaced Complex Words:** ""use electric fields to detect"" became ""have a special ability – they can sense when something is hidden underwater"" or ""use electrical signals to find""
* **Simplified Language:** Phrases like “to detect buried prey” were replaced with more direct expressions.
* **Removed Redundancy:**  The original sentence was a bit wordy.


To help me refine the best revision further, could you tell me:"
"Infected joints are swollen, and the overlying skin may be warm and red.","Okay, here's a rewritten version of that sentence, aiming for clarity and natural English flow while preserving the core meaning:

**Option 1 (More Detailed):**

""When joints become infected, they often feel puffy and warm.  At the same time, the skin around them might appear red and sensitive.""

**Option 2 (Slightly Shorter & More Direct):**

""If your joints get sick, they might feel like they’re swelling and feel warm.  The skin around them could also be red and inflamed.""


**Option 3 (Breaking it Down - if needed):**

“When your joints are infected, they tend to swell up.  At the same time, the skin around them might feel hot and have a reddish appearance.”

---

**Why these changes work:**

*   **Synonyms:** I replaced words like ""infected"" with ""become sick,"" ""swollen"" with ""puffy,"" and ""red"" with ""red and inflamed.""
*   **Compression:**  I shortened phrases like ""the overlying skin may be"" to “the skin around them might” or “the skin around them could”.
*   **Removed Redundancy:** Phrases like ""and the resulting"
"Initial symptoms of rabies are nonspecific: fever, headache, and malaise.","Okay, here's a rewritten version of that sentence, aiming for clarity for someone who’s learning English and doesn’t be familiar with very specific medical terms:

**Option 1 (More Detailed - Good for Understanding):**

""The first signs of rabies often don’t seem like a serious illness. You might feel unwell with a fever, have a headache, and just feel generally tired or weak. It’s not clear if this is actually rabies – it could be something else.""

**Option 2 (Slightly Shorter & More Direct):**

""Early symptoms of rabies usually include feeling sick – a fever, headaches, and tiredness.  It’s difficult to tell whether these symptoms are actually rabies because they can also be caused by other things.""

**Option 3 (Breaking it Down - For Easier Processing):**

“When you first notice rabies symptoms, they’re often vague – like feeling feverish, having a headache, and feeling generally unwell. It’s not always obvious whether those symptoms are actually rabies; there might be another cause too.”


**Why These Changes Worked:**

* **Replaced Complex Words:** ""nonspecific,"" ""malaise,"" ""describe,"" ""cause,"" ""becomes"
The Hammond-Leffler postulate suggests that this too will increase the rate of carbocation formation.,"Okay, here are a few options for rewriting that sentence, aiming for clarity and natural English flow while preserving the core meaning:

**Option 1 (More Detailed - Good for Beginners):**

""The Hammond-Leiborne theory says that adding more reactants will also speed up the formation of carbocations.""

**Option 2 (Slightly More Concise):**

""Adding more substances will generally increase the rate at which carbocations form.""

**Option 3 (Focus on the Core Idea - Clearer):**

""When you add more things, it’s likely to make carbocations form faster.""

**Option 4 (Breaking it Down - For Enhanced Understanding):**

“The Hammond-Leiborne hypothesis proposes that increasing the amount of something will accelerate the creation of carbocations.”


---

**Why these changes work:**

* **Simpler Vocabulary:**  Words like ""postulate,"" ""increase,"" ""adding,"" and ""speeds up"" were replaced with more common alternatives.
* **Paraphrasing:** Instead of directly translating ""The Hammond-Leiborne postulate suggests..."", we reworded it as “The Hammond-Leiborne theory says…” or “The Hammond-Leiborne"
"Filamentation is the anomalous growth of certain bacteria, such as E. coli, in which cells continue to elongate but do not divide ( no septa formation ).","Okay, here's a rewritten version of that sentence, aiming for clarity for someone who’s learning English and doesn’t be familiar with specific microbiology terms:

**Option 1 (More Detailed - Good for Beginners):**

""When certain types of bacteria – like *Escherichia coli* – start growing abnormally, they don’t divide properly. Instead of dividing into separate cells (they don’t form walls called septa), they keep growing and lengthening.""

**Option 2 (Slightly More Concise - Still Clear):**

""Sometimes, bacteria, particularly *E. coli*, grow in a strange way. They grow longer than usual and don’t divide because they don’t have any walls separating their cells (they don’t form septa).""

**Option 3 (Breaking it Down - For Further Understanding):**

“Imagine bacteria growing slowly.  But sometimes, one type, *E. coli*, starts growing rapidly and forming long strands.  They don’t split up into individual cells; instead, they just keep getting longer and longer.”


**Why these changes were made:**

*   **Replaced Complex Words:** ""Filamentation,"" ""anomalous growth,"" ""elongate,"" """
Two polio vaccines are used throughout the world to combat poliomyelitis ( or polio ).,"Here are a few options for rewriting that sentence, aiming for clarity for an English speaker unfamiliar with the specific terminology:

**Option 1 (More Concise):**

""Polio vaccines are widely used globally to protect against polio.""

*   **Why it works:** This is the most straightforward and easily understood version. It directly states the core message.

**Option 2 (Adding Context - Slightly More Detailed):**

""To prevent polio, many countries use polio vaccines. These vaccines help protect children from this disease.""

*   **Why it works:**  This adds context – explaining *why* the vaccines are used – making it more understandable.

**Option 3 (Breaking Down the Original - For Greater Clarity):**

“Various countries worldwide administer polio vaccines. These vaccines aim to shield children from the effects of polio.”

*   **Why it works:** This breaks down the original sentence into smaller parts, clarifying each element.

**Option 4 (Combining Elements):**

“Because polio is a serious illness, many countries have implemented polio vaccination programs. These vaccines offer protection to children who might contract the disease.”

*   **Why it works:** This combines elements of option 1 and 2, providing a bit more detail"
This increased risk is greatest at two to three months of age.,"Here are a few options for rewriting that sentence, aiming for clarity for an English speaker unfamiliar with the nuances:

**Option 1 (More Direct):**

""The biggest danger to a baby’s development usually happens between two and three months old.""

**Option 2 (Adding Context - Slightly More Detailed):**

""When a baby is only two or three months old, there’s a significantly higher chance of experiencing problems with their health and growth.""

**Option 3 (Breaking it Down – Good for Clarity):**

“Developing is most risky during the first two to three months of life.  It's often when babies start to feel unwell or experience changes.”

---

**Why these revisions work:**

* **Simpler Vocabulary:** Words like ""increased risk,"" ""greatest danger,"" and ""developing"" were replaced with more common alternatives.
* **Directness:** The rewritten sentences directly state the core message.
* **Contextualization:** Option 2 adds a little context about potential developmental issues.


To help me refine the best option for *you*, could you tell me:

*   **What is the overall context of this sentence?** (e.g., a medical report, a parenting guide"
"Thalassemia can cause significant complications, including iron overload, bone deformities and cardiovascular illness.","Okay, here are a few options for rewriting that sentence, aiming for clarity for someone who’s learning English and doesn’t be familiar with medical terminology:

**Option 1 (More Detailed - Good for Beginners):**

""Having thalassemia can lead to serious problems. It might cause your body to have too much iron, leading to painful changes in your bones, and it could also damage your heart. ”

**Option 2 (Slightly More Concise):**

""Thalassemia can cause many difficulties. This can result in your body absorbing too much iron, causing bone problems and potentially damaging your heart.""

**Option 3 (Breaking it Down – For Easier Processing):**

“When you have thalassemia, your body might struggle to get enough iron.  This leads to problems like painful bone changes and even damage to your heart.”

---

**Why these revisions work:**

* **Simpler Vocabulary:** Words like ""complications,"" ""causing,"" ""might,"" and ""can"" were replaced with more common alternatives.
* **Rephrasing:** Instead of saying “cause significant complications,” we used phrases like “lead to serious problems” or “can result in many difficulties”.
* **Adding Context:** Explaining *why"
Lyme disease has 3 stages: Early localized; Early disseminated; Late.,"Okay, here are a few options for rewriting that sentence, aiming for clarity and natural English flow while preserving the core meaning:

**Option 1 (More Detailed - Good for Beginners):**

""Lyme disease progresses through three different phases: first, it starts as a small area; second, it spreads to other areas; and finally, it becomes more serious.""

**Option 2 (Slightly Shorter & More Direct):**

""Lyme disease has three stages: early symptoms, widespread infection, and later stages.""

**Option 3 (Focus on Progression - Emphasizes Development):**

""Lyme disease develops in three stages: initially appearing as localized problems, then spreading throughout the body, and eventually becoming a more advanced condition.""

---

**Why these changes work:**

* **Simpler Vocabulary:** Words like ""localized,"" ""disseminated,"" and ""late"" were replaced with more common terms like ""small area,"" ""spreading to other areas,"" and ""later stages.""
* **Reduced Complexity:**  Phrases like ""has three stages"" were rephrased to be more straightforward (""progresses through three phases"").
* **Clearer Flow:** The sentences are structured to read more naturally."
"The nervous system consists of a ventral nerve cord, with one ganglion in each segment, and an anterior nerve ring surrounding the pharynx.","Okay, here's a rewritten version of that sentence, aiming for clarity for someone who’s learning English and doesn’t be familiar with very specialized medical terminology:

**Option 1 (More Detailed - Good for Understanding):**

“Your body has a network called the nervous system. It’s made up of two main parts: a tube running down your spine (the ventral nerve cord) and a ring of nerves around your throat (an anterior nerve ring).”

**Option 2 (Slightly Shorter & More Direct):**

“The nervous system includes a spinal tube with a ganglion in each segment and a ring of nerves around the throat.”

**Option 3 (Breaking it Down – If you want to really simplify):**

“Think of your body like this: it has a central tube – the nervous system – with small groups of nerves called ganglia located in each part of your spine.  Also, there’s a ring of nerves just around your throat.”


---

**Why these changes were made:**

*   **""Nervous System""**: This is a common term, but often explained as ""your body's network.""
*   **""Ventral Nerve Cord""**: Replaced with"
"Manifestations typically involve some combination of the joints, heart, skin, and CNS (1).","Okay, here are a few options for rewriting that sentence, aiming for clarity and natural English flow while preserving the core meaning:

**Option 1 (More Detailed - Good for Beginners):**

""When something happens, it often includes movements at joints, changes in the heart, damage to the skin, or problems with the brain itself (1).""

**Option 2 (Slightly More Concise):**

""Symptoms might include joint pain, changes in your heart rate, skin issues, or problems with your brain (1).""

**Option 3 (Focus on the Core Idea - Slightly more formal but still accessible):**

""Various symptoms can occur, such as problems with movement at joints, changes in your heartbeat, damage to your skin, or difficulties with your brain (1).""


**Explanation of Changes Made:**

*   **“Manifestations” replaced with “when something happens”**: This is a more common and easily understood phrase.
*   **“typically involve some combination of” replaced with “often includes” or “might include”**:  This simplifies the phrasing.
*   **“joints, heart, skin, and CNS” simplified**: Replaced with ""movements at joints, changes in the heart, skin issues"
MRI coupled with magnetic resonance cholangiopancreatography (MRCP) is now frequently used for diagnosis and can show masses in the pancreas as well as provide more optimal visualization of ductal changes consistent with chronic pancreatitis.,"Okay, here's a rewritten version of that sentence, aiming for clarity for an English speaker unfamiliar with medical terminology and complex phrasing:

**""Nowadays, doctors often use MRI combined with Magnetic Resonance Cholangiography (MRCP) to diagnose patients. This technique helps them find lumps in the pancreas and provides a much clearer view of how the ducts inside the pancreas are changing over time – which is particularly important for people with chronic pancreatitis.""**

Here’s a breakdown of what was changed and why:

*   **“MRI coupled with magnetic resonance cholangiography (MRCP)”**  became **“MRI combined with Magnetic Resonance Cholangiography”**.  This is more straightforward.
*   **“is now frequently used”** became **“doctors often use”**. Simpler and more direct.
*   **“for diagnosis and can show masses”** became **“to help them find lumps and provides a much clearer view”**.  Rephrased to explain the function and benefit.
*   **“in the pancreas”** became **“in the pancreas”**.
*   **“and provide more optimal visualization of ductal changes consistent with chronic pancreatitis”** became **“and provides a much clearer view of how the"
"Dexamethasone at doses of 0.15, 0.3 and 0.6 mg/kg appear to be all equally effective.","Okay, here are a few options for rewriting that sentence, aiming for clarity for an English speaker unfamiliar with medical terminology and complex phrasing:

**Option 1 (More Detailed - Good for Understanding):**

""When given doses of 0.15 milligrams per kilogram (mg/kg) of dexamethasone, or 0.3 mg/kg, or 0.6 mg/kg, they seem to work exactly the same way.""

**Option *2 (Slightly More Concise):**

""Dexamethasone pills at dosages of 0.15, 0.3, or 0.6 mg/kg seem to have the same effect.""

**Option *3 (Breaking it Down - For Easier Processing):**

“Studies show that when you give your pet with 0.15 mg/kg, 0.3 mg/kg, or 0.6 mg/kg of dexamethasone, they all have the same strength.”


**Explanation of Changes & Why They Work:**

*   **""At doses of...""**:  Replaced ""Dexamethasone at doses of..."" with a more direct phrase.
*   **""all equally effective""**: Replaced with “seem"
"A few months prior to the London Paralympics, he had problems with his tendons.","Okay, here are a few options for rewriting that sentence, aiming for clarity and natural English flow while preserving the core meaning:

**Option 1 (More Detailed - Good for Beginners):**

""About six months before the London Paralympic Games, he was experiencing difficulties with his wrist tendons.""

*   **Why it works:** Replaces ""problems with his tendons"" with “experiencing difficulties with his wrist tendons,” which is more accessible.  “Wrist” clarifies what kind of tendon issue it is.

**Option 2 (Slightly More Concise):**

""Just a few months before the London Paralympics, he started having issues with his tendons.”

*   **Why it works:** Uses “issues” instead of “problems” – a common and easily understood term.

**Option 3 (Breaking it Down - For Enhanced Understanding):**

""Around six months before the London Paralympics, he noticed he had trouble with his tendons. This meant he felt pain or stiffness in his wrists.""

*   **Why it works:**  This breaks down the initial statement into smaller parts. It explains *why* he was experiencing issues – pain or stiffness.

**Option 4 (Combining Elements - A Balanced Approach):**

"""
Esophageal candidiasis is an opportunistic infection of the esophagus by Candida albicans.,"Okay, here are a few options for rewriting that sentence, aiming for clarity and natural English flow while preserving the core meaning:

**Option 1 (More Detailed - Good for Beginners):**

""Candida albicans, a type of yeast, can sometimes infect the lining of your esophagus – the part of your digestive tract that connects your mouth to your stomach. This infection is called esophageal candidiasis.""

**Option 2 (Slightly More Concise):**

""Candida albicans, a yeast, can cause an infection in the esophagus.  This happens when the lining of your esophagus gets invaded by the yeast.""

**Option 3 (Breaking it Down - For Easier Understanding):**

“Sometimes, a yeast called *Candida albicans* can grow inside the walls of your esophagus. This leads to an infection called esophageal candidiasis.”

---

**Why these changes were made:**

*   **""Opportunistic infection""**: Replaced with ""can sometimes infect"" or ""can cause an infection"" to explain the concept more clearly.
*   **""the esophagus""**: Simplified to ""the lining of your digestive tract"" or ""the esophagus"" for broader understanding.
*   **""connecting your mouth to your stomach"
"During childhood, she suffered from partially collapsed lungs twice, had pneumonia four to five times a year, as well as a ruptured appendix and a tonsillar cyst.","Okay, here's a rewritten version of that sentence, aiming for clarity for someone who’s learning English and potentially unfamiliar with medical terminology:

**Option 1 (More Detailed - Good for Understanding):**

“When she was growing up, she experienced several health problems during her childhood. She often had trouble breathing – two times she suffered from partially collapsed lungs.  She also had pneumonia repeatedly throughout the year, around four to five times.  In addition, she sometimes had a ruptured appendix and a tonsillar cyst.”

**Option 2 (Slightly Shorter & Focused):**

“Growing up, she faced several respiratory issues. Twice she struggled with partially collapsed lungs, and she frequently had pneumonia.  She also experienced a ruptured appendix and a tonsillar cyst throughout the year.”

**Option 3 (Breaking it Down - For Maximum Clarity):**

“As a child, she had several health problems. First, she had two episodes where her lungs collapsed. Second, she had pneumonia many times a year.  She also had a ruptured appendix and a tonsillar cyst at different times.”

---

**Why these changes were made:**

*   **Complex Words:** Replaced phrases like ""suffered from partially collapsed lungs"""
Drooling or a very sick appearance indicate other medical conditions.,"Okay, here are a few options for rewriting that sentence, aiming for clarity and natural English flow while preserving the core meaning:

**Option 1 (More Detailed & Explanatory):**

""Signs of illness, like drooliness or a noticeably unwell state, often point to something else going wrong with your health. It could be a sign of a more serious medical problem.""

**Option 2 (Slightly Shorter & More Direct):**

""If you’re drooling or looking very sick, it might mean another medical issue is present.""

**Option 3 (Breaking it Down - Good for Clarity):**

“Drooling or appearing very unwell could signal that there’s a different medical condition affecting you.  It's a possible indication of something more serious.”


---

**Why these changes work:**

*   **Replaced Complex Words:** ""Indicate"" became ""point to,"" ""indicate"" became ""signal,"" ""demonstrate"" became ""might mean.""
*   **Simplified Language:** Phrases like “a very sick appearance” were rephrased as “noticeably unwell” or “looking very sick”.
*   **Removed Redundancy:**  Phrases like ""other medical conditions"
"Donald Hopkins has written, `` Jenner 's unique contribution was not that he inoculated a few persons with cowpox, but that he then proved ( by subsequent challenges ) that they were immune to smallpox.","Okay, here's a rewritten version of the sentence, aiming for clarity and natural English flow while preserving the core meaning:

**Option 1 (More Detailed):**

“Donald Hopkins wrote, ‘Jenner’s unique contribution wasn’t simply about inoculating people with cowpox; rather, he demonstrated later that they possessed immunity against smallpox.’”

**Option 2 (Slightly More Concise - Good for Flow):**

“Donald Hopkins pointed out that Jenner’s contribution was not just about giving people cowpox inoculation, but that he showed later that they were naturally resistant to smallpox.”

**Option 3 (Breaking it Down – If you want to really simplify):**

“Donald Hopkins said that Jenner didn’t just give people cowpox shots; he proved that they couldn’t catch smallpox.  Later, he demonstrated this fact.”


**Why these changes work:**

*   **Replaced Complex Words:** “that he inoculated” became “didn’t simply about inoculating” or “didn’t just give…”
*   **Simplified Language:** Phrases like ""was not that"" became ""wasn’t simply about"" or ""didn’t just...""
*   **Removed Redund"
"Treprostinil can be given intravenously or subcutaneously, but the subcutaneous form can be very painful.","Okay, here's a rewritten version of that sentence, aiming for clarity for someone who’s learning English and potentially unfamiliar with medical terminology:

**Option 1 (More Detailed - Good for Understanding):**

“Treprostinil can be administered either through the veins (intravenous) or under the skin (subcutaneous). However, the subcutaneous form can often cause significant pain.”

**Option 2 (Slightly More Concise):**

“Treprostinil can be given as an injection into the bloodstream (intravenous) or directly into the skin (subcutaneous).  But, the subcutaneous route can sometimes be quite uncomfortable.”

**Option 3 (Breaking it Down – For Easier Processing):**

“Treprostinil can be delivered in two ways: intravenously (through a vein) or under the skin (directly on the surface).  However, the area where you inject it might feel very sensitive when using the subcutaneous method.”


**Why these changes work:**

* **Replaced Complex Words:** ""Treprostinil"" became ""Treprostinil,"" ""intravenously"" became ""through the veins,"" ""subcutaneously"" became ""directly into the skin,"" and ""can be given"" became ""can be"
Most patients eventually require institutionalization.,"Here are a few options for rewriting that sentence, aiming for clarity for an English speaker unfamiliar with the nuances of medical terminology:

**Option 1 (More Explanatory):**

""Eventually, many people need to go into a hospital or care facility because they’re unable to look after themselves.""

*   **Why it works:** This replaces “require institutionalization” with a more relatable phrase – needing help from a hospital.  It also clarifies the reason – lack of ability to manage independently.

**Option 2 (Slightly More Detailed - Still Relatively Simple):**

""As a result, some individuals often find themselves needing to live in a hospital or other care center due to their health conditions.”

*   **Why it works:** ""As a result"" is a good transition word. ""Individuals"" is broader than ""patients,"" and ""health conditions"" provides context.

**Option 3 (Breaking it Down - Good for Understanding Complexities):**

“If someone isn't able to take care of themselves, they might end up needing to be hospitalized.  This happens because they have serious health problems.”

*   **Why it works:** This breaks down the initial statement into smaller parts. It explains *why*"
"Most patients have pelvic pain (which is sometimes crampy), vaginal bleeding, or both.","Okay, here are a few options for rewriting that sentence, aiming for clarity and natural English flow while preserving the core meaning:

**Option 1 (More Detailed - Good for Beginners):**

""Many people experience pain in their pelvis – sometimes it feels like a muscle ache.  They might also notice some bleeding from their vagina.""

**Option 2 (Slightly More Concise):**

""Some patients report pain in their pelvis, which can feel like cramps, and sometimes they also experience vaginal bleeding.""

**Option 3 (Breaking it Down - For Easier Processing):**

“A lot of people suffer from pelvic pain. It can sometimes be uncomfortable, like a muscle tightening.  In addition, they might also have light bleeding from their vagina.”

---

**Why these changes work:**

* **Simpler Vocabulary:** Words like ""having"" were replaced with more common alternatives like “experience” or “report”.
* **Rephrasing:** Instead of saying ""has pelvic pain,"" we use phrases like ""experience pain in their pelvis"" or ""report pain in their pelvis"".
* **Adding Context:** Adding ""which can feel like a muscle tightening"" helps clarify the sensation.
* **Using Parallel Structure:** Using similar"
"In humans, it is defined as a body core temperature below 35.0°C ( 95.0°F ).","Okay, here are a few options for rewriting that sentence, aiming for clarity for someone who’s learning English or isn’t fluent:

**Option 1 (More Detailed - Good for Beginners):**

""When a person's body temperature drops below 35 degrees Celsius (95 degrees Fahrenheit), this is considered a problem.""

**Option 2 (Slightly More Concise):**

""It’s normal for a person’s body temperature to drop below 35°C. If it happens, it could be serious.""

**Option 3 (Focus on the Core Idea - Clearer):**

“If your body temperature falls below 35°C, it means your internal temperature has dropped significantly.”

**Option 4 (Breaking it Down - For Easier Processing):**

Here’s a breakdown: “Humans have a body temperature typically between 35°C and 36°C.  If it drops below 35°C, it’s a concerning situation.”


---

**Why these changes work:**

* **Simpler Vocabulary:** Words like ""defined,"" ""normal,"" ""significant,"" and ""drop"" were replaced with more common alternatives.
* **Reph"
An analog-to-digital converter ( ADC ) performs the reverse function.,"Okay, here are a few options for rewriting that sentence, aiming for clarity for someone who’s learning English and doesn’t be familiar with technical jargon:

**Option 1 (More Explanatory):**

""A device called an ‘analog-to-digital converter’ (ADC) does the opposite – it converts signals from the past (analog) into digital numbers.""

**Option 2 (Slightly More Concise):**

""An analog-to-digital converter (ADC) transforms signals from the old days (analog) into digital data.""

**Option 3 (Breaking it Down - Good for Clarity):**

“Imagine a device that takes signals from the past (like radio waves or light) and turns them into digital information (like computer code). That's what an analog-to-digital converter (ADC) does.”

**Option 4 (Focus on the Core Concept):**

“An ADC changes analog signals into digital signals – essentially converting something that wasn’t meant to be a number into one that *can* be counted.”


---

**Why these revisions work:**

* **Simpler Vocabulary:** Words like ""performs the reverse function"" became ""does the opposite"" or ""transforms..."""
"Complicated UTIs are more difficult to treat and usually requires more aggressive evaluation, treatment and follow-up.","Okay, here's a rewritten version of that sentence, aiming for clarity for someone who’s learning English and doesn’t be familiar with medical jargon:

**Option 1 (More Detailed - Good for Understanding):**

“Having a UTI (Urinary Tract Infection) is harder to fix and often needs a more thorough examination and treatment plan. It also typically involves more careful monitoring afterward.”

**Option 2 (Slightly Shorter & More Direct):**

“UTIs are harder to cure and generally require more testing and stronger treatments, along with ongoing checks.”

**Option 3 (Breaking it Down – If you want to really simplify):**

“When you have a UTI, it’s trickier to get rid of.  It usually needs a more detailed check-up and stronger medicine, plus we need to keep an eye on your health afterwards.”


**Why these changes work:**

*   **Replaced Complex Words:** “Complicated” became “harder to fix,” “requires” became “needs,” “usually” became “generally,” “evaluation” became “examination,” “treatment” became “treatment plan,” “follow-up” became “monitoring afterward,” “testing” became “check-up,”"
"Nonetheless, when he fell ill with smallpox, Anne Marie nursed him until his recovery.","Okay, here are a few options for rewriting that sentence, aiming for clarity and natural English flow while preserving the core meaning:

**Option 1 (More Direct):**

""When he got sick with smallpox, Anne Marie took care of him all the way through his recovery.""

*   **Explanation:** This replaces phrases like ""fell ill with"" with “got sick with,” “until” with “all the way through,” and “nursed” with “took care of.”

**Option 2 (Slightly More Detailed - Still Simple):**

""While he was suffering from smallpox, Anne Marie cared for him throughout his recovery.""

*   **Explanation:**  This uses “suffering from” which is a good synonym for “fell ill with,” and “cared for” to express the action of nursing.

**Option 3 (Breaking it Down – Good for Clarity):**

“When he contracted smallpox, Anne Marie stayed with him until he recovered.”

*   **Explanation:** This breaks down the original sentence into three shorter sentences, making it easier to follow. “Contracted” means became ill, and “stayed with” means continued to care for him.

---

To help me refine"
"Myoclonus can vary in amplitude, frequency, and distribution.","Okay, here are a few options for rewriting that sentence, aiming for clarity and natural English flow while preserving the core meaning:

**Option 1 (More Detailed - Good for Beginners):**

""The sound produced by Myoclonus can change in different ways – how loud it is, how fast it sounds, and where it’s happening. It might be quiet, or very strong, or spread out in different places.""

**Option 2 (Slightly More Concise):**

""Myoclonus's sound can shift in terms of loudness, speed, and location.  It could be faint, loud, or appear in various spots.""

**Option 3 (Focus on Core Idea - Slightly more formal but still accessible):**

“The sound produced by Myoclus can change in terms of its intensity (how loud it is), its rhythm (how fast it goes), and where it’s occurring.”


---

**Why these changes work:**

* **Simpler Vocabulary:** Words like ""vary,"" ""distribution,"" and ""amplitude"" were replaced with more common alternatives like ""change,"" ""location,"" and ""loudness.""
* **Rephrasing:** Instead of saying “can vary,” we used phrases"
A measles epidemic and food shortages during 1900 reduced the population of the area by one-third.,"Okay, here are a few options for rewriting that sentence, aiming for clarity for an English speaker unfamiliar with the specific details, along with explanations of why I made each change:

**Option 1 (More Detailed - Good for general understanding):**

""During the year 1900, a severe measles outbreak caused a significant drop in the population of the region.  As a result, the population decreased by approximately one-third.""

* **Changes Made:**
    * ""a measles epidemic and food shortages"" became ""a severe measles outbreak"" – more direct and easily understood.
    * ""reduced the population of the area"" became ""caused a significant drop in the population of the region"" – rephrased for better flow.
    * ""by one-third"" remained unchanged as it's a precise numerical value.


**Option 2 (Slightly More Concise - Still Clear):**

""A large measles infection led to a substantial decline in the population of the area during 1900. This resulted in roughly one-third fewer people.""

* **Changes Made:**
    * “a measles infection” is a shorter way to describe the event.
    * “led to a substantial decline"
A detailed family history is established to determine whether the disease might be familial.,"Okay, here are a few options for rewriting that sentence, aiming for clarity and natural English flow while preserving the core meaning:

**Option 1 (More Detailed & Explanatory):**

""To figure out if the illness could have a family connection, we’ve started collecting information about our ancestors. This helps us investigate whether the disease might be passed down through our families.""

**Option 2 (Slightly More Concise):**

""We’re researching to see if the disease might be inherited from our family members.  This means we’re looking at our family history to see if there's a genetic link.""

**Option 3 (Breaking it Down - Good for Clarity):**

“To learn if the disease might be linked to our family lineage, we’re currently gathering information about our parents and grandparents.  This allows us to explore potential genetic connections.”

**Option 4 (Focus on the Investigation):**

“As a preliminary step, we’re investigating whether the disease could be related to our family history. We’re examining our family records to see if there’s a pattern or inheritance.”


---

**Why these changes work:**

* **Simpler Vocabulary:** Words like ""established,"""
"In 1991, the Abolition of Racially Based Land Measures Act was passed, repealing laws enforcing racial segregation, including the Group Areas Act.","Okay, here are a few options for rewriting that sentence, aiming for clarity for an English speaker unfamiliar with legal jargon, along with explanations of why I made each change:

**Option 1 (More Detailed - Good for general understanding):**

""In 1991, a law called the Abolition of Racially Based Land Measurement Act went into effect. This law ended laws that forced people to live separately based on their race, like the Group Areas Act.""

*   **Changes Made:**
    *   “was passed” became “went into effect” – more natural phrasing.
    *   “repealing laws” changed to “ended laws” – clearer meaning.
    *   “enforcing racial segregation” changed to “forced people to live separately based on their race” – explained the core concept.
    *   “including the Group Areas Act” remains the same – important detail.


**Option 2 (Slightly More Concise - Still Clear):**

""In 1991, a law prohibiting racially segregated land use was enacted. Specifically, it repealed laws like the Group Areas Act.""

*   **Changes Made:**
    *   Rephrased ""abolition of racially based land"
Nonconvulsive status epilepticus is being increasingly recognized as a cause of altered mental status in ICU patients.,"Okay, here are a few options for rewriting that sentence, aiming for clarity and natural English flow while preserving the core meaning:

**Option 1 (More Detailed - Good for general understanding):**

""Doctors are now noticing that a condition called ‘nonconvulsive status epilepticus’ can happen in intensive care units (ICUs) and cause confusion in patients. This means they are experiencing abnormal brain activity.""

**Option *2 (Slightly more concise):**

""It's becoming known that ‘nonconvulsive status epilepticus’ – a problem where the brain isn’t working properly – can occur in patients hospitalized in the ICU.""

**Option *3 (Focus on the key point):**

“A rare condition called ‘nonconvulsive status epilepticus’ is appearing in hospitals, leading to confusion in patients.”


**Explanation of Changes Made:**

*   **“Nonconvulsive”** was replaced with “a condition that doesn’t involve convulsions” or “a problem where the brain isn’t functioning normally”.  This helps explain the concept.
*   **“Status epilepticus”** was simplified to ""a condition where the brain isn't working properly"".
*   **“ICU patients”"
"Gout can present in a number of ways, although the most usual is a recurrent attack of acute inflammatory arthritis ( a red, tender, hot, swollen joint ).","Okay, here's a rewritten version of that sentence, aiming for clarity for someone who’s learning English and doesn’t be familiar with medical terminology:

**Option 1 (More Detailed):**

“Inflammation of the joints (called gout) can happen in various ways.  The most common type is an ongoing, painful flare-up of inflammation in one or more joints – they feel red, warm, and have swelling.”

**Option 2 (Slightly More Concise - Still Clear):**

“Gout often appears as multiple episodes of pain and inflammation in different joints. This usually looks like inflamed, red, and swollen joints.”

**Option 3 (Breaking it Down - For Maximum Clarity):**

“When gout occurs, it happens repeatedly. It typically involves inflammation affecting multiple joints – think of them as feeling very red, warm, and swollen.  It’s not a single joint problem but rather a series of painful flares.”


**Why these changes were made:**

*   **""Present in a number of ways""**: Replaced with ""happens in various ways"" or ""occurs as...""
*   **""Recurrent attack of acute inflammatory arthritis""**: Reworded to “an ongoing"
"They include a wide variety of pathogens, such as Escherichia, Salmonella, Vibrio, Helicobacter, and many other notable genera.","Okay, here are a few options for rewriting that sentence, aiming for clarity for an English speaker unfamiliar with the specific terminology:

**Option 1 (More Detailed - Good for general understanding):**

""There are many different kinds of germs – like *Escherichia*, *Salmonella*, *Vibrio*, and numerous other well-known bacterial species. ”

**Option 2 (Slightly More Concise):**

""Various types of germs are present, including *Escherichia*, *Salmonella*, *Vibrio*, and many others.""

**Option 3 (Focus on the Variety - Emphasizes the Scope):**

“Numerous bacteria, such as *Escherichia*, *Salmonella*, *Vibrio*, and many more, are found in this mixture.”

**Option 4 (Breaking it Down - If you want to explain each element):**

“Different types of germs exist, including *Escherichia*, *Salmonella*, *Vibrio*, and a large number of other recognized bacterial strains.”


**Why these changes work:**

*   **Simpler Vocabulary:** Replaced phrases like ""include a wide variety of pathogens"" with terms like ""many different kinds of germs"" or ""various types of germs"
Familial Alzheimer 's disease and familial Parkinson 's disease are two accelerated aging diseases associated with aged individuals; they affect only one tissue and can be classified as unimodal progeroid syndromes.,"Okay, here's a rewritten version of that sentence, aiming for clarity for someone who’s learning English and unfamiliar with medical terminology:

**""When older adults experience Alzheimer’s disease or Parkinson’s disease, their bodies age faster than usual. This affects only one part of their body – often the brain or muscles – and is called a ‘progeroid syndrome.’""**

Here’s a breakdown of what was changed and why:

*   **""Familial Alzheimer's disease and familial Parkinson's disease""** became **""When older adults experience Alzheimer's disease or Parkinson's disease""**:  This is much more straightforward. It directly states the relationship.
*   **""are two accelerated aging diseases""** became **""their bodies age faster than usual.""**: This simplifies the phrasing and explains the core concept. ""Accelerated aging"" is a bit technical; “ageing faster” is clearer.
*   **""associated with aged individuals""** became **""This affects only one part of their body – often the brain or muscles…""**: This rephrases this phrase to be easier to grasp.
*   **""they affect only one tissue""** became **""This affects only one part of"
"In 2000, approximately 256,000 children and adults around the world developed a form of leukemia, and 209,000 died from it.","Okay, here are a few options for rewriting that sentence, aiming for clarity for an English speaker unfamiliar with the specific details, along with explanations of why I made each change:

**Option 1 (More Detailed - Good for general understanding):**

""Around the globe in the year 2000, about 256,000 children and people who lived there experienced leukemia. At the same time, 209,000 people unfortunately died as a result of this illness.""

*   **Changes Made:**
    *   “In 2000” became “Around the globe in the year 2000.” This is more natural phrasing.
    *   “approximately” changed to “about” – slightly less formal and clearer.
    *   “developed a form of leukemia” changed to “experienced leukemia” –  simpler vocabulary.
    *   “around the world” added context.
    *   “children and adults” clarified to “children and people who lived there”.
    *   “died from it” changed to “died as a result of this illness” – rephrased for better flow.


**Option 2 (Slightly More"
"Olfactory seizures, manifested as an aura of foul smells (rotten eggs, burnt meat), indicate temporal lobe involvement and suggest HSV encephalitis.","Okay, here's a rewritten version of that complex sentence, aiming for clarity for someone who’s learning English and doesn’t be familiar with specific medical terminology:

**Revised Sentence:**

“Feeling like having a strong smell – like rotten eggs or burnt food – is unusual and could be caused by a problem in your brain, specifically the temporal lobe. This might be related to herpes virus infection.”

Here’s a breakdown of what was changed and why:

*   **""Olfactory seizures, manifested as an aura of foul smells...""**  This was significantly lengthened and reworded. “Feeling like having a strong smell” captures the core idea more directly. ""Manifested as an aura of foul smells"" translates to ""feeling like having a strong smell - which is accompanied by unpleasant odors.""
*   **""...(rotten eggs, burnt meat)""**  These are translated as ""like rotten eggs or burnt food,"" which is clearer.
*   **""indicate temporal lobe involvement and suggest HSV encephalitis.""** This was simplified to ""this might be caused by a problem in your brain, specifically the temporal lobe. This might be related to herpes virus infection.""  It replaces the formal phrase with a more understandable explanation. ""Temporal lobe"
An adaptive trait is an aspect of the developmental pattern of the organism which enables or enhances the probability of that organism surviving and reproducing.,"Okay, here are a few options for rewriting that sentence, aiming for clarity for someone who’s learning English and doesn’t be familiar with specific scientific jargon:

**Option 1 (More Explanatory):**

""Having a special characteristic – an adaptation – helps a living thing survive longer and have more children. It makes it more likely that the creature will live and pass on its genes.""

**Option 2 (Breaking it Down):**

“Developmental changes in organisms help them stay alive and continue passing on their traits.  A ‘trait’ is something that increases the chances of survival and reproduction.”

**Option 3 (Focusing on the Core Idea - Slightly More Formal):**

“In development, some features help organisms survive better and produce more offspring. This means they have a higher chance of living and continuing to pass on their genetic information.”


---

**Why these revisions work:**

*   **Simpler Vocabulary:** Words like ""aspect,"" ""pattern,"" ""enhance,"" ""probability,"" ""children,"" ""genes,"" and ""characteristics"" were replaced with more common alternatives.
*   **Rephrasing:** I've reworded phrases to avoid overly formal language.
*   **Reduced Complexity:**"
"Endoscopy means looking inside and typically refers to looking inside the body for medical reasons using an endoscope, an instrument used to examine the interior of a hollow organ or cavity of the body.","Okay, here's a rewritten version of that sentence, aiming for clarity for someone who’s learning English and doesn’t be familiar with medical terminology:

**“An endoscopy is a procedure where a doctor uses a thin tube called an endoscope to look inside your body – specifically, inside your organs like your stomach or intestines. This tool helps doctors diagnose problems or check what’s going on internally.”**

Here’s a breakdown of why I made these changes:

*   **""Endoscopy means looking inside...""**  Simplified to ""An endoscopy is a procedure where a doctor looks inside..."" - It clearly states the action being performed.
*   **""...and typically refers to looking inside the body...""**  Replaced with ""where a doctor looks inside your body"" - More straightforward.
*   **""...using an instrument called an endoscope...""** Explained as ""a thin tube called an endoscope"" - Easier to grasp the concept.
*   **""...to examine the interior of a hollow organ or cavity of the body.""** Rephrased as ""This tool helps doctors diagnose problems or check what’s going on internally."" -  More accessible language.

Let me know if you'd like me to tweak"
"Pain is typically in the perineum but may be perceived at the tip of the penis, lower back, or testes.","Okay, here are a few options for rewriting that sentence, aiming for clarity for someone who’s learning English and doesn’t be familiar with medical terminology:

**Option 1 (More Detailed - Good for Beginners):**

""Pain often feels in the area around the anus – the rear end – or sometimes it can feel near the penis, in the lower back, or even in the testicles.""

**Option 2 (Slightly Shorter & More Direct):**

""Pain can appear in different places: around the anus, lower back, or near the testicles.""

**Option 3 (Breaking it Down - For Easier Processing):**

“Pain can occur in several locations: the area around your anus, the lower back, or near the male reproductive organs like the testicles.”

---

**Why these changes were made:**

*   **Replaced Complex Words:** “Perineum” became “area around the anus,” “lower back” became “lower back,” and “testes” became “male reproductive organs”.
*   **Simplified Language:** Phrases like ""typically in"" were replaced with more straightforward expressions.
*   **Added Context:**  Providing examples of where pain *could* be felt helped"
"Pain is usually felt over the inflamed site, but referred pain is possible.","Okay, here are a few options for rewriting that sentence, aiming for clarity and natural English flow while preserving the core meaning:

**Option 1 (More Detailed - Good for Beginners):**

""Pain often appears where the area is red and painful – this is called localized pain. However, sometimes the pain feels different, like it’s coming from another place. This is known as referred pain.""

**Option 2 (Slightly Shorter & More Direct):**

""When pain occurs at a specific spot, it might feel like it's originating elsewhere.  It’s also possible for the pain to feel like it’s coming from a different location.""

**Option 3 (Breaking it Down - For Easier Processing):**

“Pain typically happens where something is hot or irritated. Sometimes, though, the pain feels like it’s originating from somewhere else – this is called referred pain.”

---

**Why these changes were made:**

* **Replaced Complex Words:** ""is usual,"" ""felt over,"" ""referred,"" ""is possible"" were replaced with more common and understandable alternatives.
* **Paraphrased:** Phrases like “pain is usually felt” became “pain often appears” or “pain frequently occurs"
Pyelonephritis is treated more aggressively than a simple bladder infection using either a longer course of oral antibiotics or intravenous antibiotics.,"Okay, here are a few options for rewriting that sentence, aiming for clarity for an English speaker unfamiliar with medical terminology, along with explanations of why I made each change:

**Option 1 (More Detailed & Explanatory):**

""When someone has a urinary infection (pyelonephitis), doctors usually prescribe stronger medications – like taking multiple courses of oral antibiotics over a longer period or getting intravenous antibiotics directly into their bloodstream. This approach is often used when the infection is more serious.""

*   **Changes Made:**
    *   “Pyelonephritis” became “someone has a urinary infection” -  This is more accessible.
    *   “treated more aggressively” became “doctors usually prescribe stronger medications” -  A clearer explanation of the action.
    *   “longer course of oral antibiotics” became “taking multiple courses of oral antibiotics over a longer period” - Simplified phrasing.
    *   “intravenous antibiotics” became “getting intravenous antibiotics directly into their bloodstream” - Easier to understand the process.
    *   “this approach is often used” became “This approach is often used” - More natural flow.
    *   “when the infection is more serious” added context.


**Option 2"
"The outcome is frequently coma, with over 90 % of patients with severe DAI never regaining consciousness.","Okay, here are a few options for rewriting that sentence, aiming for clarity and natural English flow while preserving the core meaning:

**Option 1 (More Detailed - Good for general understanding):**

""In many cases, patients suffering from severe lung damage due to a heart attack (a condition called acute respiratory distress syndrome or ALI) often don’t wake up.  About 90% of these patients don't regain normal consciousness.""

**Option 2 (Slightly Shorter & More Direct):**

""A significant number of patients with severe lung damage from heart attacks rarely recover consciousness.  Over 90% of them fail to awaken.""

**Option 3 (Focus on the Problem - Emphasizes the Difficulty):**

""Many people with severe lung problems caused by heart attacks don’t regain their ability to stay awake.  Around 90% of those patients experience this problem.""

---

**Why these changes work:**

* **Replaced Complex Words:** ""outcome,"" ""coma,"" ""over 90 percent,"" ""retaining consciousness"" were replaced with more common and understandable terms.
* **Paraphrased:** Phrases like “the outcome is frequently coma” became “in many cases,"
"Patients are taller than average for age and family; arm span exceeds height. Arachnodactyly (disproportionately long, thin digits) is noticeable, often by the thumb sign (the distal phalanx of the thumb protrudes beyond the edge of the clenched fist).","Okay, here's a rewritten version of that complex sentence, aiming for clarity for an English speaker unfamiliar with medical terminology and nuanced descriptions:

**Option 1 (More Detailed - Good for Understanding):**

“Children tend to be taller than their peers at this age and come from families who are also tall.  Their fingers are unusually long – they have a very wide finger span.  A peculiar characteristic called ‘arcodactyly’ is observed, where the little finger (the distal phalanx) extends significantly beyond the tip of their hand.”

**Option 2 (Slightly More Concise - Still Clear):**

“Young people generally grow taller than others of their age and family. Their fingers are exceptionally long, extending far beyond the end of their hand. This phenomenon is known as ‘arcodactyly,’ where the little finger noticeably protrudes.”

**Option 3 (Breaking it Down - For Maximum Clarity):**

“Here’s what’s interesting about children: They’re typically taller than other kids their age.  And even more surprising, their fingers are incredibly long – they extend much further than you would expect.  This is called ‘arcodactyly’, where the little finger stretches beyond the"
"Patients may present with systemic symptoms such as fever (usually low - grade), fatigue, malaise, unexplained weight loss, and sweats. Some patients are initially diagnosed as having fever of unknown origin.","Okay, here's a rewritten version of that sentence, aiming for clarity for an English speaker unfamiliar with medical terminology:

**Option 1 (More Detailed):**

""People experiencing symptoms like feeling hot and tired – often mild – might also feel weak or unwell. They could lose weight unexpectedly, and they might sweat too. Sometimes doctors don’t know exactly why they started feeling this way.""

**Option 2 (Slightly More Concise):**

""Sometimes people get sick with symptoms like feeling warm and tired, feeling weak, losing weight, and sweating. Doctors sometimes don’t know what’s causing these problems.""

**Option 3 (Breaking it Down - If you want to really simplify):**

“When someone feels sick, they might have a fever – usually just a slight warmth – along with tiredness, feeling unwell, losing weight, and sweating.  Doctors aren’t always sure why they feel this way.”


**Why these changes work:**

* **Replaced Complex Words:** ""systemic symptoms,"" ""unexplained origin,"" ""malaise,"" ""sweats,"" ""unexpectedly,"" and ""doctors"" were replaced with more common and understandable terms.
* **Paraphrased:** Phrases like “presenting with"
"Patients suspected of having stomach cancer should have endoscopy with multiple biopsies and brush cytology. Occasionally, a biopsy limited to the mucosa misses tumor tissue in the submucosa.","Okay, here's a rewritten version of that complex sentence, aiming for clarity for an English speaker unfamiliar with medical terminology and nuanced phrasing:

**Option 1 (More Detailed - Good for Understanding):**

""If doctors suspect a patient might have stomach cancer, they should first perform an endoscopy with multiple small tissue samples taken throughout their stomach.  In addition, they’ll also take biopsies from specific areas within the lining of the stomach – particularly focusing on the deeper layers. Sometimes, a biopsy only taken on the surface of the stomach might not capture all the cancerous tissue located closer to the stomach wall.""

**Option 2 (Slightly Shorter & More Direct):**

""When doctors think a patient has stomach cancer, they typically start with an endoscopy to examine the entire stomach. They will then take multiple tissue samples and biopsies from different parts of the stomach lining, specifically targeting the deeper tissues. Occasionally, a biopsy focused on the outer layer might miss some cancerous cells.""


**Here’s a breakdown of why these changes were made:**

*   **“Suspected” changed to “might have”**: This is more conversational and less formal.
*   **“with multiple biopsies and brush cytology” changed to “with multiple small tissue"
Rates of asymptomatic bacteria in the urine increase with age from two to seven percent in women of child bearing age to as high as 50 % in elderly women in care homes.,"Okay, here's a rewritten version of that sentence, aiming for clarity for an English speaker unfamiliar with medical terminology and complex phrasing:

**""In women who are pregnant or have recently given birth, there’s often a higher proportion of harmless bacteria in their urine compared to younger women. However, this percentage can significantly rise – up to 50% – in older women living in nursing homes or other care facilities.""**

Here’s a breakdown of what was changed and why:

*   **“Rates of asymptomatic bacteria…”** became **“In women who are pregnant or have recently given birth…”** - This is more direct and easier to grasp.  ""Rates"" is replaced with ""proportion"" which has a clearer meaning.
*   **“…increase with age…”** became **“There’s often a higher proportion of harmless bacteria…”** - This simplifies the idea of “increase” to “higher proportion.”
*   **“…from two to seven percent…”** became **“This percentage can significantly rise – up to 50%…”** -  Replaced the specific numbers with a more descriptive phrase.
*   **“…in women of child bearing age to as high as 50 %…”** became **"
"The effect is remarkable because, under certain circumstances, it can last up to three months or more.","Okay, here are a few options for rewriting that sentence, aiming for clarity and natural English flow while preserving the core meaning:

**Option 1 (More Detailed - Good for general understanding):**

""This phenomenon is very significant – it can persist for up to three months or even longer in certain situations.""

**Option 2 (Slightly Shorter & More Direct):**

""It’s remarkably long-lasting; sometimes it continues for up to three months.""

**Option 3 (Focus on Duration - Emphasizes the length):**

""In some cases, this effect lasts for a period of up to three months or more.""

**Option 4 (Breaking it Down - If you want to explain the concept):**

“When things happen under specific conditions, it can continue for several months, sometimes even lasting up to three.”


---

**Why these changes work:**

* **Simpler Vocabulary:** Words like ""effect,"" ""under certain circumstances,"" and ""longer"" were replaced with more common alternatives.
* **Rephrasing:**  Phrases like “it can last” became “it persists” or “it continues to last”.
* **Compression:**  The original sentence was streamlined to remove"
Seven days of the oral fluoroquinolone ciprofloxacin is typically used in areas where the resistance rate is less than 10 %.,"Okay, here's a rewritten version of that sentence, aiming for clarity for someone who’s learning English and doesn’t be familiar with medical jargon:

**Option 1 (More Detailed - Good for Understanding):**

""For seven days, doctors often use a medication called fluoroquinolone ciprofloxacin in places where there isn’t much resistance to it – basically, it’s not very common.""

**Option 2 (Slightly More Concise):**

""Fluoroquinolone ciprofloxacin is commonly prescribed for seven days in areas with low resistance levels.""

**Option 3 (Breaking it Down - If you want to really simplify):**

“Doctors sometimes give this medication, fluoroquinolone ciprofloxacin, for about seven days. It’s usually used when there aren’t many people fighting against it.”


**Why these changes work:**

*   **Replaced Complex Words:** ""oral fluoroquinolone ciprofloxacin"" became ""fluoroquinolone ciprofloxacin,"" which is more understandable.  ""is typically used"" became ""often use"" or ""is commonly prescribed"".
*   **Simplified Language:** Phrases like ""areas where the resistance rate is less than 10%"" were replaced with phrases like ""places where there"
The study also indicated that increased ejaculation through masturbation rather than intercourse would be more helpful as intercourse is associated with diseases ( STDs ) that may increase the risk of cancer instead.,"Okay, here are a few options for rewriting the sentence, aiming for clarity and natural English flow while preserving the core meaning:

**Option 1 (More Detailed - Good for Beginners):**

""Research showed that having more frequent ejaculations from masturbation – rather than having sex – might be beneficial because sexual activity with a penis (like intercourse) carries risks of sexually transmitted infections like certain diseases which could potentially lead to cancer.""

**Option *2 (Slightly More Concise):**

""Studies found that regularly ejaculating from masturbation might help reduce the risk of certain cancers linked to intercourse.""

**Option *3 (Focus on the Benefit):**

“A study suggests that frequently ejaculating from masturbation could offer protection against certain illnesses, as frequent intercourse sometimes increases the chance of contracting diseases like those that could cause cancer.”


**Here’s why these changes were made:**

*   **Replaced Complex Words:** ""The study also indicated"" became ""Research showed,"" ""increased ejaculation through masturbation rather than intercourse"" became ""having more frequent ejaculations from masturbation,"" etc.
*   **Simplified Language:** Phrases like “would be more helpful” were replaced with clearer expressions like “might be beneficial” or “could offer"
Waist circumference and BP,"Okay, here are a few options for rewriting that complex sentence, aiming for clarity and natural English flow while preserving the core meaning:

**Option 1 (More Detailed - Good for Beginners):**

""Your waist circumference and your blood pressure (BP) are important measurements.  Waist circumference refers to how wide your waist is, and blood pressure measures how fast your heart beats – it’s a measure of how strong your circulatory system is.""

**Option 2 (Slightly Shorter & More Direct):**

""Your waist size and your blood pressure are key indicators. Waist circumference tells you how wide your waist is, while blood pressure indicates how quickly your heart pumps. It's a way to assess your cardiovascular health.""

**Option 3 (Breaking it Down - For Easier Processing):**

“You can check your waist circumference and your blood pressure. Your waist circumference measures how wide your waist is. Blood pressure measures how fast your heart beats. A healthy heart needs a good blood pressure reading.”

---

**Why these changes work:**

* **Simpler Vocabulary:** Words like ""waist circumference,"" ""blood pressure,"" and ""BP"" were replaced with more common alternatives.
* **Paraphrasing:** I reph"
Routine hip x-rays are diagnostic.,"Here are a few options for rewriting that sentence, aiming for clarity for someone unfamiliar with medical terminology:

**Option 1 (More Detailed):**

“Regular X-ray examinations help doctors diagnose problems.”

*   **Why it works:** This replaces “routine hip x-rays” with a more understandable phrase and clarifies the purpose – diagnosis.

**Option 2 (Focus on Purpose):**

“Doctors use X-rays to check the health of your hip.”

*   **Why it works:**  This directly states the function of the imaging – checking the hip’s condition.

**Option 3 (Breaking it Down - Slightly More Complex but Clearer):**

“Checking your hip’s structure with an X-ray is a common way for doctors to find any issues or problems.”

*   **Why it works:** This breaks down the initial statement into smaller parts, explaining *why* it's done.

**Option 4 (Shortest & Most Direct - Still Relatively Clear):**

“Doctors often use X-rays to examine the hip’s bones and joints.”

*   **Why it works:** This is concise and accurately conveys the core meaning.


---

To help me refine the best option"
New Zealand has never had a case of foot-and-mouth disease.,"Here are a few options for rewriting that sentence, aiming for clarity for an English speaker unfamiliar with New Zealand’s history:

**Option 1 (More Detailed):**

""It hasn't happened in New Zealand before that there’s been a case of foot-and-mouth disease.""

**Option 2 (Focus on Clarity - Slightly More Concise):**

""New Zealand has never experienced a outbreak of foot-and-mouth disease.""

**Option 3 (Breaking it Down – Good for Understanding Complexity):**

“New Zealand has always been free of cases of foot-and-mouth disease.”  (This emphasizes the absence.)

**Option 4 (A Combination - Combining elements):**

“New Zealand has never had any outbreaks of foot-and-mouth disease.”


---

**Why these changes work:**

* **“Foot-and-mouth disease”** is a specific and somewhat technical term. Replacing it with “a case of…” or “an outbreak of…” makes it more accessible.
* **“never had”** is a common and clear way to express ""has not happened.""
* **“outbreak”** is a good synonym for “case” when describing a disease outbreak."
A palpable bladder may be present with outlet obstruction. The costovertebral angle may be tender if the kidney is acutely enlarged.,"Okay, here's a rewritten version of that complex sentence, aiming for clarity for someone learning English while preserving its core meaning:

**Option 1 (More Detailed - Good for Understanding):**

“You might feel a fullness in your bladder, and there could be an issue with the opening of the bladder’s channel.  If your kidneys are very big and swollen (acute enlargement), your shoulder blade joint (costovertebral angle) might also feel sensitive or painful.”

**Option 2 (Slightly Shorter & More Direct):**

“Sometimes, you experience a feeling of fullness in your bladder, and it might be due to a problem with the opening of the bladder’s tube. If your kidneys are significantly enlarged (like they’re really big), your shoulder blade joint might also ache or feel sensitive.”


**Here’s a breakdown of why these changes were made:**

*   **""Palable bladder""** became ""feeling of fullness in your bladder.""
*   **""Outlet obstruction""** was rephrased as “an issue with the opening of the bladder’s channel” or “a problem with the opening of the bladder’s tube”. This is more accessible language.
*   **"
"A peripheral ring scotoma (detectable by visual field testing) widens gradually, and central vision may also be affected in advanced cases.","Okay, here's a rewritten version of that sentence, aiming for clarity for someone who’s learning English or unfamiliar with specialized medical terms:

**Option 1 (More Detailed - Good for Understanding):**

“When you look around peripherally (like a faint shadow on the edge of your vision), you notice the light spots become more noticeable over time.  In some cases, this widening effect also affects what you see clearly in the center of your sight.  If the problem gets worse, it might affect your ability to see things clearly.”

**Option 2 (Slightly Shorter & More Direct):**

“As you look slightly outside of your focus, the area around your eyes starts to appear darker.  Over time, this darkening can also impact your ability to see clearly in the middle of your vision. If it worsens, it could mean problems with your eyesight.”

**Option 3 (Breaking it Down – For Maximum Clarity):**

“When you look at something slightly to the side, you start to see faint shadows. Over time, this shadow becomes larger and harder to see.  Sometimes, this shadow also makes it difficult to see clearly in the center of your vision.  If it gets too dark, it could"
for kids Bruises in sports,"Okay, here are a few options for rewriting that sentence, aiming for clarity for someone who’s new to English and doesn’t know much about sports injuries:

**Option 1 (More Detailed - Good for Beginners):**

""When kids play sports, they sometimes get small cuts or scrapes. These are called bruises.""

**Option 2 (Slightly Shorter & More Direct):**

""When children play sports, they might get tiny bumps or bruises.""

**Option 3 (Focusing on the Action - Explains the Process):**

“Sometimes when kids are playing sports, their skin might feel a little sore or have a small bump. That’s often called a bruise.”

**Option 4 (Breaking it Down – If you want to explain each part):**

“If a child plays sports, they could accidentally hit themselves or something hard. This might cause a small cut or scrape – a bruise – to appear.”


---

**Why these changes work:**

* **Simpler Vocabulary:**  Words like ""bruise,"" ""cut,"" ""scrape,"" and ""bump"" are generally easier to grasp than more technical terms.
* **Rephrasing:** Instead of saying “in order to,”"
Monozygotic twins have a concordance of about 45 %.,"Okay, here are a few options for rewriting that sentence to make it clearer for someone who’s learning English, along with explanations of why each revision works:

**Option 1 (More Detailed - Good for Beginners):**

""About 45% of monozygotic twins share nearly identical DNA – this means they are very similar to each other.  This is a really special genetic connection.""

* **Why it works:** This version replaces ""monozygotic twins"" with “twin sisters who share almost exactly the same DNA” which is more accessible. It also adds “this is a really special genetic connection” to explain the significance of the finding.


**Option 2 (Slightly More Concise - Still Clear):**

""Around 45% of monozygotic twins have a remarkably similar DNA profile. They are essentially clones of each other.""

* **Why it works:** This uses ""around"" instead of ""about"" to soften the statement slightly. ""Remarkably similar"" emphasizes the similarity. ""Clones"" is a good alternative to ""monozygotic twins"" as it's a common understanding.



**Option 3 (Breaking Down - For Enhanced Understanding):**

“When twin sisters share the same DNA"
Findings characteristically include conjunctival edema and hyperemia and a discharge.,"Okay, here are a few options for rewriting that complex sentence, aiming for clarity and natural English flow while preserving its core meaning:

**Option 1 (More Detailed - Good for Beginners):**

""Research findings typically show signs like swelling around the edges (conjunctival edema) and redness and leakage (hyperemia).  There’s also some fluid coming out.""

**Option 2 (Slightly More Concise):**

""In research, you often see swelling around the skin's surface (conjunctival edema) and redness and fluid drainage (hyperemia).”

**Option 3 (Breaking it Down – For Maximum Clarity):**

“When studying, researchers often notice these things:  small bumps around the edges of the skin (conjunctival edema), and areas where blood is leaking out (hyperemia).”


**Why These Changes Worked:**

* **Synonyms:** Instead of ""findings characteristically include,"" we used phrases like “research findings typically show” or “in research, you often see.”
* **Paraphrasing:** We reworded phrases like ""conjunctival edema and hyperemia"" to something more easily understood.
* **Compression:** We shortened phrases like ""a discharge"" to ""fluid"
"Advanced disease can lead to destruction of supporting cartilage, causing floppy ears, saddle nose, pectus excavatum, and visual, auditory, and vestibular abnormalities.","Okay, here's a rewritten version of that complex sentence, aiming for clarity for someone who’s learning English and doesn’t be familiar with medical terminology:

**Revised Sentence:**

“When a serious illness affects your body, it can damage the protective tissue around your ear bones, leading to loose or flattened ears, a bumpy nose shape (called a “saddle nose”), and other problems affecting your vision, hearing, and balance.”

**Here’s a breakdown of what I changed and why:**

*   **""Advanced disease"" became ""a serious illness"":** This is more straightforward.
*   **""can lead to destruction of supporting cartilage"" became ""it can damage the protective tissue around your ear bones"":**  This explains the core concept – damage to the cartilage protecting the ears – in a less intimidating way.
*   **""causing floppy ears"" became ""leading to loose or flattened ears"":** A clearer description of the symptom.
*   **""saddle nose"" became ""a bumpy nose shape (called a 'saddle nose')"":** Explains the appearance of the nose.
*   **""pectus excavatum"" became ""a nose shape that looks like a 'saddle nose'"":"
Spontaneous remissions may last years.,"Here are a few options for rewriting that sentence, aiming for clarity for an English speaker unfamiliar with the nuances of medical terminology:

**Option 1 (Focus on Clarity & Simplicity):**

""Sometimes, people recover quickly from illnesses – they experience a period of feeling better without any symptoms at all. This recovery can last many years.""

*   **Changes:** Replaced “spontaneous remissions” with “people recover quickly.”  “period of feeling better without any symptoms at all” clarifies the meaning of “remission” more directly. ""many years"" is a straightforward way to express the duration.


**Option 2 (More Detailed Explanation - Slightly Longer but Explains More):**

""In some cases, someone might experience a sudden end to their illness, where they feel completely healthy again without any signs of sickness. This remission period can last for many years – it’s a very gradual recovery.""

*   **Changes:**  Rephrased “spontaneous remissions” as “a sudden end to their illness”. Added “it’s a very gradual recovery” to emphasize the length of the remission.


**Option 3 (Breaking Down into Smaller Sentences - Good for Understanding Flow):**

“Occasionally, someone"
"Nephritis is inflammation of the kidneys and may involve the glomeruli, tubules, or interstitial tissue surrounding the glomeruli and tubules.","Okay, here's a rewritten version of that sentence, aiming for clarity for someone who’s learning English and doesn’t be familiar with medical terminology:

**Option 1 (More Detailed - Good for Understanding):**

""Inflammation affecting the kidneys – this condition can affect the small blood vessels called ‘glomeruli,’ the tubes within the kidneys, or the tissues around them.  It might also include areas between the kidney structures.""

**Option 2 (Slightly Shorter & More Direct):**

""When the kidneys get inflamed, it can happen in different ways. It could involve the tiny blood vessels (glomeruli) inside the kidneys, or the tubes connecting the kidneys to other tissues.  This inflammation might also affect the spaces between the kidney structures.""

**Option 3 (Breaking it Down - For Easier Processing):**

“Kidney inflammation can occur in several ways. It might affect the small blood vessels that filter waste from the kidneys (glomeruli), or it could affect the tubes that connect the kidneys to other parts of the body.  In some cases, it could affect the spaces between the kidney structures themselves.”


**Why these changes were made:**

*   **Replaced Complex Words:** ""Nephritis"
Strabismus may be infantile or acquired.,"Okay, here are a few options for rewriting that sentence, aiming for clarity and natural English flow while preserving the core meaning:

**Option 1 (More Detailed - Good for Beginners):**

""Strabismus can happen early in life (infant strabismus) or develop later on (acquired strabismus).”

**Option 2 (Slightly Shorter & More Direct):**

“Strabism can appear as a baby’s problem or develop as an adult.”

**Option 3 (Focusing on the Core Idea – Slightly more formal but still accessible):**

“Strabismus refers to a condition where the eyes turn inward; it can be born early or develop later in someone's life.”

---

**Why these changes work:**

* **Replaced Complex Words:** ""Strabismus"" became ""Strabism,"" which is more common and understandable.  ""May be"" was replaced with ""can happen"" or ""refers to.""
* **Simplified Language:** Phrases like “might be” were replaced with clearer alternatives.
* **Compression:**  The original sentence was quite long. Breaking it down into shorter phrases makes it easier to grasp.


To help me refine the rewrite even"
Nasogastric suction,"Okay, here's a rewritten version of “Nasogastric suction” aiming for clarity for someone unfamiliar with medical terminology and complex phrasing, along with explanations of why I made each change:

**Option 1 (More Detailed - Good for Understanding):**

""The process of gently sucking air through a tube connected to the stomach is called nasogastric suction. This helps to draw fluids back into the stomach and prevent it from collapsing.""

**Option 2 (Slightly More Concise - Still Clear):**

""Using a tube connected to the stomach, ‘nasogastric suction’ is a technique used to help the stomach regain fluids and prevent it from shrinking.""

**Option 3 (Breaking it Down – For Maximum Clarity):**

“Imagine a tube that goes directly into your stomach.  ‘Nasogastric suction’ is when you gently suck air through this tube. This action helps the stomach to get the fluids it needs and prevents it from becoming empty.”


**Why These Changes Were Made:**

* **“Nasogastric”**: This term is specific to medical procedures. Explaining it as ""the process of gently sucking air through a tube connected to the stomach"" provides context.
* **“Suction”**:  This"
Symptoms and signs of idiopathic pulmonary fibrosis typically develop over 6 mo to several years and include dyspnea on exertion and nonproductive cough.,"Okay, here's a rewritten version of that sentence, aiming for clarity for someone who’s learning English and unfamiliar with medical terminology:

**Option 1 (More Detailed - Good for Understanding):**

“When someone develops pulmonary fibrosis – a serious lung disease – it usually starts after about six months to several years.  During this time, they often experience shortness of breath when they exercise (dyspnea on exertion) and sometimes have a dry cough that doesn’t produce any mucus. ”

**Option 2 (Slightly Shorter & More Direct):**

“Pulmonary fibrosis often appears after around six months to several years. It commonly causes difficulty breathing during activity (dyspnea on exertion) and sometimes leads to a persistent, harmless cough.”

**Option 3 (Breaking it Down - For Maximum Clarity):**

“If someone develops pulmonary fibrosis – which is a slow and dangerous lung condition – it usually happens gradually over a period of six months to several years. They might feel breathless when they exercise (dyspnea on exertion) and occasionally cough without producing any phlegm.”


**Why these changes were made:**

*   **""Pulmonary fibrosis""**: This is a specific medical term; I replaced it with a"
Symptoms can last from 6 mo to > 10 yr and range from nonexistent to severe.,"Okay, here are a few options for rewriting that sentence, aiming for clarity for someone unfamiliar with medical terminology and focusing on different levels of simplification:

**Option 1 (More Detailed - Good for general understanding):**

""Symptoms can persist for six months or longer, and they can sometimes disappear completely, or they can become very serious and difficult to manage.""

**Option 2 (Slightly More Concise - Still Clear):**

""Symptoms can last for many months – up to six months or even longer – and they might not appear at all, or they could be extremely painful and debilitating.""

**Option 3 (Focusing on the Range - Emphasizing the Variety):**

“Conditions can last from about six months to as long as two years or even longer. Sometimes there’s no noticeable symptom, while other times they can be very intense and problematic.”

---

**Why these changes work:**

* **Replaced Complex Words:** ""Symptoms"" became ""conditions,"" ""lasting from"" became ""lasting for a period of time,"" and ""range from"" became ""can include"" or ""may involve.""
* **Simplified Language:**  Phrases like ""from 6 mo to > 10 yr"" were re"
Night vision may eventually be lost.,"Okay, here are a few options for rewriting that sentence, aiming for clarity and natural English flow while preserving the core meaning:

**Option 1 (More Detailed - Good for Beginners):**

""Eventually, night vision might disappear.""

**Option 2 (Slightly More Formal, Still Clear):**

""It’s possible that night vision will fade away.""

**Option 3 (Focus on the Potential Issue):**

""Perhaps one day, night vision won't work anymore.""

**Option 4 (Breaking it Down – If you want to explain the process):**

“Over time, it could become difficult to see clearly at night.  This is because the ability to see in the dark might decrease.”


---

**Why these changes help:**

* **Simpler Vocabulary:** Words like ""lost,"" ""fade away,"" and ""become difficult"" are generally easier to grasp than more nuanced terms.
* **Rephrasing:** Instead of saying “Night vision may be lost,” we say “night vision might disappear” or “it’s possible that night vision will fade away”.
* **Reduced Complexity:** We eliminate phrases like “may eventually be lost” which add unnecessary length.



To help me"
"Symptoms include rectal itching, a cloudy rectal discharge, bleeding, and constipation âall of varying severity. Examination with a proctoscope may detect erythema or mucopurulent exudate on the rectal wall.","Okay, here's a rewritten version of that complex sentence, aiming for clarity for someone who’s learning English and doesn’t be familiar with medical terminology:

**Option 1 (More Detailed - Good for Understanding):**

“There are several symptoms present – the patient experiences itching in their rectum, accompanied by a white, bubbly discharge from the anus. There’s also some bleeding, and they’re experiencing constipation too.  It’s a very varied and concerning situation.”

**Option 2 (Slightly More Concise - Still Clear):**

“The patient has several symptoms including rectal irritation, a white discharge from the anus, bleeding, and constipation.  These symptoms vary in intensity.”

**Option 3 (Breaking it Down - For Easier Processing):**

“Here are the things happening to the patient: They have an itchy feeling in their rectum, along with a white, slimy discharge coming from the anus. There’s also some bleeding, and they’re struggling with constipation. It’s a complicated situation overall.”


**Explanation of Changes & Why They Work:**

*   **Complex Words Replaced:**
    *   ""Symptoms include"" became ""There are several symptoms including..."" or ""The patient has"
"Ascites, splenomegaly, or portosystemic encephalopathy may be present.","Okay, here are a few options for rewriting that sentence, aiming for clarity for someone who’s learning English and doesn’t be familiar with medical jargon:

**Option 1 (More Detailed - Good for Understanding):**

""There might be problems with the liver, such as fluid buildup in the belly (ascites), swelling in the spleen and area around the liver (splenomegaly), or changes in the brain due to the liver itself (portosystemic encephalopathy).”

**Option 2 (Slightly Shorter & More Direct):**

“Sometimes, the liver is affected – this could mean fluid buildup in your belly (ascites), swollen spleen and area around it (splenomegaly), or changes in your brain caused by the liver itself (portosystemic encephalopathy).”

**Option 3 (Breaking it Down - For Easier Processing):**

“We might notice signs like fluid in your stomach (ascites), extra fluid in your upper abdomen (splenomegaly), or changes in how your brain feels because of the liver.  This could be a problem called portosystemic encephalopathy.”

---

**Why these revisions work:**

* **Synonyms:** I replaced words like """
Bacterial endocarditis may develop in affected valves.,"Okay, here are a few options for rewriting that sentence, aiming for clarity for someone who’s learning English and doesn’t be familiar with medical jargon:

**Option 1 (More Detailed - Good for Understanding):**

""When heart valves are damaged, bacteria can sometimes start to grow inside them. This is a possible problem.""

**Option 2 (Slightly More Concise - Still Clear):**

""If your heart valves get sick, there might be bacteria growing inside them.""

**Option 3 (Breaking it Down - For Easier Processing):**

“In cases where the heart valves are damaged, it's possible for harmful bacteria to form within them.”

---

**Why these changes work:**

*   **Replaced Complex Words:** ""develop in affected valves"" became ""start to grow inside them"" or ""might begin to grow inside them"".  ""Affected"" was replaced with ""damaged"" which is more accessible.
*   **Simplified Language:** Phrases like “in affected valves” were shortened to “when heart valves are damaged”.
*   **Removed Redundancy:** ""may develop"" became ""can sometimes start to grow"" – this is a common and easily understood phrase.


To help me refine"
Obstetric ultrasonography should be done to rule out hydatidiform mole and multifetal pregnancy.,"Okay, here are a few options for rewriting that sentence, aiming for clarity for someone who’s learning English and doesn’t be familiar with medical jargon:

**Option 1 (More Detailed - Good for Understanding):**

""An ultrasound scan is important to check if there's a potential problem with the baby’s development – specifically, whether it might be a hydratermary mole or multiple pregnancies.  This helps doctors determine what’s happening with the pregnancy.""

**Option 2 (Slightly Shorter & More Direct):**

""To ensure a healthy pregnancy, an ultrasound scan is necessary to look for signs of a hydratermary mole or multiple pregnancies. This helps doctors diagnose the situation.""

**Option 3 (Breaking it Down - For Easier Processing):**

“When an ultrasound is performed, doctors want to make sure the pregnancy isn’t causing problems. They’re checking for a ‘hydratermary mole’ – a specific type of growth in the uterus – or a ‘multifetal’ pregnancy where there are multiple pregnancies.  This helps them figure out what’s going on.”


---

**Why these changes were made:**

*   **“Obstetric ultrasonography”**: Replaced with “an"
IV fluids.,"Okay, here are a few options for rewriting “IV fluids” into clearer English, each with slightly different emphasis and complexity levels:

**Option 1 (Most Straightforward):**

""The fluid solutions are important.""

*   **Why it works:** This directly states the core idea – that there are liquid substances causing changes. It’s concise and easily understood.

**Option 2 (Adding Context - Slightly More Detailed):**

""There are various types of fluids involved in this process.""

*   **Why it works:**  This introduces the concept of ""fluids"" as a broader category and clarifies that they're part of something else.

**Option 3 (Breaking Down the Original - For Clarity):**

“We have fluids like liquids or gases. These affect [something] in this situation.”

*   **Why it works:** This breaks down the complex phrase into smaller parts, explaining what kind of fluids are present and how they relate to the context.

**Option 4 (Focusing on the Effect):**

""These fluids are changing things.""

*   **Why it works:** This emphasizes the action of the fluids – they are causing a change.


---

**To help me refine the best"
The peripheral nervous system ( PNS ) is the part of the nervous system consisting of the nerves and ganglia outside of the brain and spinal cord.,"Okay, here are a few options for rewriting that sentence, aiming for clarity for someone new to English, along with explanations of why I made each change:

**Option 1 (More Detailed - Good for Beginners):**

""The parts of the nervous system that are *outside* of your brain and spinal cord – called the peripheral nervous system – includes the nerves and groups of nerve cells (ganglia) that are located further away from those areas.""

* **Why this works:**  This version replaces ""peripheral nervous system"" with a more understandable phrase (""parts of the nervous system outside of...""). It clarifies what “ganglia” means – nerve cells.

**Option 2 (Slightly More Concise - Still Clear):**

""The nervous system’s outer parts, like nerves and clusters of nerve cells, exist beyond the brain and spinal cord.”

* **Why this works:** This uses slightly shorter phrasing and emphasizes the ‘outer’ aspect.


**Option 3 (Breaking it Down - For Enhanced Understanding):**

“Think of the nervous system as having parts that aren't inside your head or back. These parts include the nerves and small groups of nerve cells (called ganglia) that are located elsewhere.  For example,"
Bronchiectasis is best considered the common end-point of various disorders that cause chronic airway inflammation.,"Okay, here are a few options for rewriting your sentence, aiming for clarity and natural English flow while preserving the core meaning:

**Option 1 (More Detailed - Good for Beginners):**

""When someone has bronchiectasis, it’s often the last stage of illnesses where their airways become inflamed over time. This means they have trouble clearing their lungs properly.""

**Option 2 (Slightly More Concise):**

""Bronchiectasis is frequently the final stage of conditions that lead to persistent lung inflammation.""

**Option 3 (Breaking it Down - For Easier Processing):**

“When airways get inflamed repeatedly due to an underlying illness, people with bronchiectasis often experience this as their last step in the process.”

**Option 4 (Combining Elements - A Balanced Approach):**

“Often, when someone develops chronic lung problems like bronchiectasis – where their airways keep getting irritated – they eventually reach a point where their lungs can't clear properly.”


---

**Why these changes work:**

* **Simpler Vocabulary:** Words like ""end-point,"" ""chronic,"" and ""inflammation"" were replaced with more accessible terms.
* **Rephrasing:**  Instead of saying “causing chronic airway inflammation,” we explained *"
"Pain in the neck, back, or head may occur.","Okay, here are a few options for rewriting that sentence, aiming for clarity and natural English flow while preserving the core meaning:

**Option 1 (More Detailed - Good for Beginners):**

""It’s possible to feel pain in your neck, shoulders, or head. This could be caused by various reasons.""

**Option 2 (Slightly Shorter & More Direct):**

""You might experience pain in your neck, back, or head.  This pain could be due to many different things.""

**Option 3 (Focus on the Feeling - Emphasizes the Symptom):**

“Sometimes you feel discomfort in your neck, back, or head. It could be because of stress, injury, or something else.”

**Option 4 (Breaking it Down - For Easier Processing):**

“Pain can appear in your neck, shoulders, or head. There might be a reason for this pain – like muscle strain, an injury, or other factors.”


---

**Why these changes work:**

* **Simpler Vocabulary:** Words like ""pain in"" were replaced with more common phrases like ""feel pain in"" or ""experience pain in.""
* **Synonyms:** “May” became “is possible"
"CT also is required to accurately assess skull base bony changes, which are less visible on MRI.","Okay, here's a rewritten version of that sentence, aiming for clarity for someone who’s learning English and doesn’t be familiar with medical terminology:

**Option 1 (More Detailed - Good for Understanding):**

""It’s important for doctors to carefully examine the bones in the base of the skull – those changes are often hidden on an MRI scan. ”

**Option 2 (Slightly More Concise):**

""Doctors need to look closely at the bones in the back of the skull, because their changes are often not easily seen on an MRI.""

**Option 3 (Breaking it Down - For Easier Processing):**

“To properly diagnose problems with the bones in the base of the skull, doctors must examine them carefully.  However, these changes are often difficult to detect using standard MRI scans.”


**Why These Changes Worked:**

*   **Replaced Complex Words:** ""CT also is required"" became ""doctors need to look closely at"" or ""to properly diagnose...""
*   **Simplified Language:** Phrases like “which are less visible” were replaced with more straightforward expressions.
*   **Removed Redundancy:** ""more visible on MRI scan"" was shortened to ""MRI scan"" as it'"
"The United Nations ' FAO states that by 2025, 1.9 billion people will live in countries or regions with absolute water scarcity, and two-thirds of the world population could be under stress conditions.","Okay, here are a few options for rewriting the sentence, aiming for clarity and natural English flow while preserving the core meaning:

**Option 1 (More Detailed & Explanatory):**

""According to the Food and Agriculture Organization of the United Nations (FAO), by 2025, nearly 1.9 billion people will inhabit areas where there’s no available water.  Furthermore, two-thirds of the global population – roughly 6.7 billion people – could face significant challenges due to this lack of water.""

**Option 2 (Slightly Shorter & More Direct):**

""The United Nations Food and Agriculture Organization (FAO) says that by 2025, 1.9 billion people will live in places with no water.  At the same time, two-thirds of the world's population – about 6.7 billion people – could be stressed by this shortage.""

**Option 3 (Breaking Down into Smaller Sentences - Good for Clarity):**

“The United Nations Food and Agriculture Organization (FAO) estimates that by 2025, almost 1.9 billion people will live in regions with no water sources. Simultaneously, two-thirds of the world’"
"Pain occurs along the distribution of one or more sensory divisions of the trigeminal nerve, most often the maxillary.","Okay, here are a few options for rewriting that sentence, aiming for clarity for an English speaker unfamiliar with the specific terminology, ranging from slightly simpler to quite streamlined:

**Option 1 (Slightly Simpler - Focus on Core Meaning):**

""Pain sometimes feels in the areas where nerves send signals to the facial nerve – specifically, the upper jawbone, called the maxillary nerve.""

**Option *2 (More Detailed but Still Accessible):**

""Pain can occur in places where nerves connect to the facial nerve, which is located in the upper jaw. This is often the case when pain affects the muscles of the face.""

**Option *3 (Most Concise - Preserving Key Elements):**

""Pain often happens in the area where nerves reach the facial nerve, particularly the maxillary nerve.""


---

**Why these changes were made:**

*   **“Occurs along the distribution”**:  Replaced with “feels in the areas where nerves signal” – this explains the process more directly.
*   **“Sensory divisions of the trigeminal nerve”**:  Simplified to ""nerves send signals to the facial nerve"" – this is easier to grasp.
*   **“Most often the maxillary”**:"
The forward rate k1 was found to decrease by a factor of 4.5 going from cyclohexane to methanol.,"Okay, here are a few options for rewriting that sentence, aiming for clarity for an English speaker unfamiliar with specialized chemistry terms:

**Option 1 (More Detailed - Good for general understanding):**

""When looking at cyclohexane, the rate at which it decreases was multiplied by four and a half.  Starting from cyclohexane, it became much smaller after being converted to methanol.""

**Option 2 (Slightly More Concise):**

""Measuring cyclohexane’s decrease, the rate decreased by a factor of four and a half when it turned into methanol.""

**Option 3 (Focus on the Core Idea - If you want to emphasize the change):**

“Looking at cyclohexane, the amount of decrease slowed down significantly – it reduced by a factor of four and a half as it changed to methanol.”


**Option 4 (Breaking it Down - For maximum clarity if needed):**

Here's a breakdown:
*   Cyclohexane started to decrease faster.
*   That decrease slowed down to a factor of four and a half.
*   After converting to methanol, the effect diminished considerably.



---

**Why these changes work:**

* **Synonyms:** I replaced words like ""forward rate,"" ""found to decrease"
The most common causes overall are Corneal abrasion; Foreign bodies.,"Okay, here's a rewritten version of that sentence, aiming for clarity and natural English flow while retaining the core meaning:

**Option 1 (More Detailed):**

""Generally speaking, the most frequent reasons why injuries happen are cuts on the eye (corneal abrasion) and foreign objects getting into the eye. ”

**Option 2 (Slightly Shorter & More Direct):**

""Often, injuries occur due to corneal abrasions – cuts on the eye – or because foreign objects get inside the eye.""

**Option 3 (Breaking it Down - If you want to really simplify):**

“Most often, injuries happen because of cuts on the eye (corneal abrasion).  Sometimes, things accidentally enter the eye.”


**Why these changes?**

*   **Corneal abrasion:** Translated as ""cuts on the eye"" is easily understood.
*   **Foreign bodies:** Translated as “foreign objects” is straightforward.
*   **Overall Goal:** I focused on using more common vocabulary and phrasing.

To help me refine it further, could you tell me:

*   **What’s the context of this sentence?** (e.g., a medical report, an explanation to someone"
"A corneal ulcer begins as a corneal epithelial defect that stains with fluorescein and an underlying dull, grayish, circumscribed superficial opacity (representing an infiltrate).","Okay, here's a rewritten version of the sentence, aiming for clarity for someone who’s learning English and doesn’t be familiar with medical terminology:

**Option 1 (More Detailed - Good for Understanding):**

“When a corneal area starts to break down – like a small hole in the surface layer of the eye – it turns red and glows with fluorescent dye (fluorescein).  Underneath this area, you see a slightly gray and bumpy patch of tissue, which is called an infiltrate.”

**Option 2 (Slightly Shorter & Focused):**

“An infection develops in the outer layer of the eye, causing a small, red spot that glows with fluorescence.  This area is surrounded by a slightly gray and bumpy tissue, which is called an infiltrate.”


**Option 3 (Breaking it Down - For Very Beginner Learners):**

“First, there’s a little tear or hole in the surface of your eye. This makes it glow with a special color (fluorescence).  Then, you see a gray and bumpy area underneath that, which looks like a lump or growth – that’s an infiltrate.”



---

**Why these changes were made:**

*   **Complex Words:** Replaced"
Blood supply and lymphatic drainage of the testes and scrotum are distinct: Many anatomical features of the adult testis reflect its developmental origin in the abdomen.,"Okay, here's a rewritten version of that sentence, aiming for clarity for someone who’s learning English and doesn’t be familiar with very specific medical terminology:

**Option 1 (More Detailed - Good for Understanding):**

""The blood pathways and how fluids flow through the testicles and scrotum differ significantly.  Features of the adult male reproductive system – like the way blood vessels and fluid ducts are arranged – show that they originated in the abdominal area during development.""

**Option 2 (Slightly Shorter & More Direct):**

""The blood supply and how fluids move through the testicles and scrotum are different.  The structures of the adult male reproductive system, which developed in the belly, have unique patterns of blood vessels and fluid channels.""


**Option 3 (Breaking it Down - For Easier Processing):**

“The blood’s routes and how fluids flow around the testicles and scrotum are different.  The parts of the adult male reproductive system, which started developing in the lower abdomen, have special arrangements of blood vessels and channels.”

---

**Why these changes were made:**

*   **Replaced Complex Words:** ""Blood supply,"" ""lymphatic drainage,"" ""adult testis,"" ""scrotum,"""
"From May to October 2000, an outbreak of tularemia in Martha 's Vineyard resulted in one fatality, and brought the interest of the CDC as a potential investigative ground for aerosolized Francisella tularensis.","Okay, here's a rewritten version of that sentence, aiming for clarity for someone who’s learning English and doesn’t be familiar with very specific medical terminology:

**Option 1 (More Detailed - Good for Understanding):**

“Between May and October 2000, there was a serious illness called tularemia in Martha’s Vineyard. This illness led to one death, and it sparked concern among the Centers for Disease Control and Prevention (CDC) because they were looking for a possible way to investigate it – perhaps because the virus might have been spread through tiny particles called aerosols.”

**Option 2 (Slightly Shorter & More Direct):**

“In May and October 2000, a disease called tularemia appeared on Martha’s Vineyard.  This caused one death, prompting the CDC to investigate whether it could have been caused by tiny droplets of a virus called Francisella tularensis.”


**Here’s a breakdown of why I made these changes:**

*   **""Outbreak of tularemia""**: Replaced with ""a serious illness called tularemia"" - more accessible language.
*   **""brought the interest...""**: Changed to “led to concern” or"
"Japanese Prime Minister Masayoshi Ohira suffered a fatal heart attack on June 12, only days before the summit; and his colleague, the Foreign Minister, led the delegation which represented Japan in his place.","Okay, here are a few options for rewriting that sentence, aiming for clarity for an English-speaking audience while preserving the core meaning:

**Option 1 (More Detailed - Good for Understanding):**

""Prime Minister Masayoshi Ohira experienced a sudden heart attack on June 12th, just days before a major international summit.  Instead of leading the Japanese delegation, his colleague, the Foreign Minister, took over and represented Japan at the meeting.""

**Option *2 (Slightly More Concise):**

""Masayoshi Ohira, the Japanese Prime Minister, had a fatal heart attack on June 12th, the day before a crucial summit. His foreign minister then led the delegation representing Japan.""

**Option *3 (Breaking it Down - For Maximum Clarity):**

“The Japanese Prime Minister, Masayoshi Ohira, suffered a heart attack on June 12th.  Because he was unable to lead the delegation attending the summit, his colleague, the Foreign Minister, stepped in and acted as the Japanese representative.”


**Why these changes work:**

*   **Simpler Vocabulary:** Words like ""suffered a fatal heart attack"" became ""experienced a sudden heart attack"" or ""had a fatal"
"Women may not bond with their infant, resulting in emotional, social, and cognitive problems in the child later.","Okay, here are a few options for rewriting that sentence, aiming for clarity and natural English flow while preserving the core meaning:

**Option 1 (More Detailed & Explanatory):**

""It’s often difficult for mothers to form close bonds with their babies. This can lead to feelings of sadness, difficulties in understanding others, and challenges in thinking about the baby's future.  Later on, these issues might affect the child significantly.""

**Option 2 (Slightly Shorter & More Direct):**

""Sometimes mothers don’t connect with their infants; this can cause them to feel sad, struggle to understand things, and have trouble anticipating the child’s future.""

**Option 3 (Focusing on the Core Issue - Good for Beginners):**

“When mothers don’t spend time bonding with their babies, they sometimes experience problems like sadness, confusion, and difficulty planning for the child’s future.”

---

**Why these changes work:**

* **Replaced Complex Words:** ""bond with,"" ""resulting in,"" ""cognitive,"" ""significant"" were replaced with more common and understandable alternatives.
* **Paraphrased:** Instead of saying “result in,” we used phrases like “lead to”"
"90.9 % of these were classified as having been done by `` curettage '' (suction-aspiration, dilation and curettage, dilation and evacuation), 7.7 % by `` medical '' means (mifepristone), 0.4 % by `` intrauterine instillation '' (saline or prostaglandin), and 1.0 % by `` other '' (including hysterotomy and hysterectomy).","Okay, here's a rewritten version of that complex sentence, aiming for clarity for an English speaker unfamiliar with the specific terminology:

**Revised Sentence:**

“About 90.9% of these procedures – including suction-aspiration, dilation and curettage, dilation and evacuation, and saline or prostaglandin irrigation – have been performed by “curettage.”  However, about 7.7% was identified as being done by “medical” professionals using medication like mifepristone.  A small percentage (0.4%) involved intrauterine instillation with saline solution or prostaglandin injections, while the remaining 1.0% represents other methods such as hysterotomy or hysterectomies.”

**Here’s a breakdown of why I made these changes and what they achieve:**

*   **Complex Words Replaced:**
    *   ""classified as having been done"" became ""have been performed"" - This is more direct.
    *   ""curettage,"" ""mifepristone,"" ""saline or prostaglandin"" – These terms are technical and could be simplified.
    *   ""uterinectomy"" – this term is more commonly understood than ""hysterectomy.""
*   **Compression & Paraphrasing"
"About 10 % of patients have dermatitis herpetiformis, an intensely pruritic papulovesicular rash that is symmetrically distributed over the extensor areas of the elbows, knees, buttocks, shoulders, and scalp.","Okay, here's a rewritten version of the sentence, aiming for clarity for someone who’s learning English and unfamiliar with medical terminology:

**Option 1 (More Detailed - Good for Understanding):**

“Approximately 10% of people develop itchy skin rashes called dermatitis herpetiformis. This rash appears in a pattern across the elbows, knees, buttocks, shoulders, and even the scalp – it’s very symmetrical.”

**Option 2 (Slightly More Concise - Still Clear):**

“Around 10% of individuals experience dermatitis herpetiformis, a persistent itchy rash that covers the elbows, knees, buttocks, shoulders, and sometimes the scalp.”

**Option 3 (Breaking it Down - For Easier Processing):**

“A significant portion of people – about 10% – are affected by dermatitis herpetiformis.  This rash is localized to certain areas like the elbows, knees, buttocks, shoulders, and even the scalp, appearing in a consistent pattern.”


**Why these changes were made:**

*   **""About"" replaced with ""Approximately"" or ""Around"":**  These phrases are more approachable than ""About 10%.""
*   **""Dermatitis herpetiformis"""
"Anteroposterior, lateral, and usually oblique x-rays are taken. A fracture, if present, is usually visible on the lateral view. X-rays may be normal if only the tendon is torn.","Okay, here's a rewritten version of that sentence, aiming for clarity for an English speaker unfamiliar with medical imaging terminology:

**Option 1 (More Detailed - Good for Understanding):**

“Medical images – specifically, anteroposterior (left-to-right) and lateral (side-to-side) x-rays – were taken. If there’s a break in the tendon (a fracture), you might see it clearly on the side view of the image.  Sometimes, an X-ray might appear normal if just the tendon itself is damaged.”

**Option 2 (Slightly More Concise - Still Clear):**

""X-ray images showing the tendons were taken.  If there’s a tear in the tendon, it’s often obvious on the side view. Sometimes, an X-ray could look normal if it only shows the damaged tendon.""


**Here’s why I made these changes and what they mean:**

*   **Complex Words:** Replaced phrases like ""Anteroposterior,"" ""lateral,"" ""oblique,"" and ""usually oblique"" with more common terms like “left-to-right” and “side-to-side.”
*   **Long Sentences:**"
"The genomes of three Leishmania species ( L. major , L. infantum , and L. braziliensis ) have been sequenced and this has provided much information about the biology of the parasite .","Okay, here are a few options for rewriting that sentence, aiming for clarity for an English speaker unfamiliar with the specific terminology:

**Option 1 (More Detailed - Good for general understanding):**

""Scientists have now analyzed the genetic makeup of three different types of the *Leishmania* parasite – *L. major*, *L. infantum*, and *L. braziliensis*. This research has given them valuable insights into how these parasites work.""

**Option **2 (Slightly Shorter & More Direct):**

""Researchers have successfully sequenced the DNA of three types of *Leishmania* parasites – *L. major*, *L. infantum*, and *L. braziliensis*.  This sequencing has helped us learn more about how these parasites grow and behave.""

**Option 3 (Focus on the Result - Emphasizes Discovery):**

“A study has revealed the genetic information of three different strains of *Leishmania* – *L. major*, *L. infantum*, and *L. braziliensis*.  This discovery provides crucial knowledge about the parasite’s biological processes.”


**Here's why I made these changes:**

*   **Replaced Complex Words:** """
"While epinephrine typically produces a reduction in croup severity within 30 minutes, the benefits last for only about 2 hours.","Okay, here are a few options for rewriting that sentence, aiming for clarity for an English speaker unfamiliar with medical terminology and nuanced phrasing:

**Option 1 (More Detailed & Explanatory):**

""Epinephrine, a hormone often used to help treat croup, usually starts working within 30 minutes. However, the effects last for only about two hours. This means it’s not a quick fix.""

**Option 2 (Focus on Simplicity - Good for general understanding):**

""When epinephrine is given to someone with croup, it usually helps reduce the severity of the symptoms within about 30 minutes. But the effect lasts only for about two hours.""

**Option 3 (Slightly More Concise – Still Clear):**

“Epinephrine can quickly reduce the severity of croup, lasting about two hours.  It's not a fast solution.”


**Why these changes work:**

*   **Replaced Complex Words:** ""produces a reduction,"" ""benefits last for only about,"" and ""this means it's not a quick fix"" were replaced with more common and understandable phrases.
*   **Simplified Language:** Phrases like “typically produces” became “often used to help” or “usually works”."
"Because the heterozygote survives , so does the HgbS allele survive at a rate much higher than the mutation rate ( see and refs in Sickle-cell disease ) .","Okay, here's a rewritten version of that sentence, aiming for clarity for an English speaker unfamiliar with medical terminology and complex phrasing:

**Rewritten Sentence:**

“When someone has a mixed blood type (a heterozygous person), the gene for the normal hemoglobin (HgbS) allele also tends to persist or remain present.  This happens faster than the random change in the blood’s shape (the mutation) as described in research papers.”

**Explanation of Changes & Why They Were Made:**

*   **""Because the heterozygote survives...""** changed to **""When someone has a mixed blood type...""**: This is more direct and easier to grasp. ""Heterozygous"" means having two different types of blood.
*   **""...so does the HgbS allele survive at a rate much higher than the mutation rate.""** changed to **""…this gene for the normal hemoglobin (HgbS) allele also tends to persist or remain present.""**: This explains the core concept – the presence of the “HgbS” gene continues even when there’s a change.
*   **""see and refs in Sickle-Cell Disease""** changed to **""as described in research papers.""**: This clarifies that this information comes"
"The word croup comes from the Early Modern English verb croup , meaning `` to cry hoarsely '' ; the name was first applied to the disease in Scotland and popularized in the 18th century .","Okay, here's a rewritten version of that sentence, aiming for clarity for an English speaker unfamiliar with the specific vocabulary:

**""The word ‘croup’ originates from an old English phrase – ‘crouse’ – which meant to wail or cry loudly. It was first used to describe a sickness in Scotland and gained popularity during the 18th century.”**

Here’s a breakdown of what I changed and why:

*   **“The word ‘croup’ originates from…”**:  Replaced “The word ‘croup’ comes from…” for better flow.
*   **“…‘crouse’”**: Used ‘crouse’ as a synonym for ‘crouse’ to simplify the phrasing.
*   **“which meant to wail or cry loudly”**: Rephrased ""meaning ‘to cry hoarsely’ ” to explain the meaning more clearly.
*   **“It was first used…”**:  Simplified “the name was first applied…” to show the origin and history.
*   **“to describe a sickness”**: Explained the meaning of “in Scotland” to clarify the context.
*   **“gained popularity during the 18th"
"Crohn disease should be suspected in a patient with inflammatory or obstructive symptoms or in a patient without prominent GI symptoms but with perianal fistulas or abscesses or with otherwise unexplained arthritis, erythema nodosum, fever, anemia, or (in a child) stunted growth. A family history of Crohn disease also increases the index of suspicion.","Okay, here's a rewritten version of that complex sentence, aiming for clarity for an English speaker unfamiliar with medical terminology and nuances:

**Revised Sentence:**

“Doctors might suspect Crohn’s disease when a patient has symptoms related to their digestive system – either problems with their intestines (inflammation or blockage) or no obvious signs of stomach issues like pain or swelling.  They might also see signs like fatigue, low blood counts (anemia), or joint pain (especially in children).  In some cases, this could be linked to a family history of Crohn’s.”

**Here’s a breakdown of how I changed each part and why:**

*   **""Crohn disease should be suspected...""** became **""Doctors might suspect Crohn’s disease...""** - This is more direct and less formal.
*   **""...in a patient with inflammatory or obstructive symptoms...""** was rephrased as **""...either problems with their digestive system...or no obvious signs of stomach issues...""** - This clarifies the different types of symptoms being considered.
*   **""...or in a patient without prominent GI symptoms but with perianal fistulas or abscesses...""** was simplified to **""...or they might see signs like fatigue, low blood"
Some people with Tourette 's may not be aware of the premonitory urge.,"Okay, here are a few options for rewriting that sentence, aiming for clarity and natural English flow while preserving the core meaning:

**Option 1 (More Detailed - Good for Beginners):**

""For some people who have Tourette’s Syndrome, they might not realize they feel an urge before something happens.  It's like a little feeling in their head.""

**Option 2 (Slightly More Concise):**

""Not everyone with Tourette’s Syndrome is aware of a warning thought beforehand.""

**Option 3 (Focus on the Core Idea - Slightly more formal):**

""Some individuals with Tourette’s Syndrome may not notice a premonition – a feeling – before a problem arises.""

**Option 4 (Breaking it Down - If you want to explain each part):**

“Some people who have Tourette’s Syndrome don’t always know what’s going to happen next. They might feel a slight anxiety or a thought about something being wrong before it actually does.”


---

**Why these changes work:**

* **Simpler Vocabulary:** Words like ""premonitory urge,"" ""warning thought,"" and ""premonition"" were replaced with more common alternatives.
* **Par"
"However, many also go on to form abscesses, which require surgical drainage; an extensive procedure is done with accompanying IV antibiotics.","Okay, here's a rewritten version of that complex sentence, aiming for clarity and natural English flow while preserving the core meaning:

**Option 1 (More Detailed):**

“Many people develop infections called abscesses. To treat them, doctors often perform a major surgery – this involves inserting intravenous (IV) medication to help fight the infection.  At the same time, they prescribe antibiotics to prevent further complications.”

**Option 2 (Slightly More Concise - Still Good):**

“A lot of people get abscesses, which need surgical treatment with intravenous antibiotics. Doctors then perform surgery to address the infection.”


**Option 3 (Breaking it Down - For Maximum Clarity):**

“Several people can develop abscesses. To fix them, surgeons usually perform a significant operation involving intravenous antibiotics. This helps to stop the infection and prevents other problems.”

---

**Why these changes were made:**

*   **Complex Words:** Replaced phrases like ""go on to form"" with more straightforward expressions (""develop,"" ""get""). “extensive” became “major” or “significant”.
*   **Unnecessary Information:** Removed phrases like ""many also"" and ""which require"" as they added little meaning.
*   **Sentence"
"In mammals, it consists of the bony labyrinth, a hollow cavity in the temporal bone of the skull with a system of passages comprising two main functional parts: The inner ear is found in all vertebrates, with substantial variations in form and function.","Okay, here's a rewritten version of that sentence, aiming for clarity for an English speaker unfamiliar with the specific terminology, along with explanations of why I made the changes:

**Rewritten Sentence:**

“Animals like humans have a special structure called a ‘bone labyrinth’ located within the bones of their skulls – specifically, a space called the inner ear. This inner ear has two important sections: first, the ear itself is present in almost all animals; second, the way it works differs slightly depending on the animal type.”

**Explanation of Changes and Why They Were Made:**

*   **""In mammals..."" changed to ""Animals like humans have...""**:  This is more direct and easier to follow. It clearly states the subject matter.
*   **""it consists of the bony labyrinth"" changed to ""a special structure called a 'bone labyrinth' located within the bones of their skulls - specifically, a space called the inner ear.""**: This rephrases the wording to be more accessible. “It” becomes a descriptive term, and “a special structure” provides context. Adding ""located within the bones of their skulls"" clarifies where the labyrinth is.
*   **""with a system of passages comprising two main functional parts"" changed to"
It is estimated that 0.2 % of the population has this form of synesthesia.,"Okay, here are a few options for rewriting that sentence, aiming for clarity and natural English flow while preserving the core meaning:

**Option 1 (More Detailed - Good for general understanding):**

""Approximately 0.2% of people experience synesthesia – a unique sensory phenomenon where they experience multiple senses at once. For example, someone might see colors when hearing music or feel shapes when tasting food.""

**Option *2 (Slightly more concise):**

""Around 0.2% of the population have synesthesia – meaning they experience different senses simultaneously.  This could involve seeing colors while listening to music or feeling shapes while eating.""

**Option *3 (Focus on the core concept):**

“A small percentage of people (around 0.2%) seem to have a special ability called synesthesia – where their senses blend together. This often manifests as seeing colors when hearing sounds or feeling shapes when tasting.”


---

**Why these changes work:**

*   **Synonym Replacement:** ""Form of synesthesia"" became ""experience synesthesia,"" which is more accessible.
*   **Compression:**  The original sentence was quite lengthy. I've broken it down into smaller phrases.
*   **Simplified"
It found that `` about half the patients did show dramatic improvement '' and that adverse events were `` generally trivial '' given the younger psychiatric patient population than with movements disorders.,"Okay, here's a rewritten version of the sentence, aiming for clarity for an English speaker unfamiliar with the nuances of medical terminology:

**Option 1 (More Detailed - Good for Understanding):**

“Research showed that about half of the patients experienced significant improvements.  Furthermore, adverse events seemed much less serious compared to those seen in younger people struggling with movement disorders. ”

**Option 2 (Slightly More Concise - Still Clear):**

“A study found that about half of the patients saw noticeable improvements.  In contrast, adverse events were generally considered minor when looking at younger patients with movement problems.”


**Option 3 (Breaking it Down - For Maximum Clarity):**

“The research revealed that about half of the patients showed substantial positive changes.  However, unexpected side effects were often very small – they seemed much less concerning compared to those experienced in younger individuals with conditions like movement disorders.”

---

**Why these revisions work:**

* **Simpler Vocabulary:** Words like ""about half"" became ""about half,"" ""significant improvements"" instead of ""dramatic improvement."" “Generally trivial” was replaced with “much less serious” or “very minor.”
* **Paraphrasing:** Instead of directly translating phrases, I"
"It often involves the face, lips, and/or tongue and may also occur on the back of hands or feet or on the genitals.","Okay, here are a few options for rewriting that complex sentence, aiming for clarity and natural English while preserving its core meaning. I'll offer variations, each with slightly different emphasis:

**Option 1 (Focus on sensation and location - most straightforward):**

""Sometimes, you might feel sensations on your face, lips, or tongue. It could also appear on your hands or feet, or even on sensitive areas like the genitals.""

**Option 2 (More descriptive, emphasizing potential experience):**

""Occasionally, you might notice unusual sensations – like pressure on your face, lips, or tongue – which could manifest on your hands or feet, or even on sensitive areas like the genitals.""

**Option 3 (Breaking down into smaller clauses - good for understanding flow):**

“This can happen when you feel a tingling or pressure on your face, lips, or tongue.  It might appear on your hands or feet, or even on sensitive areas like the genitals.”

**Option 4 (A bit more formal but still clear):**

“In certain situations, you might experience sensations involving your face, lips, or tongue. These sensations could be felt on your hands or feet, or even on sensitive areas such as the genitals.”"
"Jaundice usually peaks within 1 to 2 wk. Recovery phase: During this 2- to 4-wk period, jaundice fades.","Okay, here's a rewritten version of that sentence, aiming for clarity for someone who’s learning English or unfamiliar with medical terminology:

**Option 1 (More Detailed):**

“During the first week or two (about one to two weeks) most people experience jaundice – yellowing of the skin and eyes. After that initial period, the yellowing gradually disappears.”

**Option 2 (Slightly Shorter & More Direct):**

“Jaundice typically appears within the first week or two.  After that, the yellowing starts to fade.”

**Option 3 (Breaking it Down - If you want to really simplify):**

“Jaundice usually happens within the first week or two. Then, after that, the yellowing gets smaller and less noticeable.”


**Why these changes work:**

*   **""Jaundice""**: Replaced with ""yellowing"" – a more common and easily understood term.
*   **""Peaks within 1 to 2 wk""**: Changed to “appears within the first week or two” – clarifies the timeframe.
*   **""Recovery phase: During this 2-to-4-wk period...""**: Rewritten as “after that, the yellowing"
"Mydriasis and diaphoresis are apparent, and heart rate and BP are increased.","Okay, here's a rewritten version of that sentence, aiming for clarity for someone who’s learning English and doesn’t be familiar with medical terminology:

**Option 1 (More Detailed - Good for Understanding):**

""I noticed my sweating is increasing, and my heart rate and blood pressure are also higher than usual.  It seems like my body is reacting to something.""

**Option 2 (Slightly More Concise):**

""I’m experiencing increased sweating and a faster heartbeat and higher blood pressure. This might indicate a problem.""

**Option 3 (Breaking it Down – If you want to really explain each part):**

“My sweating is noticeable, and my heart is beating faster.  At the same time, my blood pressure is also elevated.”

---

**Why these changes work:**

*   **“Mydriasis” became “increased sweating”**: This is more easily understood.
*   **“Diaphoresis” became “increased sweating”**:  A common way to describe this feeling.
*   **“Heart rate and BP are increased” became “my heart rate and blood pressure are higher than usual” or “my heart rate and blood pressure are elevated”**: This"
Myocardial abnormalities occur in about 8 % of patients within weeks of erythema migrans.,"Okay, here are a few options for rewriting that sentence, aiming for clarity for someone who’s learning English and doesn’t be familiar with medical jargon:

**Option 1 (More Detailed - Good for Understanding):**

""About 8% of people who develop redness (erythema migrans) often experience heart problems within the first few weeks. This happens shortly after they start showing the symptoms.""

**Option 2 (Slightly Shorter & More Direct):**

""In about 8% of patients who get red spots (erythema migrans), they often have heart issues within a week or two.""

**Option 3 (Breaking it Down - For Easier Processing):**

“Around 8% of patients experiencing redness – which is often called ‘erythema migrans’ – will also develop heart problems soon afterward.”

---

**Why these changes were made:**

*   **“Myocardial abnormalities”**:  Replaced with “heart problems” – a more common and easily understood term.
*   **“occur in about 8%”**: Simplified to ""often experience"" or ""happens to around 8%""
*   **“in about 8% of patients”**:  Clarified"
Oral itraconazole 200 mg orally once a day given until 2 to 4 weeks after all lesions have resolved (typically 3 to 6 months) is the treatment of choice.,"Okay, here's a rewritten version of that sentence, aiming for clarity for someone who’s learning English and doesn’t be familiar with medical terminology:

**""Taking itraconazole 200mg orally once a day for up to two to four weeks after all the sores have healed (usually within three to six months) is the recommended treatment.**”

Here’s a breakdown of what was changed and why:

*   **“Oral itraconazole 200mg orally once a day”** became **“Taking itraconazole 200mg orally once a day”**: This is more straightforward and uses common phrasing.
*   **“given until”** became **“for up to”**:  This simplifies the phrase and makes it clearer.
*   **“all lesions have resolved”** became **“all the sores have healed”**:  More accessible language.
*   **“typically 3 to 6 months”** became **“usually within three to six months”**: A slightly smoother way to express the timeframe.


Let me know if you'd like me to tweak this further or explain any part of the changes in more detail!"
Cheerleading coach Sue Sylvester ( Jane Lynch ) is appointed acting principal of William McKinley High School after having Principal Figgins ( Iqbal Theba ) infected with the flu.,"Okay, here's a rewritten version of that sentence, aiming for clarity and readability for someone who’s learning English:

**Option 1 (More Detailed - Good for Beginners):**

“Jane Lynch, a very skilled cheerleading coach, was chosen to be the new principal of William McKinley High School.  Suddenly, Principal Iqbal Theba, who had the flu, became ill at the school.  Therefore, Sue Sylvester, a renowned coach, took over as the new leader.”

**Option 2 (Slightly Shorter & More Direct):**

""After Principal Iqbal Theba got sick with the flu, Jane Lynch, a talented cheerleading coach, was appointed as the new principal of William McKinley High School.""

**Option 3 (Breaking it Down – For Further Understanding):**

“Because Principal Iqbal Theba got seriously ill with the flu, Jane Lynch, a well-known cheerleading coach, was given the important job of becoming the new principal of William McKinley High School.”


**Why these changes work:**

*   **Replaced Complex Words:** “appointed acting principal” becomes “chosen to be the new principal,” “took over as the new leader” or “given the important job of becoming the new principal”."
"According to Morrell 's account, Wasp then headed eastwards to hunt for seals, and reached the remote Bouvet Island on 6 December.","Okay, here are a few options for rewriting that sentence, aiming for clarity for an English speaker unfamiliar with the specific details, along with explanations of why I made each change:

**Option 1 (More Detailed - Good for general understanding):**

""According to Professor Morrell, after that, Whisp traveled eastward to search for seals. He finally arrived at the remote island of Bouvet on December 6th.""

*   **Changes Made:**
    *   “According to” changed to “According to Professor” – more formal and clear.
    *   “Wasp” changed to “Whisp” – a common and easily understood alternative name.
    *   “headed eastwards” changed to “traveling eastward” – simpler phrasing.
    *   “to hunt for seals” changed to “to search for seals” – straightforward.
    *   “reached” changed to “finally arrived at” – adds a bit of flow.
    *   “the remote Bouvet Island” changed to “the remote island of Bouvet” – slightly more natural wording.


**Option 2 (Slightly More Concise - Still Clear):**

""Professor Morrell says that Whisp went east to find seals"
"Among spinal subdural abscesses, methicillin-sensitive Staphylococcus aureus is the most common organism involved. Rarely parasites can cause abscesses and this is more common in the developing world.","Okay, here's a rewritten version of that sentence, aiming for clarity for an English speaker unfamiliar with medical terminology and complex phrasing:

**Option 1 (More Detailed - Good for Understanding):**

""In people with spinal infections involving the brain’s inner lining (subdural abscesses), penicillin-resistant Staphylococcus bacteria are frequently found as the primary cause.  However, sometimes parasites – microscopic organisms – can also create these kinds of injuries, particularly in areas where people are still growing up or developing.""

**Option 2 (Slightly Shorter & More Direct):**

""Spinal infections often involve methicillin-sensitive Staphylococcus aureus bacteria.  It’s relatively common to find parasites causing these problems in developing countries.”


**Here’s a breakdown of why I made these changes:**

*   **“Among spinal subdural abscesses”** became “In people with spinal infections involving the brain’s inner lining (subdural abscesses)” – This clarifies what the sentence is referring to.
*   **“methicillin-sensitive Staphylococcus aureus is the most common organism involved”** was rephrased as ""penicillin-resistant Staphylococcus bacteria are frequently found as the primary cause”. This avoids sounding overly formal."
"Periungual warts are more common among patients who bite their nails or who have occupations where their hands are chronically wet such as dishwashers and bartenders. Genital warts manifest as discrete flat to broad-based smooth to velvety papules to rough and pedunculated excrescences on the perineal, perirectal, labial, and penile areas. Perirectal warts often itch.","Okay, here's a rewritten version of that complex sentence, aiming for clarity for an English speaker unfamiliar with the specific terminology, along with explanations of how I’ve made the changes:

**Rewritten Sentence:**

“Frequently, people with small bumps on their fingers and toes (called ‘periungual warts’) tend to bite their nails or work in jobs involving frequently damp hands like being a dishwasher or bartender.  Sometimes, they develop small, flat, smooth, or velvety bumps on their genitals – these are called genital warts. They look like fleshy growths on the area around the genitals, the perineum, the lips, or the penis.  These warts often cause itching.”

**Here’s a breakdown of why I made these changes and what they mean:**

*   **""Periungual warts"" changed to ""Frequently, people with small bumps on their fingers and toes (called 'periungual warts') tend to...""**: This is much more accessible. It explains the term first, then provides a clear example.
*   **""bite their nails or who have occupations where their hands are chronically wet"" changed to ""tend to bite their nails or work in jobs involving frequently damp hands...""**: This simplifies the phrasing. “Tend to"
The barking cough and stridor may no longer be prominent at this stage. 85 % of children presenting to the emergency department have mild disease; severe croup is rare ( < 1 % ).,"Okay, here's a rewritten version of that sentence, aiming for clarity for an English speaker unfamiliar with medical terminology and complex phrasing:

**Option 1 (More Detailed - Good for Understanding):**

""Currently, the sounds of coughing and breathing quickly – often called a ‘stridor’ – aren’t noticeable as much anymore.  About 85% of children who are visiting the emergency room report having a mild illness.  It’s very rare for children to have severe croup (meaning a really bad cold) – about less than 1% of them experience this.""

**Option 2 (Slightly Shorter & More Direct):**

""At this point in the treatment, the sounds of coughing and breathiness are not obvious.  Most children seen in the emergency department have a mild illness.  Very rarely does a child develop severe croup – around less than 1%.""


**Here's a breakdown of why these changes were made:**

*   **“Barking cough and stridor”**: Replaced with “sounds of coughing and breathing quickly – often called a ‘stridor’” This is more accessible.
*   **“no longer be prominent”**: Changed to ""aren’t noticeable as much"
The risk of overdose is increased if flunitrazepam is taken in combination with CNS depressants such as alcohol and opiates.,"Okay, here's a rewritten version of that sentence, aiming for clarity for someone who’s learning English and doesn’t be familiar with specific medical terminology:

**""Taking flunitrazepam alongside substances that slow down the brain, like alcohol or certain drugs like opium, significantly increases the danger of an overdose.""**

Here’s a breakdown of what was changed and why:

*   **""The risk of overdose is increased""** became **""Taking flunitrazepam alongside substances that slow down the brain...""** - This is more direct and easier to grasp.  It focuses on the core idea – there’s a higher chance of harm when combined.
*   **""if flunitrazepam is taken""** became **""taking flunitrazepam alongside...""** - Simple phrasing makes the connection clearer.
*   **""is taken in combination with""** became **""alongside substances that...""** - A slightly more accessible way to express the relationship.
*   **""CNS depressants such as alcohol and opiates""** became **""substances that slow down the brain, like alcohol or certain drugs like opium""** - This replaces the technical term ""CNS depressants"" with a more understandable phrase describing"
"The Intersex Society of North America stated that `` For decades, doctors have thought it necessary to treat intersex with a concealment-centered approach, one that features downplaying intersex as much as possible, even to the point of lying to patients about their conditions.","Okay, here's a rewritten version of the sentence, aiming for clarity and readability for an English speaker unfamiliar with the specific terminology:

**Option 1 (More Detailed - Good for Understanding):**

“For many years, doctors have generally avoided discussing or explaining the complexities of intersex conditions. They often tried to minimize the information about these individuals, sometimes even deliberately misleading them about what they were experiencing. ”

**Option 2 (Slightly More Concise - Still Clear):**

“Doctors have historically tended to keep intersex people hidden – essentially avoiding telling them about their unique biological differences.  They might try to downplay the details of their condition.”

**Option 3 (Breaking Down - If you want to see the core idea):**

“Historically, doctors haven’t always been upfront about the challenges faced by people who are born with sex characteristics that don’t fit typical definitions. They might try to hide the truth about their situation, sometimes by omitting important information.”


**Why These Changes Worked:**

*   **Replaced Complex Words:** “Intersex,” “concealment-centered,” “downplaying,” “lying” were replaced with more common and understandable terms like ""complex conditions,"" ""avoiding discussion,"" and"
"Biopsy of the lung is usually not indicated unless the pulmonary hypertension is thought to be due to an underlying interstitial lung disease; further, lung biopsies are fraught with risks of bleeding due to the high intrapulmonary blood pressure.","Okay, here's a rewritten version of that complex sentence, aiming for clarity for someone learning English while preserving its core meaning:

**Option 1 (More Detailed - Good for Beginners):**

""When a lung biopsy isn’t necessary because doctors suspect that your lungs have problems with high blood pressure in the space between them (pulmonary hypertension), a lung biopsy is risky. It can cause bleeding because the blood flowing in your lungs is very strong.""

**Option 2 (Slightly Shorter & More Direct):**

""If you think your lungs might have problems with high blood pressure in the spaces between them, a lung biopsy isn’t usually needed. However, it carries a risk of bleeding because the blood in your lungs is very pressured.""

**Option 3 (Breaking it Down – For Further Understanding):**

“If there’s a problem with the blood flow in your lungs – called pulmonary hypertension – a lung biopsy might not be needed. But, it’s important to know that the blood in your lungs is very thick and could potentially bleed if it’s too high.”


**Explanation of Changes Made:**

*   **“Biopsy of the lung”** became “a lung biopsy” – straightforward."
"Epidemiological studies can only go to prove that an agent could have caused, but not that it did cause, an effect in any particular case: In United States law, epidemiology alone can not prove that a causal association does not exist in general.","Okay, here's a rewritten version of the sentence, aiming for clarity and natural English flow while preserving the core meaning:

**Option 1 (More Detailed - Good for Beginners):**

""Research on diseases often shows that a specific person or thing might have been responsible for causing a particular problem in one instance. However, it doesn’t necessarily mean they were the *only* reason for that event happening.  In the laws of the United States, studying disease outbreaks alone isn’t enough to definitively say that a specific connection between someone and a result is not possible – there might be other factors involved.""

**Option 2 (Slightly Shorter & More Direct):**

""Epidemiological research can only demonstrate that a particular individual or factor might have caused a specific outcome in a single situation.  In the laws of the United States, it cannot conclusively prove that a causal link doesn’t exist across all cases.""

**Option 3 (Focusing on the Core Message - If you want to emphasize the limitation):**

“Studies examining disease outbreaks can’t definitively prove that a specific person or thing directly caused a particular event.  Instead, they can’t guarantee that there are no other causes present.”


**Explanation"
"Signs occur along a continuum: no changes to varicose veins (rare) to edema to stasis dermatitis on the lower legs and at the ankles, with or without ulceration (see Table: Clinical Classification of Chronic Venous Insufficiency). Venous stasis dermatitis consists of reddish brown hyperpigmentation, induration, venous ectasia, lipodermatosclerosis (fibrosing subcutaneous panniculitis), and venous stasis ulcers.","Okay, here's a rewritten version of that complex sentence, aiming for clarity for an English speaker unfamiliar with medical terminology and nuanced phrasing. I’ve focused on simplifying vocabulary, restructuring the information logically, and maintaining the core meaning.

**Rewritten Sentence:**

“Vessels appear to change gradually – you might see faint varicose veins (which are rare), but also develop swelling (edema) and skin problems (stasis dermatitis) on the lower legs and ankles.  Sometimes, this skin irritation can worsen, causing sores (ulcers) – this is often seen in a table showing different types of chronic vein problems (Clinical Classification of Chronic Venous Insufficiency).”

**Here’s a breakdown of how I changed each part and why:**

*   **""Signs occur along a continuum""** became **""Vessels appear to change gradually...""** - This is more direct and easily understood.
*   **""no changes to varicose veins (rare)""** became **""you might see faint varicose veins (which are rare)""** - More conversational and less formal.
*   **""to edema to stasis dermatitis on the lower legs and at the ankles""** became **""develop swelling (edema) and skin problems (st"
"Most commonly found as small circular, double-stranded DNA molecules in bacteria, plasmids are sometimes present in archaea and eukaryotic organisms.","Okay, here's a rewritten version of that sentence, aiming for clarity for someone who’s learning English and doesn’t be familiar with very specialized biology terms:

**Option 1 (More Detailed - Good for Understanding):**

“DNA molecules that look like tiny circles – called plasmids – are often found in bacteria. Sometimes, these same plasmids also appear in certain types of archaea and some eukaryotic cells like plants and animals.”

**Option 2 (Slightly Shorter & More Direct):**

“Plasmids, which are small, circular DNA strands, are common in bacteria. They’ve also been observed in some archaea and some eukaryotic organisms like plants and animals.”

**Option 3 (Breaking it Down - For Maximum Clarity):**

“Bacteria frequently contain DNA molecules shaped like little circles called plasmids.  These plasmids can also be found in other kinds of organisms, including some types of archaea and even some plant and animal cells.”


**Why I made these changes:**

*   **Replaced Complex Words:** “Most commonly found as” became “are often found,” “sometimes present” or “can be observed”. “Circular, double-stranded” became “circular DNA strands” or “circular DNA.”"
Early liver metastases may be asymptomatic.,"Okay, here are a few options for rewriting that sentence, aiming for clarity and natural English flow while preserving the core meaning:

**Option 1 (More Detailed - Good for Beginners):**

""In the early stages of liver cancer, there might not be any noticeable symptoms.""

**Option 2 (Slightly More Concise):**

""Liver cancer often doesn't cause any symptoms at first.""

**Option 3 (Focus on the Core Idea - Slightly more formal but still accessible):**

""Sometimes, early signs of liver cancer don’t appear.""

**Option 4 (Breaking it Down - For better comprehension):**

“If the initial stage of liver cancer isn’t causing any symptoms, it could be detected later.”


---

**Why these changes work:**

* **Simpler Vocabulary:** Words like ""ultimately,"" ""in the early stages,"" and ""doesn’t appear"" replace more complicated phrases.
* **Synonyms:**  Instead of “may be asymptomatic,” we use “might not be asymptomatic” or “often doesn’t cause any symptoms”.
* **Compression:** We remove unnecessary phrases like “early liver metastases” – they add little meaning unless you need to specifically address that aspect."
"A common finding during physical examination is a symmetry or a dominant mass âa mass distinctly different from the surrounding breast tissue. Diffuse fibrotic changes in a quadrant of the breast, usually the upper outer quadrant, are more characteristic of benign disorders; a slightly firmer thickening in one breast but not the other may be a sign of cancer.","Okay, here's a rewritten version of that complex sentence, aiming for clarity for an English speaker unfamiliar with medical terminology and nuanced descriptions:

**Rewritten Sentence:**

“During a doctor’s checkup, they often notice a noticeable bump or lump in the breast area. This bump isn’t like the normal, soft tissue of the breast – it’s different.  Sometimes, there are areas of thickened skin in one breast, while another breast remains relatively smooth. These signs could potentially indicate something unusual, like a tumor.”

**Here’s a breakdown of why I made these changes and what they achieve:**

*   **""A common finding during physical examination...""** became **""During a doctor’s checkup...""** - More straightforward and relatable.
*   **""...is a symmetry or a dominant mass...""** changed to **""...isn't like the normal, soft tissue of the breast.""** -  This explains the key concept much better. ""Symmetry"" is replaced with ""different shape,"" which is easier to grasp. “Dominant mass” becomes “noticeable bump or lump”.
*   **""â a mass...""** became **""...a noticeable bump or lump.""** -  Directly"
More advanced breast cancers are characterized by one or more of the following: Fixation of the mass to the chest wall or to overlying skin; Satellite nodules or ulcers in the skin; Exaggeration of the usual skin markings resulting from skin edema caused by invasion of dermal lymphatic vessels (so-called peau d â orange).,"Okay, here's a rewritten version of that complex sentence, aiming for clarity for an English speaker unfamiliar with medical terminology and nuanced descriptions. I’ve focused on simplifying language, breaking down the information, and maintaining the core meaning.

**Option 1 (More Detailed - Good for Understanding):**

“Advanced breast cancer often involves changes in the breast tissue. This can happen in several ways: a lump forming against the chest wall or the surrounding skin; small lumps or sores appearing on the skin as the breast swells due to swelling caused by abnormal blood vessels (fibers) in the breast itself – this is sometimes called ‘peau d’orange’ which means ‘orange peel’ in French.”

**Option 2 (Slightly Shorter & More Direct):**

“When breast cancer develops, it can manifest differently.  It might involve a lump growing against the chest wall or skin, or appearing as small, raised spots on the skin.  This often happens because of abnormal blood vessels in the breast, leading to swelling and redness – this is sometimes referred to as ‘peau d’orange’.”

**Option 3 (Breaking it Down - For Easier Processing):**

“Advanced breast cancer can look like these things:
*   A"
"Two leading hypotheses suggest it may have jumped species from the disease scrapie in sheep, or that it evolved from a spontaneous form of `` mad cow disease '' that has been seen occasionally in cattle for many centuries.","Okay, here are a few options for rewriting your sentence, aiming for clarity and natural English flow while preserving the core meaning:

**Option 1 (More Concise):**

""Two important theories propose that a sheep breed might have descended from the disease affecting sheep, or that it could have originated from an earlier, rare form of ‘mad cow’ disease found in cattle over many years.""

**Option *2 (Slightly More Detailed - Still Clear):**

""Two proposed explanations suggest that a sheep lineage could have originated from the disease causing scrapie in sheep, or that it might have arisen spontaneously from a previous, infrequent occurrence of a similar disease in cattle throughout history.""

**Option *3 (Breaking Down for Clarity - Good if you want to emphasize each part):**

“There are two suggested origins for this phenomenon. First, it might have evolved from sheep affected by a disease called scrapie. Second, it could have started as a less common form of ‘mad cow’ disease that has been observed in cattle historically.”


---

**Why these changes were made:**

*   **Replaced Complex Words:**  Words like ""suggest,"" ""evolved,"" ""developing,"" ""observed,"" and ""that"" were replaced with more"
Myoclonus that occurs when patients are suddenly startled (startle myoclonus) may be an early symptom of Creutzfeldt-Jacob disease.,"Okay, here's a rewritten version of your sentence, aiming for clarity and natural English flow while preserving the core meaning:

**Option 1 (More Detailed):**

""Sudden shocks or feelings of being startled – this is called myoclonus – can sometimes be a sign that someone might have Creutzfeldt-Jakob’s disease. This happens very early in the illness.""

**Option 2 (Slightly Shorter & More Direct):**

""When patients suddenly feel scared or startled (this is myoclonus), it could be a warning sign of Creutzfeldt-Jakob’s disease. It often appears early on in the illness.""


**Option 3 (Breaking it Down - If you want to really simplify):**

“If someone feels a sudden shock or fright (myoclonus), it might be a sign that they have Creutzfeldt-Jakob’s disease.  This usually happens right away in the beginning of the illness.”

---

**Why these changes work:**

* **Simpler Vocabulary:** Words like ""occur,"" ""suddenly startled,"" ""early symptom,"" and ""warns"" were replaced with more common alternatives.
* **Paraphrasing:** Instead of"
It occurs in most people with asthma and up to 20 % of people without asthma.,"Okay, here are a few options for rewriting that sentence, aiming for clarity for someone unfamiliar with medical terminology and nuanced phrasing:

**Option 1 (More Detailed & Explanatory):**

""About 20% of people who have asthma experience symptoms. However, it’s also common for many people who don't have asthma to feel unwell – roughly 80% or more of those who don’t have asthma experience similar problems.""

**Option 2 (Slightly Shorter & Focused):**

""A significant portion of individuals with asthma experience breathing difficulties.  Around 20% of people without asthma also report feeling unwell.""

**Option 3 (Breaking it Down - Good for Clarity):**

“Approximately 20% of people diagnosed with asthma experience symptoms like coughing or wheezing.  But about 80% of people without asthma also report feeling unwell.”

---

**Why these changes work:**

* **Synonyms:** I replaced phrases like ""it occurs in most people"" with “about” or “a significant portion of”.
* **Compression:**  I shortened phrases like ""up to 20%"" to ""around 20%"" or ""about 20%""."
"Vaccinia given after exposure to smallpox, within the first three days, is reported to attenuate the disease considerably, and vaccination up to a week after exposure probably offers some protection from disease or may modify the severity of disease.","Okay, here's a rewritten version of that sentence, aiming for clarity for an English speaker unfamiliar with medical terminology and complex phrasing:

**""After being exposed to smallpox, a disease called vaccinia appears to significantly reduce it within the first three days.  Getting vaccinated up to a week after the exposure might offer some protection against the illness or lessen its severity.""**

Here’s a breakdown of what was changed and why:

*   **“Vaccinia given after exposure to smallpox”** became **“a disease called vaccinia appeared to reduce it”**: This is more direct and easier to grasp.
*   **“within the first three days”** became **“within the first three days”**: Simple and clear.
*   **“is reported to attenuate the disease considerably”** became **“appears to significantly reduce it”**: Rephrased to use more common language. ""Attenuation"" means reduction, but it's a technical term; “significantly reduces” is clearer.
*   **“and vaccination up to a week after exposure probably offers some protection from disease or may modify the severity of disease”** became **“might offer some protection against the illness or lessen its severity”**: This simplifies the"
Urinary catheterization increases the risk for urinary tract infections.,"Okay, here are a few options for rewriting that sentence, aiming for clarity and natural English flow while preserving the core meaning:

**Option 1 (More Detailed & Explanatory):**

""When a urinary catheter is used, there’s a higher chance of getting a urinary infection. This happens because the tube can introduce bacteria into your bladder.""

**Option 2 (Slightly Shorter & More Direct):**

""Using a urinary catheter increases the risk of developing a urinary tract infection.  The catheter itself can cause germs to enter your bladder.""

**Option 3 (Focus on the Core Concept - Good for Beginners):**

“Having a urinary catheter makes you more likely to get a urinary infection.  The tubing could carry germs that then infect your bladder.”

---

**Why these changes work:**

* **Simpler Vocabulary:** Words like ""increasing the risk"" and ""introduces bacteria"" are easier to grasp than the original phrasing.
* **Paraphrasing:** Instead of saying “increases the risk for,” we say “there’s a higher chance of…” or “it increases the risk of…”
* **Compression:** We've shortened phrases like ""Urinary catheterization..."" to just ""using a"
Obstetric manifestations include early and late fetal loss.,"Okay, here are a few options for rewriting that sentence, aiming for clarity and natural English flow while preserving the core meaning:

**Option 1 (More Detailed - Good for Beginners):**

""During pregnancy, there are two possible outcomes: either the baby dies early or the baby is born later. This means experiencing loss during different stages of the pregnancy.""

**Option 2 (Slightly More Concise):**

""Early and late losses during pregnancy are possible events.  This includes losing the baby before birth or after the baby is born.""

**Option 3 (Focus on Key Concepts - Slightly more formal but still accessible):**

“There are two ways pregnancy can end: the baby dying prematurely or being delivered later. These scenarios represent potential losses.”


---

**Why these changes work:**

*   **Replaced Complex Words:** ""Manifestations"" became ""outcomes,"" ""late"" and ""early"" were replaced with clearer terms.
*   **Simplified Language:** Phrases like ""including"" and ""this means"" were removed.
*   **Added Context:** Explaining *why* these things happen (""during pregnancy"") helps understanding.
*   **Main Idea Preserved:** All options maintain the fundamental message about potential"
"Because patients lack the motor responses (eg, withdrawal from painful stimuli) usually used to measure responsiveness, they may be mistakenly thought to be unconscious. Thus, all patients who can not move should have their comprehension tested by requesting eye blinking or vertical eye movements.","Okay, here's a rewritten version of that complex sentence, aiming for clarity for an English speaker unfamiliar with medical terminology and nuanced phrasing:

**Rewritten Sentence:**

“When patients don’t react normally when exposed to painful sensations – like withdrawing away from those feelings – they might think they are asleep or unconscious. Therefore, we need to test them carefully.  Specifically, we should ask them to blink their eyes or look up towards the sky to see if they’re awake. This helps us determine if they’re truly aware.”

**Here’s a breakdown of why I made these changes and what they achieve:**

*   **""Because patients lack the motor responses...""** became **""When patients don’t react normally...""**: This is more direct and easily understood. It focuses on the core problem.
*   **""(eg, withdrawal from painful stimuli)""** became **""...like withdrawing away from those feelings""**:  This uses simpler language to describe the behavior. ""Eg."" is replaced with ""like"" for better flow.
*   **""usually used to measure responsiveness""** became **""...when exposed to painful sensations...""**:  Rephrased to explain the context.
*   **""they may be mistakenly"
Bedside neurologic testing Neuropsychologic testing,"Okay, here are a few options for rewriting that sentence, aiming for clarity and natural English flow while preserving the core meaning:

**Option 1 (More Detailed - Good for Beginners):**

""A neurological examination (also called neuropsychological testing) is performed to assess a person’s mental abilities.""

**Option 2 (Slightly Shorter & More Direct):**

""Neurological tests help determine how someone thinks and performs tasks.""

**Option 3 (Breaking it Down – For Easier Understanding):**

“To check their brain function, doctors often use tests like neurological examinations or neuropsychological testing. These tests look at things like memory, thinking speed, and problem-solving skills.”

---

**Why these changes work:**

*   **Neuropsychological Testing:** This is a more common and easily understood term than ""neuropsychologic testing.""
*   **Assessment:** Replacing “testing” with “assessment” provides a clearer sense of what the process involves.
*   **Mental Abilities:**  This is a broader and more accessible way to describe the focus of the test.
*   **Thinking and Performing Tasks:** This explains *what* the tests are measuring – cognitive functions.


To help me refine the best option"
"The most infamous symptom of bubonic plague is an infection of the lymph glands (lymphadenitis), which become swollen and painful and are known as buboes.","Okay, here's a rewritten version of that sentence, aiming for clarity for someone who’s learning English and doesn’t be familiar with very specific medical terms:

**Revised Sentence:**

“One of the most famous signs of bubonic plague is swelling in the lymph nodes – this is called lymphadenitis.  When these lymph nodes get big and feel uncomfortable, they’re called buboes.”

**Here’s a breakdown of why I made these changes and what they achieve:**

*   **""The most infamous symptom...""** became **""One of the most famous signs...""**: This is more direct and easily understood. ""Infamous"" has a slightly formal connotation we don't need.
*   **""...of bubonic plague is an infection of the lymph glands...""** changed to **""...is swelling in the lymph nodes - this is called lymphadenitis.""**: This breaks down the technical term into something more relatable. “An infection” is clearer than “a symptom of.”
*   **""...which become swollen and painful...""** became **""...when these lymph nodes get big and feel uncomfortable.""**: This uses more common language to describe the symptoms. ""Get big"" is a good metaphor.
*   **""..."
CA 19­-9 and CA 125 are other tumor markers that may be similarly used.,"Okay, here's a rewritten version of the sentence, aiming for clarity and natural English flow while preserving the core meaning:

**Option 1 (More Detailed):**

""Other types of tumors, called CA-19 and CA-125, might also be useful for diagnosing diseases. They’re similar in their characteristics.""

**Option 2 (Slightly More Concise):**

""CA-19 and CA-125 are other tumor markers that could be helpful in diagnosing illnesses.""


**Option 3 (Focus on Explanation - if needed):**

“In addition to these two markers – CA-19 and CA-125 – there might be other tests that offer similar results.”



**Why these changes work:**

*   **Replaced Complex Words:** ""that may be similarly used"" became ""might also be useful,"" ""could be helpful"" or ""offer similar results"".
*   **Simplified Language:** Phrases like “are another tumor marker” were replaced with more direct phrasing.
*   **Compression:**  The original sentence was quite long. Breaking it down into shorter sentences makes it easier to process.
*   **Main Idea Retention:** All options maintain the central idea – that"
Cardiac complications include pericarditis (most commonly) and myocarditis.,"Okay, here are a few options for rewriting that sentence, aiming for clarity for someone who’s learning English and doesn’t be familiar with medical jargon:

**Option 1 (More Detailed - Good for Beginners):**

""Problems involving the heart, called cardiac complications, can include inflammation of the heart lining, which is often called pericarditis.  Another type of heart problem is inflammation of the heart muscle itself, known as myocarditis.""

**Option 2 (Slightly Shorter & More Direct):**

""Heart problems can cause issues like pericarditis – where the heart lining gets inflamed – or inflammation of the heart muscle itself, called myocarditis.”

**Option 3 (Breaking it Down - For Easier Processing):**

“When the heart suffers problems, it might develop two types: pericarditis, where the sac surrounding the heart becomes inflamed, or myocarditis, where the heart muscle itself gets inflamed.”

---

**Why these changes were made:**

*   **“Cardiac complications”**: Replaced with “problems involving the heart” – more accessible.
*   **“Pericarditis”**: Explained as ""inflammation of the heart lining”.
*   **“Myocarditis”**: Explained as ""inflammation"
"Lifestyle changes have been shown to be effective in reducing (and in the case of diet, reversing) coronary disease: In people with coronary artery disease, aerobic exercise can reduce the risk of mortality.","Okay, here's a rewritten version of that sentence, aiming for clarity for an English speaker unfamiliar with medical terminology and complex phrasing:

**Option 1 (More Detailed):**

""Research shows that making lifestyle changes – like exercising regularly – can help prevent heart problems.  For people who already have heart problems, physical activity like running or cycling can significantly lower their chances of dying.""

**Option 2 (Slightly Shorter & More Direct):**

""Studies show that changing your lifestyle – such as exercising – can protect you from heart disease.  Especially for those with existing heart issues, regular exercise can help keep you alive.""


**Option 3 (Breaking it Down - If needed):**

“When you make healthy lifestyle changes, like getting regular exercise, it’s often helpful for preventing heart problems.  People who already have heart problems benefit even more when they start exercising.”

---

**Why these revisions work:**

* **Simpler Vocabulary:** Words like ""lifestyle changes,"" ""reducing,"" ""reverse,"" ""mortality,"" and ""protecting"" were replaced with more common alternatives.
* **Paraphrasing:** Instead of saying “have been shown to be effective,” we used phrases like “research shows” or"
"Because there are no blood vessels in the cornea, there are also few problems with rejection of the new cornea.","Okay, here's a rewritten version of that sentence, aiming for clarity and natural English flow while preserving the core meaning:

**Option 1 (More Detailed):**

""Since the cornea doesn’t have any blood vessels, there aren’t many issues with it being rejected by the body. This means the new cornea is likely to be well-received.""

**Option 2 (Slightly More Concise):**

""Without blood vessels in the cornea, there are fewer problems with it being rejected by the immune system.  Therefore, this new cornea seems suitable.""


**Option 3 (Breaking it Down - If you want to really simplify):**

“If the cornea doesn’t have blood vessels, it’s less likely to be rejected by the body’s defenses. So, this new cornea appears to be okay.”



---

**Why these changes work:**

*   **Replaced Complex Words:** ""Because there are no blood vessels"" became ""Since the cornea doesn’t have any blood vessels"". “there are also few problems” became “there aren’t many issues”.
*   **Simplified Language:** Phrases like ""with little problems"" were replaced with more direct phrasing.
*   **Removed Red"
"In adults, lassitude, weakness, and anorexia are most common.","Okay, here are a few options for rewriting that sentence, aiming for clarity and natural English flow while preserving the core meaning:

**Option 1 (More Detailed - Good for Beginners):**

""Among adults, feeling tired, lacking strength, and struggling with eating habits (anorexia) are frequently observed.""

*   **Explanation:** This version replaces ""lassitude,"" ""weakness,"" and ""anorexia"" with more accessible terms like ""feeling tired,"" ""lacking strength,"" and ""struggling with eating habits.""  It also uses “observed” instead of “are most common” which is slightly less formal.


**Option 2 (Slightly Shorter & More Direct):**

""Adults often experience tiredness, weakness, and difficulties with eating, particularly anorexia.""

*   **Explanation:** This simplifies the phrasing by directly stating the observation about adults. It removes the somewhat formal ""are most common"" and focuses on the key symptoms.



**Option 3 (Breaking it Down – For Enhanced Understanding):**

“Generally speaking, adults who feel tired, weak, or struggle with food intake often exhibit these problems – anorexia.”

*   **Explanation:** This breaks the sentence into three smaller parts. ""Generally speaking"
"The pain, lasting seconds to a few minutes, usually begins in the tonsillar region or at the base of the tongue and may radiate to the ipsilateral ear.","Okay, here's a rewritten version of that sentence, aiming for clarity for someone who’s learning English and potentially unfamiliar with medical terminology:

**Revised Sentence:**

“A pain, often lasting from a few seconds to a couple of minutes, typically starts in the area near your tonsils or at the bottom of your tongue. It might then spread to one side of your ear.”

**Here’s a breakdown of what I changed and why:**

*   **""The pain""**:  Simplified to ""A pain"" – straightforward and clear.
*   **""lasting seconds to a few minutes""**: Replaced with “often lasting from a few seconds to a couple of minutes” - This explains the timeframe more gently.
*   **""in the tonsillar region or at the base of the tongue""**: Rewritten as “in the area near your tonsils or at the bottom of your tongue”. This is easier to grasp than the original phrasing.
*   **""and may radiate to the ipsilateral ear""**: Changed to “It might then spread to one side of your ear.”  This uses more common language to describe the sensation – “spread” conveys the idea of the pain radiating. “Ipsilateral” is"
Clinical evaluation. Diagnosis is primarily clinical.,"Okay, here are a few options for rewriting that sentence, aiming for clarity and natural English flow while preserving the core meaning:

**Option 1 (More Detailed - Good for general understanding):**

""First, we need to examine patients carefully. The primary way we’ll determine what’s wrong is through tests and examinations.""

**Option 2 (Slightly More Concise):**

""Diagnosis comes from examining patients – it's mainly based on tests and observations.""

**Option 3 (Focusing on the Core Idea - Slightly more formal):**

""A thorough clinical examination is necessary to diagnose the problem.""

---

**Why these changes work:**

* **“Clinical evaluation”** became “we need to examine patients carefully” or “it’s mainly based on tests and observations.”  This avoids the jargon.
* **“primarily clinical”** was rephrased as ""the primary way we’ll determine..."" or ""it's mainly based on..."" This makes the connection clearer.


To help me refine the best option for *you*, could you tell me:

*   **What is the context of this sentence?** (e.g., a medical report, a conversation about health,"
"Cowpox is more commonly found in animals other than bovines, such as rodents.","Okay, here are a few options for rewriting that sentence, aiming for clarity for someone who’s learning English and doesn’t be familiar with all the nuances:

**Option 1 (More Detailed - Good for Beginners):**

""Infections caused by cowpox are often seen in animals besides cows, like rabbits or mice.""

*   **Why this works:**  Replaces “is more commonly found” with “are often seen,” which is easier to grasp. Replacing “such as” with “like” makes it flow better.

**Option 2 (Slightly Shorter & More Direct):**

""Cowpox is frequently found in animals other than cattle, like rats and mice.""

*   **Why this works:** Uses ""often found"" instead of ""more commonly found,"" and replaces ""cattle"" with ""cows"" for clarity.

**Option 3 (Breaking it Down – For Learners Who Need More Context):**

“Cowpox is more common in animals like rabbits and mice, rather than cows.”

*   **Why this works:** This breaks the sentence into two shorter sentences, making it easier to follow. It also clearly states the contrast – cowpox is *more* common in these animals."
"Here, an enzyme such as DNA polymerase catalyzes a reaction in a first step and then checks that the product is correct in a second step.","Okay, here are a few options for rewriting the sentence, aiming for clarity for someone who’s learning English and doesn’t be familiar with specialized scientific terms:

**Option 1 (More Detailed - Good for Beginners):**

""First, a special helper called a ‘DNA polymerase’ speeds up a process. Then, it carefully checks if the result seems right to ensure accuracy.""

**Option 2 (Slightly More Concise):**

“When a DNA polymerase starts working, it quickly checks if the resulting product is correct.  Then, it continues.”

**Option 3 (Breaking it Down – For Easier Understanding):**

“First, a molecule called DNA polymerase helps speed up a chemical reaction. After this initial step, it examines the product to make sure it’s accurate.”

---

**Why these changes work:**

* **Replaced Complex Words:** “catalyzes” became “speeds up,” “checks that the product is correct” became “carefully checks if the result seems right,” and “continues” replaced “then”
* **Simplified Language:** Phrases like ""in a first step and then"" were shortened to more direct expressions.
* **Added Context:** Adding phrases like ""a special helper"""
"In developing countries, most cases are probably caused by tuberculosis, particularly in patients with impaired immune function due to undernutrition or human immunodeficiency virus (HIV) infection.","Okay, here's a rewritten version of that sentence, aiming for clarity for an English speaker unfamiliar with the nuances of medical terminology and complex phrasing:

**Option 1 (More Detailed - Good for Understanding):**

“In many developing countries, tuberculosis is often the reason for illness. Specifically, people who have weakened immune systems because they haven’t eaten properly or have been infected with HIV tend to get it more often.”

**Option 2 (Slightly More Concise - Still Clear):**

“In some developing regions, tuberculosis frequently arises from poor health – often because people with weak immune systems due to malnutrition or HIV infections develop the disease.”

**Option 3 (Breaking it Down - For Maximum Clarity):**

“In poorer countries, tuberculosis is common.  It usually happens when someone has a weakened immune system because they haven’t gotten enough food or have been exposed to HIV. ”


**Why these changes were made:**

*   **""Developing countries"" became ""many developing regions"" or ""some developing areas.""** This is less formal and easier to grasp.
*   **""Most cases are probably caused by"" was replaced with phrases like ""often occurs,"" ""frequently arises,"" or ""is commonly seen."""
Clubbing is present in about 50 % of cases.,"Okay, here are a few options for rewriting that sentence, aiming for clarity and natural English flow while preserving the core meaning:

**Option 1 (More Detailed - Good for general understanding):**

""About 50% of club activities involve this phenomenon.  It’s quite common.""

**Option 2 (Slightly More Concise):**

""Around 50% of instances of clubs include this characteristic.""

**Option 3 (Focus on the Prevalence):**

""A significant number of clubs exhibit this behavior – roughly 50% of them.""

**Option 4 (Breaking it Down - If you want to explain further):**

“In about 50% of cases, you’ll find that there are clubs. This is a fairly frequent occurrence.”


---

**Why these changes work:**

*   **Replaced Complex Words:** ""Clubbing"" became ""this phenomenon,"" ""this characteristic,"" or ""this behavior.""
*   **Simplified Language:** Phrases like ""is present in about"" were replaced with more direct phrasing.
*   **Compression:**  The original sentence was streamlined to convey the same message efficiently.
*   **Maintaining Meaning:** All options maintain the essential idea that"
"She returned to Australia but died in St Vincent 's Hospital, Sydney in 1931, aged 69, of septicemia which had developed after facial surgery in Europe some time before.","Okay, here's a rewritten version of that sentence, aiming for clarity and natural English flow while preserving the core meaning:

**Option 1 (More Detailed - Good for Understanding):**

“After returning to Australia, she passed away in St. Vincent’s Hospital in Sydney on December 25, 1931, at the age of 69. She died due to septicemia – a blood infection – that resulted from a facial operation she had undergone in Europe a few years earlier.”

**Option 2 (Slightly Shorter & More Direct):**

“She lived in Australia and died in St. Vincent’s Hospital, Sydney, on December 25, 1931, at the age of 69.  A recent facial surgery in Europe caused her to develop septicemia, which ultimately led to her death.”


**Here’s a breakdown of why these changes were made:**

*   **""returned to Australia""**: Replaced with ""after returning to Australia"" - more straightforward.
*   **""died in St. Vincent’s Hospital, Sydney""**:  Simplified to “in St. Vincent’s Hospital, Sydney” - clearer phrasing.
*   **"
"Cough, occasionally producing chunky or gummy sputum, occurs but is less common.","Okay, here are a few options for rewriting that sentence, aiming for clarity and natural English flow while preserving the core meaning:

**Option 1 (More Detailed & Explanatory):**

""Sometimes, when you cough, you might produce small, hard or sticky pieces of mucus – this is relatively rare.""

**Option 2 (Slightly Shorter & More Direct):**

""It’s not often that coughing results in large, chewy pieces of mucus.  Instead, it happens sometimes.""

**Option 3 (Focus on the Symptom - Slightly More Formal):**

""Occasionally, coughing can lead to small, hard, or gummy sputum. This is a less frequent occurrence.""

---

**Why these changes work:**

*   **Replaced Complex Words:** ""producing chunky or gummy sputum"" became ""produces small, hard or sticky mucus"" or ""results in large, chewy pieces of mucus"".
*   **Simplified Language:** Phrases like “occurs but is less common” were replaced with more direct expressions.
*   **Compression:**  The unnecessary phrases (""but is less common"") were removed.
*   **Maintaining Meaning:** All options maintain the overall message about coughing producing mucus, just expressed differently"
Undernutrition and human immunodeficiency virus (HIV) infection also appear to increase risk.,"Okay, here are a few options for rewriting that sentence, aiming for clarity for someone unfamiliar with medical terminology and complex phrasing, along with explanations of why I made each change:

**Option 1 (More Detailed - Good for general understanding):**

""It seems that being poorly nourished and having HIV can make you more likely to get sick.""

*   **Why this works:**  Replaces ""undertritional"" with ""poorly nourished,"" simplifies ""increase risk"" to ""make you more likely to get sick,"" and uses a more direct and accessible phrase.


**Option **2 (Slightly More Concise - Still Clear):**

""Having a weakened immune system due to malnutrition or HIV infection might raise your chances of getting unwell.""

*   **Why this works:** Replaces “undertritional” with “weakened immune system,” simplifying the second part of the sentence. It also adds context – “might raise your chances.”



**Option 3 (Breaking Down - For very precise comprehension):**

“When someone is malnourished or has HIV, they’re at a higher risk of developing illness.”

*   **Why this works:** This breaks down the original sentence into smaller parts. It focuses on the core idea – malnutrition increases"
Infection ranges from asymptomatic (in 5 to 50 % of cases) to a hemorrhagic fever with a case fatality rate of up to 50 %.,"Okay, here are a few options for rewriting that sentence, aiming for clarity for an English speaker unfamiliar with medical terminology:

**Option 1 (More Detailed - Good for general understanding):**

""An infection can start as completely without any symptoms – sometimes only about 5 to 50% of people experience no signs at all. However, if those initial symptoms don’t appear, it can quickly turn into a severe illness called a hemorrhagic fever.  This type of illness can lead to death in up to 50% of the cases.""

**Option 2 (Slightly Shorter & More Direct):**

""Infections often begin without noticeable symptoms, ranging from 5 to 50%.  If they don't show up early, they can rapidly escalate into a deadly hemorrhage, potentially causing death in up to 50% of individuals.""

**Option 3 (Breaking it Down - For maximum clarity):**

“The onset of an infection can vary greatly. Some people might not even feel sick – perhaps only a small percentage experiencing no symptoms. If that doesn’t happen, it could quickly become a serious condition like a hemorrhagic fever. This kind of illness has a high risk of death, with up to"
Renovascular hypertension may develop if the abdominal aorta or renal arteries are narrowed.,"Okay, here's a rewritten version of that sentence, aiming for clarity for someone who’s learning English and doesn’t be familiar with medical jargon:

**Option 1 (More Detailed - Good for Understanding):**

“When the blood vessels connecting your abdomen (the large tubes called arteries) or the blood vessels supplying the kidneys become narrow, it can lead to problems called renovascular hypertension.”

**Option 2 (Slightly Shorter & More Direct):**

“If the blood vessels leading to your stomach or kidneys get smaller, it can cause high blood pressure in the area around those organs – this is called renovascular hypertension.”

**Option 3 (Breaking it Down - For Easier Processing):**

“Problems can happen when the blood flow to your belly or the kidneys gets restricted. This happens because the arteries that supply those areas become narrower.”


**Why these changes work:**

*   **Replaced Complex Words:** “Renovascular” became “blood vessels connected to the abdomen” or “blood vessels supplying the kidneys”.  ""Narrowed"" became ""gets smaller"" or ""becomes narrower.""
*   **Simplified Language:** Phrases like ""are developed if"" were replaced with more straightforward expressions like ""can lead to problems"
"Unlike other dementias, multiple- infarct dementia tends to progress in discrete steps; each episode is accompanied by intellectual decline, sometimes followed by modest recovery.","Okay, here's a rewritten version of that sentence, aiming for clarity for someone who’s learning English and unfamiliar with medical terminology:

**Option 1 (More Detailed - Good for Understanding):**

""Compared to other types of brain diseases, dementia caused by multiple strokes often develops gradually. This means it usually happens in separate stages – like little setbacks at a time.  During these periods, people might experience a slight improvement in their thinking skills, but sometimes they also feel like they’re getting worse. ”

**Option 2 (Slightly Shorter & More Direct):**

""When someone has multiple strokes, the dementia often changes slowly. It typically starts with small problems, then progresses to more significant difficulties. Sometimes, there’s a brief period where things seem better.""


**Option 3 (Breaking it Down - For Maximum Clarity):**

“Instead of developing all at once, dementia after a stroke often happens in stages.  First, you might notice some minor issues with your thinking. Then, it could get a bit harder.  Sometimes, it might even improve slightly for a short while.”



---

**Why these revisions work:**

* **Simpler Vocabulary:** Words like ""dementias,"" ""progress"
Intractable apneic spells require ventilator support.,"Okay, here are a few options for rewriting that sentence, aiming for clarity and natural English flow while preserving the core meaning:

**Option 1 (More Detailed - Good for Beginners):**

""Dealing with persistent illnesses – called ‘apneic spells’ – often needs breathing support with a ventilator. This means the person is unable to breathe on their own.""

**Option 2 (Slightly Shorter & More Direct):**

""When someone has persistent illnesses like ‘apneic spells,’ they need a ventilator to help them breathe.  It's a difficult situation where they can’t breathe themselves.""

**Option 3 (Focusing on the Problem):**

“People experiencing persistent illnesses, often called ‘apneic spells’, frequently need a ventilator to ensure they get enough oxygen.”

---

**Why these changes work:**

* **Replaced Complex Words:** ""Intractable apneic spells"" became “Dealing with persistent illnesses – called ‘apneic spells’”, “when someone has persistent illnesses” or “people experiencing persistent illnesses”.
* **Simplified Language:** Phrases like ""require ventilator support"" were replaced with more straightforward expressions like ""needs breathing support with a ventilator"" or ""need a ventilator to help them"
"Diagnosis of DiGeorge syndrome is based on clinical findings. An absolute lymphocyte count is done, followed by B- and T- cell counts and evaluation of lymphocyte subsets if leukopenia is detected; blood tests to evaluate T- cell and parathyroid function are done. Ig levels and vaccine titers are measured. If complete DiGeorge syndrome is suspected, the T- cell receptor excision circle (TREC) test should also be done. A lateral chest x-ray may help evaluate thymic shadow. Fluorescent in situ hybridization (FISH) testing can detect the chromosomal deletion in the 22q11 region; standard chromosomal tests to check for other abnormalities may also be done.","Okay, here's a rewritten version of that complex sentence, aiming for clarity for an English speaker unfamiliar with medical terminology and diagnostic procedures. I’ve focused on simplifying language, breaking down the information, and ensuring grammatical correctness:

**Revised Sentence:**

Diagnosing DiGeorge syndrome involves examining various physical signs and laboratory results. First, a complete count of your lymphocytes (white blood cells) is performed.  Then, we analyze the numbers of B and T cells, looking at how much space there is left in your immune system (lymphocyte “shadow”). If you notice a deficiency in your immune cells, we also check your T-cell activity and look at your parathyroid hormone levels. We measure levels of Ig (immunoglobulin) antibodies and track any vaccine reactions. Finally, if there’s a strong suspicion of DiGeorge syndrome, we might perform a TREC test – a special imaging technique that looks for a specific pattern in the chromosomes. In addition, a chest X-ray can sometimes help reveal a thymic abnormality.  Sometimes, fluorescent in situ hybridization (FISH) can also be used to identify a chromosomal deletion in the area of chromosome 22q11. Other tests might also be conducted to rule out other potential issues.”

**Here"
"It had a cranial capacity of 400-500 cc. In 2006, Lee Berger announced the Taung Child probably was killed by an eagle or other large predatory bird since the similarity of damage to the skull and eye sockets of the Taung Child is of that seen in modern primates that are known to have been killed by eagles.","Okay, here's a rewritten version of the sentence, aiming for clarity for someone learning English while preserving the core meaning and maintaining grammatical correctness:

**Rewritten Sentence:**

“Lee Berger announced that the skull of the Taung Child likely died because of being attacked by an eagle or another large bird predator around 2006.  The shape of the skull and the holes in the eye sockets resemble those found in modern primates – animals like monkeys and apes that have been killed by eagles. This similarity suggests the Taung Child’s death was likely caused by a large bird.”

**Explanation of Changes & Why They Were Made:**

*   **""Cranial capacity of 400-500 cc""** became **""the skull of the Taung Child likely died because of being attacked by an eagle or another large bird predator""**: This is much more accessible language. We replaced the technical term with a descriptive phrase.
*   **""In 2006""** became **""around 2006""**: A simple phrasing to indicate the timeframe.
*   **""since the similarity of damage to the skull and eye sockets of the Taung Child is of that seen in modern primates...""** became"
Renal involvement can develop at any time and may be the only manifestation of SLE. It may be benign and asymptomatic or progressive and fatal.,"Okay, here are a few options for rewriting that sentence, aiming for clarity for someone who’s learning English and doesn’t be familiar with medical terminology:

**Option 1 (More Detailed - Good for Understanding):**

""It's possible for the kidneys to start developing problems anytime – this is often the first sign of Rheumatoid Arthritis (SLE). Sometimes these changes are mild and don’t cause any symptoms, while other times they can worsen and become dangerous.""

**Option 2 (Slightly More Concise):**

""Problems with your kidneys can happen at any moment. This is often the first sign of Rheumatoid Arthritis (SLE), which could be either harmless or serious.""

**Option 3 (Breaking it Down - For Easier Processing):**

“The kidneys might start to malfunction unexpectedly.  This is often the first indication of Rheumatoid Arthritis (SLE). It could be a minor issue or something more serious.”

---

**Why These Changes Worked:**

* **Replaced Complex Words:** “develop at any time,” “manifestation,” “progressive and fatal” were replaced with more common and understandable phrases.
* **Simplified Language:** Phrases like ""it's possible for..."" and ""this is often the first"
Many of these risk factors are the same as those associated with having a major symptomatic stroke.,"Okay, here's a rewritten version of that sentence, aiming for clarity and natural English flow while preserving the core meaning:

**Option 1 (More Detailed):**

""Several of these potential dangers share similar characteristics to those found when someone experiences a significant symptomized stroke.""

**Option 2 (Slightly Shorter & More Direct):**

""Many of these risks are similar to those experienced after a serious stroke.""

**Option 3 (Focus on Connection - if appropriate for context):**

“Similar risks are present in situations where someone has suffered from a severe stroke.”


**Explanation of Changes and Why They Work:**

*   **""Many of these risk factors""** became ""Several of these potential dangers"" or ""Many of these risks"".  This is more accessible.
*   **""are the same as those associated with""** was replaced with ""share similar characteristics to"" or ""similar to those experienced after"". This uses more common vocabulary.
*   **""having a major symptomatic stroke""** was simplified to ""someone experiencing a significant symptomized stroke"" or ""a serious stroke"".  It’s clearer what “symptomatic” means.

To help me refine the best option for *your"
"Vasoconstriction can change a lesion that does not limit blood flow into a severe or complete stenosis. Symptoms of unstable angina or myocardial infarction, ischemic stroke, or rest pain in the limbs may develop when unstable plaques rupture and acutely occlude a major artery, with superimposition of thrombosis or embolism.","Okay, here's a rewritten version of the sentence, aiming for clarity and ease of understanding for someone new to English, along with explanations of how I’ve made the changes:

**Rewritten Sentence:**

“When a lesion affects a part of your body that doesn’t allow enough blood to get through (a blockage), it can turn into a serious narrowing of a blood vessel called a stenosis.  Symptoms like chest pain (angina) or a heart attack (myocardial infarction) might appear suddenly, especially if there are broken-down plaque fragments that block a large artery.  At the same time, clots or other things from elsewhere could also block the artery.”

**Explanation of Changes and Why They Were Made:**

*   **""Vasoconstriction can change...""** became **""When a lesion affects a part of your body that doesn't allow enough blood to get through...""** – This is more direct and explains the process clearly.
*   **""...that does not limit blood flow into a severe or complete stenosis.""** became **""...it can turn into a serious narrowing of a blood vessel called a stenosis.""** - This simplifies the wording and makes the connection between the problem and the resulting blockage more obvious.
*"
"According to the fifth Diagnostic and Statistical Manual of Mental Disorders (DSM), DID includes `` the presence of two or more distinct identities or personality states '' that alternate control of the individual 's behavior, accompanied by the inability to recall personal information beyond what is expected through normal forgetfulness.","Okay, here's a rewritten version of the sentence, aiming for clarity for someone unfamiliar with psychological terminology and focusing on straightforward language:

**""According to the diagnostic manual for mental disorders (DSM), ‘DID’ refers to when a person has two or more different personalities or ways of thinking that clash with each other – they’re not always consistent.  At the same time, they struggle to remember things normally because their memory isn’t working as well as it should.""**

Here’s a breakdown of why I made these changes and what they achieve:

*   **“According to the diagnostic manual for mental disorders (DSM)”**: This immediately clarifies the source – the DSM is a standard guide for diagnosing mental health conditions.
*   **“‘DID’ refers to…”**: Replacing “the presence of” with “when has” makes it less formal and easier to grasp.
*   **“two or more distinct identities or personality states”**: Explained this concept as ""different personalities or ways of thinking"" - a common way to describe how people experience themselves.
*   **“that alternate control of the individual’s behavior”**: Replaced “that alternate control of the individual’s behavior” with “they’re not always"
The linear combination of atomic orbitals or `` LCAO '' approximation for molecular orbitals was introduced in 1929 by Sir John Lennard-Jones.,"Okay, here's a rewritten version of that sentence, aiming for clarity for an English speaker unfamiliar with scientific terminology:

**""In 1929, Sir John Lennard-Jones developed a method called 'linear combination of atomic orbitals' – often referred to as ‘LCAO’ – to describe how electrons are arranged within molecules. This approach is a way to understand the shapes of the molecules.""**

Here's a breakdown of why I made these changes and what they achieve:

*   **""The linear combination of atomic orbitals or ‘LCAO’ approximation...""**  Replaced with ""a method called 'linear combination of atomic orbitals - often referred to as ‘LCAO’...""  This clarifies the concept being described.
*   **""...for molecular orbitals""**  Simplified to ""to describe the shapes of the molecules.""
*   **""was introduced in 1929 by Sir John Lennard-Jones""**  Reworded to ""developed a method... in 1929, by Sir John Lennard-Jones.""  This makes the origin clearer.


Let me know if you'd like me to tweak this further or create another version tailored to a specific audience!"
Globally about 106 million cases of chlamydia and 106 million cases of gonorrhea occurred in 2008.,"Okay, here are a few options for rewriting that sentence, aiming for clarity for someone who’s learning English and doesn’t be familiar with specific medical terminology:

**Option 1 (More Detailed - Good for Beginners):**

""In 2008, there were approximately 106 million people diagnosed with chlamydia and 106 million with gonorrhea worldwide.""

*   **Why this works:**  It replaces “Globally about 106 million cases” with a straightforward statement about the number of infections. ""Diagnosed"" is a good synonym for ""cases of"" because it's more accessible.

**Option 2 (Slightly More Concise - Still Clear):**

""Around 106 million people had both chlamydia and gonorrhea in 2008.""

*   **Why this works:** This simplifies the phrasing by focusing on the fact that *both* conditions were present. It avoids explicitly stating the numbers.

**Option 3 (Breaking it Down - For Enhanced Understanding):**

“In 2008, there were roughly 106 million individuals affected by both chlamydia and gonorrhea.”

*   **Why this works:** This breaks down the initial sentence"
"Shanty towns have high rates of crime, suicide, drug use and disease.","Okay, here are a few options for rewriting that sentence, aiming for clarity and natural English flow while preserving the core meaning:

**Option 1 (More Detailed - Good for Understanding):**

""Areas with many poor settlements – often called shantytowns – experience a lot of problems like violence, deaths due to suicide, addiction to drugs, and illnesses.""

**Option 2 (Slightly More Concise):**

""Poor settlements, known as shantytowns, frequently have high crime rates, suicide risks, drug abuse, and disease.""

**Option 3 (Breaking it Down - For Easier Processing):**

“In some areas, there are large groups of people living in makeshift shelters called shantytowns.  These areas often see a lot of crime, people dying from suicide, people struggling with drug addiction, and widespread illness.”

---

**Why these changes work:**

* **Replaced Complex Words:** ""Shantytowns"" became ""poor settlements,"" which is more accessible. “Rates” became “experience,” “high rates,” or “often have.” “Suicide” became “death due to suicide” or “suicide risks”. “Drug use” became “drug abuse” or “people struggling with"
Sullivan apparently had no idea who McCartney was.,"Okay, here are a few options for rewriting that sentence, aiming for clarity and natural English flow while preserving the core meaning:

**Option 1 (More Direct):**

""Sullivan didn’t know who Paul McCartney was.""

**Option 2 (Adding Context - Slightly More Detailed):**

""Sullivan seemed completely unaware of who Paul McCartney was.""

**Option 3 (Breaking it Down):**

“Sullivan didn’t recognize Paul McCartney as someone.”  (This emphasizes the lack of recognition)

**Option 4 (Focusing on the Lack of Knowledge):**

“Sullivan wasn’t familiar with Paul McCartney.” (This highlights the absence of knowledge)


**Why these changes work:**

*   **Simpler Vocabulary:** Words like ""apparently,"" ""had no idea,"" ""didn't recognize,"" and ""was completely unaware"" are all more accessible than the original phrasing.
*   **Reduced Complexity:** We removed phrases like “seemingly had no idea” which add unnecessary length.
*   **Clear Meaning:** Each option conveys the same fundamental message – Sullivan didn’t know who McCartney was.

To help me refine the best revision further, could you tell me:

*   What is the context of this"
"Scurvy or subclinical scurvy is caused by the lack of vitamin C. In modern Western societies, scurvy is rarely present in adults, although infants and elderly people are affected.","Okay, here's a rewritten version of that sentence, aiming for clarity for an English speaker unfamiliar with medical terminology and complex phrasing:

**""Vitamin C deficiency leads to scurvy. This condition is uncommon in adults but often affects young children and older individuals.""**

Here’s a breakdown of what was changed and why:

*   **“Scurvy or subclinical scurvy”** became **“Vitamin C deficiency leads to scurvy.”** –  This is much more direct and easier to grasp. ""Subclinical"" is explained as “a mild form of scurvy”.
*   **“caused by the lack of vitamin C”** became **“This condition is uncommon due to the lack of vitamin C.”** - This simplifies the cause explanation.
*   **“In modern Western societies”** became **“But this condition is uncommon in adults”**. –  More straightforward wording.
*   **“is rarely present”** became **“is often absent”** - A slightly more accessible way to express the same idea.


Would you like me to tweak this further, perhaps focusing on a specific aspect (like simplifying the vocabulary or adding context)?"
"He went to work for ICI Pharmaceuticals in 1958 and, while there, developed propranolol, a beta blocker used for the treatment of heart disease.","Okay, here are a few options for rewriting that sentence, aiming for clarity for an English speaker unfamiliar with the specific terminology:

**Option 1 (More Detailed - Good for Beginners):**

""In 1958, he started working at ICI Pharmaceuticals. While he was there, he created propranolol – a medication that helps slow down your heartbeat and treat problems with your heart. ”

**Option **2 (Slightly More Concise):**

""In 1958, he worked at ICI Pharmaceuticals and invented propranolol, a beta-blocker used to treat heart conditions.""

**Option 3 (Breaking it Down - For Easier Processing):**

“Around 1958, he began his job at ICI Pharmaceuticals. During that time, he made a significant discovery: he developed propranolol, a drug designed to help manage heart problems.”


**Explanation of Changes & Why They Work:**

*   **“Went to work” replaced with “started working at” or “began his job at”**: This is more natural phrasing.
*   **“for ICI Pharmaceuticals” simplified to “at ICI Pharmaceuticals”**:  A straightforward change.
*   **“developed propranolol” simplified to “"
"On his arrival, he finds citizens reading public notices warning them to take precautions against infection.","Okay, here are a few options for rewriting that sentence, aiming for clarity and natural English flow while preserving the core meaning:

**Option 1 (More Detailed - Good for Beginners):**

""When he arrived, he saw people reading posters about staying safe from illness. They were urging everyone to take care and protect themselves.""

**Option 2 (Slightly More Concise):**

""As he arrived, he noticed citizens reading public notices warning people to avoid getting sick.""

**Option 3 (Focus on the Core Message - Slightly more formal):**

""Upon arriving, he observed citizens reading public notices advising people to take preventative measures against infection.""

---

**Why these changes work:**

*   **Replaced Complex Words:** ""On his arrival,"" ""finds citizens,"" ""reading public notices,"" ""warning them to take precautions,"" and ""to take care"" were all replaced with clearer alternatives.
*   **Simplified Language:** Phrases like “on his arrival” became “when he arrived” or “as he arrived”.  Phrases like “reading public notices” were streamlined to “reading public notices.”
*   **Removed Redundancy:**  The original sentence had some repetition (""to take precautions"").


To help"
Infection of the heart and acute liver failure are among the rarer complications.,"Okay, here are a few options for rewriting that sentence, aiming for clarity and natural English flow while preserving the core meaning:

**Option 1 (More Detailed & Explanatory):**

""One less common complication is infection of the heart and serious problems with the liver.""

**Option 2 (Focus on Simpler Language):**

""It’s more difficult to get – infections of the heart and severe liver damage are rare occurrences.""

**Option 3 (Breaking it Down - Slightly More Complex, but Clearer):**

""Besides the usual complications, there are also rare cases of infection affecting the heart and causing liver failure.""

**Option 4 (Shortest & Most Direct):**

""Rarely, infections of the heart and liver can occur.""


---

**Why these changes work:**

*   **Replaced Complex Words:** ""Infection of the heart"" became ""infections of the heart,"" ""acute liver failure"" became ""serious problems with the liver,"" or ""rare occurrences""
*   **Simplified Sentence Structure:**  I've restructured the sentence to avoid long, convoluted phrases.
*   **Added Context:** Phrases like ""one less common complication"" or ""rare occurrences"" help clarify the"
Hypnotherapy has been studied in the treatment of sleep disorders in both adults and children.,"Okay, here are a few options for rewriting that sentence, aiming for clarity and natural English flow while preserving the core meaning:

**Option 1 (More Concise):**

""Research shows that hypnosis can help treat problems with sleeping, whether it’s for people as adults or kids.""

**Option 2 (Slightly More Detailed - Still Simple):**

""Scientists have investigated hypnosis as a way to help people who have trouble sleeping, both for adults and children.""

**Option 3 (Breaking it Down – Good for Clarity):**

“Studies suggest that hypnosis might be used to deal with sleep issues like insomnia or nightmares in both adults and children.”

---

**Why these changes work:**

*   **Replaced Complex Words:** ""studied in the treatment of"" became ""research shows that can help treat,"" ""investigated hypnosis as a way to"" or ""scientists have investigated hypnosis.""
*   **Simplified Language:**  Phrases like “in both adults and children” were shortened to “whether it’s for people as adults or kids” or “for adults and children.”
*   **Removed Redundancy:** Phrases like ""has been studied"" were streamlined to ""research shows.""


To help me refine the"
This causes pulmonary edema and pleural effusions.,"Okay, here are a few options for rewriting that sentence, aiming for clarity and natural English flow while preserving the core meaning:

**Option 1 (More Detailed - Good for Beginners):**

""Fluid buildup in the lungs (pulmonary edema) and large amounts of air in the space around the lungs (pleural effusions) are common problems during illness or injury.""

**Option 2 (Slightly More Concise):**

""Lung fluid accumulation (pulmonary edema) and excess air in the chest (pleural effusions) can happen when someone is sick or injured.""

**Option 3 (Focus on Explanation):**

“When you’re unwell or have an injury, your lungs might develop fluid build-up (pulmonary edema) and sometimes there’s extra air (pleural effusions).”


**Option 4 (Breaking it Down – If you want to really clarify):**

*   “Your lungs could get filled with extra liquid (pulmonary edema).  Also, there might be more air trapped around them (pleural effusions).”

---

**Why these changes work:**

* **Simpler Vocabulary:** Words like ""causes"" became ""are common problems,"" ""can happen,"" or ""might"
"Infants with hypothermia may feel cold when touched, with bright red skin and unusual lack of energy.","Okay, here are a few options for rewriting that sentence, aiming for clarity for someone who’s learning English and doesn’t be familiar with medical terminology:

**Option 1 (More Detailed - Good for Understanding):**

“When babies get too cold, they might feel very chilly to the touch. Their skin will appear bright red, and they won't seem to have any energy or feeling like themselves.”

**Option 2 (Slightly More Concise – Still Clear):**

“If a baby is cold, it might feel very cold to the touch.  Their skin will turn red and they’ll seem weak and tired.”

**Option 3 (Breaking it Down - For Easier Processing):**

“When infants experience cold temperatures, they often feel unusually cold. Their skin becomes bright red, and they don’t seem to have any strength or enthusiasm.”

---

**Why these changes were made:**

*   **“Hypothermia” replaced with “too cold”**: This is more easily understood as a general feeling of being cold.
*   **“with bright red skin” replaced with “their skin will appear bright red”**: This clarifies what the visual change means.
*   **“unusual"
The term cowpox refers to both the skin disease and the virus that causes it.,"Okay, here are a few options for rewriting that sentence, aiming for clarity and natural English flow while preserving the core meaning:

**Option 1 (More Detailed - Good for Beginners):**

""Cowpox is a condition where the skin gets infected with a specific type of virus. This virus causes a skin illness called cowpox.""

**Option 2 (Slightly Shorter & More Direct):**

""Cowpox is a viral infection that affects the skin. It’s caused by a particular virus.""

**Option 3 (Breaking it Down – For Enhanced Understanding):**

“Cowpox is a disease involving a virus that infects your skin.  It manifests as a rash and other symptoms.”

---

**Why these changes work:**

*   **Replaced Complex Words:** ""term,"" ""refer to both"" were replaced with more common phrases like ""is a condition where..."" or ""is caused by..."".
*   **Simplified Language:** Phrases like “that causes it” were shortened to “caused by”.
*   **Removed Redundancy:**  Phrases like ""the skin disease and the virus that causes it"" were streamlined to just ""the skin gets infected with a specific virus"" or ""it'"
"Acne occurs most commonly during adolescence, affecting an estimated 80-90 % of teenagers in the Western world.","Okay, here are a few options for rewriting that sentence, aiming for clarity for someone who’s learning English and doesn’t be familiar with specific medical terminology:

**Option 1 (More Explanatory):**

""A lot of teenagers experience acne most often during their teenage years – about 80% of them do. This is common in many parts of the Western world.""

**Option 2 (Slightly More Detailed - Still Clear):**

""Acne is quite common among teenagers, particularly during the teenage years. It affects roughly 80 to 90 percent of all teenagers living in Western countries.""

**Option 3 (Breaking it Down - Good for Understanding Structure):**

“Most teenagers in the western part of the world are likely to develop acne during their teenage years.  Around 80 to 90% of them experience this.”

---

**Why these changes work:**

*   **Simpler Vocabulary:** Words like ""occurs,"" ""affecting,"" ""estimated,"" and ""common"" were replaced with more everyday alternatives.
*   **Reduced Complexity:** Phrases like “most commonly” and “during adolescence” were streamlined.
*   **Contextual Clarity:** Rephr"
"As of 2014, approximately 320,000 women are diagnosed with endometrial cancer worldwide each year and 76,000 die, making it the sixth most common cancer in women.","Okay, here's a rewritten version of that sentence, aiming for clarity for an English speaker unfamiliar with medical terminology and complex phrasing:

**""Around 2014, about 320,000 women globally are diagnosed with endometrial cancer each year.  Sadly, this number results in approximately 76,000 deaths annually – making it the sixth most common type of cancer affecting women worldwide.""**

Here’s a breakdown of what I changed and why:

*   **“As of 2014”** became **“Around 2014”**: This is more direct and easily understood.
*   **“approximately 320,00-”** was replaced with **“about 320,000”**:  This simplifies the numerical expression.
*   **“women are diagnosed with endometrial cancer”** became **“women are diagnosed with endometrial cancer”**:  More straightforward wording.
*   **“each year”** remained as it's a key element.
*   **“and 76,000 die”** was rephrased as **“this number results in approximately 76,000"
"After the discovery of the first case of BSE in the US on 23 December 2003, Japan halted US beef imports.","Okay, here are a few options for rewriting that sentence, aiming for clarity for an English speaker unfamiliar with the specific details, along with explanations of why I made each change:

**Option 1 (More Detailed & Explanatory):**

""The discovery of the first instance of Bovine Spongiform Encephalopathy (BSE) in the United States in December 2003 led Japan to stop importing American beef. ”

* **Why this works:**  It replaces ""case of BSE"" with ""discovery of the first instance,"" which is more accessible. “halted” becomes “led to stop,” and “beef imports” is clarified as “importing American beef.”

**Option **2 (Slightly Shorter & Focused):**

""When BSE was found in the U.S. in December 2003, Japan stopped accepting American beef imports.""

* **Why this works:** This version uses a slightly shorter phrasing and directly states the cause and effect – the discovery prompted the action.

**Option 3 (Breaking Down the Original - More Complex but Clearer):**

“After scientists discovered the first case of Bovine Spongiform Encephalopathy (BSE) in the United States"
Influenza B has not been reported in pigs.,"Here are a few options for rewriting that sentence, aiming for clarity for an English speaker unfamiliar with the specific terminology:

**Option 1 (More Detailed):**

""There’s no evidence suggesting influenza (the flu) is present in pigs.""

*   **Explanation:** This replaces “Influenza B” with “the flu,” which is more easily understood. It also directly states the absence of evidence.

**Option 2 (Slightly More Concise):**

""Pigs haven't shown signs of having influenza.""

*   **Explanation:**  This uses ""haven’t shown signs of"" – a common idiom conveying the same idea as “has not been reported.”

**Option 3 (Breaking Down the Original - Good for Clarity):**

“It hasn’t been found that pigs are infected with influenza.  (or: Pigs don’t have influenza.)”

*   **Explanation:** This breaks down the original sentence into three shorter, easier-to-understand phrases.

**Option 4 (Focusing on Absence):**

“No pigs have been diagnosed with influenza.”

*   **Explanation:** This emphasizes the lack of a diagnosis, which is a key aspect of the original statement.


---"
Hepatitis E causes different histological patterns that depend on the host 's background.,"Okay, here are a few options for rewriting that sentence, aiming for clarity and natural English flow while preserving the core meaning:

**Option 1 (More Detailed - Good for Beginners):**

""Influenza A virus can cause different types of tissue damage – specifically, changes in the structure of the body’s cells. These changes depend on what the person’s health history is like.""

**Option 2 (Slightly More Concise):**

""When Hepatitis E infects someone, it often results in unique tissue patterns due to their overall health conditions.""

**Option 3 (Focusing on the Cause & Effect):**

“Hepatitis E infection can lead to unusual tissue development because it varies depending on the person's existing health problems.”

---

**Why these revisions work:**

* **Simpler Vocabulary:**  Words like ""histological patterns,"" ""background,"" and ""condition"" were replaced with more common alternatives.
* **Paraphrasing:** Instead of directly translating ""causes,"" we used phrases like ""can result in"" or ""lead to.""
* **Compression:** We removed unnecessary phrases like “that depend on” which add little meaning.
* **Maintaining Meaning:** All options maintain the essential idea that"
"In hypoxic pulmonary hypertension (WHO Group III), the low levels of oxygen are thought to cause vasoconstriction or tightening of pulmonary arteries.","Okay, here's a rewritten version of that sentence, aiming for clarity for someone who’s learning English and unfamiliar with medical terminology:

**Option 1 (More Detailed - Good for Understanding):**

""When blood is too little-oxygenated (in a condition called hypoxic pulmonary hypertension – a level of health care that’s considered serious), the heart muscles tighten up and narrow off the blood vessels in the lungs. This happens because the lungs aren’t getting enough fresh air.""

**Option 2 (Slightly Shorter & More Direct):**

""In a severe form of lung health problems called hypoxic pulmonary hypertension, having too little oxygen in your blood causes the heart muscles to constrict and narrow the blood vessels in the lungs.""

**Option 3 (Breaking it Down - For Easier Processing):**

“Doctors think that low oxygen levels in your blood (a problem called hypoxic pulmonary hypertension) might make your heart muscles tighten and squeeze the blood vessels in your lungs tighter.”


**Why these changes were made:**

*   **“Hypoxic pulmonary hypertension”**:  I replaced this with “a severe form of lung health problems” which is more accessible.
*   **“low levels of oxygen”**: Replaced with"
"Arterial blood carries oxygen from inhaled air to all of the cells of the body, and venous blood carries carbon dioxide, a waste product of metabolism by cells, to the lungs to be exhaled.","Okay, here's a rewritten version of that sentence, aiming for clarity for someone learning English while preserving its core meaning:

**Option 1 (More Detailed):**

“Blood flowing through your arteries delivers oxygen from the air you breathe to every part of your body. At the same time, blood flowing through veins carries carbon dioxide, which is a waste product created by your cells as they use energy. This carbon dioxide then travels to your lungs to be released.”

**Option 2 (Slightly Shorter & Focused):**

“Oxygen from the air goes to all parts of your body through your blood vessels.  At the same time, carbon dioxide, a byproduct of your cells’ metabolism, is carried away by your blood and breathed out of your lungs.”

**Option 3 (Breaking it Down - If needed):**

“Your blood carries oxygen from the air you inhale.  Then, as your cells need energy, they release carbon dioxide – a waste product – which is collected and exhaled through your lungs.”


**Why these changes were made:**

*   **Replaced Complex Words:** ""Arterial,"" ""blood,"" ""veins,"" ""carbon dioxide,"" and ""metabolism"" were replaced with more common and"
"The kinetoplastids (also known as ` kinetoplastea ') are a group of single-cell flagellate protozoa, including a number of parasites responsible for serious diseases in humans and other animals, as well as various forms found in soil and aquatic environments.","Okay, here's a rewritten version of that sentence, aiming for clarity for an English speaker unfamiliar with the specific terminology:

**""Kinetoplastids – often called ‘kinetoplastea’ – are small groups of single-celled organisms that move around using tiny paddles called flagella. These kinds of creatures are also found in both soil and water sources, and they sometimes cause problems or illnesses in humans and other animals.""**

Here's a breakdown of what I changed and why:

*   **""The kinetoplastids (also known as ` kinetoplastea`)""**:  Replaced with ""Kinetoplastids – often called ‘kinetoplastea’"". This is more natural phrasing.
*   **""are a group of single-cell flagellate protozoa""**: Changed “are a group of single-cell flagellate protozoa” to “are small groups of single-celled organisms that move around using tiny paddles called flagella.” This explains the concept better.
*   **""including a number of parasites...""**: Replaced with ""These kinds of creatures are also found..."" - More accessible language.
*   **""...responsible for serious diseases in humans and other animals...""**: Changed to"
