system,index,sari,fkgl,bertscore_raw,bertscore_rescaled,bertscore_singleref_raw
identity,0,57.401033538360416,16.411176470588234,97.9422390460968,87.80761361122131,95.29271125793457
identity,1,55.44088153046922,13.388695652173912,98.05113673210144,88.4528398513794,93.15673112869263
identity,2,57.76719512495433,5.616470588235295,99.2502510547638,95.55768370628357,91.17859601974487
identity,3,54.57281903787693,11.3,98.65988492965698,92.05971956253052,91.52603149414062
identity,4,53.979754353605855,11.58896551724138,97.77920246124268,86.84160709381104,95.80152034759521
identity,5,54.19674775030441,4.830000000000002,98.6842691898346,92.20419526100159,98.20171594619751
identity,6,54.79302365273858,9.740000000000002,99.18792247772217,95.18837928771973,99.18792843818665
identity,7,54.541349560971476,11.336521739130436,97.86934852600098,87.37573027610779,97.09721207618713
identity,8,51.14665032725095,14.60666666666667,99.38026070594788,96.32799625396729,97.28438258171082
identity,9,56.65293848883225,22.31117647058824,99.27905201911926,95.72833180427551,99.27905201911926
identity,10,53.79632081287823,13.080000000000002,99.63907599449158,97.86149859428406,99.63908195495605
identity,11,54.08489854061534,9.08705882352941,99.21334981918335,95.33904194831848,94.49559450149536
identity,12,53.65013851110771,11.3,97.40228652954102,84.60835218429565,94.5687472820282
identity,13,48.954865452104926,15.043703703703706,97.58858680725098,85.71219444274902,90.41867256164551
identity,14,52.85416362539134,10.941428571428574,99.31854009628296,95.96229791641235,95.24562954902649
identity,15,59.79426610940529,4.91076923076923,98.84783029556274,93.17330718040466,98.43271374702454
identity,16,48.93143449032789,4.830000000000002,98.02865982055664,88.31966519355774,95.18517255783081
identity,17,45.941188441188444,14.283333333333335,99.68615770339966,98.14046025276184,95.449960231781
identity,18,52.24079452919873,11.520000000000003,97.78432846069336,86.87198162078857,97.00714945793152
identity,19,54.44113657940887,8.39294117647059,98.0575442314148,88.49080204963684,98.05755019187927
identity,20,58.24582821264151,5.806666666666668,99.99999403953552,99.99996423721313,96.15973234176636
identity,21,56.48502114162308,7.612500000000001,99.6162474155426,97.72623777389526,93.45858097076416
identity,22,56.15279762797859,11.68,99.6368408203125,97.84825444221497,94.79432702064514
identity,23,57.82343240617721,8.350000000000005,99.61428642272949,97.71462082862854,94.84820365905762
identity,24,56.07160402548475,17.242307692307694,99.43963289260864,96.67978286743164,98.58092665672302
identity,25,58.495335029896324,8.265,99.00045394897461,94.07761693000793,97.67699837684631
identity,26,61.21608660907852,11.142857142857142,99.58198070526123,97.52320647239685,99.49565529823303
identity,27,57.27329056226252,15.895,98.94993901252747,93.77831220626831,98.92017841339111
identity,28,57.06666762366639,6.8750000000000036,99.06963109970093,94.48749423027039,97.87709712982178
identity,29,54.86078224173462,9.087500000000002,98.55275750160217,91.42497777938843,96.51917219161987
identity,30,57.47076473452688,9.825,99.43124651908875,96.6300904750824,97.21522927284241
identity,31,60.6632744681532,12.860000000000003,99.43053722381592,96.62588834762573,98.75673651695251
identity,32,50.603289800838866,14.64,98.56480956077576,91.49639010429382,93.65550875663757
identity,33,56.63894223007707,6.790000000000003,99.18254017829895,95.15649080276489,95.16125917434692
identity,34,51.60813227134307,15.383333333333336,98.23818802833557,89.56113457679749,95.16124725341797
identity,35,54.03580547447716,15.98,97.54610061645508,85.46046018600464,94.1058874130249
identity,36,59.31585466238932,14.798947368421054,99.64320063591003,97.88593649864197,97.36790060997009
identity,37,53.1990178256192,11.152000000000001,98.28141927719116,89.81727957725525,94.56090331077576
identity,38,50.73202589831386,3.997142857142858,99.5612382888794,97.40030169487,96.33086323738098
identity,39,50.20549222397322,18.19909090909091,99.47114586830139,96.86650037765503,97.63291478157043
identity,40,49.52888104701341,17.951428571428576,99.29568767547607,95.8268940448761,91.15705490112305
identity,41,53.1627820692716,10.356923076923078,98.55817556381226,91.45708084106445,95.65789103507996
identity,42,54.42156764337419,15.022941176470592,98.42564463615417,90.67182540893555,94.50552463531494
identity,43,58.44744016169702,7.773333333333333,99.13100600242615,94.85114812850952,94.88470554351807
identity,44,52.01846085428047,13.718888888888891,98.7568736076355,92.63438582420349,91.35875701904297
identity,45,51.11918628353547,10.562500000000004,98.39776158332825,90.5066192150116,93.36601495742798
identity,46,51.88477968065334,8.140000000000004,97.52638339996338,85.34363508224487,93.38269233703613
identity,47,48.86785945322694,11.336521739130436,97.34768867492676,84.28485989570618,93.8093900680542
identity,48,55.41775094039879,8.541538461538462,98.48602414131165,91.02957844734192,97.85366654396057
identity,49,52.27556530960422,12.314736842105265,99.46794509887695,96.8475341796875,95.88996171951294
identity,50,51.12145157192213,8.350000000000005,98.32916855812073,90.10019898414612,95.30725479125977
identity,51,54.66740347010875,17.743333333333336,98.64221215248108,91.95500612258911,93.40078830718994
identity,52,50.05758374083198,10.441111111111113,97.71285653114319,86.44850254058838,97.34935760498047
identity,53,56.63975668685971,9.830526315789477,99.2394208908081,95.49351334571838,96.58857583999634
identity,54,51.34910697427101,22.286666666666665,96.02545499801636,76.45052671432495,96.02545499801636
identity,55,55.79661413914948,17.018378378378376,97.4905252456665,85.131174325943,93.10044646263123
identity,56,55.48221896037725,9.08705882352941,99.00593757629395,94.110107421875,93.83506774902344
identity,57,57.48483928918849,18.845000000000002,98.8434910774231,93.14759969711304,98.71340990066528
identity,58,50.90783528420828,11.849565217391305,94.72307562828064,68.73382925987244,93.96098852157593
identity,59,52.670846647123206,14.040000000000003,98.02998900413513,88.32753896713257,95.47703862190247
identity,60,60.20288009693573,15.55857142857143,100.0,100.0,97.75490164756775
identity,61,55.426071324971716,7.773333333333333,98.72199296951294,92.4277126789093,97.18998670578003
identity,62,59.87885424708197,10.941428571428574,100.0,100.0,98.36226105690002
identity,63,54.45675757960857,7.698823529411765,99.27203059196472,95.68672776222229,97.19268083572388
identity,64,52.70523320288037,5.863636363636363,98.53987097740173,91.34862422943115,98.53987097740173
identity,65,50.249890298524434,15.895,97.52083420753479,85.31075716018677,97.52083420753479
identity,66,49.34517161125459,15.426923076923078,99.35630559921265,96.18605971336365,99.35629963874817
identity,67,58.253446306058656,7.190000000000001,96.10124826431274,76.89960598945618,95.50045728683472
identity,68,50.00262761546795,12.935789473684213,98.29828143119812,89.91718888282776,96.43241763114929
identity,69,58.2702773481757,5.863636363636363,99.99998211860657,99.9998927116394,97.73927330970764
identity,70,53.690789616083926,12.3,98.67250323295593,92.13448166847229,94.68709826469421
identity,71,61.39078569044614,10.73,99.99999403953552,99.99996423721313,98.41741919517517
identity,72,57.090862932585814,9.209473684210526,99.32847023010254,96.02113366127014,88.20869326591492
identity,73,49.872418265481635,9.255714285714287,98.73324036598206,92.49435663223267,93.65989565849304
identity,74,46.908444959513055,7.163333333333334,97.26645350456238,83.80353450775146,93.83187890052795
identity,75,52.46134487973494,14.040000000000003,99.169921875,95.08172273635864,93.69350671768188
identity,76,58.59048936170529,13.90818181818182,99.64544773101807,97.89925217628479,99.64544773101807
identity,77,53.46453027684345,7.190000000000001,99.28399324417114,95.7576036453247,98.17387461662292
identity,78,51.16458282957858,18.444444444444446,99.23874139785767,95.48948407173157,99.23874139785767
identity,79,54.07346023869248,13.48375,99.04096722602844,94.31765675544739,99.04096126556396
identity,80,54.25571712211722,6.137499999999999,98.41189384460449,90.59035181999207,96.47093415260315
identity,81,58.541406884987644,10.019047619047623,98.51036071777344,91.17377400398254,97.34959006309509
identity,82,57.22076624975377,2.3114285714285714,99.99997615814209,99.99985694885254,97.19375371932983
identity,83,57.363813718380854,11.693684210526317,99.62019920349121,97.74965047836304,98.03503155708313
identity,84,54.61040583127236,9.825,97.93768525123596,87.7806305885315,94.21690702438354
identity,85,51.896033653658726,17.861578947368418,98.4607458114624,90.87980389595032,89.01742696762085
identity,86,58.03867249424196,11.07263157894737,99.6943712234497,98.18912744522095,96.76087498664856
identity,87,48.371596040463,8.89777777777778,99.21597838401794,95.35461068153381,93.37679743766785
identity,88,49.292590498673256,18.625714285714285,98.13256859779358,88.93532752990723,91.35081171989441
identity,89,55.6097605733402,12.270000000000003,99.10900592803955,94.72079277038574,96.84204459190369
identity,90,48.53851359319252,5.863636363636363,99.2362380027771,95.47465443611145,99.2362380027771
identity,91,41.84380032206119,11.22727272727273,96.14612460136414,77.1655023097992,96.14611864089966
identity,92,49.819969424434326,15.555000000000003,98.9625334739685,93.85293126106262,95.06956338882446
identity,93,60.49855253166277,9.087500000000002,98.94123673439026,93.72674822807312,97.14163541793823
identity,94,47.684584439874186,8.350000000000005,97.8190541267395,87.07773089408875,93.55010390281677
identity,95,51.423191588765306,15.403333333333332,97.3921000957489,84.5479965209961,95.3492522239685
identity,96,53.64401075454194,12.29909090909091,99.09716248512268,94.65062022209167,95.033860206604
identity,97,56.02976205472835,3.997142857142858,99.99998807907104,99.99992847442627,99.99998807907104
identity,98,45.70362802474583,13.063333333333333,96.31000757217407,78.13652157783508,92.35318899154663
identity,99,55.71800592821107,11.91,99.42453503608704,96.59032821655273,98.75205755233765
identity,100,54.5155579854301,8.028333333333332,99.17327761650085,95.10160684585571,96.87805771827698
identity,101,53.775494507365316,10.434615384615388,99.26742315292358,95.65942883491516,96.58511877059937
identity,102,55.64688180974938,10.500000000000004,99.26557540893555,95.64847946166992,95.4529345035553
identity,103,54.02144822533028,14.312857142857148,98.37417602539062,90.36687016487122,94.12497878074646
identity,104,54.03922531092093,6.790000000000003,98.2154905796051,89.42664861679077,98.21549654006958
identity,105,51.00403744413412,14.60666666666667,98.24239611625671,89.58606719970703,98.24239611625671
identity,106,46.54152656137804,10.73,99.22547340393066,95.4108715057373,99.22547340393066
identity,107,51.340986267770006,11.3,99.26338791847229,95.63552141189575,96.7625081539154
identity,108,53.04574099901854,7.633846153846157,99.39023852348328,96.38711810112,94.83964443206787
identity,109,54.56100367640874,16.825000000000006,98.65305423736572,92.01924800872803,93.69345903396606
identity,110,55.88242980617887,13.732592592592596,99.44077730178833,96.68656587600708,94.84593272209167
identity,111,58.401865298683745,12.875652173913043,99.35883283615112,96.2010383605957,96.7938780784607
identity,112,60.13354243878315,9.209473684210526,99.54584836959839,97.3091185092926,99.54584836959839
identity,113,54.800237067500504,18.08714285714286,99.09675121307373,94.64818239212036,96.36915326118469
identity,114,57.08860003118848,9.740000000000002,98.31899404525757,90.03991484642029,94.86177563667297
identity,115,54.72881401899864,13.901739130434787,99.17576313018799,95.11633515357971,96.19256854057312
identity,116,48.94867778799858,9.740000000000002,98.43538403511047,90.72953462600708,94.56982612609863
identity,117,47.66254555344662,9.79739130434783,97.15874195098877,83.1653356552124,95.57535648345947
identity,118,49.28124913808623,19.682926829268293,97.67773151397705,86.24038696289062,94.63776350021362
identity,119,55.45309923234899,8.383333333333333,100.0,100.0,92.13123321533203
identity,120,54.88428874734607,13.09,99.1153359413147,94.7583019733429,94.17253136634827
identity,121,57.30903903375536,11.090000000000003,98.99238348007202,94.02979612350464,94.36849355697632
identity,122,51.39423484344796,7.471818181818183,96.90189361572266,81.64348602294922,92.9347276687622
identity,123,59.244945885199016,11.169411764705881,98.0070412158966,88.19156885147095,92.11446046829224
identity,124,53.7893590920594,11.470000000000002,99.54052567481995,97.27758169174194,95.2811598777771
identity,125,53.656748971126234,11.3,99.13887977600098,94.89780068397522,93.1111752986908
identity,126,49.327968044998364,11.784285714285716,98.61298203468323,91.78181290626526,91.77416563034058
identity,127,51.42282601955007,12.828571428571426,98.58242869377136,91.60078167915344,97.2729504108429
identity,128,53.069442665566136,13.372727272727271,97.47689366340637,85.05040407180786,95.49760222434998
identity,129,57.677004514296,15.370000000000001,98.66203665733337,92.07246899604797,98.66203665733337
identity,130,52.666557938681265,11.3,98.98875951766968,94.00832653045654,97.10752367973328
identity,131,55.62917970150604,8.412857142857145,99.08472895622253,94.57694888114929,97.87694215774536
identity,132,52.36967765142539,10.486666666666668,98.86636734008789,93.28314065933228,94.99037265777588
identity,133,44.080029273752636,12.831111111111113,99.01371002197266,94.15615797042847,94.76749300956726
identity,134,54.35741709444996,11.169411764705881,99.71790909767151,98.3285903930664,93.52719187736511
identity,135,52.15983349070732,8.412857142857145,97.46262431144714,84.96586084365845,94.51751708984375
identity,136,52.99016777575254,13.928333333333335,99.60639476776123,97.66786098480225,97.2249448299408
identity,137,58.99019911030493,7.346315789473689,100.0,100.0,96.89024686813354
identity,138,55.18312408944978,5.361176470588237,99.65351223945618,97.94703125953674,99.65351223945618
identity,139,50.93666531533108,16.334615384615386,99.40813183784485,96.49313688278198,93.17509531974792
identity,140,56.53495440729483,9.457142857142859,99.20106530189514,95.26625275611877,99.20107126235962
identity,141,57.64649793906004,11.470000000000002,99.62639808654785,97.78637886047363,98.94001483917236
identity,142,54.68416585358115,8.89777777777778,99.41558241844177,96.53728008270264,96.91498875617981
identity,143,54.66165559417585,6.507777777777779,98.49512577056885,91.08350872993469,97.49061465263367
identity,144,54.77757560054489,7.346315789473689,99.30788278579712,95.8991527557373,93.72391104698181
identity,145,56.984895451891994,9.79739130434783,99.53768849372864,97.2607672214508,97.28552103042603
identity,146,53.19287773674505,11.3,98.9722490310669,93.9104974269867,97.39667177200317
identity,147,53.03386217593737,19.63714285714286,99.0780770778656,94.5375382900238,92.98595786094666
identity,148,53.31168844933066,12.26666666666667,99.23579096794128,95.47200202941895,93.94788146018982
identity,149,56.03422732796973,12.316666666666666,99.03936982154846,94.30819749832153,94.91975903511047
identity,150,52.52460705137375,13.872857142857146,97.1801221370697,83.29201340675354,90.78764319419861
identity,151,53.88339473260765,9.081818181818182,97.43868708610535,84.8240315914154,95.67243456840515
identity,152,50.26877357143046,11.849565217391305,98.81259799003601,92.96455383300781,95.73981761932373
identity,153,54.51855308517657,13.718888888888891,98.34231734275818,90.17810821533203,97.77508974075317
identity,154,56.61955180897659,16.956666666666667,97.52770066261292,85.35144329071045,93.46505999565125
identity,155,52.12625832776926,9.830526315789477,97.54138588905334,85.43252944946289,93.46268773078918
identity,156,43.94735592720585,18.930000000000003,92.96720623970032,58.330172300338745,92.07073450088501
identity,157,56.75456204360172,15.480740740740742,97.7717638015747,86.79753541946411,95.41257619857788
identity,158,49.42961268590801,16.761904761904763,98.22213053703308,89.465993642807,93.85359287261963
identity,159,54.06399511113227,14.065384615384616,98.69832992553711,92.28751063346863,95.52077651023865
identity,160,53.541464386580316,20.834146341463413,98.87248873710632,93.3194100856781,94.01004314422607
identity,161,50.20412667513728,8.39294117647059,98.58710169792175,91.62847399711609,94.37903165817261
identity,162,49.78880583207406,13.928333333333335,97.14404940605164,83.07827711105347,92.95219779014587
identity,163,54.42479876214815,12.828571428571426,98.61318469047546,91.78301692008972,92.07280278205872
identity,164,57.573676789308436,9.087500000000002,97.47053980827332,85.01275777816772,96.19374871253967
identity,165,51.391402169382694,14.770967741935486,98.81786704063416,92.99577474594116,98.46104979515076
identity,166,55.00519852459941,14.445641025641027,97.9369044303894,87.77600526809692,97.9369044303894
identity,167,58.11682043278282,9.55,99.41498637199402,96.53375148773193,97.80959486961365
identity,168,53.30232380027827,8.541538461538462,98.78798723220825,92.81873106956482,95.31749486923218
identity,169,52.27708745758822,14.203333333333337,99.18029308319092,95.14317512512207,93.50481033325195
identity,170,52.89457673522503,8.350000000000005,98.9492118358612,93.77400279045105,95.8117663860321
identity,171,53.18789460115163,15.3275,98.72276186943054,92.43226647377014,93.87736320495605
identity,172,55.95837832249329,15.220000000000002,99.50202703475952,97.04947471618652,99.50201511383057
identity,173,58.67072825139742,13.945882352941176,99.32093024253845,95.97645998001099,99.12438988685608
identity,174,56.75311049509778,12.703846153846158,99.15425181388855,94.98887658119202,97.44115471839905
identity,175,51.92842988972135,17.66272727272727,98.40086102485657,90.5249834060669,97.38094806671143
identity,176,57.36706552196921,4.91076923076923,98.87566566467285,93.33823323249817,97.0858097076416
identity,177,50.57332046641035,6.8750000000000036,99.25232529640198,95.56997418403625,95.93658447265625
identity,178,53.470785505083164,13.451428571428576,98.40061664581299,90.52353501319885,94.92791891098022
identity,179,53.714403044907414,11.22727272727273,98.47310185432434,90.95301628112793,91.31364822387695
identity,180,51.9649969570431,8.474444444444444,97.57983684539795,85.66035032272339,97.53604531288147
identity,181,55.86221878173442,10.500000000000004,98.30129742622375,89.93505835533142,97.74169921875
identity,182,56.87497986358474,8.73,99.20631051063538,95.29733061790466,94.2557156085968
identity,183,44.031432605748925,10.451578947368422,95.40610909461975,72.78085350990295,93.10373067855835
identity,184,50.58904608951924,10.350000000000001,97.9168176651001,87.65698671340942,97.91682362556458
identity,185,58.03251601117218,9.457142857142859,98.44713807106018,90.79917669296265,97.14359045028687
identity,186,55.43439503662473,7.612500000000001,98.73603582382202,92.51092076301575,98.73602986335754
identity,187,52.51970950504212,20.73888888888889,98.28985333442688,89.86725211143494,98.28985333442688
identity,188,58.55040368920894,14.444545454545459,99.52264428138733,97.17163443565369,89.53236937522888
identity,189,45.21558022819881,5.230000000000004,95.49669623374939,73.31758737564087,95.49669623374939
identity,190,53.89168838872786,6.727142857142859,98.35945963859558,90.2796745300293,93.4577226638794
identity,191,56.69093591429494,9.740000000000002,99.39647912979126,96.42409086227417,94.38620805740356
identity,192,56.73487640740289,6.310588235294119,97.68314957618713,86.27249002456665,97.38945364952087
identity,193,60.102528096829175,9.457142857142859,99.71377849578857,98.30411672592163,98.47360253334045
identity,194,56.23845947214924,11.706666666666667,99.99998807907104,99.99992847442627,99.99999403953552
identity,195,59.21923014301262,11.096666666666668,98.63536357879639,91.91442728042603,98.30825328826904
identity,196,52.732930856697145,12.935789473684213,99.0242063999176,94.21834945678711,95.47044038772583
identity,197,48.06873519198015,8.366666666666667,98.46889972686768,90.92811942100525,86.86521053314209
identity,198,48.288309762169604,11.264615384615386,98.99367690086365,94.03746128082275,94.26479935646057
identity,199,53.97539916110311,12.26666666666667,99.87001419067383,99.22982454299927,93.1634783744812
identity,200,50.44736570167056,12.26666666666667,99.2754876613617,95.70720791816711,93.58164668083191
identity,201,51.20212734893018,8.370000000000001,98.90122413635254,93.489670753479,97.09489345550537
identity,202,55.96413440500325,2.8566666666666656,99.34486746788025,96.11828923225403,96.35508060455322
identity,203,56.1299706436171,16.40142857142857,99.42657351493835,96.60240411758423,95.91298699378967
identity,204,47.960045399483334,20.411111111111115,98.42950105667114,90.69467782974243,88.95286321640015
identity,205,55.1856223642734,13.611538461538462,98.34306240081787,90.18251895904541,94.44552659988403
identity,206,54.502312778559705,4.492500000000003,99.16512966156006,95.05333304405212,92.4664855003357
identity,207,53.184831333103766,5.682857142857145,99.99997615814209,99.99985694885254,94.46565508842468
identity,208,59.2010799587645,10.941428571428574,99.99999403953552,99.99996423721313,96.24019265174866
identity,209,55.646349624861955,9.55,99.19906854629517,95.25442123413086,95.68405747413635
identity,210,51.373254117156556,6.416666666666668,98.37584495544434,90.37675857543945,97.76780605316162
identity,211,56.40128994511424,15.55857142857143,99.70070719718933,98.22666645050049,96.22188806533813
identity,212,52.82781785381864,9.284347826086957,97.65443801879883,86.10237240791321,95.91854214668274
identity,213,49.552690132833675,11.863529411764706,97.1328854560852,83.01213383674622,95.73047161102295
identity,214,51.54981597171487,9.55,97.69903421401978,86.36660575866699,96.675044298172
identity,215,51.61109774766415,8.729615384615386,98.66889715194702,92.11311340332031,94.87060904502869
identity,216,48.51739697575494,20.697777777777777,96.6802716255188,80.3303599357605,93.47180128097534
identity,217,58.28161859712476,13.718888888888891,99.60107207298279,97.63632416725159,97.38074541091919
identity,218,58.17825767675071,6.2755555555555596,99.99998807907104,99.99992847442627,96.62009477615356
identity,219,54.441790665410196,15.99857142857143,99.27152991294861,95.68375945091248,94.79449391365051
identity,220,47.219075335719516,13.371818181818181,97.29187488555908,83.95415544509888,93.06343793869019
identity,221,49.45845063637459,9.830526315789477,99.65156316757202,97.93548583984375,94.33050155639648
identity,222,50.54925354002553,8.39294117647059,98.39193224906921,90.47207832336426,89.62908983230591
identity,223,50.94752553584638,16.602857142857143,97.09569811820984,82.79179334640503,91.69403910636902
identity,224,54.79412555824644,9.48725806451613,97.8391945362091,87.19706535339355,96.25034928321838
identity,225,60.4032247088851,9.255714285714287,99.6163547039032,97.72687554359436,99.31561350822449
identity,226,50.732069544771775,10.823478260869567,97.91988134384155,87.67514228820801,90.51430821418762
identity,227,53.33858129432675,21.761379310344832,98.5885739326477,91.63719415664673,95.49247026443481
identity,228,58.9074778783527,12.62714285714286,98.72748255729675,92.46023893356323,95.81605195999146
identity,229,56.97188951760873,11.68,98.57895374298096,91.58019423484802,98.21094274520874
identity,230,51.120420294902566,14.927826086956525,98.00034761428833,88.1519079208374,93.4120237827301
identity,231,57.368034226898466,10.713333333333338,99.33895468711853,96.08325958251953,98.59691262245178
identity,232,58.97900010708056,12.407777777777778,98.47164154052734,90.94436168670654,97.91389107704163
identity,233,54.655079835979514,10.73,98.33619594573975,90.1418387889862,96.02913856506348
identity,234,55.914568780376364,14.374444444444446,99.48533177375793,96.95055484771729,97.59292602539062
identity,235,48.2850033726488,9.79739130434783,96.38415575027466,78.57585549354553,93.65946054458618
identity,236,52.81455409965798,5.206666666666667,97.09439277648926,82.78406262397766,94.99474763870239
identity,237,53.914160435899575,13.90818181818182,98.3227550983429,90.0622010231018,96.75096273422241
identity,238,53.94299593296598,5.884285714285717,97.9256272315979,87.70918846130371,97.31727838516235
identity,239,47.20772105596951,9.655000000000001,97.62866497039795,85.94966530799866,97.153639793396
identity,240,53.40211736550783,4.003076923076925,98.54723811149597,91.39227867126465,96.56553864479065
identity,241,48.814156160753456,14.928,97.17534184455872,83.26368927955627,96.36610746383667
identity,242,49.578151920951115,9.61727272727273,98.09845089912415,88.73317837715149,97.23277688026428
identity,243,57.77845421316891,14.177894736842106,99.05502796173096,94.40097212791443,99.05502796173096
identity,244,57.25647277332836,15.426923076923078,100.0,100.0,98.17138314247131
identity,245,50.99386217095191,9.08705882352941,98.59035611152649,91.64775609970093,98.59035611152649
identity,246,55.736249740284705,11.784285714285716,99.4771420955658,96.90203070640564,99.4771420955658
identity,247,55.76350022464421,13.390476190476189,99.39349889755249,96.4064359664917,98.95188212394714
identity,248,51.153932686945595,12.425714285714289,98.68687391281128,92.21963286399841,97.41512537002563
identity,249,56.495006142808315,9.92666666666667,99.38967823982239,96.383798122406,98.1017529964447
identity,250,56.389846837637336,10.310434782608699,99.01959896087646,94.19105052947998,94.54348087310791
identity,251,55.36684044748561,11.693684210526317,99.50134754180908,97.0454454421997,95.67887783050537
identity,252,51.60548153984463,12.62714285714286,98.30485582351685,89.95614647865295,96.34350538253784
identity,253,47.0541031314512,6.2755555555555596,99.6275007724762,97.79291152954102,94.83408331871033
identity,254,54.086895286839884,13.450000000000003,99.3587851524353,96.20075225830078,94.58773732185364
identity,255,57.02587723876581,15.91777777777778,98.77467751502991,92.73987412452698,97.32681512832642
identity,256,54.20543052208523,15.494444444444444,97.58055210113525,85.66458821296692,93.32775473594666
identity,257,53.552503336833226,9.457142857142859,98.03799986839294,88.37500214576721,94.56467032432556
identity,258,50.2303410800801,12.867741935483874,96.43406867980957,78.87158989906311,89.51651453971863
identity,259,53.48887261326549,6.2755555555555596,98.39277267456055,90.477055311203,95.24186253547668
identity,260,48.6845896311036,11.142857142857142,97.73972034454346,86.60767674446106,92.50594973564148
identity,261,46.72298593035375,14.444545454545459,97.85762429237366,87.30626702308655,92.77198910713196
identity,262,51.92047372271593,15.45,99.25952553749084,95.612633228302,95.44592499732971
identity,263,49.79342714076547,5.863636363636363,97.90184497833252,87.56827712059021,90.01494646072388
identity,264,53.61386830680165,11.91,99.1105318069458,94.72983479499817,93.34340691566467
identity,265,59.31475108891363,8.009090909090911,99.23949837684631,95.49397230148315,97.55176901817322
identity,266,53.6844776818279,22.377777777777776,99.47069883346558,96.863853931427,89.74148631095886
identity,267,61.45452624003883,14.420000000000002,99.5257318019867,97.18992710113525,91.98713898658752
identity,268,55.017709249445836,9.087500000000002,98.92207384109497,93.61320734024048,97.4061906337738
identity,269,55.76921068238035,12.421481481481482,98.00408482551575,88.17405104637146,95.92338800430298
identity,270,55.06470556663229,13.390476190476189,96.575266122818,79.70819473266602,96.52329683303833
identity,271,57.1053716644677,12.421481481481482,98.18429946899414,89.2418384552002,95.08911967277527
identity,272,54.02326767339124,4.830000000000002,98.13790917396545,88.96697163581848,93.04445385932922
identity,273,48.515818592420494,11.22727272727273,97.51090407371521,85.25192141532898,95.13136744499207
identity,274,54.404651245486114,15.480740740740742,99.44718480110168,96.72452807426453,98.72276782989502
identity,275,51.31687672638318,17.652222222222225,98.84765148162842,93.17224621772766,95.96667289733887
identity,276,56.17878526420373,10.356923076923078,98.80427718162537,92.91525483131409,97.41163849830627
identity,277,45.716933620539926,14.456,95.97262740135193,76.13751888275146,93.10132265090942
identity,278,54.61861329191798,7.773333333333333,97.82016277313232,87.084299325943,95.55182456970215
identity,279,57.53202260516693,7.773333333333333,98.4702467918396,90.93610048294067,94.05025839805603
identity,280,58.11597719555927,15.480740740740742,98.07111620903015,88.5712206363678,95.33977508544922
identity,281,55.897417559200754,8.140000000000004,98.63073229789734,91.88698530197144,96.06040716171265
identity,282,55.61268540809019,12.828571428571426,99.83469843864441,99.02057647705078,97.12211489677429
identity,283,58.80605743136166,10.690000000000001,99.84374046325684,99.0741491317749,97.16935157775879
identity,284,51.01944936342498,12.690000000000001,99.10084009170532,94.67241168022156,98.22630286216736
identity,285,51.45667349716611,13.611538461538462,98.0631172657013,88.52382302284241,93.18597912788391
identity,286,54.2042272303456,10.441111111111113,98.9930510520935,94.03375387191772,95.5509603023529
identity,287,52.14952910128709,5.863636363636363,99.76100325584412,98.58392477035522,98.36670756340027
identity,288,59.796232820607074,12.55764705882353,99.00779128074646,94.12108659744263,95.09705901145935
identity,289,55.478698870670506,10.73,98.86625409126282,93.28247308731079,94.5843756198883
identity,290,54.393582363266844,7.773333333333333,99.25204515457153,95.56831121444702,98.41341376304626
identity,291,57.499627165273225,12.314736842105265,99.05176758766174,94.38165426254272,95.16129493713379
identity,292,46.27567143727159,12.62714285714286,99.7299313545227,98.39982390403748,94.15673613548279
identity,293,50.942775161525155,15.137142857142859,99.49140548706055,96.98653817176819,95.89458703994751
identity,294,47.67453930583099,12.775000000000002,97.41418957710266,84.67888236045837,95.62509655952454
identity,295,51.03690300571132,12.875652173913043,99.22000169754028,95.37845253944397,96.5144395828247
identity,296,55.795699215887716,23.292727272727273,96.8368649482727,81.25818967819214,96.81695103645325
identity,297,52.50554925402193,15.480740740740742,96.82963490486145,81.21535181999207,91.81841015815735
identity,298,54.79742965932578,17.606666666666666,98.94445538520813,93.74582171440125,97.040194272995
identity,299,51.1977085587914,16.35481481481482,96.49425745010376,79.22821640968323,92.90815591812134
identity,300,59.086061137852866,9.830526315789477,98.54354858398438,91.37041568756104,96.91577553749084
identity,301,49.30790088458074,20.526486486486494,99.35773015022278,96.19450569152832,94.75983381271362
identity,302,51.503462278533455,11.849565217391305,98.12371730804443,88.88288736343384,96.3701605796814
identity,303,49.81594922204658,13.718888888888891,97.32216596603394,84.13363099098206,95.46513557434082
identity,304,52.49216744640116,15.872000000000003,98.52315187454224,91.24956727027893,95.8940327167511
identity,305,57.21499688182148,10.511666666666667,99.87645149230957,99.26796555519104,95.3196108341217
identity,306,51.53593023402884,15.400000000000002,99.00692105293274,94.11593079566956,94.48170065879822
identity,307,54.8465789436813,17.540000000000003,99.84824657440186,99.10085201263428,93.92126798629761
identity,308,53.40012143290832,5.818461538461541,99.24011826515198,95.49764394760132,94.06620264053345
identity,309,52.60772740850612,6.790000000000003,98.27410578727722,89.77394700050354,97.10230231285095
identity,310,52.61838695898653,12.83545454545455,99.01922941207886,94.18886303901672,94.15481090545654
identity,311,57.059841371934425,11.142857142857142,98.65879416465759,92.05325245857239,97.29198217391968
identity,312,49.72831130725868,9.781176470588235,98.34234118461609,90.17824530601501,98.34234714508057
identity,313,52.545992000205686,14.927826086956525,98.79094362258911,92.8362488746643,98.79094362258911
identity,314,49.91558049436698,14.040000000000003,97.91929721832275,87.67167925834656,96.30240797996521
identity,315,54.58914105076641,13.470000000000002,99.48205947875977,96.93116545677185,96.1338460445404
identity,316,55.39363731511811,8.89777777777778,95.80785632133484,75.16123652458191,92.21792817115784
identity,317,55.2429732701435,8.276363636363637,98.80039691925049,92.89225935935974,94.6308970451355
identity,318,54.574663595282146,11.863529411764706,98.98741245269775,94.00034546852112,97.77963161468506
identity,319,52.57511303610091,12.270000000000003,98.63373637199402,91.90478324890137,91.96943640708923
identity,320,52.38655642307154,14.801212121212124,98.31826686859131,90.03560543060303,96.8109667301178
identity,321,54.638097704852754,5.818461538461541,98.8337516784668,93.0898904800415,97.16760516166687
identity,322,55.29399376767653,11.500000000000004,99.44437742233276,96.70789241790771,95.94565629959106
identity,323,58.42859465958631,5.682857142857145,99.0416407585144,94.32165026664734,98.04601073265076
identity,324,54.34139417173098,8.008636363636366,99.02692437171936,94.23445463180542,92.34598875045776
identity,325,58.5891499206345,11.090000000000003,99.45724606513977,96.78414463996887,94.77633833885193
identity,326,57.050558942141606,6.8750000000000036,99.30605292320251,95.88831067085266,95.24230360984802
identity,327,52.45235283435109,10.713333333333338,98.49810004234314,91.1011278629303,93.15906763076782
identity,328,49.62280525830369,14.715714285714288,97.98977375030518,88.08925747871399,95.92437744140625
identity,329,50.67631901934298,13.732592592592596,99.34154748916626,96.09861969947815,95.50065398216248
identity,330,49.74415868212694,16.2,99.79528188705444,98.78702759742737,93.03739666938782
identity,331,49.20114922422392,12.172307692307694,98.50611686706543,91.14863276481628,95.45842409133911
identity,332,54.62514815277012,15.742702702702704,99.5688259601593,97.44526147842407,99.5688259601593
identity,333,52.203644458559374,18.930000000000003,97.1090316772461,82.87079930305481,97.1090316772461
identity,334,53.970286459302805,11.68,98.77743124961853,92.756187915802,98.77743124961853
identity,335,57.109319092169116,14.374444444444446,99.23853874206543,95.48828601837158,97.12640047073364
identity,336,49.76695540999259,9.655000000000001,98.41876029968262,90.63103795051575,92.09401607513428
identity,337,54.407866452592955,8.412857142857145,98.92878532409668,93.65297555923462,94.48934197425842
identity,338,60.85112245441334,3.1542857142857166,99.99998807907104,99.99992847442627,99.08454418182373
identity,339,52.89595309856981,6.936363636363637,99.55809116363525,97.38165736198425,91.52549505233765
identity,340,54.20420606368963,22.312307692307694,98.79637956619263,92.86845922470093,91.42218828201294
identity,341,57.13862311844073,9.55,98.88522028923035,93.39484572410583,94.7893500328064
identity,342,52.749689012225595,15.166666666666668,97.30695486068726,84.04350876808167,91.60972833633423
identity,343,53.41627839613026,11.142857142857142,98.17219376564026,89.17011022567749,91.70483946800232
identity,344,54.32386153032698,7.967368421052633,97.62148261070251,85.90710759162903,93.64873170852661
identity,345,53.98128623038724,7.633846153846157,98.85615706443787,93.22264790534973,95.05107402801514
identity,346,55.054903317765536,14.374444444444446,99.61599111557007,97.72471785545349,96.62383794784546
identity,347,61.16485752426709,10.73,98.93558025360107,93.69323253631592,97.02315926551819
identity,348,58.351751595038145,9.830526315789477,99.31098222732544,95.9175169467926,98.33769202232361
identity,349,52.04462400773492,7.566666666666666,99.34359192848206,96.11073136329651,93.72352361679077
identity,350,55.861504737060365,8.39294117647059,99.0785002708435,94.54004764556885,96.21081948280334
identity,351,53.01122993278193,14.250000000000004,99.25433397293091,95.58187127113342,90.86145162582397
identity,352,53.50249886579233,6.960000000000001,98.82667064666748,93.0479347705841,95.55996656417847
identity,353,44.70247602944415,14.268243243243244,94.33678388595581,66.44502282142639,87.18788027763367
identity,354,52.271771664844515,14.580000000000002,97.82766699790955,87.12876439094543,92.955482006073
identity,355,54.300899325930615,7.612500000000001,97.03820943832397,82.4511706829071,94.77194547653198
identity,356,55.476893893559286,14.715714285714288,98.55308532714844,91.4269208908081,96.33499383926392
identity,357,58.13709234422815,15.98,99.4525134563446,96.75610065460205,96.31824493408203
identity,358,57.07047100721604,13.063333333333333,99.7510552406311,98.52498173713684,97.56143689155579
gold_loo,0,40.070205171361465,8.087692307692308,95.94736695289612,75.98784565925598,94.2300021648407
gold_loo,1,32.6503659356365,7.190000000000001,94.7324812412262,68.78955960273743,94.73248720169067
gold_loo,2,38.01776036678544,3.0953846153846136,92.30941534042358,54.432713985443115,91.57854914665222
gold_loo,3,30.702270329988757,12.831111111111113,92.2529399394989,54.09809350967407,90.84957838058472
gold_loo,4,45.81681729752414,3.7732608695652203,95.99740505218506,76.28432512283325,92.72079467773438
gold_loo,5,54.63482759568122,4.830000000000002,99.99999403953552,99.99996423721313,96.05355262756348
gold_loo,6,61.31744106153027,10.723333333333333,99.99999403953552,99.99996423721313,97.36946225166321
gold_loo,7,45.41152485081144,9.08705882352941,98.0618953704834,88.51658701896667,95.93292474746704
gold_loo,8,43.5504236243252,15.872000000000003,96.99174165725708,82.17584490776062,91.72385931015015
gold_loo,9,46.49839275041545,21.952727272727277,97.52105474472046,85.31206250190735,94.95475888252258
gold_loo,10,21.194904131224217,12.690000000000001,97.77470827102661,86.81498169898987,93.87367367744446
gold_loo,11,25.665587192066948,9.740000000000002,96.04601860046387,76.57236456871033,96.04600667953491
gold_loo,12,43.4623909548361,11.91,98.70951771736145,92.35379695892334,92.61382818222046
gold_loo,13,33.32394591690683,4.790909090909089,91.66391491889954,50.60807466506958,90.48728346824646
gold_loo,14,25.363731802448537,12.425714285714289,94.71928477287292,68.71137022972107,94.36923265457153
gold_loo,15,58.83619334931489,4.91076923076923,98.70724678039551,92.34033823013306,97.76149988174438
gold_loo,16,48.289531267120026,7.190000000000001,97.37958908081055,84.47387218475342,94.59342956542969
gold_loo,17,44.12703731141242,4.964444444444446,97.50919938087463,85.24181842803955,95.68213224411011
gold_loo,18,52.13536593872375,8.180000000000003,98.07563424110413,88.59798908233643,98.0756402015686
gold_loo,19,63.043056024217,7.612500000000001,97.91459441184998,87.64381408691406,96.370530128479
gold_loo,20,48.22976814124873,4.830000000000002,97.00286984443665,82.24177956581116,97.00286984443665
gold_loo,21,34.69271525852282,0.5199999999999996,98.0201005935669,88.26894760131836,93.46950650215149
gold_loo,22,42.42459267938991,9.087500000000002,95.50026059150696,73.33871126174927,94.44205164909363
gold_loo,23,42.456935893045156,7.773333333333333,95.14110088348389,71.21065855026245,95.04127502441406
gold_loo,24,42.979628091588935,16.761904761904763,98.02581071853638,88.30277919769287,96.9555914402008
gold_loo,25,45.58584034066006,8.370000000000001,97.54703044891357,85.46597361564636,97.54703044891357
gold_loo,26,26.787898551810397,9.910000000000004,99.13005828857422,94.84553337097168,97.99403548240662
gold_loo,27,43.9761671318412,15.953913043478263,97.96893000602722,87.96575665473938,93.4234619140625
gold_loo,28,51.46482749245552,7.566666666666666,99.77414608001709,98.66179823875427,96.87923192977905
gold_loo,29,41.44944972262501,8.350000000000005,97.71223068237305,86.44479513168335,95.59003114700317
gold_loo,30,35.80995773275378,6.726153846153846,98.01180362701416,88.21978569030762,96.67145013809204
gold_loo,31,55.91927665161162,8.171666666666667,98.69214296340942,92.25084781646729,97.64035940170288
gold_loo,32,38.83738931127547,10.47529411764706,94.63167786598206,68.19229125976562,94.63167786598206
gold_loo,33,40.87194550485213,3.7181818181818187,94.86076831817627,69.5496678352356,94.38517689704895
gold_loo,34,43.54941098758538,12.314736842105265,95.49161791801453,73.28749895095825,94.3354606628418
gold_loo,35,51.842587607523036,11.142857142857142,96.39557600021362,78.64351868629456,94.15003657341003
gold_loo,36,46.46428397061964,10.562500000000004,98.14631938934326,89.01680707931519,97.73182272911072
gold_loo,37,30.89140810484807,7.818888888888889,94.02840733528137,64.6178662776947,93.44682693481445
gold_loo,38,51.68004331801489,-1.8399999999999999,100.0,100.0,97.42773771286011
gold_loo,39,42.72502563317164,16.761904761904763,97.13222980499268,83.00824761390686,95.2746331691742
gold_loo,40,33.87233173327587,7.570000000000004,94.79061365127563,69.13399696350098,91.07625484466553
gold_loo,41,38.25829267404681,4.91076923076923,96.98670506477356,82.14600086212158,95.50831913948059
gold_loo,42,40.470377795510224,6.600000000000005,95.35702466964722,72.49002456665039,95.35702466964722
gold_loo,43,46.727577855297376,6.780000000000001,96.48597836494446,79.17916178703308,94.49597001075745
gold_loo,44,40.3266189751021,10.154545454545456,96.79093956947327,80.98607659339905,91.78847670555115
gold_loo,45,31.356155577119573,4.450000000000003,96.46097421646118,79.03100848197937,94.26090717315674
gold_loo,46,34.42668146671679,4.823333333333334,95.55140137672424,73.64172339439392,95.55140733718872
gold_loo,47,38.37776344819421,7.190000000000001,94.7206974029541,68.71973872184753,92.5056517124176
gold_loo,48,57.6200326638923,4.641666666666666,97.94197678565979,87.80605792999268,96.7086672782898
gold_loo,49,52.566087669705176,7.367631578947371,96.74563407897949,80.7176411151886,92.86485314369202
gold_loo,50,45.44864035323098,1.468076923076925,96.84974551200867,81.33450746536255,94.08862590789795
gold_loo,51,44.971168807736134,14.040000000000003,97.52857089042664,85.35659909248352,94.24150586128235
gold_loo,52,41.069320502729596,5.967500000000001,96.16983532905579,77.30599045753479,95.72388529777527
gold_loo,53,42.50788423239607,9.087500000000002,96.7026948928833,80.46321868896484,93.1943416595459
gold_loo,54,44.81079710952723,18.804705882352945,97.09804058074951,82.80567526817322,92.81831383705139
gold_loo,55,47.01513240148071,7.773333333333333,96.7496931552887,80.74169158935547,94.3737804889679
gold_loo,56,38.926865001431835,7.633846153846157,96.75396084785461,80.76697587966919,92.66287684440613
gold_loo,57,38.06435742589747,14.445454545454545,98.11621308326721,88.8384222984314,98.0206310749054
gold_loo,58,51.98287187378002,4.91076923076923,100.0,100.0,95.09277939796448
gold_loo,59,39.04313213952895,10.713333333333338,96.57820463180542,79.72560524940491,96.09965682029724
gold_loo,60,49.308478328679534,17.285517241379313,97.75490164756775,86.6976261138916,97.75490164756775
gold_loo,61,43.79423551359009,7.221,96.79096937179565,80.98625540733337,94.28291320800781
gold_loo,62,62.336653193121535,7.442500000000003,98.9282488822937,93.64979267120361,98.36226105690002
gold_loo,63,52.14977235981969,4.830000000000002,96.9430923461914,81.88759684562683,93.04714798927307
gold_loo,64,30.84956780206525,6.010000000000002,97.07671403884888,82.67931342124939,94.68804597854614
gold_loo,65,37.90489173952955,14.98090909090909,94.04812455177307,64.73469138145447,92.7419662475586
gold_loo,66,43.75636380118823,15.400000000000002,97.49719500541687,85.17069220542908,92.69338250160217
gold_loo,67,32.75318815034005,7.58666666666667,95.48062682151794,73.22237491607666,91.87567830085754
gold_loo,68,47.14846879787463,9.910000000000004,95.76159715652466,74.88714456558228,95.56831121444702
gold_loo,69,46.17430423640502,3.653333333333336,99.06414151191711,94.45496797561646,98.63841533660889
gold_loo,70,48.69701064775015,8.009090909090911,96.61487936973572,79.94290590286255,95.55386900901794
gold_loo,71,45.144421162473485,8.009090909090911,98.41741919517517,90.62309265136719,97.09895253181458
gold_loo,72,22.351112127334602,3.84,91.51840806007385,49.7459352016449,87.8294289112091
gold_loo,73,36.86844161901296,8.89777777777778,94.87508535385132,69.63449716567993,88.58508467674255
gold_loo,74,39.48090984576551,5.818461538461541,94.67526078224182,68.45052242279053,92.28978157043457
gold_loo,75,42.771577827636854,10.713333333333338,96.57250046730042,79.69180941581726,93.6673104763031
gold_loo,76,60.08887698131562,12.83545454545455,99.5353639125824,97.24699854850769,93.18649172782898
gold_loo,77,43.25821194349831,7.58666666666667,97.75099158287048,86.67445778846741,95.21031975746155
gold_loo,78,42.0806399403904,11.463571428571427,96.04554176330566,76.56953930854797,89.42288160324097
gold_loo,79,47.88271988646264,7.203387096774197,98.72609376907349,92.45201349258423,92.40536093711853
gold_loo,80,31.392715289983947,5.818461538461541,95.57415843009949,73.77656102180481,90.31316637992859
gold_loo,81,41.92458897057938,9.209473684210526,97.62755632400513,85.94309687614441,93.67820620536804
gold_loo,82,25.257195448245106,0.5199999999999996,97.19375371932983,83.37278366088867,97.19375371932983
gold_loo,83,36.491214665359934,11.3,97.67495393753052,86.22393012046814,93.3719277381897
gold_loo,84,40.93503640199909,9.087500000000002,94.60943937301636,68.06052923202515,94.04041171073914
gold_loo,85,30.01165094210808,9.209473684210526,91.10352396965027,47.287717461586,89.25355076789856
gold_loo,86,47.614896669830856,9.087500000000002,97.10062742233276,82.82099962234497,95.15576362609863
gold_loo,87,34.44180950077176,2.280000000000001,95.38829326629639,72.67529368400574,94.38084363937378
gold_loo,88,39.33884971987933,10.153636363636362,94.27158832550049,66.05873107910156,90.4695212841034
gold_loo,89,35.5318021603571,8.756666666666668,96.66253924369812,80.22529482841492,92.20673441886902
gold_loo,90,45.29559470646986,6.010000000000002,98.26585054397583,89.72503542900085,95.35354971885681
gold_loo,91,32.58283976077064,3.7550000000000026,92.3951506614685,54.94070053100586,90.24580717086792
gold_loo,92,48.52606381506238,11.130000000000003,95.37484645843506,72.59562015533447,94.70221996307373
gold_loo,93,53.024289364157404,9.087500000000002,97.99111485481262,88.09720277786255,97.8668749332428
gold_loo,94,42.993390977253654,4.060000000000002,95.394366979599,72.71128296852112,94.05458569526672
gold_loo,95,44.04104714701114,14.040000000000003,95.49208879470825,73.29028844833374,93.70687007904053
gold_loo,96,37.239629743667905,7.570000000000004,97.58588075637817,85.69616079330444,95.08927464485168
gold_loo,97,54.33912436109476,3.997142857142858,98.5667884349823,91.50811433792114,96.42072916030884
gold_loo,98,51.807980663044326,7.190000000000001,98.10145497322083,88.75097632408142,89.06638026237488
gold_loo,99,35.30395399004254,10.208888888888893,98.10839295387268,88.79208564758301,98.08737635612488
gold_loo,100,45.520359434082124,7.044999999999998,97.50517010688782,85.217946767807,90.82609415054321
gold_loo,101,46.67516473649418,7.771428571428572,96.82098031044006,81.1640739440918,90.77590703964233
gold_loo,102,30.83522793755699,6.936363636363637,95.78487873077393,75.02509355545044,93.60319972038269
gold_loo,103,37.321960280675285,11.22727272727273,94.73752975463867,68.81946921348572,93.19458603858948
gold_loo,104,56.474251697784474,2.645454545454548,99.09200668334961,94.62007284164429,97.5179672241211
gold_loo,105,40.873942783367426,9.48725806451613,96.31727337837219,78.17956805229187,95.34385204315186
gold_loo,106,46.27062217670642,10.73,97.13624119758606,83.03201794624329,92.84477233886719
gold_loo,107,45.04891416728243,7.472727272727273,97.37080335617065,84.42181348800659,97.3707914352417
gold_loo,108,34.67779120004612,2.342222222222226,97.1121072769165,82.88902044296265,96.13428711891174
gold_loo,109,47.635834303362245,9.457777777777778,94.18867826461792,65.56748747825623,93.77796053886414
gold_loo,110,49.93300907244676,6.936363636363637,96.59013152122498,79.79627251625061,95.0931966304779
gold_loo,111,46.3081850594282,10.356923076923078,100.0,100.0,96.76127433776855
gold_loo,112,62.57967006569104,7.967368421052633,98.78299832344055,92.7891731262207,98.4688937664032
gold_loo,113,39.69437500595782,15.403333333333332,96.76960110664368,80.85964322090149,94.8310136795044
gold_loo,114,47.752301563419095,6.936363636363637,95.9960401058197,76.27623677253723,95.24880051612854
gold_loo,115,43.89821653982074,7.001666666666669,98.05293083190918,88.46346735954285,96.54855132102966
gold_loo,116,51.729992502051324,9.655000000000001,99.29012656211853,95.79394459724426,95.30492424964905
gold_loo,117,51.47166919606748,5.993333333333336,97.39571809768677,84.5694363117218,96.45165205001831
gold_loo,118,42.44212414260509,6.933108108108112,95.337975025177,72.37715721130371,92.65767335891724
gold_loo,119,57.14276391435734,2.4700000000000024,93.29470992088318,60.270655155181885,90.76429605484009
gold_loo,120,42.62979767204397,3.650000000000002,96.73169255256653,80.63503503799438,94.78631615638733
gold_loo,121,22.15417722047677,3.650000000000002,94.74428296089172,68.85948181152344,94.74428296089172
gold_loo,122,34.10778545848087,2.4700000000000024,95.42990922927856,72.92187213897705,93.44236254692078
gold_loo,123,30.047069988069758,6.936363636363637,93.75693798065186,63.00939321517944,93.75693798065186
gold_loo,124,49.61021524330474,5.805,95.69370150566101,74.48486089706421,94.11666989326477
gold_loo,125,43.30401346083544,7.28166666666667,95.48212885856628,73.23127388954163,95.48212885856628
gold_loo,126,32.818297595700095,7.368571428571428,94.122976064682,65.1781976222992,92.1548068523407
gold_loo,127,43.45844729400817,8.242222222222225,97.72422909736633,86.51588559150696,93.97568702697754
gold_loo,128,39.233553291389086,11.264615384615386,95.06852626800537,70.78065276145935,87.53882050514221
gold_loo,129,46.64008236508928,8.802222222222223,100.0,100.0,91.80159568786621
gold_loo,130,44.47248223811051,10.098571428571429,97.41226434707642,84.66747403144836,97.37751483917236
gold_loo,131,53.842519074584196,7.566666666666666,98.55687022209167,91.44935011863708,96.74755930900574
gold_loo,132,51.290468970900186,8.792000000000002,95.56918740272522,73.74710440635681,94.71267461776733
gold_loo,133,38.06733084256872,9.55,96.1746335029602,77.33441591262817,96.1746335029602
gold_loo,134,38.54233396582842,9.209473684210526,93.8071072101593,63.306647539138794,92.92224645614624
gold_loo,135,49.051514304057896,8.353333333333339,95.72426080703735,74.66592788696289,95.61865329742432
gold_loo,136,41.33183410436776,8.733571428571427,97.27431535720825,83.85011553764343,91.0085916519165
gold_loo,137,44.036118960933756,3.641315789473687,97.37332463264465,84.4367504119873,95.08905410766602
gold_loo,138,54.083613462451865,3.278823529411767,100.00002384185791,100.00014305114746,93.53161454200745
gold_loo,139,46.46590819001848,12.55764705882353,97.34886884689331,84.29185152053833,92.5284206867218
gold_loo,140,60.02780217205993,5.362142857142857,97.94906377792358,87.84804940223694,97.70399928092957
gold_loo,141,42.855307607795936,6.790000000000003,98.67148995399475,92.12847948074341,97.67511487007141
gold_loo,142,51.29933216556023,3.7181818181818187,96.31100296974182,78.14241647720337,96.3027834892273
gold_loo,143,41.805801550407956,3.0599999999999987,96.71738743782043,80.55027723312378,95.99921107292175
gold_loo,144,61.48182137676211,1.0311111111111124,95.87463736534119,75.55691599845886,95.87464332580566
gold_loo,145,50.66390124040976,6.010000000000002,98.37561249732971,90.37538170814514,97.01361060142517
gold_loo,146,56.61488357387796,4.641666666666666,98.46059679985046,90.87892174720764,97.22404479980469
gold_loo,147,40.01503924209993,14.734285714285718,95.03813982009888,70.6006109714508,92.19390153884888
gold_loo,148,34.12922035098041,7.612500000000001,94.45563554763794,67.14922785758972,92.71621704101562
gold_loo,149,41.65798559361122,5.240000000000002,98.68415594100952,92.2035276889801,96.5256929397583
gold_loo,150,40.605452564929614,6.790000000000003,98.17267060279846,89.17293548583984,91.03180766105652
gold_loo,151,49.88953751998833,9.55,98.31116795539856,89.99354243278503,95.795738697052
gold_loo,152,43.90662018922531,10.310434782608699,95.5791175365448,73.8059401512146,90.8470869064331
gold_loo,153,61.876826160011476,8.370000000000001,98.66018891334534,92.06151962280273,96.25555276870728
gold_loo,154,32.52946340862643,4.971296296296298,93.9720869064331,64.2841637134552,90.85955023765564
gold_loo,155,40.993734188886435,5.230000000000004,93.81027817726135,63.325434923172,91.3761854171753
gold_loo,156,40.62427668098821,5.261428571428574,92.2223687171936,53.91695499420166,92.22235679626465
gold_loo,157,50.5595244452837,7.376250000000002,95.30466198921204,72.17977046966553,95.30466198921204
gold_loo,158,45.16228037994557,9.964285714285715,95.15082836151123,71.26829624176025,95.15084028244019
gold_loo,159,47.56083031819211,6.213333333333335,96.25591039657593,77.81599164009094,96.25591039657593
gold_loo,160,45.8313121657896,12.945,96.88132405281067,81.52161240577698,95.595383644104
gold_loo,161,46.486546176757024,2.2816666666666663,96.7769980430603,80.90347051620483,94.13977861404419
gold_loo,162,36.70954350854475,3.650000000000002,96.54233455657959,79.5130729675293,96.54233455657959
gold_loo,163,37.929789353424255,12.286666666666669,93.94984841346741,64.15240168571472,91.96678400039673
gold_loo,164,65.70942520020488,8.588421052631581,97.42825627326965,84.7622275352478,90.9770667552948
gold_loo,165,40.845002936830376,13.611538461538462,97.69392609596252,86.33633852005005,93.87398362159729
gold_loo,166,40.68774248579752,14.445641025641027,95.0221300125122,70.50575017929077,89.55458998680115
gold_loo,167,57.42379974126425,9.55,98.42631220817566,90.67578315734863,97.18736410140991
gold_loo,168,41.89816122370224,3.7550000000000026,95.7917332649231,75.06570816040039,90.21167159080505
gold_loo,169,37.411971460259714,7.367631578947371,96.15442156791687,77.21465826034546,90.54144024848938
gold_loo,170,53.478156250180554,3.997142857142858,96.67797684669495,80.31676411628723,95.372074842453
gold_loo,171,35.43094115848189,5.151111111111113,93.90098452568054,63.86287808418274,93.90099048614502
gold_loo,172,58.491029150436944,14.040000000000003,98.57362508773804,91.5486216545105,96.66172862052917
gold_loo,173,37.37111553282924,13.5125,98.5757052898407,91.56094789505005,98.5757052898407
gold_loo,174,46.84780260851822,10.47529411764706,99.02384281158447,94.21619772911072,96.13932967185974
gold_loo,175,35.19646251767407,17.416470588235295,96.6207206249237,79.97751832008362,94.93266344070435
gold_loo,176,55.086797181225975,2.2816666666666663,97.24788069725037,83.69348645210266,96.68207168579102
gold_loo,177,51.085099377247026,1.5425000000000004,95.81162333488464,75.1835584640503,94.3704903125763
gold_loo,178,44.08162936284554,5.838518518518523,95.40519118309021,72.77541756629944,94.37281489372253
gold_loo,179,45.357803143875586,9.087500000000002,92.68481731414795,56.6569983959198,91.27588868141174
gold_loo,180,57.7552784290168,3.017500000000002,97.19674587249756,83.39051008224487,96.42109274864197
gold_loo,181,47.83478164362361,8.474444444444444,96.8568742275238,81.37674331665039,96.38731479644775
gold_loo,182,30.74960633426261,5.818461538461541,94.62236166000366,68.13709139823914,92.37362146377563
gold_loo,183,38.02872494244744,7.633846153846157,94.75250840187073,68.90822052955627,93.27324032783508
gold_loo,184,42.39931886166758,10.350000000000001,95.78092694282532,75.00167489051819,95.07178664207458
gold_loo,185,57.130503949622856,9.08705882352941,97.44817018508911,84.88022089004517,95.68931460380554
gold_loo,186,58.62465193689924,7.612500000000001,97.6464033126831,86.0547661781311,93.98603439331055
gold_loo,187,40.45548444387332,14.102179487179487,95.1278030872345,71.13186717033386,95.1278030872345
gold_loo,188,16.57469752676251,6.416666666666668,95.10566592216492,71.00070714950562,95.10565400123596
gold_loo,189,44.0711764298369,5.682857142857145,98.71244430541992,92.3711359500885,95.10731101036072
gold_loo,190,43.891462258204754,0.6257142857142846,96.08120322227478,76.78083777427673,96.08121514320374
gold_loo,191,49.519365564075294,8.370000000000001,99.15114641189575,94.97047662734985,88.16676735877991
gold_loo,192,37.68120681357976,2.9977777777777774,96.61375880241394,79.93626594543457,90.8029854297638
gold_loo,193,52.677605959958015,5.312391304347827,98.99545311927795,94.04798746109009,90.26821255683899
gold_loo,194,54.57619061257583,11.706666666666667,98.3860969543457,90.43750166893005,95.87847590446472
gold_loo,195,38.71797971004726,7.779999999999998,97.40760326385498,84.63985323905945,94.0979540348053
gold_loo,196,46.712755053447566,11.500000000000004,98.30257892608643,89.9426519870758,91.9392466545105
gold_loo,197,30.688379638580493,14.111428571428572,91.63801670074463,50.45462250709534,85.61394810676575
gold_loo,198,46.537304894137016,5.230000000000004,97.62918949127197,85.95277070999146,94.08711194992065
gold_loo,199,39.33212111752471,11.96166666666667,93.68354678153992,62.5745415687561,92.13342666625977
gold_loo,200,31.957852102428696,9.740000000000002,96.4998722076416,79.26148176193237,96.4998722076416
gold_loo,201,40.661541616908686,2.3114285714285714,98.10736179351807,88.78597617149353,97.60759472846985
gold_loo,202,41.90382572214147,2.645454545454548,97.2420871257782,83.65916013717651,94.42583322525024
gold_loo,203,48.440246343724866,8.904629629629632,96.06090784072876,76.66058540344238,94.776850938797
gold_loo,204,30.35872117182654,9.081818181818182,94.01084780693054,64.51382637023926,87.83971071243286
gold_loo,205,41.318299873385705,9.910000000000004,95.62425017356873,74.07335638999939,95.62424421310425
gold_loo,206,37.06979249684934,7.368571428571428,98.3574390411377,90.2677059173584,92.08948016166687
gold_loo,207,33.59868991944464,0.7199999999999989,96.66094779968262,80.21586537361145,91.30749106407166
gold_loo,208,37.82346964265912,11.500000000000004,96.42428159713745,78.81360054016113,92.38014817237854
gold_loo,209,60.99370046431907,4.964444444444446,98.79833459854126,92.88004040718079,95.87317109107971
gold_loo,210,44.00521419291639,4.450000000000003,99.27500486373901,95.7043468952179,96.73678874969482
gold_loo,211,48.294406273379664,11.630517241379316,97.5645363330841,85.5696976184845,89.2508864402771
gold_loo,212,47.04683383991242,6.137499999999999,96.0814356803894,76.78221464157104,95.12723684310913
gold_loo,213,48.62084254424357,8.009090909090911,99.21914339065552,95.37336826324463,93.18290948867798
gold_loo,214,56.467373572462535,9.55,99.00651574134827,94.11352872848511,96.6350257396698
gold_loo,215,44.85454800836568,9.55,98.89217019081116,93.43602657318115,94.58309412002563
gold_loo,216,36.09435498114743,10.208888888888893,95.22881507873535,71.73037528991699,92.35070943832397
gold_loo,217,49.71659142333798,11.752222222222223,97.00773358345032,82.27059841156006,95.59338688850403
gold_loo,218,39.00701242783166,6.705000000000002,100.0,100.0,95.50595879554749
gold_loo,219,44.28859545104584,13.080000000000002,95.25651335716248,71.89449071884155,92.7622377872467
gold_loo,220,46.92659124406357,8.544545454545453,94.17082071304321,65.46167731285095,91.96469187736511
gold_loo,221,49.37110171956796,7.818888888888889,95.35685181617737,72.48899936676025,94.9880301952362
gold_loo,222,29.558554669918653,2.8566666666666656,91.43059849739075,49.22565817832947,89.99418616294861
gold_loo,223,33.71121005145724,10.673333333333336,92.82882809638977,57.51027464866638,90.2997612953186
gold_loo,224,38.014476118749755,9.341666666666669,95.47079205513,73.16410541534424,90.77047109603882
gold_loo,225,57.33170376965556,8.541538461538462,99.7169017791748,98.32262396812439,93.44767332077026
gold_loo,226,26.778354583365477,10.713333333333338,93.58165264129639,61.97081208229065,93.58165264129639
gold_loo,227,43.515919394113254,13.09,95.52207589149475,73.4679639339447,91.95268750190735
gold_loo,228,34.096866797307406,9.740000000000002,96.80712223052979,81.08196258544922,92.5015926361084
gold_loo,229,47.38011308926307,6.746578947368423,97.50785231590271,85.23383736610413,96.66927456855774
gold_loo,230,40.550641852632594,7.967368421052633,93.32709312438965,60.462528467178345,90.5864417552948
gold_loo,231,59.068977268868906,8.541538461538462,100.0,100.0,95.09353637695312
gold_loo,232,63.456564792727974,8.588421052631581,98.63454699516296,91.90958738327026,96.65389060974121
gold_loo,233,47.583022984267984,6.936363636363637,96.490079164505,79.20345664024353,96.49007320404053
gold_loo,234,49.61296749554918,10.441111111111113,98.08375835418701,88.64612579345703,98.08375835418701
gold_loo,235,38.15124319729355,5.041428571428572,96.07120156288147,76.72157883644104,91.73659682273865
gold_loo,236,53.0077946875657,3.84,99.11366105079651,94.7483777999878,96.42030596733093
gold_loo,237,43.751522943924904,11.693684210526317,97.11679220199585,82.91677832603455,95.23473381996155
gold_loo,238,42.69682955020557,6.010000000000002,97.64677882194519,86.05698943138123,96.28745913505554
gold_loo,239,47.92422692286949,6.2755555555555596,99.99998807907104,99.99992847442627,93.78752112388611
gold_loo,240,48.76199584943428,2.342222222222226,98.82985353469849,93.06679368019104,98.82985353469849
gold_loo,241,34.31189421332113,14.374444444444446,95.75764536857605,74.8637318611145,95.75764536857605
gold_loo,242,51.7357827410106,9.92666666666667,98.40190410614014,90.5311644077301,98.32241535186768
gold_loo,243,46.01086752243872,12.314736842105265,98.56105446815491,91.47413969039917,98.41895699501038
gold_loo,244,40.02790175042878,10.816724137931036,98.17138314247131,89.1653060913086,95.35629749298096
gold_loo,245,53.28503748473496,6.727142857142859,96.94503545761108,81.89910650253296,96.33654952049255
gold_loo,246,41.79398416252888,11.264615384615386,99.50507879257202,97.0675528049469,99.50506687164307
gold_loo,247,41.38176431478142,8.903695652173912,98.42908382415771,90.69220423698425,94.30222511291504
gold_loo,248,54.283033086611766,9.55,98.29771518707275,89.9138331413269,94.35597658157349
gold_loo,249,49.453396929541555,9.087500000000002,97.78444170951843,86.87264919281006,97.21107482910156
gold_loo,250,41.736339619833984,5.825434782608696,95.84606885910034,75.38765072822571,90.22765159606934
gold_loo,251,44.54601826208584,7.367631578947371,95.51581144332886,73.43084812164307,93.24849247932434
gold_loo,252,53.98282752442841,12.019117647058824,97.31894135475159,84.11452770233154,93.82578134536743
gold_loo,253,52.904418215803695,6.790000000000003,96.70096635818481,80.45297861099243,94.70214247703552
gold_loo,254,32.434942402348405,12.019117647058824,94.81104016304016,69.25502419471741,94.81104016304016
gold_loo,255,40.76031026664479,10.215740740740742,96.72337770462036,80.58576583862305,96.16100788116455
gold_loo,256,38.77081925374837,8.008181818181821,93.62117052078247,62.204957008361816,91.91111922264099
gold_loo,257,42.88802207030493,7.612500000000001,95.02540826797485,70.52517533302307,95.02540826797485
gold_loo,258,34.36449208244063,5.993333333333336,90.75174331665039,45.20339071750641,89.11553025245667
gold_loo,259,59.65620561215962,4.964444444444446,96.98997139930725,82.16535449028015,95.01319527626038
gold_loo,260,41.54643072952403,5.993333333333336,94.61966753005981,68.12112927436829,93.44576001167297
gold_loo,261,39.68964439409975,8.370000000000001,94.27683353424072,66.08980894088745,93.75336766242981
gold_loo,262,48.068294021717264,18.216666666666672,100.0,100.0,100.0
gold_loo,263,49.69574333602764,6.705000000000002,95.82325220108032,75.25245547294617,91.42894744873047
gold_loo,264,24.561605087735032,3.84,94.46626305580139,67.21219420433044,92.95690059661865
gold_loo,265,44.32267076959288,6.790000000000003,98.91771674156189,93.58739256858826,98.67891073226929
gold_loo,266,32.645966683559244,10.981190476190477,93.21241974830627,59.78308320045471,90.99532961845398
gold_loo,267,39.24568064852423,10.23166666666667,93.45374703407288,61.21296286582947,93.45375299453735
gold_loo,268,41.853970006787435,7.163333333333334,97.17179536819458,83.24267864227295,95.82833647727966
gold_loo,269,39.83132037901374,10.978333333333332,96.79251909255981,80.99543452262878,92.56930947303772
gold_loo,270,49.80711332157686,12.29909090909091,98.08003902435303,88.62408995628357,92.08548665046692
gold_loo,271,38.816319442332805,11.336521739130436,95.92501521110535,75.85541009902954,90.68567752838135
gold_loo,272,67.00065352742305,7.58666666666667,98.35840463638306,90.27342796325684,98.35841059684753
gold_loo,273,35.940398748194326,11.520000000000003,96.75549864768982,80.77608942985535,94.2664384841919
gold_loo,274,45.88729124167015,15.426923076923078,98.24323654174805,89.59104418754578,92.24050641059875
gold_loo,275,39.26867298254365,13.98769230769231,96.66492938995361,80.23945689201355,93.43705177307129
gold_loo,276,40.29583315660552,6.2755555555555596,97.87428379058838,87.4049723148346,97.77176976203918
gold_loo,277,44.53381649179267,4.791363636363638,94.49889659881592,67.40555167198181,92.97491312026978
gold_loo,278,50.77932644260602,4.191153846153846,97.0084547996521,82.27487206459045,97.0084547996521
gold_loo,279,46.16768107583265,1.4685714285714297,95.27257680892944,71.9896674156189,95.02805471420288
gold_loo,280,37.112521864468405,11.96166666666667,95.94994783401489,76.00314021110535,94.35893893241882
gold_loo,281,59.35170735579707,6.507777777777779,98.34195375442505,90.17595052719116,96.30028009414673
gold_loo,282,38.08434013298182,11.863529411764706,97.19021320343018,83.35180282592773,95.6219732761383
gold_loo,283,45.302211039308744,6.507777777777779,97.33643531799316,84.21818017959595,97.06430435180664
gold_loo,284,38.11192689058824,9.255714285714287,97.58321046829224,85.68034172058105,95.20115256309509
gold_loo,285,51.83355919113709,12.608571428571427,93.57871413230896,61.95340156555176,92.90090203285217
gold_loo,286,25.700247857206048,9.087500000000002,94.74871754646301,68.88576149940491,92.66995787620544
gold_loo,287,54.3104832030486,4.790909090909089,98.94096851348877,93.72515678405762,95.8409309387207
gold_loo,288,49.03673891210281,8.545454545454547,98.64989519119263,92.00052618980408,91.522616147995
gold_loo,289,33.76760283848406,4.791363636363638,95.05119919776917,70.67798376083374,92.92011857032776
gold_loo,290,51.19814301434674,3.84,99.67563152313232,98.07808995246887,95.27630805969238
gold_loo,291,43.641112122060306,9.825,97.69954681396484,86.36964559555054,94.72014904022217
gold_loo,292,40.62785967097693,6.780000000000001,95.34440636634827,72.41526246070862,94.39216256141663
gold_loo,293,50.08780908062479,9.416739130434784,97.51948714256287,85.30277609825134,96.40113115310669
gold_loo,294,47.11125893126158,4.238333333333333,96.58061861991882,79.739910364151,96.18757367134094
gold_loo,295,44.71498925676583,6.298333333333332,97.04843163490295,82.51173496246338,93.6654806137085
gold_loo,296,41.74675758246564,20.070000000000004,96.96821570396423,82.03645348548889,93.04779767990112
gold_loo,297,42.955043166220634,9.080909090909092,93.874591588974,63.706499338150024,93.23978424072266
gold_loo,298,43.82193492969355,14.142222222222227,98.40635657310486,90.55754542350769,95.75579166412354
gold_loo,299,36.1251258735963,7.771428571428572,94.92362141609192,69.92207765579224,92.59263873100281
gold_loo,300,51.103174085043804,7.698823529411765,97.07871675491333,82.69118070602417,95.2965795993805
gold_loo,301,41.529549319439305,12.362608695652174,95.98855972290039,76.23191475868225,93.27290058135986
gold_loo,302,47.36311157761444,5.806666666666668,97.1220076084137,82.94768333435059,94.32588219642639
gold_loo,303,46.36548468629163,6.705000000000002,96.18136286735535,77.37429141998291,96.1813747882843
gold_loo,304,42.875783754605465,11.22636363636364,96.54046893119812,79.50202226638794,92.76463389396667
gold_loo,305,30.766406750800062,8.370000000000001,95.27599215507507,72.00990319252014,92.034250497818
gold_loo,306,40.03256402204347,9.936764705882357,95.52536606788635,73.48746061325073,91.5108323097229
gold_loo,307,31.245715213674714,11.68,95.26929259300232,71.97020649909973,90.68939685821533
gold_loo,308,38.54299284897251,5.041428571428572,93.8552975654602,63.592177629470825,92.74640679359436
gold_loo,309,53.699190312698555,8.541538461538462,96.26383781433105,77.86296010017395,95.62546014785767
gold_loo,310,47.94891412228971,10.580952380952379,96.34690284729004,78.3551275730133,94.78084444999695
gold_loo,311,57.40856552530869,11.762727272727272,98.3974039554596,90.50449728965759,93.56388449668884
gold_loo,312,48.85750559340336,8.474444444444444,95.89399695396423,75.6716251373291,95.86206078529358
gold_loo,313,45.51334384541179,14.911666666666669,96.05564475059509,76.6294002532959,92.48892068862915
gold_loo,314,43.01962897315417,16.053636363636368,95.21068930625916,71.6229796409607,94.76624131202698
gold_loo,315,47.11644644670459,11.096666666666668,96.84503078460693,81.30657076835632,96.84504270553589
gold_loo,316,38.3996531655855,5.230000000000004,96.97251915931702,82.0619523525238,94.1095769405365
gold_loo,317,44.51926721141448,3.4499999999999993,94.4364070892334,67.03529953956604,86.72804832458496
gold_loo,318,43.31863545726111,9.92666666666667,98.42630624771118,90.67574739456177,96.5630829334259
gold_loo,319,46.76140749604588,9.08705882352941,94.32979226112366,66.4035975933075,93.22409629821777
gold_loo,320,47.86733642255756,13.416666666666668,97.76946306228638,86.78390383720398,94.89963054656982
gold_loo,321,58.746490192594116,5.884285714285717,98.13078045845032,88.92473578453064,97.539621591568
gold_loo,322,36.32984314968235,9.230789473684215,96.44819498062134,78.95529270172119,91.78757071495056
gold_loo,323,47.16805678863159,3.997142857142858,97.71523475646973,86.46259307861328,97.17418551445007
gold_loo,324,26.703046825001646,6.507777777777779,93.9307451248169,64.03921246528625,93.28151941299438
gold_loo,325,35.27691199510266,9.781176470588235,95.15076279640198,71.26790881156921,93.74163150787354
gold_loo,326,50.482647591626,5.041428571428572,97.4437952041626,84.85429883003235,97.0024585723877
gold_loo,327,27.12089026067521,14.283333333333335,96.95661067962646,81.967693567276,94.44608092308044
gold_loo,328,50.2470977403474,8.467592592592595,96.08482122421265,76.80227160453796,94.45948004722595
gold_loo,329,41.453052379270396,6.851521739130437,95.92019319534302,75.8268415927887,93.91014575958252
gold_loo,330,34.44004872359068,11.721666666666671,93.12062859535217,59.239208698272705,90.89535474777222
gold_loo,331,52.487136078719054,9.255714285714287,96.87495231628418,81.48385882377625,95.26686072349548
gold_loo,332,50.13480007247073,15.423783783783787,98.44608902931213,90.79295992851257,94.36458945274353
gold_loo,333,50.68615369173134,18.102962962962966,96.92271947860718,81.76688551902771,96.23715877532959
gold_loo,334,46.181970049979846,14.374444444444446,97.81000018119812,87.0240867137909,92.20057129859924
gold_loo,335,45.86639804228799,14.9875,97.33005166053772,84.18035507202148,97.14720845222473
gold_loo,336,32.82848324514991,6.2755555555555596,92.1686589717865,53.59871983528137,92.10168123245239
gold_loo,337,39.3272024610599,6.780000000000001,95.01827955245972,70.48293352127075,93.65968108177185
gold_loo,338,42.01078182535518,3.1542857142857166,99.08454418182373,94.5758581161499,98.002028465271
gold_loo,339,35.263560759873116,7.190000000000001,91.9870913028717,52.52291560173035,91.341632604599
gold_loo,340,28.350695639358165,4.830000000000002,98.18686246871948,89.25702571868896,98.186856508255
gold_loo,341,36.81367223116973,8.383333333333333,99.99998211860657,99.9998927116394,99.99998211860657
gold_loo,342,35.265025566393085,8.009090909090911,96.53632640838623,79.47747707366943,96.53635025024414
gold_loo,343,47.191241644078794,5.818461538461541,93.87272596359253,63.69544267654419,92.20710396766663
gold_loo,344,28.24862302453643,-0.27999999999999936,95.76135873794556,74.8857319355011,95.76135277748108
gold_loo,345,43.64033770347506,4.830000000000002,96.87830209732056,81.50370717048645,96.67335152626038
gold_loo,346,38.37442191559766,14.250000000000004,96.90948128700256,81.6884458065033,96.90947532653809
gold_loo,347,40.768961911174756,9.655000000000001,100.0,100.0,96.29812240600586
gold_loo,348,45.90582975277233,7.004705882352944,99.39197301864624,96.39739394187927,99.39197301864624
gold_loo,349,31.989275309223498,6.2755555555555596,95.09158134460449,70.91725468635559,95.09158134460449
gold_loo,350,43.704558183791804,5.364615384615387,96.6876208782196,80.3739070892334,93.45687627792358
gold_loo,351,25.576824250076356,8.009090909090911,93.10237169265747,59.131038188934326,93.10237169265747
gold_loo,352,44.58555258993036,2.8566666666666656,97.02284336090088,82.3601245880127,95.41361927986145
gold_loo,353,28.514420607298902,16.62333333333334,90.21486043930054,42.02231764793396,89.60166573524475
gold_loo,354,41.802485136796705,4.19857142857143,98.59461784362793,91.67300462722778,98.59461784362793
gold_loo,355,50.737720684207474,5.818461538461541,96.35440707206726,78.39959263801575,93.4639036655426
gold_loo,356,40.83907592892653,7.190000000000001,96.57496213912964,79.7063946723938,96.37999534606934
gold_loo,357,39.6683808567946,10.630882352941178,96.51704430580139,79.36322689056396,96.03553414344788
gold_loo,358,49.52448103655984,13.860000000000003,97.84588813781738,87.2367262840271,97.06104397773743
zeroshot_gemma3,0,30.688635844663718,18.16945679012346,84.40953493118286,7.625331729650497,83.95529985427856
zeroshot_gemma3,1,40.441375613449516,11.346459580838324,85.76891422271729,15.679755806922913,84.13837552070618
zeroshot_gemma3,2,34.17140708622499,11.112441860465122,83.4938108921051,2.1995985880494118,81.45920634269714
zeroshot_gemma3,3,39.09664230001351,13.587046413502112,84.19686555862427,6.365250051021576,82.82545208930969
zeroshot_gemma3,4,30.601235560424406,9.057160493827162,83.38658213615417,1.5642601996660233,82.48767852783203
zeroshot_gemma3,5,45.625863458560126,10.461798941798943,82.7553391456604,-2.1759014576673508,81.60073161125183
zeroshot_gemma3,6,42.44684394844479,12.379666666666665,83.99683833122253,5.180073902010918,83.99683833122253
zeroshot_gemma3,7,44.091794122052086,10.149583333333336,84.44663882255554,7.845175266265869,84.44663882255554
zeroshot_gemma3,8,38.039629230191856,12.214848265895956,83.53682160377502,2.4544402956962585,82.91629552841187
zeroshot_gemma3,9,41.34909674495801,14.707903091060988,87.00314164161682,22.99264520406723,87.00315356254578
zeroshot_gemma3,10,45.40640686261884,10.019657718120808,84.03360843658447,5.397939309477806,82.53965973854065
zeroshot_gemma3,11,41.2283672810378,10.934313725490199,83.14811587333679,0.15132990665733814,81.81220889091492
zeroshot_gemma3,12,37.30682173666381,12.625263157894736,83.69541764259338,3.394133597612381,82.21999406814575
zeroshot_gemma3,13,45.27170435263024,16.088939393939395,84.72098708152771,9.470709413290024,82.04405307769775
zeroshot_gemma3,14,45.60717720961127,11.174481658692184,83.85699987411499,4.351520538330078,82.73711800575256
zeroshot_gemma3,15,54.85303522575818,10.057500000000001,84.12396311759949,5.933297425508499,84.07595157623291
zeroshot_gemma3,16,46.65705945615925,9.544956896551728,82.8152596950531,-1.820867694914341,82.16837644577026
zeroshot_gemma3,17,42.68558708213881,14.905954968944098,83.18694829940796,0.3814149182289839,82.97392129898071
zeroshot_gemma3,18,50.35161557161727,11.744729574223246,82.97806978225708,-0.8562059141695499,82.65093564987183
zeroshot_gemma3,19,46.37541363075838,12.273199685534596,83.98045897483826,5.083024874329567,83.52450132369995
zeroshot_gemma3,20,25.125396960714912,13.27620253164557,83.81441831588745,4.0992215275764465,82.7993631362915
zeroshot_gemma3,21,27.65048205454726,11.90098602484472,82.81212449073792,-1.8394440412521362,82.53688216209412
zeroshot_gemma3,22,44.792555883050596,13.193143939393945,84.82102751731873,10.063455998897552,84.45874452590942
zeroshot_gemma3,23,48.26862492528256,17.207649122807016,84.56964492797852,8.573995530605316,83.20266008377075
zeroshot_gemma3,24,36.732087194361455,12.912786312849164,85.62588691711426,14.832307398319244,85.1748526096344
zeroshot_gemma3,25,47.1226069560814,9.74746352413019,85.18049120903015,12.193305045366287,84.65439677238464
zeroshot_gemma3,26,32.87972415240769,11.487776946107786,83.96536707878113,4.993604123592377,83.76296758651733
zeroshot_gemma3,27,45.41471140765765,8.210645851154833,84.97494459152222,10.975426435470581,84.30006504058838
zeroshot_gemma3,28,55.01987375997383,10.34758241758242,84.38990712165833,7.509035617113113,83.44889283180237
zeroshot_gemma3,29,39.54056854841188,10.07610062893082,82.81747698783875,-1.8077300861477852,82.81748294830322
zeroshot_gemma3,30,42.37047066242213,13.254490445859876,84.76109504699707,9.708351641893387,83.36052298545837
zeroshot_gemma3,31,34.693764509876424,12.351740506329115,83.34236145019531,1.302249450236559,82.95800685882568
zeroshot_gemma3,32,39.989264446351164,11.458750000000002,83.19319486618042,0.4184262827038765,82.7654778957367
zeroshot_gemma3,33,47.270473414507066,11.37520325203252,83.16970467567444,0.2792451763525605,81.17270469665527
zeroshot_gemma3,34,45.0694285651945,13.838768472906406,85.824716091156,16.010385751724243,85.55547595024109
zeroshot_gemma3,35,43.14607928139649,13.382205882352945,83.40499997138977,1.6733873635530472,82.65600800514221
zeroshot_gemma3,36,33.287604650363185,12.985254074784276,83.52593779563904,2.389952912926674,82.78480768203735
zeroshot_gemma3,37,44.09184868811223,12.331844484629297,84.33302044868469,7.171978056430817,83.29682946205139
zeroshot_gemma3,38,30.589347099248094,7.3438277511961765,83.1432044506073,0.12222935911267996,82.37526416778564
zeroshot_gemma3,39,37.11726198067111,11.978042944785276,83.55672955513,2.572396397590637,83.27966928482056
zeroshot_gemma3,40,43.82280701277625,15.628809523809526,84.75620150566101,9.679356962442398,83.09435844421387
zeroshot_gemma3,41,27.29739884687093,13.205329754601227,82.49468803405762,-3.7202786654233932,81.87398314476013
zeroshot_gemma3,42,45.382876053265406,10.327302325581396,85.48827171325684,14.016927778720856,84.22083854675293
zeroshot_gemma3,43,58.78414049839735,9.63954954954955,82.90466070175171,-1.291160099208355,81.777822971344
zeroshot_gemma3,44,44.32666099073603,14.659193548387098,82.26320147514343,-5.091853812336922,80.81870675086975
zeroshot_gemma3,45,35.21970128076933,12.515572374645227,82.92034864425659,-1.1982079595327377,82.50210285186768
zeroshot_gemma3,46,22.602123613434962,6.298333333333332,84.35288667678833,7.289686799049377,83.73081088066101
zeroshot_gemma3,47,35.308195010890714,11.762690058479535,84.64191555976868,9.002204239368439,83.00365805625916
zeroshot_gemma3,48,54.575848961279014,9.488225629791899,84.32291150093079,7.112081348896027,83.83687138557434
zeroshot_gemma3,49,48.588099791433166,13.914102564102567,83.88406038284302,4.511855915188789,83.8840663433075
zeroshot_gemma3,50,38.237987177548625,8.866391522587843,81.80883526802063,-7.784007489681244,81.39602541923523
zeroshot_gemma3,51,40.94950285206298,18.541594936708865,86.61366701126099,20.684978365898132,84.38758254051208
zeroshot_gemma3,52,39.146808054127206,10.599425287356322,83.94339084625244,4.863393306732178,83.70642066001892
zeroshot_gemma3,53,36.15909200752976,12.34391081871345,83.97341966629028,5.041316524147987,83.4761917591095
zeroshot_gemma3,54,47.33136554208497,15.925812807881776,85.22485494613647,12.456163763999939,85.22485494613647
zeroshot_gemma3,55,43.109325181890455,12.729068322981366,85.2134108543396,12.388356775045395,83.45746994018555
zeroshot_gemma3,56,30.196727078329964,13.158916256157635,83.65170359611511,3.13512459397316,81.89464807510376
zeroshot_gemma3,57,44.00429939132473,12.278575225943648,85.24048328399658,12.548762559890747,84.58666801452637
zeroshot_gemma3,58,49.359900734339604,12.119205409974644,84.17440056800842,6.232143193483353,83.97208452224731
zeroshot_gemma3,59,53.86899449942452,13.081250000000004,83.48014950752258,2.118653990328312,81.63002133369446
zeroshot_gemma3,60,44.32210678276882,12.288875502008036,84.85137820243835,10.243286192417145,84.48224663734436
zeroshot_gemma3,61,37.77666393863344,11.370923076923077,84.58969593048096,8.692799508571625,84.58969593048096
zeroshot_gemma3,62,47.51844089252176,11.153166666666667,83.45407843589783,1.9641809165477753,82.74562954902649
zeroshot_gemma3,63,30.572958047176495,9.4530637254902,83.7489128112793,3.7110965698957443,83.21681022644043
zeroshot_gemma3,64,39.474336115397215,11.195890410958906,83.01473259925842,-0.6389759480953217,82.61287212371826
zeroshot_gemma3,65,32.27495529222906,15.563275862068966,84.05447006225586,5.521545931696892,83.47831964492798
zeroshot_gemma3,66,39.21628225363591,12.114313725490199,84.59667563438416,8.73415470123291,84.49069261550903
zeroshot_gemma3,67,38.843327229881844,10.912895622895622,81.24408721923828,-11.130181699991226,80.52036166191101
zeroshot_gemma3,68,37.511749917831025,12.915391705069126,84.42860245704651,7.738308608531952,83.72460603713989
zeroshot_gemma3,69,28.498721932786147,12.513333333333335,83.15072059631348,0.1667630742304027,82.79719948768616
zeroshot_gemma3,70,46.823406118486794,11.97128205128205,83.76942276954651,3.8326196372509003,82.48757123947144
zeroshot_gemma3,71,43.617174917451166,11.37384164222874,83.12410116195679,0.009040946315508336,81.88471794128418
zeroshot_gemma3,72,27.426964843028586,12.35082066869301,83.44365358352661,1.9024128094315529,81.28691911697388
zeroshot_gemma3,73,29.425480357102828,12.585454545454546,82.14470744132996,-5.793939903378487,80.69214820861816
zeroshot_gemma3,74,35.73524663059296,12.646785714285716,82.87584781646729,-1.4618786051869392,82.57951736450195
zeroshot_gemma3,75,29.324553167144806,15.62952380952381,82.37161040306091,-4.449522867798805,81.52689337730408
zeroshot_gemma3,76,35.994951244887055,11.385819536423842,84.73275303840637,9.54042300581932,83.83597731590271
zeroshot_gemma3,77,52.88345535870145,9.925305164319251,83.94321799278259,4.8623692244291306,83.57776999473572
zeroshot_gemma3,78,47.9128990228709,14.122319508448545,84.79411602020264,9.904003143310547,84.79411602020264
zeroshot_gemma3,79,42.80507722168912,13.486153846153844,86.01320385932922,17.12719053030014,86.01320385932922
zeroshot_gemma3,80,29.48760731114332,11.248778467908902,83.32991003990173,1.2284738942980766,81.68869614601135
zeroshot_gemma3,81,45.052343131188785,14.04426380368098,84.82730388641357,10.100644081830978,84.21487808227539
zeroshot_gemma3,82,51.0272796279844,9.779666666666664,83.72148275375366,3.548571467399597,82.57562518119812
zeroshot_gemma3,83,42.627173484489184,11.544024390243905,83.82514715194702,4.16279062628746,83.5059106349945
zeroshot_gemma3,84,43.86383598113915,11.422419186652768,85.25593280792236,12.640301883220673,83.82872939109802
zeroshot_gemma3,85,35.294296293932995,12.473708791208796,84.76997017860413,9.760937839746475,81.89225792884827
zeroshot_gemma3,86,46.49450231575783,15.189382716049387,84.05148983001709,5.503888055682182,83.73205065727234
zeroshot_gemma3,87,45.744406283934815,11.634591194968557,83.7672770023346,3.8199055939912796,82.40653276443481
zeroshot_gemma3,88,36.304426768479985,12.973972125435541,83.02451968193054,-0.5809867288917303,82.373708486557
zeroshot_gemma3,89,39.05777253342551,14.462714285714288,83.74547362327576,3.6907192319631577,82.36289620399475
zeroshot_gemma3,90,36.70404301407442,9.114244217321144,83.9174211025238,4.709520936012268,83.9174211025238
zeroshot_gemma3,91,41.59417403410594,13.159830148619957,82.9592227935791,-0.9678756818175316,81.43801093101501
zeroshot_gemma3,92,33.297286508510766,12.675190962883274,84.81696844100952,10.039405524730682,81.64739608764648
zeroshot_gemma3,93,33.1796901660116,11.687926829268292,83.92706513404846,4.766662418842316,83.29781293869019
zeroshot_gemma3,94,40.38663787029193,10.597332402234638,83.02483558654785,-0.5791150033473969,82.40830302238464
zeroshot_gemma3,95,33.785950123374526,10.227634408602153,82.54234790802002,-3.4378904849290848,82.40528702735901
zeroshot_gemma3,96,28.857837000774595,14.276629213483147,84.28859114646912,6.908731162548065,83.72496366500854
zeroshot_gemma3,97,40.37973446897467,10.361486486486488,83.30918550491333,1.105679478496313,82.5338065624237
zeroshot_gemma3,98,38.732147510098166,10.942241124260356,83.87742042541504,4.472513869404793,82.0504903793335
zeroshot_gemma3,99,43.95500252868043,12.698581288343558,83.11368227005005,-0.05269176326692104,82.71381258964539
zeroshot_gemma3,100,39.43533766299656,8.437636363636365,82.89467692375183,-1.3503147289156914,82.85922408103943
zeroshot_gemma3,101,43.41016369481219,14.019318181818182,84.61288213729858,8.830179274082184,83.85509848594666
zeroshot_gemma3,102,35.32318837318067,10.01417670682731,83.7221086025238,3.552279621362686,83.16704630851746
zeroshot_gemma3,103,37.530621128048544,13.92266894781865,82.78876543045044,-1.9778482615947723,81.65857195854187
zeroshot_gemma3,104,31.202535543600867,11.687926829268292,83.29912424087524,1.0460657067596912,83.29912424087524
zeroshot_gemma3,105,45.63722085506567,19.553750000000004,85.00446081161499,11.150312423706055,84.82755422592163
zeroshot_gemma3,106,38.83859938504558,11.632741617357002,82.98250436782837,-0.8299306035041809,82.22658634185791
zeroshot_gemma3,107,39.538065225452755,12.08732600732601,83.76098871231079,3.7826471030712128,83.56617093086243
zeroshot_gemma3,108,31.34569496506095,11.076434563758387,83.72646570205688,3.578095883131027,82.88169503211975
zeroshot_gemma3,109,40.08078884772022,12.861024258760107,83.86343717575073,4.38966192305088,82.46731758117676
zeroshot_gemma3,110,34.81153312758076,10.440000000000001,84.57053303718567,8.579257875680923,83.32798480987549
zeroshot_gemma3,111,51.41541474025437,12.33869082840237,85.35745143890381,13.241808116436005,84.57621335983276
zeroshot_gemma3,112,26.94915591593538,14.634308176100632,84.0912938117981,5.739729478955269,84.03414487838745
zeroshot_gemma3,113,33.99174443313559,15.148220271348766,84.49581861495972,8.13656896352768,83.7644636631012
zeroshot_gemma3,114,45.06228739597982,9.84910055865922,83.829665184021,4.189560562372208,81.65777325630188
zeroshot_gemma3,115,35.61715370511758,10.566113772455093,84.12582874298096,5.944351479411125,83.56137275695801
zeroshot_gemma3,116,49.77375033211731,8.792766871165647,84.5619261264801,8.528260886669159,83.25295448303223
zeroshot_gemma3,117,45.71552940869751,13.425569620253167,83.78604054450989,3.9310812950134277,83.20705890655518
zeroshot_gemma3,118,38.760876568368516,10.794850574712644,84.91919040679932,10.645078867673874,84.0562641620636
zeroshot_gemma3,119,54.14070638841281,9.024700239808155,82.9777181148529,-0.8582895621657372,82.50296711921692
zeroshot_gemma3,120,43.42759817551477,12.725158227848102,83.48134160041809,2.1257171407341957,83.07976722717285
zeroshot_gemma3,121,34.97231277628455,11.347054263565894,84.7457766532898,9.61758941411972,83.21269750595093
zeroshot_gemma3,122,36.919951623226524,8.94415189873418,83.23438167572021,0.6624612025916576,83.00536274909973
zeroshot_gemma3,123,49.16725704460523,11.415658914728684,84.29999351501465,6.976290792226791,83.53272080421448
zeroshot_gemma3,124,29.512653404201146,10.761025641025643,84.8068356513977,9.97936800122261,83.447927236557
zeroshot_gemma3,125,38.640578284854236,11.249520710059176,83.88752937316895,4.532410204410553,82.43499994277954
zeroshot_gemma3,126,46.86516527052662,10.887083333333337,83.38945508003235,1.58128272742033,81.88049793243408
zeroshot_gemma3,127,45.76595560966604,11.494047619047624,84.25213098526001,6.692701578140259,83.97535681724548
zeroshot_gemma3,128,37.18888962793756,12.591255813953492,82.55984783172607,-3.3342022448778152,82.55984783172607
zeroshot_gemma3,129,31.958464821811532,12.811022927689596,84.97735857963562,10.989729315042496,83.5224986076355
zeroshot_gemma3,130,36.22316695945521,11.679382716049385,82.4993908405304,-3.692414239048958,81.86460733413696
zeroshot_gemma3,131,36.61798274546883,12.404761904761909,84.40980911254883,7.6269567012786865,84.01946425437927
zeroshot_gemma3,132,42.87429678871737,10.092446319018403,85.09165048599243,11.66691705584526,83.40076208114624
zeroshot_gemma3,133,41.788655186684686,12.04700617283951,83.63115191459656,3.013354539871216,82.98702836036682
zeroshot_gemma3,134,41.509520468177094,9.87873873873874,83.00651907920837,-0.6876416504383087,80.6614637374878
zeroshot_gemma3,135,52.38206958876849,11.240552995391706,84.07243490219116,5.627989023923874,83.35092663764954
zeroshot_gemma3,136,39.06609494939783,10.76775510204082,85.61480045318604,14.766620099544525,85.1436197757721
zeroshot_gemma3,137,46.616244846398416,7.562047619047622,85.43425798416138,13.69689255952835,84.8359763622284
zeroshot_gemma3,138,35.61304704652936,8.621254355400698,82.6653003692627,-2.7093879878520966,82.25125074386597
zeroshot_gemma3,139,36.24513524779102,11.449950738916261,85.67246794700623,15.108303725719452,84.4315767288208
zeroshot_gemma3,140,25.920934115284417,10.02214285714286,83.50331783294678,2.2559279575943947,83.02252292633057
zeroshot_gemma3,141,47.347722382427364,11.45096136567835,86.17711067199707,18.09834986925125,86.17711067199707
zeroshot_gemma3,142,23.25619629254381,3.9489634146341466,85.44031977653503,13.732808828353882,83.71813297271729
zeroshot_gemma3,143,36.32839500183554,12.30976510067114,84.0166985988617,5.297747254371643,83.12680721282959
zeroshot_gemma3,144,56.07212249524343,8.2762360446571,84.75475311279297,9.670775383710861,84.6321165561676
zeroshot_gemma3,145,44.141443456145666,9.154730061349696,84.49155688285828,8.111318200826645,83.86643528938293
zeroshot_gemma3,146,45.93941282144993,9.775131964809386,82.46665000915527,-3.886406123638153,82.22463726997375
zeroshot_gemma3,147,36.55209130967652,16.38313253012048,84.41733717918396,7.67156109213829,83.40016603469849
zeroshot_gemma3,148,30.276609469564015,11.893714285714289,84.48222279548645,8.05601254105568,83.84434580802917
zeroshot_gemma3,149,56.06395424192508,9.785555555555558,83.10670852661133,-0.09401171701028943,82.83661603927612
zeroshot_gemma3,150,40.89501845161119,11.540535714285717,83.89636278152466,4.584748670458794,83.73401165008545
zeroshot_gemma3,151,22.303631553631554,5.803826530612245,83.98646712303162,5.118623748421669,83.98646712303162
zeroshot_gemma3,152,36.37635741119233,9.373285714285714,83.51584076881409,2.3301273584365845,83.36144685745239
zeroshot_gemma3,153,51.10840298124272,11.50694779116466,84.1008722782135,5.796482786536217,83.92859101295471
zeroshot_gemma3,154,41.78653662769544,10.995672877846793,84.05418395996094,5.519850924611092,83.24695229530334
zeroshot_gemma3,155,44.85514961973645,16.125170731707318,83.04051756858826,-0.4861980676651001,82.47261643409729
zeroshot_gemma3,156,38.69692811829664,11.380713012477717,84.8298966884613,10.116006433963776,82.9643726348877
zeroshot_gemma3,157,37.15825219580508,11.213095238095239,84.77771878242493,9.80684831738472,84.23412442207336
zeroshot_gemma3,158,33.678640864179584,13.31148648648649,83.92812013626099,4.772913455963135,83.07133913040161
zeroshot_gemma3,159,48.28627867518801,10.900408284023666,85.9101414680481,16.516537964344025,84.95166897773743
zeroshot_gemma3,160,50.396378690127854,13.443636363636362,86.55857443809509,20.358550548553467,85.88634133338928
zeroshot_gemma3,161,44.03016090860523,10.486254681647942,85.0076675415039,11.16931214928627,84.50686931610107
zeroshot_gemma3,162,36.84338716979596,12.312857142857144,84.97268557548523,10.962041467428207,84.02669429779053
zeroshot_gemma3,163,39.15032359848386,11.679588607594937,84.07692313194275,5.654582008719444,81.49170875549316
zeroshot_gemma3,164,44.741862015918635,14.664577922077921,82.9608142375946,-0.9584462270140648,82.60631561279297
zeroshot_gemma3,165,40.9207148589246,11.21912175648703,84.36807990074158,7.37970769405365,84.32344794273376
zeroshot_gemma3,166,22.419636405049037,8.019166666666667,85.03698706626892,11.343032866716385,83.378666639328
zeroshot_gemma3,167,51.43525599367742,9.752894736842105,83.719003200531,3.533880040049553,83.35925340652466
zeroshot_gemma3,168,39.65712881945241,9.57149284253579,83.92685055732727,4.765390977263451,83.92685055732727
zeroshot_gemma3,169,37.150858216987075,11.73739161849711,84.27323698997498,6.8177565932273865,82.26787447929382
zeroshot_gemma3,170,38.077810971841856,11.319285714285716,85.21562218666077,12.401458621025085,83.58980417251587
zeroshot_gemma3,171,38.81700990955401,16.937796407185633,85.59748530387878,14.664027094841003,84.77638959884644
zeroshot_gemma3,172,44.21618417307809,13.056247504990022,83.85870456695557,4.361620917916298,83.74050259590149
zeroshot_gemma3,173,37.413026799152156,11.030588235294118,84.14502143859863,6.058069691061974,83.8383138179779
zeroshot_gemma3,174,48.62017972463575,13.297582417582422,85.1600170135498,12.071993947029114,84.46168899536133
zeroshot_gemma3,175,39.96300954742863,15.811996658312449,84.4758689403534,8.018365502357483,83.9260995388031
zeroshot_gemma3,176,54.323877398472696,10.508439440993786,84.33194160461426,7.165585458278656,84.079110622406
zeroshot_gemma3,177,47.88678919876379,8.728988023952095,83.70267748832703,3.437148779630661,83.30360054969788
zeroshot_gemma3,178,40.62884275473478,12.247588717015471,85.14047861099243,11.956227570772171,84.28446650505066
zeroshot_gemma3,179,36.066255076471315,11.95081300813008,81.22586011886597,-11.238178610801697,80.72013854980469
zeroshot_gemma3,180,51.89746314853111,9.371907975460122,84.74472761154175,9.611373394727707,83.85034203529358
zeroshot_gemma3,181,43.10479706338295,13.293884228187917,84.3623697757721,7.345874607563019,83.33981037139893
zeroshot_gemma3,182,39.31490162603697,14.205303678357573,83.74547362327576,3.6907192319631577,83.74547362327576
zeroshot_gemma3,183,41.583222854018096,11.919755917159762,83.17586779594421,0.3157621016725898,82.49138593673706
zeroshot_gemma3,184,39.41312322814705,11.247688311688314,82.14349150657654,-5.801144242286682,81.7772388458252
zeroshot_gemma3,185,26.847275465921346,11.745555555555555,83.52200388908386,2.3666443303227425,82.9843282699585
zeroshot_gemma3,186,28.063769028167197,10.277387387387389,83.12093615531921,-0.009711954044178128,82.97784328460693
zeroshot_gemma3,187,35.473724072303646,12.896323529411763,83.30615758895874,1.0877388529479504,83.30615758895874
zeroshot_gemma3,188,35.79180875642823,14.428767123287674,85.13283133506775,11.910916864871979,81.89248442649841
zeroshot_gemma3,189,41.97602842833497,11.993333333333336,83.57455730438232,2.6780271902680397,83.4237813949585
zeroshot_gemma3,190,35.31133506882118,11.396351156069368,83.99590253829956,5.174529179930687,82.87932872772217
zeroshot_gemma3,191,42.53742543564196,12.901733870967742,83.37894678115845,1.5190202742815018,81.93778395652771
zeroshot_gemma3,192,34.17651135171935,10.794871794871796,83.39022994041443,1.5858737751841545,82.75035619735718
zeroshot_gemma3,193,38.51188023276304,11.205812807881777,84.04819369316101,5.484358221292496,83.89491438865662
zeroshot_gemma3,194,40.79654674046546,10.11096196868009,84.61335897445679,8.833004534244537,83.66329669952393
zeroshot_gemma3,195,45.194505511615525,11.311250000000001,83.45433473587036,1.9656995311379433,82.92297124862671
zeroshot_gemma3,196,30.802968394291437,15.53417077175698,82.98928737640381,-0.7897407747805119,82.60598182678223
zeroshot_gemma3,197,37.84909396128814,9.616303797468358,84.73133444786072,9.532018005847931,83.10791254043579
zeroshot_gemma3,198,41.32962690593604,11.512727272727272,83.17967653274536,0.33832916524261236,82.80285000801086
zeroshot_gemma3,199,42.67605818957732,10.556000000000001,85.17109751701355,12.137646973133087,83.25364589691162
zeroshot_gemma3,200,41.52782008612147,12.829161554192229,83.6948573589325,3.3908139914274216,82.92763829231262
zeroshot_gemma3,201,38.82051736776313,13.316722689075633,83.94825458526611,4.892211407423019,82.8234851360321
zeroshot_gemma3,202,47.00526403634224,12.502398843930632,84.60071086883545,8.758063614368439,83.80685448646545
zeroshot_gemma3,203,37.01660609136299,11.607860962566846,84.17029976844788,6.2078457325696945,83.01808834075928
zeroshot_gemma3,204,37.321059209669166,15.49761904761905,84.77110862731934,9.76768285036087,82.31614828109741
zeroshot_gemma3,205,37.940267707679084,11.216190476190476,83.65150094032288,3.1339239329099655,83.55957269668579
zeroshot_gemma3,206,49.3944121521963,10.283571428571431,84.43917036056519,7.8009240329265594,83.98329615592957
zeroshot_gemma3,207,43.90709677844675,9.70147864184009,83.32973718643188,1.227449718862772,82.39353895187378
zeroshot_gemma3,208,52.851169900631135,11.30617088607595,84.55877304077148,8.509578555822372,82.87882208824158
zeroshot_gemma3,209,54.707344811775194,10.398169934640524,83.36382508277893,1.429423037916422,83.01900029182434
zeroshot_gemma3,210,49.30900324199194,11.381499202551836,83.96794199943542,5.008860677480698,83.9679479598999
zeroshot_gemma3,211,33.51708530846446,10.994954954954956,84.97908115386963,10.999935865402222,84.39399003982544
zeroshot_gemma3,212,34.14427034770183,11.413333333333338,84.86155867576599,10.30360609292984,84.16948318481445
zeroshot_gemma3,213,42.72228704560844,10.858069620253168,85.18677949905396,12.230563908815384,83.7023138999939
zeroshot_gemma3,214,38.47649076181038,12.424190476190478,82.32791423797607,-4.70842607319355,82.2244942188263
zeroshot_gemma3,215,39.4334681652118,11.882123142250531,83.75502824783325,3.747330978512764,83.37506651878357
zeroshot_gemma3,216,32.41928215602702,12.827448224852073,83.35164785385132,1.3572720810770988,82.53682851791382
zeroshot_gemma3,217,47.72336614868469,12.022764227642277,83.37202072143555,1.4779828488826752,83.37202668190002
zeroshot_gemma3,218,46.31501149157831,10.684473684210527,83.34101438522339,1.2942680157721043,82.46722221374512
zeroshot_gemma3,219,29.234485992755882,17.45783882783883,82.71371126174927,-2.4225497618317604,81.563800573349
zeroshot_gemma3,220,54.872644362443154,10.744558823529413,83.75796675682068,3.7647418677806854,82.57641196250916
zeroshot_gemma3,221,31.288549944588883,13.286740804106078,82.54860639572144,-3.400808572769165,81.18765950202942
zeroshot_gemma3,222,44.55934306838301,9.609742138364783,84.10422205924988,5.816330388188362,81.3162624835968
zeroshot_gemma3,223,48.48309178474952,10.135488410596029,84.8975658416748,10.516951233148575,82.59677290916443
zeroshot_gemma3,224,30.859746008467088,11.219641025641028,83.94507169723511,4.873352497816086,83.94507169723511
zeroshot_gemma3,225,35.47076001038869,11.159349593495936,84.40849781036377,7.619187235832214,83.99292230606079
zeroshot_gemma3,226,41.45979930915946,10.583090909090913,85.37606596946716,13.352100551128387,82.81550407409668
zeroshot_gemma3,227,38.58465995158691,12.422554216867471,84.82560515403748,10.090579092502594,83.23765397071838
zeroshot_gemma3,228,58.03439773426232,9.445532626882322,83.21961164474487,0.5749476607888937,81.44932389259338
zeroshot_gemma3,229,28.546389695331893,13.414756097560979,83.12696814537048,0.026028035790659487,83.12696814537048
zeroshot_gemma3,230,38.234840992955164,13.157731092436975,84.62814092636108,8.920588344335556,82.68563747406006
zeroshot_gemma3,231,23.093730077506887,12.4468253968254,82.68635272979736,-2.5846511125564575,82.45657682418823
zeroshot_gemma3,232,41.40895826769934,13.958961038961043,84.56717729568481,8.559374511241913,84.02172923088074
zeroshot_gemma3,233,36.80598302130648,11.396477272727271,83.5339605808258,2.4374885484576225,82.24877715110779
zeroshot_gemma3,234,45.59734865574197,12.68808823529412,83.84944796562195,4.3067749589681625,83.84944200515747
zeroshot_gemma3,235,34.69019890434961,10.618598484848487,82.28867053985596,-4.940947890281677,82.19879865646362
zeroshot_gemma3,236,46.49541800461027,9.866282051282052,82.05576539039612,-6.3209280371665955,81.70633316040039
zeroshot_gemma3,237,40.67693604252293,11.848174157303372,83.54748487472534,2.5176210328936577,83.21636319160461
zeroshot_gemma3,238,32.22075255973881,11.30617088607595,82.44191408157349,-4.032968357205391,82.19513893127441
zeroshot_gemma3,239,41.08401161514062,11.50417840375587,82.61863589286804,-2.985878475010395,82.03978538513184
zeroshot_gemma3,240,56.02684020966685,9.927672955974845,83.83587002754211,4.226324707269669,82.77460932731628
zeroshot_gemma3,241,42.047353804644985,12.452748538011697,84.75900888442993,9.69599112868309,84.15674567222595
zeroshot_gemma3,242,36.63689358095717,11.924558823529413,83.43167901039124,1.8314626067876816,83.26635360717773
zeroshot_gemma3,243,43.89653306875843,12.956701940035277,83.7220549583435,3.5519618541002274,82.83185958862305
zeroshot_gemma3,244,35.64259989130894,10.43425925925926,83.98652076721191,5.118941515684128,83.83090496063232
zeroshot_gemma3,245,49.82956561523944,9.623684563758388,84.40410494804382,7.593158632516861,84.10037159919739
zeroshot_gemma3,246,35.22048746663103,13.774512195121954,84.2646062374115,6.76661878824234,83.54732990264893
zeroshot_gemma3,247,39.62299775885671,14.330163398692811,84.76269841194153,9.717851877212524,83.8611900806427
zeroshot_gemma3,248,51.6469580209585,11.178611111111113,82.98270106315613,-0.8287651464343071,82.83188939094543
zeroshot_gemma3,249,49.47939378722558,10.979857142857142,84.293532371521,6.938008219003677,83.41735005378723
zeroshot_gemma3,250,34.16270158352587,10.454409509202456,84.10367369651794,5.813081189990044,83.91317129135132
zeroshot_gemma3,251,42.57421607201941,11.41766081871345,84.88597869873047,10.4482963681221,83.2643449306488
zeroshot_gemma3,252,36.092202612804705,13.065000000000001,83.25470685958862,0.7828894071280956,83.00970792770386
zeroshot_gemma3,253,47.48014862541706,11.438676470588238,84.3830406665802,7.468351721763611,83.62871408462524
zeroshot_gemma3,254,34.170970810084924,12.914894514767933,84.43720936775208,7.789304852485657,83.82880687713623
zeroshot_gemma3,255,34.82796126523761,14.981927303465763,83.56055021286011,2.5950340554118156,83.45354199409485
zeroshot_gemma3,256,52.924483584390316,13.448351955307263,85.1413905620575,11.96163073182106,83.8216483592987
zeroshot_gemma3,257,50.1826331303011,11.72147406733394,84.08224582672119,5.686119571328163,83.45860242843628
zeroshot_gemma3,258,46.02466608120508,11.435222482435602,84.93421673774719,10.734111070632935,83.0430269241333
zeroshot_gemma3,259,43.24830070057998,9.59491978609626,82.19461441040039,-5.498237535357475,81.56817555427551
zeroshot_gemma3,260,40.89318137578677,10.693991935483876,85.00993251800537,11.18273213505745,84.27166938781738
zeroshot_gemma3,261,37.22972531610917,10.8836783625731,84.56203937530518,8.528932183980942,83.4186851978302
zeroshot_gemma3,262,42.03883219639479,13.639685582822086,83.60952138900757,2.885192073881626,83.50023627281189
zeroshot_gemma3,263,26.58155261862114,7.5286274509803945,81.74605965614319,-8.155957609415054,80.34674525260925
zeroshot_gemma3,264,33.04766750233906,11.806910569105693,82.65932202339172,-2.7448100969195366,81.00433945655823
zeroshot_gemma3,265,47.845510383237325,10.68116666666667,83.55656862258911,2.571442909538746,83.2729160785675
zeroshot_gemma3,266,28.8601536725612,15.469123376623376,82.5238823890686,-3.547300025820732,82.00265765190125
zeroshot_gemma3,267,38.41402924962561,14.783831544178366,83.91398787498474,4.689178615808487,83.14606547355652
zeroshot_gemma3,268,37.49111999321848,11.83376344086022,82.64750838279724,-2.8148068115115166,82.64750838279724
zeroshot_gemma3,269,32.850762492814425,11.300017528483785,83.43086838722229,1.8266595900058746,82.54216313362122
zeroshot_gemma3,270,43.333001183126974,14.329350649350655,83.44559669494629,1.9139260053634644,83.37118029594421
zeroshot_gemma3,271,40.24198225799698,13.897958579881657,84.35993194580078,7.331430166959763,83.42743515968323
zeroshot_gemma3,272,29.170291252523246,8.860403225806454,84.25654768943787,6.718870997428894,83.55025053024292
zeroshot_gemma3,273,33.48129671436553,13.671428571428574,84.51297283172607,8.238209038972855,83.18503499031067
zeroshot_gemma3,274,33.17704068066165,15.943369116432702,83.74097347259521,3.6640554666519165,82.68179297447205
zeroshot_gemma3,275,37.247839496462525,13.401295180722894,82.66400098800659,-2.717086859047413,82.38152265548706
zeroshot_gemma3,276,28.78159521537181,11.513000000000002,80.21367192268372,-17.235469818115234,78.32584381103516
zeroshot_gemma3,277,43.92129576312963,10.798217054263567,85.42513251304626,13.642823696136475,83.61893892288208
zeroshot_gemma3,278,48.325002826090326,8.88091473743648,84.18533205986023,6.296913325786591,82.13143944740295
zeroshot_gemma3,279,51.737677053667184,10.918423202614381,83.58693718910217,2.7513789013028145,83.55788588523865
zeroshot_gemma3,280,39.46625508697414,14.456,86.20944023132324,18.289904296398163,85.19457578659058
zeroshot_gemma3,281,41.45226164117522,11.29737704918033,84.36785936355591,7.3784008622169495,84.1670572757721
zeroshot_gemma3,282,34.347065757188375,15.756017964071859,85.43915748596191,13.725923001766205,84.44814085960388
zeroshot_gemma3,283,42.71178606524541,15.520968152866242,84.75289940834045,9.659791737794876,84.05150771141052
zeroshot_gemma3,284,48.364969846325664,9.55127245508982,83.69971513748169,3.419596701860428,82.94349908828735
zeroshot_gemma3,285,44.22757750322411,11.9162012987013,84.52414274215698,8.30439180135727,82.99150466918945
zeroshot_gemma3,286,36.139336732176666,12.715792899408289,83.35710167884827,1.389586366713047,82.317054271698
zeroshot_gemma3,287,46.179598848496234,11.275800898203592,83.86345505714417,4.389768093824387,83.62701535224915
zeroshot_gemma3,288,53.983705840272556,16.20210059171598,84.57748889923096,8.620471507310867,84.57749485969543
zeroshot_gemma3,289,50.53860286973519,10.14785542168675,83.35738778114319,1.3912815600633621,82.76482820510864
zeroshot_gemma3,290,37.396388856232726,11.612540849673206,83.13596844673157,0.07935549365356565,83.13596844673157
zeroshot_gemma3,291,44.126794067353394,12.993919753086423,84.72177982330322,9.475406259298325,84.52398180961609
zeroshot_gemma3,292,41.48812773328046,13.567504105090311,83.60965847969055,2.886004187166691,82.11053013801575
zeroshot_gemma3,293,48.067344866598845,13.781351582549192,84.8353922367096,10.148568451404572,84.76888537406921
zeroshot_gemma3,294,39.69088285139878,11.877281191806333,84.00985598564148,5.257204174995422,83.99302959442139
zeroshot_gemma3,295,37.0833047544205,8.209532317393592,83.45157504081726,1.9493481144309044,83.12467336654663
zeroshot_gemma3,296,38.24857321837641,16.514418604651166,86.38826608657837,19.349461793899536,85.95487475395203
zeroshot_gemma3,297,38.70788065864074,11.570643491124262,83.25687646865845,0.7957445457577705,82.66606330871582
zeroshot_gemma3,298,42.74298209764744,14.796401446654617,83.9231789112091,4.743636026978493,83.65797400474548
zeroshot_gemma3,299,42.691596650673944,14.138062865497076,84.51284170150757,8.237431943416595,83.27476382255554
zeroshot_gemma3,300,21.04333044679681,11.765238095238097,83.08697938919067,-0.21090833470225334,82.3512852191925
zeroshot_gemma3,301,40.780501421249674,13.320899470899473,85.00317335128784,11.142683774232864,84.68390703201294
zeroshot_gemma3,302,39.35845204228052,8.401893491124262,84.27613973617554,6.834955513477325,84.05367136001587
zeroshot_gemma3,303,46.09130742126479,12.690451807228918,83.45192670822144,1.9514316692948341,81.95807933807373
zeroshot_gemma3,304,38.88606657777492,10.115340228633642,83.99698138237,5.180921405553818,82.79037475585938
zeroshot_gemma3,305,52.05206148233218,12.122500000000002,85.90617775917053,16.4930522441864,84.4903826713562
zeroshot_gemma3,306,40.91844034361772,11.702564102564104,83.81209969520569,4.085483402013779,83.81211161613464
zeroshot_gemma3,307,32.56317867621377,18.818035502958583,84.77210402488708,9.773580729961395,82.26414322853088
zeroshot_gemma3,308,32.27762179729847,10.275039215686274,82.62518644332886,-2.947065979242325,81.70711398124695
zeroshot_gemma3,309,51.36934003750244,11.369264705882355,84.31767225265503,7.0810385048389435,83.42816829681396
zeroshot_gemma3,310,34.02355640878285,11.679588607594937,84.0361475944519,5.4129838943481445,82.77924060821533
zeroshot_gemma3,311,26.25790643382928,9.060676056338032,83.00696015357971,-0.6850282661616802,81.9920003414154
zeroshot_gemma3,312,37.28933052544603,10.724523809523813,83.6529016494751,3.142223134636879,82.76212215423584
zeroshot_gemma3,313,34.735901643829905,11.39614285714286,85.43370366096497,13.693608343601227,85.43370366096497
zeroshot_gemma3,314,41.58784493855776,17.08969696969697,84.13125872612,5.976524576544762,83.75787138938904
zeroshot_gemma3,315,41.11963906455196,18.460814814814814,82.84087777137756,-1.6690786927938461,82.52953290939331
zeroshot_gemma3,316,52.90047824051,8.61654485049834,82.12637901306152,-5.902537330985069,81.15661144256592
zeroshot_gemma3,317,30.74684242651808,10.401333333333334,84.27172303199768,6.80878609418869,84.15836095809937
zeroshot_gemma3,318,47.802222527363526,11.353451676528604,84.31326150894165,7.0549048483371735,84.05513167381287
zeroshot_gemma3,319,34.029767580254465,10.829893842887476,83.87032747268677,4.4304873794317245,82.52227902412415
zeroshot_gemma3,320,33.37435839907967,12.06338235294118,84.55832600593567,8.506929874420166,84.55832600593567
zeroshot_gemma3,321,32.79668828222521,10.844279503105593,81.67819380760193,-8.558067679405212,81.67819380760193
zeroshot_gemma3,322,44.17734364666235,12.734391534391538,83.65021347999573,3.126295655965805,82.92122483253479
zeroshot_gemma3,323,44.41227876998936,7.359285714285718,82.62368440628052,-2.9559656977653503,82.51451253890991
zeroshot_gemma3,324,47.48532425323191,8.475281065088758,84.79955196380615,9.936212003231049,82.43904709815979
zeroshot_gemma3,325,54.63957212566687,16.602857142857143,84.5283031463623,8.329042047262192,82.91192650794983
zeroshot_gemma3,326,38.572186963713676,12.433809523809526,83.9097261428833,4.6639274805784225,82.93780088424683
zeroshot_gemma3,327,36.44809164421169,13.034964285714288,84.1802716255188,6.26692995429039,82.12040066719055
zeroshot_gemma3,328,42.59330253483608,14.420000000000002,84.8053514957428,9.970574826002121,84.67204570770264
zeroshot_gemma3,329,40.815150709820934,11.982759740259741,83.42264890670776,1.777958683669567,82.68764615058899
zeroshot_gemma3,330,33.678208861653154,12.820757575757579,83.46582651138306,2.0337890833616257,82.21449851989746
zeroshot_gemma3,331,51.341022280271766,12.382488479262673,84.04167294502258,5.445722118020058,84.04167294502258
zeroshot_gemma3,332,37.93628275514708,10.736487804878049,85.39328575134277,13.454128801822662,85.39327383041382
zeroshot_gemma3,333,44.15852664714527,11.784391217564874,85.69780588150024,15.258432924747467,84.88617539405823
zeroshot_gemma3,334,28.243366215912324,13.312794117647062,83.86743664741516,4.413359239697456,83.39448571205139
zeroshot_gemma3,335,45.566695709407455,15.216341463414636,86.07447743415833,17.490240931510925,84.93669629096985
zeroshot_gemma3,336,31.58959256796167,12.947254901960786,82.44556784629822,-4.011319577693939,79.88796830177307
zeroshot_gemma3,337,45.78120240326801,9.959090909090914,83.27224254608154,0.8867897093296051,81.29999041557312
zeroshot_gemma3,338,52.84036050860631,6.885216450216451,83.71866345405579,3.531866893172264,83.64253044128418
zeroshot_gemma3,339,43.00008371685157,11.397972972972973,83.97608995437622,5.057138204574585,81.3296914100647
zeroshot_gemma3,340,40.52882261889852,15.685359281437126,86.76052689552307,21.555134654045105,84.86135005950928
zeroshot_gemma3,341,50.4793488259739,10.02016129032258,83.07400345802307,-0.2877916907891631,82.3721170425415
zeroshot_gemma3,342,37.80659682995106,11.703833333333336,84.79468822479248,9.907393902540207,84.02102589607239
zeroshot_gemma3,343,48.04588882006944,12.562964285714287,83.14872980117798,0.15496746636927128,81.35901093482971
zeroshot_gemma3,344,44.65192299784797,13.735659574468084,84.02659893035889,5.356407538056374,82.14133977890015
zeroshot_gemma3,345,39.76232071440442,12.307519379844962,83.12272429466248,0.0008829048965708353,82.44500756263733
zeroshot_gemma3,346,36.11433630510304,13.216438356164385,83.77092480659485,3.841519355773926,83.1368088722229
zeroshot_gemma3,347,52.91891736393074,12.216024844720497,83.1017553806305,-0.12335947249084711,83.1017553806305
zeroshot_gemma3,348,30.746353632757355,11.353571428571431,84.39147472381592,7.518323510885239,84.18975472450256
zeroshot_gemma3,349,48.8986378911294,9.265036231884057,84.97698903083801,10.98753958940506,83.63566398620605
zeroshot_gemma3,350,43.035017199225464,9.716278118609406,85.98389625549316,16.953539848327637,85.3033185005188
zeroshot_gemma3,351,32.32925861630541,12.267613496932515,83.69918465614319,3.4164536744356155,81.44540190696716
zeroshot_gemma3,352,40.469094506081056,9.032500000000002,83.73782634735107,3.6454085260629654,83.30132365226746
zeroshot_gemma3,353,47.68308490930186,18.737944751381225,83.86733531951904,4.412758722901344,82.30334520339966
zeroshot_gemma3,354,42.777517510711974,13.611538461538462,85.7189416885376,15.383665263652802,85.14493107795715
zeroshot_gemma3,355,55.277118970700755,8.2762360446571,83.65227580070496,3.13851498067379,82.46228098869324
zeroshot_gemma3,356,45.05762362220196,10.011130820399114,83.73052477836609,3.6021459847688675,83.14082622528076
zeroshot_gemma3,357,27.403387905601377,11.14034408602151,86.10144853591919,17.650045454502106,85.29578447341919
zeroshot_gemma3,358,48.78462120336127,12.623384895359418,84.42193865776062,7.698825001716614,83.59770178794861
zeroshot_qwen3,0,43.291987348030496,12.402758620689657,96.08821868896484,76.82240605354309,93.03461909294128
zeroshot_qwen3,1,43.687971456140524,6.282407407407408,97.08889722824097,82.75150060653687,93.0756151676178
zeroshot_qwen3,2,56.720759595422244,5.616470588235295,98.21646809577942,89.43244218826294,92.30216145515442
zeroshot_qwen3,3,37.534353823964075,9.32,92.71021485328674,56.80748224258423,89.6985113620758
zeroshot_qwen3,4,36.59355261149264,8.008181818181821,96.4202344417572,78.789621591568,96.4202344417572
zeroshot_qwen3,5,44.026695289160386,4.964444444444446,98.9988923072815,94.06836032867432,97.3128080368042
zeroshot_qwen3,6,50.445884726303746,9.209473684210526,96.68158888816833,80.33816814422607,95.53873538970947
zeroshot_qwen3,7,49.63838297360786,7.967368421052633,96.66389226913452,80.2333116531372,96.25002145767212
zeroshot_qwen3,8,34.48362045131635,13.629032258064516,93.72923374176025,62.84524202346802,92.18004941940308
zeroshot_qwen3,9,54.74395153428131,21.237575757575758,99.04558062553406,94.34499144554138,99.04557466506958
zeroshot_qwen3,10,51.26275302929445,12.037500000000005,98.1180191040039,88.84912133216858,96.65446281433105
zeroshot_qwen3,11,46.422929584512374,5.884285714285717,96.33941054344177,78.3107340335846,92.70078539848328
zeroshot_qwen3,12,59.65470770897742,9.785555555555558,97.99075126647949,88.09505105018616,93.54983568191528
zeroshot_qwen3,13,47.83557573065977,11.470000000000002,95.91498374938965,75.79597234725952,91.42360091209412
zeroshot_qwen3,14,55.44619953074989,11.784285714285716,97.68332839012146,86.27354502677917,94.32824850082397
zeroshot_qwen3,15,56.42952227416074,2.187692307692309,98.55564832687378,91.44210815429688,98.28843474388123
zeroshot_qwen3,16,56.954199041365484,3.653333333333336,100.0,100.0,97.37958908081055
zeroshot_qwen3,17,37.38113275613276,12.425714285714289,97.75072932243347,86.67290210723877,96.39641046524048
zeroshot_qwen3,18,57.77460069162787,8.370000000000001,97.66151905059814,86.1443281173706,96.82942628860474
zeroshot_qwen3,19,46.143805972575436,5.041428571428572,96.44694328308105,78.94787192344666,96.44694328308105
zeroshot_qwen3,20,48.86248833995961,8.412857142857145,98.50671887397766,91.15219712257385,95.94210982322693
zeroshot_qwen3,21,43.14645552972145,6.8750000000000036,97.37353324890137,84.43799018859863,93.93094182014465
zeroshot_qwen3,22,48.8018643851347,11.090000000000003,97.13582396507263,83.02954435348511,95.91835141181946
zeroshot_qwen3,23,56.110295253461075,8.350000000000005,98.344486951828,90.1909589767456,93.7629222869873
zeroshot_qwen3,24,37.21183515313801,15.873939393939395,95.93113660812378,75.89167952537537,94.59789395332336
zeroshot_qwen3,25,43.94650323487937,7.364565217391306,96.32880091667175,78.24786901473999,96.26548290252686
zeroshot_qwen3,26,34.09612502281475,9.457142857142859,96.7475175857544,80.72879910469055,95.0553834438324
zeroshot_qwen3,27,44.01377523258102,9.929782608695653,96.80455327033997,81.06673955917358,95.33292651176453
zeroshot_qwen3,28,63.47204297720066,5.616470588235295,99.59560036659241,97.60389924049377,96.83502316474915
zeroshot_qwen3,29,47.161390207947754,6.8750000000000036,97.14742302894592,83.09826850891113,95.4437792301178
zeroshot_qwen3,30,42.58795023078241,9.255714285714287,97.20115065574646,83.41661095619202,96.31964564323425
zeroshot_qwen3,31,58.329327653019426,8.588421052631581,98.73855113983154,92.5258219242096,96.69275879859924
zeroshot_qwen3,32,50.75855312980121,11.096666666666668,96.93359136581421,81.83130025863647,95.33766508102417
zeroshot_qwen3,33,26.73886063347911,6.010000000000002,95.08996605873108,70.90768218040466,92.13443398475647
zeroshot_qwen3,34,41.54424851108478,14.390322580645162,95.87180614471436,75.54014325141907,94.89738345146179
zeroshot_qwen3,35,49.67024639922562,7.364565217391306,95.01224756240845,70.44719457626343,92.78461337089539
zeroshot_qwen3,36,56.9036430541444,11.752222222222223,99.47919845581055,96.91421389579773,98.25525879859924
zeroshot_qwen3,37,41.37439622804693,9.503333333333334,96.96939587593079,82.04344511032104,93.52702498435974
zeroshot_qwen3,38,42.20423543759947,2.280000000000001,96.08963131904602,76.83077454566956,94.82470154762268
zeroshot_qwen3,39,34.19996519406014,12.29909090909091,93.50258111953735,61.502307653427124,93.50258111953735
zeroshot_qwen3,40,39.68373837737817,13.72848484848485,95.10896801948547,71.0202693939209,90.97900986671448
zeroshot_qwen3,41,50.48543478197812,9.44923076923077,96.08556628227234,76.80668830871582,92.47923493385315
zeroshot_qwen3,42,45.61834897686468,8.366212121212126,97.4064290523529,84.63289737701416,94.86568570137024
zeroshot_qwen3,43,47.133714596949886,9.44923076923077,96.92009091377258,81.7513108253479,93.90255808830261
zeroshot_qwen3,44,47.31640236317845,11.336521739130436,94.0714418888092,64.87284898757935,89.73364233970642
zeroshot_qwen3,45,40.53325774221555,7.566666666666666,96.53891324996948,79.49280142784119,93.77031326293945
zeroshot_qwen3,46,36.23167980216655,3.7181818181818187,92.67492890357971,56.59840703010559,90.2022659778595
zeroshot_qwen3,47,43.642305988703896,7.967368421052633,96.1625337600708,77.26272344589233,94.30439472198486
zeroshot_qwen3,48,48.60088609408029,8.412857142857145,98.44257235527039,90.7721221446991,97.88190126419067
zeroshot_qwen3,49,56.08327215588446,11.849565217391305,97.1546471118927,83.14107060432434,97.1546471118927
zeroshot_qwen3,50,42.18491846626357,3.0953846153846136,96.1696982383728,77.30517387390137,96.16969227790833
zeroshot_qwen3,51,37.86004217982324,16.344,96.99042439460754,82.16804265975952,91.98697209358215
zeroshot_qwen3,52,33.74677984422236,9.130000000000003,94.13480162620544,65.24826288223267,92.47487783432007
zeroshot_qwen3,53,43.59289957945058,9.140000000000004,97.82509803771973,87.1135413646698,97.8251039981842
zeroshot_qwen3,54,43.88331857957557,13.945882352941176,97.57080078125,85.60681343078613,95.8260715007782
zeroshot_qwen3,55,48.08631359191316,16.265714285714285,95.416259765625,72.84099459648132,91.61234498023987
zeroshot_qwen3,56,36.90424092621803,7.818888888888889,96.67364954948425,80.29112815856934,92.4591064453125
zeroshot_qwen3,57,51.09299046338908,18.09931034482759,97.71296381950378,86.44914031028748,96.88034653663635
zeroshot_qwen3,58,40.65256314764969,8.544545454545453,94.45999264717102,67.17504262924194,93.66458058357239
zeroshot_qwen3,59,40.320590922881784,9.087500000000002,95.75393199920654,74.8417317867279,92.47385859489441
zeroshot_qwen3,60,49.3682335649887,16.170000000000005,97.90344834327698,87.57777214050293,96.20879888534546
zeroshot_qwen3,61,45.2889539787302,6.749000000000002,97.16823101043701,83.22155475616455,96.36168479919434
zeroshot_qwen3,62,58.08440642992535,10.941428571428574,99.78711605072021,98.73864650726318,98.14448952674866
zeroshot_qwen3,63,51.162226515926555,7.698823529411765,99.08082485198975,94.55381631851196,97.55966067314148
zeroshot_qwen3,64,34.36551310732769,2.342222222222226,92.63417720794678,56.35694861412048,90.24121165275574
zeroshot_qwen3,65,39.41867453024517,16.35481481481482,95.91833353042603,75.81582069396973,95.91833353042603
zeroshot_qwen3,66,36.82018508812317,10.019047619047623,96.7289924621582,80.61903715133667,94.21559572219849
zeroshot_qwen3,67,30.812051898136804,8.370000000000001,95.47544121742249,73.19165468215942,91.61969423294067
zeroshot_qwen3,68,41.82431449080058,9.080909090909092,96.29419445991516,78.04282307624817,96.29418849945068
zeroshot_qwen3,69,41.36595688786422,3.7550000000000026,96.40787839889526,78.71640920639038,96.03492617607117
zeroshot_qwen3,70,36.48094606140366,13.080000000000002,97.5865125656128,85.69990992546082,94.35356259346008
zeroshot_qwen3,71,43.63242013977308,10.154545454545456,94.86037492752075,69.54733729362488,92.68335103988647
zeroshot_qwen3,72,47.459077740441955,6.507777777777779,95.91937065124512,75.82196593284607,89.66624736785889
zeroshot_qwen3,73,31.13068006916161,9.44923076923077,95.34070491790771,72.39332795143127,92.10088849067688
zeroshot_qwen3,74,40.81837027040831,9.92666666666667,93.54854822158813,61.774665117263794,92.45111346244812
zeroshot_qwen3,75,43.18205013319853,8.588421052631581,95.83143591880798,75.30094981193542,93.73824000358582
zeroshot_qwen3,76,31.153746301999636,10.208000000000002,95.39194107055664,72.6969063282013,94.50265765190125
zeroshot_qwen3,77,51.28377019850937,8.180000000000003,98.47531318664551,90.96611738204956,98.47531318664551
zeroshot_qwen3,78,31.308802215137195,9.677142857142858,94.33934092521667,66.4601743221283,94.26242113113403
zeroshot_qwen3,79,52.49927113203984,6.657647058823532,97.13213443756104,83.0076813697815,97.13213443756104
zeroshot_qwen3,80,36.04972126678157,4.420000000000002,96.74994945526123,80.74320554733276,93.45558285713196
zeroshot_qwen3,81,35.45855911259822,6.727142857142859,95.56500911712646,73.72235059738159,93.4977650642395
zeroshot_qwen3,82,57.22076624975377,2.3114285714285714,99.99998211860657,99.9998927116394,97.19374775886536
zeroshot_qwen3,83,45.77133473441,10.690000000000001,97.48494625091553,85.09811758995056,96.52979373931885
zeroshot_qwen3,84,34.506663895734995,9.130000000000003,96.45792841911316,79.01296019554138,93.67257356643677
zeroshot_qwen3,85,36.19058686091309,15.680476190476188,94.66622471809387,68.39698553085327,88.70485424995422
zeroshot_qwen3,86,59.198713224416075,9.457142857142859,99.06219840049744,94.44345831871033,95.13287544250488
zeroshot_qwen3,87,31.492794969140697,12.605000000000004,97.80662059783936,87.00406551361084,93.66182684898376
zeroshot_qwen3,88,41.14490576280407,15.426923076923078,96.47144079208374,79.09302115440369,89.0649139881134
zeroshot_qwen3,89,47.952685933979524,10.580952380952379,97.65933156013489,86.13136410713196,96.15691900253296
zeroshot_qwen3,90,37.218764119445694,1.0311111111111124,97.32313752174377,84.13938879966736,95.33360600471497
zeroshot_qwen3,91,43.203174075379316,11.706666666666667,95.80658674240112,75.15371441841125,90.97349047660828
zeroshot_qwen3,92,56.434071520688256,8.180000000000003,100.00002384185791,100.00014305114746,94.78297233581543
zeroshot_qwen3,93,54.296614686212926,8.350000000000005,98.88624548912048,93.40091943740845,98.88625144958496
zeroshot_qwen3,94,40.14661270126893,6.8750000000000036,96.18152976036072,77.37528085708618,92.56548881530762
zeroshot_qwen3,95,43.12043730161776,14.444545454545459,96.09330892562866,76.85256600379944,94.93268728256226
zeroshot_qwen3,96,40.66321503261554,6.507777777777779,97.19945788383484,83.40657949447632,95.10416388511658
zeroshot_qwen3,97,50.59928044007599,3.653333333333336,98.35718870162964,90.26622176170349,98.35717678070068
zeroshot_qwen3,98,38.063014790637546,10.356923076923078,93.9566433429718,64.19265866279602,91.88993573188782
zeroshot_qwen3,99,34.40137289511981,10.208888888888893,97.55973219871521,85.54123044013977,96.18144631385803
zeroshot_qwen3,100,37.7382590759193,5.483157894736845,96.62109613418579,79.97974157333374,94.57037448883057
zeroshot_qwen3,101,47.16618689339976,8.771304347826089,97.29333519935608,83.96281003952026,94.85889673233032
zeroshot_qwen3,102,37.15164846397983,5.400000000000002,95.90888023376465,75.75981020927429,93.38874220848083
zeroshot_qwen3,103,32.154739282707354,9.740000000000002,93.56820583343506,61.891138553619385,91.95317029953003
zeroshot_qwen3,104,44.59181876291121,1.572727272727274,96.61705493927002,79.95579838752747,94.11141872406006
zeroshot_qwen3,105,52.06777915209104,14.030344827586209,96.72057032585144,80.56913614273071,95.56792974472046
zeroshot_qwen3,106,38.273511245387496,5.863636363636363,96.05898261070251,76.64917707443237,93.00801157951355
zeroshot_qwen3,107,38.737597099962976,12.037500000000005,98.78560900688171,92.80464053153992,96.78186178207397
zeroshot_qwen3,108,33.87784883463925,7.163333333333334,95.43700218200684,72.96389937400818,93.15974116325378
zeroshot_qwen3,109,39.56400705215166,9.563717948717951,93.42599511146545,61.0485315322876,93.05061101913452
zeroshot_qwen3,110,41.56685231375201,4.238333333333333,97.39959239959717,84.5923900604248,95.00109553337097
zeroshot_qwen3,111,46.12936807185542,11.22636363636364,98.59203100204468,91.65768027305603,97.13014364242554
zeroshot_qwen3,112,25.083087014774314,6.370000000000001,93.74423027038574,62.93410062789917,91.32497310638428
zeroshot_qwen3,113,43.461013637351904,16.563333333333336,96.60689234733582,79.89558577537537,94.05215382575989
zeroshot_qwen3,114,37.14855099265013,8.009090909090911,95.9526538848877,76.01917386054993,93.3915913105011
zeroshot_qwen3,115,41.24151483933273,12.83545454545455,97.76238203048706,86.74194812774658,96.08489274978638
zeroshot_qwen3,116,45.92457385630679,6.936363636363637,98.08135628700256,88.63189220428467,95.37683129310608
zeroshot_qwen3,117,51.867966873639105,8.008181818181821,96.13502621650696,77.0997405052185,95.94091773033142
zeroshot_qwen3,118,47.359851763766784,15.687894736842104,94.48533654212952,67.32521057128906,93.60873699188232
zeroshot_qwen3,119,55.45309923234899,8.383333333333333,100.0,100.0,92.13122129440308
zeroshot_qwen3,120,52.95034669359033,8.89777777777778,97.86940813064575,87.37608194351196,95.83098292350769
zeroshot_qwen3,121,59.23461514997568,9.785555555555558,99.5811402797699,97.51822352409363,94.23143267631531
zeroshot_qwen3,122,31.42843598288788,4.823333333333334,96.11557722091675,76.98450684547424,93.49241256713867
zeroshot_qwen3,123,41.76665250737415,10.451578947368422,97.3747193813324,84.44501757621765,93.41014623641968
zeroshot_qwen3,124,32.278031435978676,9.910000000000004,96.02101445198059,76.42421126365662,92.36258268356323
zeroshot_qwen3,125,30.605293176864357,10.562500000000004,93.8207745552063,63.38762640953064,91.63538813591003
zeroshot_qwen3,126,44.79980079341314,10.098571428571429,95.87078094482422,75.53406953811646,95.8707869052887
zeroshot_qwen3,127,53.05834593011903,11.090000000000003,98.89651536941528,93.46176981925964,97.87802696228027
zeroshot_qwen3,128,39.46957885383341,11.130000000000003,96.70507907867432,80.47734498977661,91.54412746429443
zeroshot_qwen3,129,38.839899597493,8.771304347826089,96.5826690196991,79.75205779075623,94.1258192062378
zeroshot_qwen3,130,40.70486507318072,10.941428571428574,97.75203466415405,86.68063879013062,96.59327864646912
zeroshot_qwen3,131,46.026363745403096,5.206666666666667,96.3772177696228,78.53474617004395,95.52158713340759
zeroshot_qwen3,132,46.80158116243956,8.544545454545453,97.768235206604,86.7766261100769,93.68487596511841
zeroshot_qwen3,133,44.12693285816351,9.655000000000001,99.42923188209534,96.61815762519836,93.50199103355408
zeroshot_qwen3,134,31.659321933327885,11.849565217391305,93.9495325088501,64.15053009986877,90.91033935546875
zeroshot_qwen3,135,52.350974801680486,5.616470588235295,94.72159147262573,68.72503757476807,92.18170046806335
zeroshot_qwen3,136,41.13137054050024,6.578787878787878,94.86374258995056,69.56729292869568,93.73893737792969
zeroshot_qwen3,137,50.27695618651967,7.346315789473689,99.61518049240112,97.7199137210846,96.64372205734253
zeroshot_qwen3,138,52.778783221017825,4.383823529411767,99.7676134109497,98.62309098243713,99.7676134109497
zeroshot_qwen3,139,46.615012914573796,13.157692307692308,97.04496264457703,82.49118328094482,94.48714852333069
zeroshot_qwen3,140,38.3315299887037,6.8750000000000036,96.27185463905334,77.91045904159546,95.46252489089966
zeroshot_qwen3,141,34.34733487838007,7.745217391304351,94.75586414337158,68.92810463905334,93.22240352630615
zeroshot_qwen3,142,38.54162021075753,2.4700000000000024,97.92374968528748,87.69806027412415,97.92374968528748
zeroshot_qwen3,143,43.90490230761101,5.616470588235295,98.13133478164673,88.92802000045776,96.07784748077393
zeroshot_qwen3,144,49.421300013294214,4.003076923076925,97.64562845230103,86.05017066001892,95.14650106430054
zeroshot_qwen3,145,49.99005758143106,10.673333333333336,96.93866968154907,81.86138868331909,95.81936001777649
zeroshot_qwen3,146,36.93385199444925,7.004705882352944,97.01295495033264,82.30153322219849,96.65505290031433
zeroshot_qwen3,147,37.53725125324344,14.437241379310347,94.90354061126709,69.80310082435608,92.01823472976685
zeroshot_qwen3,148,34.025408337765235,8.140000000000004,92.70650148391724,56.785476207733154,92.47008562088013
zeroshot_qwen3,149,63.154815733773894,10.350000000000001,100.00002384185791,100.00014305114746,96.5256929397583
zeroshot_qwen3,150,38.727982589143146,4.799347826086958,96.7096209526062,80.5042564868927,93.35079789161682
zeroshot_qwen3,151,33.45393652840461,6.010000000000002,96.38509154319763,78.58139872550964,93.19091439247131
zeroshot_qwen3,152,35.77637500617358,9.32,95.85029482841492,75.41268467903137,94.77883577346802
zeroshot_qwen3,153,64.14076735299624,11.07263157894737,98.83177280426025,93.07816624641418,96.8608558177948
zeroshot_qwen3,154,33.45721334561678,13.872857142857146,95.48259377479553,73.23403358459473,93.85889768600464
zeroshot_qwen3,155,38.54538020806479,7.698823529411765,94.2949116230011,66.1969244480133,92.36541390419006
zeroshot_qwen3,156,36.864124780202374,8.740000000000002,91.37437343597412,48.89251887798309,90.77372550964355
zeroshot_qwen3,157,48.29867392690956,8.087692307692308,97.54375219345093,85.44654846191406,94.02506351470947
zeroshot_qwen3,158,39.201563489074694,12.270000000000003,94.24959421157837,65.92841744422913,91.76326394081116
zeroshot_qwen3,159,43.17991098093912,8.030555555555559,98.43991994857788,90.7564103603363,95.32846212387085
zeroshot_qwen3,160,41.339374031051264,9.45625,96.45063877105713,78.96977066993713,95.16886472702026
zeroshot_qwen3,161,37.653277238400825,8.140000000000004,95.05027532577515,70.67251205444336,92.18193292617798
zeroshot_qwen3,162,43.80458703377884,13.157692307692308,95.11591792106628,71.06145024299622,90.5394971370697
zeroshot_qwen3,163,42.02771686411298,11.68,96.57074809074402,79.68142628669739,91.29315614700317
zeroshot_qwen3,164,58.91424662784224,8.353333333333339,99.80593919754028,98.85017275810242,94.87497806549072
zeroshot_qwen3,165,46.81081845268665,12.402758620689657,94.4368064403534,67.03766584396362,94.05298829078674
zeroshot_qwen3,166,29.12133795608182,14.454782608695652,83.27754139900208,0.9181858040392399,81.60966038703918
zeroshot_qwen3,167,60.59881329527652,10.208888888888893,99.67750906944275,98.08921813964844,98.41909408569336
zeroshot_qwen3,168,40.42362664043098,8.412857142857145,95.91516256332397,75.79703330993652,95.28377652168274
zeroshot_qwen3,169,37.016705016452605,6.272307692307695,96.47383689880371,79.10721898078918,91.89790487289429
zeroshot_qwen3,170,38.49475939510259,7.612500000000001,96.750408411026,80.745929479599,93.63479018211365
zeroshot_qwen3,171,33.87528823063697,10.888461538461542,94.66862678527832,68.41121912002563,93.1843638420105
zeroshot_qwen3,172,42.63783166145386,10.019047619047623,96.47486805915833,79.11332845687866,94.9407160282135
zeroshot_qwen3,173,38.93676776793165,12.407777777777778,96.59178853034973,79.8060953617096,96.29607200622559
zeroshot_qwen3,174,46.705359148478834,10.978333333333332,96.72698974609375,80.60716986656189,96.25483751296997
zeroshot_qwen3,175,34.54769848521189,14.040000000000003,94.48854923248291,67.34424233436584,94.38557028770447
zeroshot_qwen3,176,57.99606123915132,5.818461538461541,98.33177328109741,90.11563062667847,96.63417339324951
zeroshot_qwen3,177,28.901234486374435,3.7181818181818187,93.94497275352478,64.12351131439209,92.22057461738586
zeroshot_qwen3,178,46.784974056179024,13.248387096774195,97.1071720123291,82.85977840423584,95.02291679382324
zeroshot_qwen3,179,47.89845825799172,9.92666666666667,93.52083206176758,61.610448360443115,92.55972504615784
zeroshot_qwen3,180,50.78260320130191,8.39294117647059,97.90116548538208,87.5642478466034,96.16789817810059
zeroshot_qwen3,181,49.71368069979017,10.153636363636362,97.83955812454224,87.19922304153442,96.11794948577881
zeroshot_qwen3,182,44.472323871514,9.32,98.78231883049011,92.78514981269836,93.18932890892029
zeroshot_qwen3,183,54.10532493414381,7.612500000000001,97.1341609954834,83.01969170570374,92.7873969078064
zeroshot_qwen3,184,43.12458779584973,8.89777777777778,94.94444131851196,70.04543542861938,94.94443535804749
zeroshot_qwen3,185,64.31492233548978,8.588421052631581,99.04002547264099,94.31207776069641,96.73870205879211
zeroshot_qwen3,186,52.50475331769513,9.910000000000004,95.44998407363892,73.04081916809082,94.27527785301208
zeroshot_qwen3,187,41.8023701995559,13.390476190476189,91.64823889732361,50.51519274711609,91.64823889732361
zeroshot_qwen3,188,41.53822052701666,14.514285714285716,96.2992250919342,78.07263135910034,89.31872248649597
zeroshot_qwen3,189,48.47307648203251,6.215000000000003,95.24766802787781,71.84208035469055,95.24766802787781
zeroshot_qwen3,190,49.71455341062796,4.19857142857143,95.19937634468079,71.55594825744629,90.3674840927124
zeroshot_qwen3,191,45.916382666168715,10.356923076923078,98.43382835388184,90.72031378746033,94.26479935646057
zeroshot_qwen3,192,32.027126133722376,7.004705882352944,93.9970076084137,64.43182229995728,93.65334510803223
zeroshot_qwen3,193,46.935762653517884,9.79739130434783,97.22609519958496,83.56440663337708,96.62206172943115
zeroshot_qwen3,194,48.15125921783531,6.2755555555555596,99.99999403953552,99.99996423721313,96.17921710014343
zeroshot_qwen3,195,40.02990790787096,9.781176470588235,97.42618799209595,84.74997282028198,95.87659239768982
zeroshot_qwen3,196,35.04258900997947,14.250000000000004,94.99158263206482,70.32475471496582,90.87352752685547
zeroshot_qwen3,197,36.426782135324196,5.186842105263157,90.51517844200134,43.801724910736084,88.58678936958313
zeroshot_qwen3,198,45.80741459760334,10.356923076923078,97.13553190231323,83.02781581878662,94.59602236747742
zeroshot_qwen3,199,46.940913460510195,8.265,95.81888318061829,75.22656917572021,93.24730038642883
zeroshot_qwen3,200,37.78086014729976,12.860000000000003,95.39735317230225,72.72897362709045,94.30803060531616
zeroshot_qwen3,201,54.72195898776362,5.863636363636363,100.0,100.0,97.60759472846985
zeroshot_qwen3,202,29.146613851539833,4.91076923076923,94.7002112865448,68.59835386276245,92.69266128540039
zeroshot_qwen3,203,46.36586820494096,9.106612903225805,95.5126404762268,73.41206073760986,93.65630745887756
zeroshot_qwen3,204,45.166937814348685,8.904629629629632,96.02692127227783,76.45921111106873,91.44681096076965
zeroshot_qwen3,205,42.61958874078037,14.169629629629632,95.83218097686768,75.3053605556488,95.72181105613708
zeroshot_qwen3,206,58.28373993883809,4.641666666666666,99.01877641677856,94.18617486953735,91.94285273551941
zeroshot_qwen3,207,57.20642282954448,2.280000000000001,98.18958044052124,89.27313089370728,94.00237798690796
zeroshot_qwen3,208,54.4389373029807,8.541538461538462,99.99999403953552,99.99996423721313,95.65289616584778
zeroshot_qwen3,209,63.86952565436711,6.2755555555555596,99.32699799537659,96.0124135017395,99.32700395584106
zeroshot_qwen3,210,34.84856128831461,6.2755555555555596,95.65725922584534,74.26893711090088,95.45580744743347
zeroshot_qwen3,211,35.71523154794327,12.935789473684213,97.14009761810303,83.0548644065857,94.3577766418457
zeroshot_qwen3,212,28.766869091477854,7.232173913043479,92.39550828933716,54.94282245635986,91.09559059143066
zeroshot_qwen3,213,50.96371171261907,8.009090909090911,100.0,100.0,100.0
zeroshot_qwen3,214,39.2405819448408,5.682857142857145,96.67664766311646,80.3088903427124,94.05598044395447
zeroshot_qwen3,215,55.358355093889735,7.001666666666669,96.85559272766113,81.369149684906,94.91905570030212
zeroshot_qwen3,216,35.162029400192836,10.723333333333333,95.24639844894409,71.8345582485199,92.53678321838379
zeroshot_qwen3,217,58.186740281435476,12.828571428571426,98.80275130271912,92.90621280670166,97.5687563419342
zeroshot_qwen3,218,31.251879198985467,2.3114285714285714,94.59843635559082,67.99533367156982,94.335275888443
zeroshot_qwen3,219,30.046042122981813,11.264615384615386,93.42207312583923,61.02529168128967,91.17491841316223
zeroshot_qwen3,220,58.21875700235529,7.346315789473689,96.93887233734131,81.86259269714355,94.08678412437439
zeroshot_qwen3,221,50.96036995960391,9.209473684210526,98.4979510307312,91.10024571418762,94.06307935714722
zeroshot_qwen3,222,34.84273038633452,5.616470588235295,94.55984234809875,67.76666045188904,89.96226787567139
zeroshot_qwen3,223,33.11333280790139,8.366212121212126,93.02424192428589,58.66811275482178,90.12441039085388
zeroshot_qwen3,224,30.504024381083077,14.990000000000006,93.88343691825867,63.758909702301025,91.07723832130432
zeroshot_qwen3,225,53.89325430711399,8.541538461538462,99.2360532283783,95.47355771064758,99.21422600746155
zeroshot_qwen3,226,35.46777759537789,10.978333333333332,94.79674100875854,69.17030215263367,90.31685590744019
zeroshot_qwen3,227,44.49818857339626,17.244285714285713,95.08527517318726,70.8798885345459,91.97537302970886
zeroshot_qwen3,228,55.339348088740095,13.080000000000002,99.67629909515381,98.08204770088196,96.77926898002625
zeroshot_qwen3,229,28.463209443758835,15.030000000000001,96.31739854812622,78.18031311035156,96.03462219238281
zeroshot_qwen3,230,40.40948499921051,13.928333333333335,96.71006202697754,80.50687313079834,92.1461284160614
zeroshot_qwen3,231,47.791695481424654,9.44923076923077,98.99806380271912,94.0634548664093,96.86399698257446
zeroshot_qwen3,232,56.43262270808266,11.096666666666668,98.06704521179199,88.5470986366272,98.06703329086304
zeroshot_qwen3,233,40.91447074218055,9.255714285714287,95.92351913452148,75.84654688835144,93.89539957046509
zeroshot_qwen3,234,46.81645655750534,9.781176470588235,96.80129289627075,81.04742169380188,94.84052658081055
zeroshot_qwen3,235,32.76971950925707,7.818888888888889,96.19065523147583,77.42934823036194,93.55709552764893
zeroshot_qwen3,236,26.71774659274659,5.863636363636363,91.3968563079834,49.02573227882385,91.20326042175293
zeroshot_qwen3,237,32.66437364140851,8.588421052631581,92.9622232913971,58.300650119781494,91.44365787506104
zeroshot_qwen3,238,34.645497525721716,9.087500000000002,95.91156840324402,75.77573657035828,94.25848722457886
zeroshot_qwen3,239,39.71898847037891,9.655000000000001,98.92275929450989,93.61726641654968,95.33276557922363
zeroshot_qwen3,240,55.9074109934541,4.823333333333334,98.4679102897644,90.92225432395935,95.17406225204468
zeroshot_qwen3,241,40.26499425603411,14.51923076923077,95.90838551521301,75.75687766075134,95.29418349266052
zeroshot_qwen3,242,32.60951222303437,8.73,95.81235647201538,75.18789768218994,94.46284770965576
zeroshot_qwen3,243,53.027324927182306,14.798947368421054,98.61838221549988,91.81380867958069,98.61838221549988
zeroshot_qwen3,244,40.56700198768483,13.611538461538462,96.07632160186768,76.75191164016724,94.34420466423035
zeroshot_qwen3,245,46.92149043273374,3.6897058823529427,97.5998044013977,85.77865958213806,97.59979844093323
zeroshot_qwen3,246,44.55536247033947,10.73,98.80244135856628,92.90437698364258,97.35743999481201
zeroshot_qwen3,247,47.30051569151081,8.265,97.48708009719849,85.11075973510742,97.28072881698608
zeroshot_qwen3,248,46.50375396624273,8.756666666666668,95.84028720855713,75.35338997840881,95.29929757118225
zeroshot_qwen3,249,57.7399764910333,7.566666666666666,99.31229948997498,95.92532515525818,97.1838891506195
zeroshot_qwen3,250,44.369561336905285,6.960000000000001,97.35768437385559,84.344083070755,94.9461042881012
zeroshot_qwen3,251,55.2152934730825,10.019047619047623,97.05320596694946,82.54002332687378,94.62869167327881
zeroshot_qwen3,252,37.09971899779986,12.407777777777778,96.77872657775879,80.91371655464172,95.76945900917053
zeroshot_qwen3,253,56.491977106568626,5.863636363636363,99.99998211860657,99.9998927116394,96.23755216598511
zeroshot_qwen3,254,40.06256870170989,12.314736842105265,97.14435935020447,83.08011889457703,93.55883002281189
zeroshot_qwen3,255,39.38228875850533,14.443636363636365,95.03965973854065,70.60961127281189,93.82871985435486
zeroshot_qwen3,256,36.30027490881109,6.38666666666667,96.16214632987976,77.26042866706848,91.31624102592468
zeroshot_qwen3,257,44.61237116517866,7.004705882352944,97.23278284072876,83.60403180122375,94.70657706260681
zeroshot_qwen3,258,49.6640059713644,12.106451612903225,95.343416929245,72.40939736366272,89.69703316688538
zeroshot_qwen3,259,44.81237103415962,8.370000000000001,96.54972553253174,79.55686450004578,93.85936260223389
zeroshot_qwen3,260,53.404444518655815,6.600000000000005,96.43672108650208,78.88730764389038,93.98831129074097
zeroshot_qwen3,261,46.87927083852912,10.451578947368422,97.2687304019928,83.81702303886414,93.53707432746887
zeroshot_qwen3,262,46.40712627181618,14.080000000000002,98.3659029006958,90.31785130500793,96.2263822555542
zeroshot_qwen3,263,25.87880993055923,14.002862595419849,80.4503321647644,-15.833239257335663,79.09250259399414
zeroshot_qwen3,264,43.064729878079085,3.7181818181818187,98.17705750465393,89.19892907142639,94.27984356880188
zeroshot_qwen3,265,42.17725706874626,9.081818181818182,98.23038578033447,89.51490521430969,97.0380961894989
zeroshot_qwen3,266,37.76179579120089,11.863529411764706,94.47826147079468,67.28328466415405,91.0473108291626
zeroshot_qwen3,267,48.353842321128404,14.456,99.25177693367004,95.56671977043152,92.13236570358276
zeroshot_qwen3,268,38.46752005451373,7.570000000000004,96.56545519828796,79.65006828308105,94.5545494556427
zeroshot_qwen3,269,44.41035212591021,11.342307692307696,97.31883406639099,84.11388993263245,96.82278037071228
zeroshot_qwen3,270,52.9179983377162,14.911666666666669,97.39723205566406,84.5784068107605,96.9702422618866
zeroshot_qwen3,271,45.31411813624131,11.152000000000001,97.3200261592865,84.12095308303833,94.77342367172241
zeroshot_qwen3,272,56.828944348648825,4.91076923076923,97.29244112968445,83.95751118659973,92.68527030944824
zeroshot_qwen3,273,32.93903012859219,9.44923076923077,94.79525089263916,69.16147470474243,92.01804995536804
zeroshot_qwen3,274,39.367962267096296,14.973076923076924,96.80857062339783,81.09054565429688,95.3438937664032
zeroshot_qwen3,275,36.0386065846527,10.562500000000004,94.05136704444885,64.75390791893005,91.00229144096375
zeroshot_qwen3,276,43.3223864258347,7.633846153846157,99.3884265422821,96.37638330459595,97.58998155593872
zeroshot_qwen3,277,40.22109653829283,5.933965517241379,94.52391266822815,67.55377650260925,91.71911478042603
zeroshot_qwen3,278,58.97058731532603,7.773333333333333,99.42887425422668,96.61603569984436,95.12991309165955
zeroshot_qwen3,279,58.5625123741636,5.806666666666668,98.02795052528381,88.3154571056366,94.48336362838745
zeroshot_qwen3,280,48.936263349849,12.453333333333333,99.20744895935059,95.30407786369324,95.35729885101318
zeroshot_qwen3,281,58.23774544629232,7.967368421052633,98.98386597633362,93.97932887077332,98.29734563827515
zeroshot_qwen3,282,44.965825461987656,10.690000000000001,97.91528582572937,87.64791488647461,95.2093780040741
zeroshot_qwen3,283,54.17694533238322,8.771304347826089,98.11721444129944,88.84435296058655,96.2749183177948
zeroshot_qwen3,284,47.52417107849156,7.633846153846157,96.95985913276672,81.98693990707397,96.9598650932312
zeroshot_qwen3,285,56.99791060950474,5.312391304347827,98.2132077217102,89.41312432289124,93.05860996246338
zeroshot_qwen3,286,33.43137899617225,8.895238095238096,94.38859224319458,66.75199270248413,93.6316430568695
zeroshot_qwen3,287,55.45618330204009,3.84,97.34294414520264,84.25674438476562,97.09177017211914
zeroshot_qwen3,288,49.191858968609765,12.407777777777778,99.07662272453308,94.52891945838928,95.4838514328003
zeroshot_qwen3,289,45.235894574679584,12.3,97.65269160270691,86.0920250415802,93.8310980796814
zeroshot_qwen3,290,47.55395246021983,4.420000000000002,97.88943529129028,87.49474883079529,97.0743477344513
zeroshot_qwen3,291,52.583707208485045,11.68,98.46851229667664,90.92581868171692,95.02298831939697
zeroshot_qwen3,292,44.894354590536096,4.003076923076925,96.27102613449097,77.90555357933044,93.41788291931152
zeroshot_qwen3,293,49.03533034649336,10.68,96.38088941574097,78.55650186538696,93.0945634841919
zeroshot_qwen3,294,55.883684172860356,6.727142857142859,98.37489128112793,90.37110805511475,95.7956850528717
zeroshot_qwen3,295,42.771008157531284,10.434615384615388,95.57963013648987,73.80897998809814,95.19952535629272
zeroshot_qwen3,296,42.25294827655026,18.294054054054055,96.9543993473053,81.95458650588989,93.47571730613708
zeroshot_qwen3,297,40.03786249807755,11.547407407407409,92.91067123413086,57.99520015716553,92.23030209541321
zeroshot_qwen3,298,52.68469098323985,10.941428571428574,99.01922941207886,94.18886303901672,96.12013101577759
zeroshot_qwen3,299,36.88649219356277,10.978333333333332,94.81929540634155,69.30394172668457,93.45030784606934
zeroshot_qwen3,300,40.383571603413806,8.39294117647059,97.45808243751526,84.93894934654236,94.34440732002258
zeroshot_qwen3,301,44.87282798908448,16.411176470588234,96.00607752799988,76.33571028709412,95.72024941444397
zeroshot_qwen3,302,46.72608826996787,5.333000000000002,95.8171546459198,75.2163290977478,94.25508379936218
zeroshot_qwen3,303,45.08149685933767,12.935789473684213,97.10120558738708,82.82442688941956,93.27486157417297
zeroshot_qwen3,304,42.100739655854326,11.624000000000002,96.27278447151184,77.91597247123718,94.19072270393372
zeroshot_qwen3,305,50.467860305251946,8.723787878787878,98.4089195728302,90.57273268699646,93.49662065505981
zeroshot_qwen3,306,38.727332315929736,12.568000000000001,94.26364302635193,66.01165533065796,92.69616603851318
zeroshot_qwen3,307,38.22883641189975,15.657931034482761,96.72420024871826,80.59064149856567,91.21777415275574
zeroshot_qwen3,308,45.148560274353486,4.790909090909089,99.29612278938293,95.82947492599487,92.51403212547302
zeroshot_qwen3,309,71.60215099867382,4.003076923076925,100.0,100.0,95.62546610832214
zeroshot_qwen3,310,50.8141278083033,11.693684210526317,97.95119762420654,87.8606915473938,93.89025568962097
zeroshot_qwen3,311,36.25967897388842,11.68,96.24688029289246,77.76248455047607,95.47887444496155
zeroshot_qwen3,312,50.7445451412205,8.756666666666668,96.57155871391296,79.68623042106628,94.27720904350281
zeroshot_qwen3,313,38.950821723760725,14.60666666666667,96.11564874649048,76.98493003845215,96.11565470695496
zeroshot_qwen3,314,37.693020621899116,15.400000000000002,97.0577597618103,82.5670063495636,94.5242702960968
zeroshot_qwen3,315,45.13926055980967,10.441111111111113,95.93871235847473,75.93656778335571,95.37977576255798
zeroshot_qwen3,316,54.19245987642214,8.370000000000001,92.59596467018127,56.13054037094116,90.46039581298828
zeroshot_qwen3,317,28.546443734716316,6.933108108108112,93.07583570480347,58.9738130569458,91.3975715637207
zeroshot_qwen3,318,44.428191147620986,9.209473684210526,97.1125066280365,82.89138674736023,95.86548805236816
zeroshot_qwen3,319,36.75641046001086,5.041428571428572,95.00950574874878,70.43095231056213,92.20951199531555
zeroshot_qwen3,320,44.89939929159964,13.248387096774195,96.43847942352295,78.89772653579712,96.43848538398743
zeroshot_qwen3,321,59.67577538318096,6.780000000000001,97.50588536262512,85.22218465805054,97.01871871948242
zeroshot_qwen3,322,33.07673864647241,10.441111111111113,96.83745503425598,81.26168251037598,95.71295976638794
zeroshot_qwen3,323,45.76777244949644,3.653333333333336,97.7919340133667,86.91704273223877,95.84735035896301
zeroshot_qwen3,324,50.21438946666718,7.818888888888889,96.58700823783875,79.77777123451233,91.85646176338196
zeroshot_qwen3,325,51.04406007613759,11.07263157894737,99.59872961044312,97.6224422454834,94.66238021850586
zeroshot_qwen3,326,52.53112751326646,5.993333333333336,98.15331697463989,89.05826807022095,96.44860625267029
zeroshot_qwen3,327,47.3409092152934,11.784285714285716,98.62931966781616,91.87861680984497,93.07391047477722
zeroshot_qwen3,328,38.67111196309275,12.608571428571427,95.04747986793518,70.65594792366028,93.99954676628113
zeroshot_qwen3,329,45.75373031713024,14.203333333333337,97.73390293121338,86.57320737838745,94.42633986473083
zeroshot_qwen3,330,39.60014947916976,14.444545454545459,92.87670850753784,57.79396891593933,89.68482613563538
zeroshot_qwen3,331,53.0564920889706,10.098571428571429,96.40871286392212,78.72135639190674,96.40871286392212
zeroshot_qwen3,332,43.271920840769155,8.958589743589744,98.17880988121033,89.20931220054626,98.1788158416748
zeroshot_qwen3,333,39.31172734529388,9.581,94.2722499370575,66.06265306472778,92.43631362915039
zeroshot_qwen3,334,30.655895182609065,12.860000000000003,96.60641551017761,79.89276051521301,96.01383209228516
zeroshot_qwen3,335,50.72572873875044,13.5125,99.23940896987915,95.49344182014465,96.7353105545044
zeroshot_qwen3,336,40.54205658073582,10.208888888888893,96.26457691192627,77.86734104156494,91.41735434532166
zeroshot_qwen3,337,46.04439474645088,6.727142857142859,96.15848660469055,77.2387444972992,92.08788871765137
zeroshot_qwen3,338,44.07104983791405,3.997142857142858,99.45617318153381,96.77778482437134,99.45617318153381
zeroshot_qwen3,339,34.90692416932714,8.009090909090911,96.06546759605408,76.68760418891907,91.19964241981506
zeroshot_qwen3,340,44.50952562710479,16.94,97.4307656288147,84.77709293365479,91.21692180633545
zeroshot_qwen3,341,47.64427765631573,10.356923076923078,96.15600109100342,77.22402215003967,94.32488679885864
zeroshot_qwen3,342,39.856016396899335,6.406428571428574,92.9014265537262,57.94042348861694,88.82429599761963
zeroshot_qwen3,343,45.03901923625538,9.080909090909092,95.44660449028015,73.02079200744629,88.97258043289185
zeroshot_qwen3,344,28.971510106909086,5.041428571428572,94.58489418029785,67.9150938987732,94.13179755210876
zeroshot_qwen3,345,30.787267820990706,5.818461538461541,94.22980546951294,65.81116914749146,94.22981142997742
zeroshot_qwen3,346,38.99721767287904,13.371818181818181,94.53549981117249,67.62242913246155,93.10927391052246
zeroshot_qwen3,347,41.5198496797224,11.264615384615386,96.73332571983337,80.64470887184143,95.28287053108215
zeroshot_qwen3,348,47.62552839349994,7.346315789473689,99.18780326843262,95.18767595291138,98.4410047531128
zeroshot_qwen3,349,45.44622681111759,6.780000000000001,97.87574410438538,87.41362690925598,94.52165365219116
zeroshot_qwen3,350,47.02309174024843,6.442096774193548,97.0975399017334,82.8027069568634,96.0283100605011
zeroshot_qwen3,351,30.193896094927915,9.781176470588235,95.88002562522888,75.58884620666504,90.5407190322876
zeroshot_qwen3,352,38.14939859308118,5.616470588235295,95.06407976150513,70.75430154800415,94.68328356742859
zeroshot_qwen3,353,50.62837650238063,13.512,94.85001564025879,69.48595643043518,88.33560347557068
zeroshot_qwen3,354,50.88903666373713,12.867741935483874,96.79038524627686,80.98279237747192,94.06712651252747
zeroshot_qwen3,355,44.85517582061795,6.8750000000000036,95.27474045753479,72.0024824142456,92.53592491149902
zeroshot_qwen3,356,47.07202389842246,14.51923076923077,97.56185412406921,85.5538010597229,95.96489667892456
zeroshot_qwen3,357,33.790807489671735,8.725967741935488,95.06455659866333,70.75713276863098,94.0606415271759
zeroshot_qwen3,358,51.78250303998474,11.693684210526317,97.80653119087219,87.00353503227234,95.98251581192017
zeroshot_deepseek,0,35.291469184746134,14.456,94.03560161590576,64.66049551963806,90.44616222381592
zeroshot_deepseek,1,31.089665021749486,13.157692307692308,93.05264949798584,58.836430311203,91.00737571716309
zeroshot_deepseek,2,39.95827577842381,7.004705882352944,97.9200005531311,87.67584562301636,90.55832028388977
zeroshot_deepseek,3,55.738779325989306,9.128121827411167,84.60726141929626,8.796875923871994,83.29759240150452
zeroshot_deepseek,4,47.84815923862265,12.106451612903225,96.15307450294495,77.20667719841003,94.50038075447083
zeroshot_deepseek,5,33.56949598981213,7.773333333333333,95.07843255996704,70.83934545516968,92.75741577148438
zeroshot_deepseek,6,41.06926638176638,12.382000000000001,87.85372376441956,28.03240716457367,87.57498860359192
zeroshot_deepseek,7,47.336752705711035,12.500769230769233,90.74090719223022,45.13918459415436,90.74090719223022
zeroshot_deepseek,8,40.15221486479434,19.960333333333335,88.8853132724762,34.144651889801025,86.22033596038818
zeroshot_deepseek,9,45.3159759973121,22.667878787878788,98.46173524856567,90.88566899299622,98.46173524856567
zeroshot_deepseek,10,22.9979637529312,16.038333333333334,84.51238870620728,8.234748244285583,83.51932764053345
zeroshot_deepseek,11,42.939811661036195,6.010000000000002,96.98701500892639,82.14783668518066,93.92331838607788
zeroshot_deepseek,12,53.98017151440805,11.765150273224048,84.11155343055725,5.859769135713577,83.17531943321228
zeroshot_deepseek,13,44.402267446598316,15.137142857142859,94.72652077674866,68.75424385070801,89.7339940071106
zeroshot_deepseek,14,53.405127812719165,7.637244556113906,83.8652491569519,4.400398209691048,82.80726075172424
zeroshot_deepseek,15,49.399699493322835,4.420000000000002,96.44156098365784,78.91598343849182,95.97615003585815
zeroshot_deepseek,16,50.441692921863165,6.325576036866359,87.94689178466797,28.58443558216095,87.11591362953186
zeroshot_deepseek,17,38.84099002849003,13.06617924528302,84.69342589378357,9.307406842708588,83.81384611129761
zeroshot_deepseek,18,53.54870944208635,16.421808510638304,89.4509494304657,37.496089935302734,89.06330466270447
zeroshot_deepseek,19,55.58671071151912,6.664706959706962,85.35170555114746,13.207763433456421,85.21138429641724
zeroshot_deepseek,20,16.572524697524695,11.706666666666667,83.98095965385437,5.085991322994232,82.76510238647461
zeroshot_deepseek,21,27.89152867012165,13.281851851851854,87.24635243415833,24.433687329292297,87.15957403182983
zeroshot_deepseek,22,57.381088365902585,7.5323232323232325,84.6178412437439,8.859562128782272,83.48843455314636
zeroshot_deepseek,23,58.229936471217854,9.551237623762379,84.44011211395264,7.806503772735596,83.56263041496277
zeroshot_deepseek,24,45.085866665037805,20.49692307692308,96.7105507850647,80.50976991653442,95.24668455123901
zeroshot_deepseek,25,58.495335029896324,8.265,99.00045394897461,94.07761693000793,97.67699837684631
zeroshot_deepseek,26,61.21608660907852,11.142857142857142,99.58197474479675,97.52317070960999,99.49564933776855
zeroshot_deepseek,27,39.43330497126722,10.215740740740742,93.81333589553833,63.343554735183716,91.20871424674988
zeroshot_deepseek,28,57.06666762366639,6.8750000000000036,99.06963109970093,94.48749423027039,97.87709712982178
zeroshot_deepseek,29,38.65720402740038,9.825,94.24806237220764,65.91933965682983,93.11153292655945
zeroshot_deepseek,30,21.156401431482337,13.073333333333338,86.51906847953796,20.12447565793991,86.02251410484314
zeroshot_deepseek,31,36.96001522161441,11.863529411764706,94.70337629318237,68.61711144447327,94.59102153778076
zeroshot_deepseek,32,52.015196766530266,9.255954738330978,86.09009385108948,17.582768201828003,84.14649367332458
zeroshot_deepseek,33,38.66540476501013,6.010000000000002,97.60847091674805,85.83000898361206,92.32991337776184
zeroshot_deepseek,34,41.12510977667796,14.08727272727273,91.83449745178223,51.61879062652588,88.88368010520935
zeroshot_deepseek,35,56.097578541475514,11.097600502512567,85.68543791770935,15.185151994228363,84.48271155357361
zeroshot_deepseek,36,22.554311072990597,11.68,87.9305899143219,28.48784625530243,86.81091666221619
zeroshot_deepseek,37,37.092609634246294,12.096,96.63879871368408,80.08463382720947,93.03982257843018
zeroshot_deepseek,38,51.36282291034981,7.591448275862067,84.30292010307312,6.993631273508072,83.38590264320374
zeroshot_deepseek,39,40.54798030534072,18.519130434782614,98.79381656646729,92.85327196121216,97.18406796455383
zeroshot_deepseek,40,49.52888104701341,17.951428571428576,99.2956817150116,95.82686424255371,91.15705490112305
zeroshot_deepseek,41,45.35167235186115,13.251764705882355,93.66031289100647,62.43687868118286,91.18302464485168
zeroshot_deepseek,42,25.003666714657086,7.773333333333333,90.87639451026917,45.94195783138275,90.38515090942383
zeroshot_deepseek,43,23.345136831978937,8.35513513513514,86.22135519981384,18.360501527786255,85.98888516426086
zeroshot_deepseek,44,42.32362493773578,18.102962962962966,93.69460940361023,62.6400887966156,90.33061861991882
zeroshot_deepseek,45,29.143505614263397,6.8750000000000036,92.20261573791504,53.7999153137207,89.33793902397156
zeroshot_deepseek,46,50.02795014436926,8.281647058823534,85.44871211051941,13.782534003257751,84.77247357368469
zeroshot_deepseek,47,45.1822550667316,8.474444444444444,96.45214080810547,78.9786696434021,94.2108154296875
zeroshot_deepseek,48,57.4308166163382,6.169722222222223,83.83588194847107,4.2263951152563095,83.19562077522278
zeroshot_deepseek,49,37.58706771772381,8.39294117647059,96.99919819831848,82.22002387046814,93.47130060195923
zeroshot_deepseek,50,47.47363726033512,9.89943997317237,83.5562527179718,2.5695711374282837,83.5134506225586
zeroshot_deepseek,51,34.53102594907043,18.01939393939394,97.49797582626343,85.17531752586365,92.91531443595886
zeroshot_deepseek,52,30.343078301714222,8.350000000000005,94.05512809753418,64.7761881351471,92.76986718177795
zeroshot_deepseek,53,56.63975668685971,9.830526315789477,99.2394208908081,95.49351334571838,96.58858180046082
zeroshot_deepseek,54,41.287826233096844,20.880909090909096,93.98555159568787,64.36394453048706,93.98555159568787
zeroshot_deepseek,55,57.83606848337342,16.602857142857143,96.9728171825409,82.06371665000916,92.98576712608337
zeroshot_deepseek,56,31.960251190877635,8.353333333333339,96.16031050682068,77.24955081939697,93.01438927650452
zeroshot_deepseek,57,18.879138393908523,13.246315789473687,83.65373015403748,3.147132322192192,82.75405168533325
zeroshot_deepseek,58,50.79140651964739,11.849565217391305,94.12872791290283,65.21227359771729,93.37858557701111
zeroshot_deepseek,59,26.95945816561125,14.374444444444446,90.40706157684326,43.16112399101257,89.6109402179718
zeroshot_deepseek,60,50.378751551166076,17.743333333333336,97.83307313919067,87.16079592704773,97.83307313919067
zeroshot_deepseek,61,55.426071324971716,7.773333333333333,98.72198700904846,92.42767691612244,97.18998670578003
zeroshot_deepseek,62,61.29890072994013,9.695744680851067,85.13602614402771,11.929846554994583,84.07593965530396
zeroshot_deepseek,63,29.65704928593113,9.140000000000004,95.36152482032776,72.51668572425842,94.57211494445801
zeroshot_deepseek,64,53.5353490329962,7.480456081081083,83.56411457061768,2.616153284907341,82.96289443969727
zeroshot_deepseek,65,50.249890298524434,15.895,97.52082228660583,85.31068563461304,97.52083420753479
zeroshot_deepseek,66,34.196888943538205,10.659487179487183,87.546706199646,26.213306188583374,87.12229132652283
zeroshot_deepseek,67,24.55491633123212,5.806666666666668,92.15258359909058,53.5034716129303,92.15258359909058
zeroshot_deepseek,68,51.45084186549307,10.379802955665024,85.55032014846802,14.384569227695465,85.20148396492004
zeroshot_deepseek,69,58.2702773481757,5.863636363636363,99.99998211860657,99.9998927116394,97.73926734924316
zeroshot_deepseek,70,29.62751901656396,13.470000000000002,96.71807289123535,80.55433630943298,93.41223239898682
zeroshot_deepseek,71,61.946341246001694,8.326521739130438,84.21424627304077,6.468231976032257,83.42279195785522
zeroshot_deepseek,72,25.355973980129843,9.48725806451613,90.82766771316528,45.65324783325195,89.06943202018738
zeroshot_deepseek,73,34.0779387163035,13.673333333333336,94.3723201751709,66.65557622909546,92.52356886863708
zeroshot_deepseek,74,34.32133611821362,10.347647058823533,88.1629228591919,29.864436388015747,87.64935731887817
zeroshot_deepseek,75,42.400727925854945,7.693000000000001,94.1865086555481,65.55463075637817,91.63737297058105
zeroshot_deepseek,76,35.176531675557726,14.169629629629632,96.0409164428711,76.54213309288025,96.04090452194214
zeroshot_deepseek,77,24.55056431990561,11.090000000000003,88.00009489059448,28.899666666984558,87.5231385231018
zeroshot_deepseek,78,31.196751613744773,14.712727272727275,89.0139102935791,34.906598925590515,88.54479789733887
zeroshot_deepseek,79,33.29766077930635,12.26666666666667,96.29631638526917,78.05539965629578,95.69708704948425
zeroshot_deepseek,80,54.25571712211722,6.137499999999999,98.41189384460449,90.59035181999207,96.47093415260315
zeroshot_deepseek,81,36.492323778945604,10.10666666666667,87.17971444129944,24.038852751255035,86.66791319847107
zeroshot_deepseek,82,44.2040460900274,11.470000000000002,91.98374152183533,52.50307321548462,89.79556560516357
zeroshot_deepseek,83,37.40846261013411,10.441111111111113,98.59026670455933,91.64722561836243,97.20041155815125
zeroshot_deepseek,84,30.068249092973748,12.55764705882353,96.3472306728363,78.35707068443298,92.79378652572632
zeroshot_deepseek,85,51.896033653658726,17.861578947368418,98.46073389053345,90.87973237037659,89.01742696762085
zeroshot_deepseek,86,65.02757789957754,10.500000000000004,100.00001192092896,100.00007152557373,96.42415642738342
zeroshot_deepseek,87,47.17455032480013,10.208888888888893,88.17535042762756,29.938068985939026,86.3560438156128
zeroshot_deepseek,88,39.80774603526265,18.962857142857143,97.86969423294067,87.37778067588806,90.78558087348938
zeroshot_deepseek,89,56.930425078906296,8.134613095238098,86.14193797111511,17.889949679374695,85.40603518486023
zeroshot_deepseek,90,51.54687344791379,4.790909090909089,97.90701270103455,87.59889602661133,97.809237241745
zeroshot_deepseek,91,34.13654863654863,11.71689189189189,86.60368919372559,20.62585949897766,85.69988012313843
zeroshot_deepseek,92,36.48409107232636,11.22727272727273,92.06740260124207,52.99876928329468,88.83636593818665
zeroshot_deepseek,93,61.819515719885246,10.756291079812211,85.1405680179596,11.956757307052612,84.26730632781982
zeroshot_deepseek,94,42.82394855678346,9.087500000000002,96.34901881217957,78.36766242980957,92.67303943634033
zeroshot_deepseek,95,45.69807374367383,14.646666666666672,94.48516964912415,67.32422113418579,94.34263706207275
zeroshot_deepseek,96,40.3100364205313,12.270000000000003,98.55300784111023,91.42646193504333,95.40839195251465
zeroshot_deepseek,97,25.64615969172324,3.997142857142858,97.47397899627686,85.03313660621643,97.39615321159363
zeroshot_deepseek,98,44.158267495839425,8.756666666666668,94.33966279029846,66.46208167076111,92.92250871658325
zeroshot_deepseek,99,36.90067874936501,12.831111111111113,97.95364141464233,87.87517547607422,97.95365333557129
zeroshot_deepseek,100,54.5155579854301,8.028333333333332,99.17327165603638,95.10157108306885,96.87805771827698
zeroshot_deepseek,101,29.498028411300798,8.140000000000004,91.86912775039673,51.823973655700684,91.86912775039673
zeroshot_deepseek,102,25.762560547079882,10.376129032258067,81.59106969833374,-9.074284881353378,81.59106969833374
zeroshot_deepseek,103,32.69867217269907,14.177894736842106,95.1033890247345,70.98721265792847,92.08340048789978
zeroshot_deepseek,104,54.03922531092093,6.790000000000003,98.21549654006958,89.42668437957764,98.21549654006958
zeroshot_deepseek,105,32.26631365176665,11.336521739130436,91.77936315536499,51.292115449905396,91.13053679466248
zeroshot_deepseek,106,29.878792878792876,8.841646341463413,84.17691588401794,6.247046589851379,82.00357556343079
zeroshot_deepseek,107,29.10366871299752,7.014285714285716,86.65725588798523,20.94324678182602,86.26348972320557
zeroshot_deepseek,108,23.74720505288818,10.03186507936508,85.00677943229675,11.164049804210663,84.41718220710754
zeroshot_deepseek,109,42.36922355593193,15.043703703703706,91.31107330322266,48.517462611198425,90.46767354011536
zeroshot_deepseek,110,55.88242980617887,13.732592592592596,99.44077730178833,96.68656587600708,94.84593272209167
zeroshot_deepseek,111,46.827682277887014,13.388695652173912,98.2278048992157,89.49961066246033,96.24214172363281
zeroshot_deepseek,112,62.28506155410734,8.73,99.35656189918518,96.18757963180542,99.35656189918518
zeroshot_deepseek,113,35.798763747264246,13.564150943396228,89.35811519622803,36.946040391922,89.35811519622803
zeroshot_deepseek,114,57.08860003118848,9.740000000000002,98.31899404525757,90.03991484642029,94.8617696762085
zeroshot_deepseek,115,55.77752795503651,8.654894179894182,84.9800169467926,11.005480587482452,84.47041511535645
zeroshot_deepseek,116,52.79235328540918,12.407777777777778,93.99265646934509,64.40604329109192,91.88883304595947
zeroshot_deepseek,117,32.54022987427367,8.73,91.74818396568298,51.10737681388855,91.05329513549805
zeroshot_deepseek,118,43.10318726316742,18.294054054054055,95.06763219833374,70.77535390853882,92.76842474937439
zeroshot_deepseek,119,55.45309923234899,8.383333333333333,100.0,100.0,92.13122725486755
zeroshot_deepseek,120,56.01604425866362,11.759224137931035,84.76222157478333,9.715026617050171,83.7363600730896
zeroshot_deepseek,121,55.53966170746527,10.47529411764706,99.12073016166687,94.79026198387146,94.9009895324707
zeroshot_deepseek,122,51.39423484344796,7.471818181818183,96.90189361572266,81.64348602294922,92.93472170829773
zeroshot_deepseek,123,43.93486811043476,14.444545454545459,94.83240842819214,69.38163638114929,92.2569215297699
zeroshot_deepseek,124,53.7893590920594,11.470000000000002,99.54052567481995,97.27758169174194,95.2811598777771
zeroshot_deepseek,125,54.86996811912799,8.480776119402986,84.24324989318848,6.640080362558365,82.66002535820007
zeroshot_deepseek,126,40.564486088195125,11.175866261398177,84.57082509994507,8.58098790049553,84.26375389099121
zeroshot_deepseek,127,46.57159908500757,12.828571428571426,97.26530313491821,83.79671573638916,96.97107672691345
zeroshot_deepseek,128,53.933565435459755,9.378059210526317,84.31622982025146,7.072491943836212,83.98035764694214
zeroshot_deepseek,129,38.26663985550508,15.998421052631581,97.81246781349182,87.0387077331543,97.81246781349182
zeroshot_deepseek,130,44.901192546434004,11.941969696969696,93.00736784934998,58.56813192367554,92.38409399986267
zeroshot_deepseek,131,31.75751079407351,8.412857142857145,91.00308418273926,46.69260382652283,90.39143919944763
zeroshot_deepseek,132,39.76808470077327,5.863636363636363,95.63907384872437,74.1611897945404,95.63907980918884
zeroshot_deepseek,133,44.080029273752636,12.831111111111113,99.01371002197266,94.15615797042847,94.76749300956726
zeroshot_deepseek,134,33.77410585496836,10.441111111111113,94.03252005577087,64.64223861694336,92.15025305747986
zeroshot_deepseek,135,55.05804337751529,9.207319587628866,84.91066098213196,10.59454083442688,84.57267880439758
zeroshot_deepseek,136,43.58076489314691,12.151774193548388,94.53587532043457,67.62465238571167,93.60156059265137
zeroshot_deepseek,137,52.29729525889795,7.346315789473689,99.62202310562134,97.76045680046082,96.57049179077148
zeroshot_deepseek,138,21.77091709378308,12.037500000000005,87.421315908432,25.47035813331604,86.09035611152649
zeroshot_deepseek,139,32.38628365141582,17.88571428571429,91.85168147087097,51.7206072807312,91.69078469276428
zeroshot_deepseek,140,37.655861099397534,10.291123188405798,89.43226933479309,37.38540709018707,89.43226933479309
zeroshot_deepseek,141,59.12293075137072,9.636054054054053,90.73913097381592,45.12866139411926,90.44591188430786
zeroshot_deepseek,142,21.53429895661139,10.723333333333333,86.98060512542725,22.859114408493042,85.67026853561401
zeroshot_deepseek,143,37.09832982696149,10.153636363636362,96.57164216041565,79.68672513961792,94.97665166854858
zeroshot_deepseek,144,57.1131078277726,3.633333333333333,98.62379431724548,91.84587597846985,95.65773010253906
zeroshot_deepseek,145,56.984895451891994,10.20815326633166,85.72856783866882,15.440700948238373,85.30325293540955
zeroshot_deepseek,146,41.01353548582006,9.362500000000004,89.94717597961426,40.4362678527832,89.60700035095215
zeroshot_deepseek,147,29.747975315638435,20.480645161290322,91.06653332710266,47.06854522228241,90.18774628639221
zeroshot_deepseek,148,40.53265007897248,11.704761904761906,96.12696170806885,77.05196142196655,93.71950626373291
zeroshot_deepseek,149,36.434973574466326,10.356923076923078,92.59794354438782,56.14226460456848,89.34372663497925
zeroshot_deepseek,150,40.958105782747054,7.930369181380421,87.45957016944885,25.697016716003418,87.45957016944885
zeroshot_deepseek,151,53.88339473260765,9.081818181818182,97.43868708610535,84.8240315914154,95.67244052886963
zeroshot_deepseek,152,51.8363241641609,13.020909090909093,85.6115460395813,14.747337996959686,84.52445268630981
zeroshot_deepseek,153,55.6290764175693,12.26666666666667,96.63243293762207,80.0469160079956,95.21249532699585
zeroshot_deepseek,154,34.83319573299365,17.285517241379313,92.65156984329224,56.460005044937134,90.70222973823547
zeroshot_deepseek,155,42.67366230139437,4.790909090909089,94.87116932868958,69.61129307746887,91.96369051933289
zeroshot_deepseek,156,39.51858159362658,12.623689655172416,84.46945548057556,7.980365306138992,84.46945548057556
zeroshot_deepseek,157,38.0910584801254,9.92666666666667,95.30816078186035,72.20050096511841,93.09435486793518
zeroshot_deepseek,158,50.20273802799887,16.15856310679612,87.32200264930725,24.881920218467712,85.37593483924866
zeroshot_deepseek,159,54.06399511113227,14.065384615384616,98.69832396507263,92.28747487068176,95.52078247070312
zeroshot_deepseek,160,44.41512924515942,12.828571428571426,96.88684344291687,81.55431747436523,94.05665397644043
zeroshot_deepseek,161,26.039746019130494,14.005573770491804,85.17389297485352,12.154210358858109,84.18412804603577
zeroshot_deepseek,162,44.55312732341634,8.846621621621622,93.73970031738281,62.907254695892334,91.56214594841003
zeroshot_deepseek,163,43.270232361941325,10.47529411764706,94.97020244598389,70.19807696342468,89.57988023757935
zeroshot_deepseek,164,56.36077153898979,9.08705882352941,98.03667068481445,88.36712837219238,94.53061819076538
zeroshot_deepseek,165,40.582197002961315,12.077265917603,85.76592206954956,15.662026405334473,85.50541996955872
zeroshot_deepseek,166,55.67186519126608,8.52152380952381,90.98405838012695,46.57987356185913,90.98405241966248
zeroshot_deepseek,167,15.794548044548046,14.177894736842106,82.50805735588074,-3.641064465045929,82.28752613067627
zeroshot_deepseek,168,39.759521001369144,3.7181818181818187,95.68618535995483,74.44032430648804,93.58663558959961
zeroshot_deepseek,169,43.58124756546631,14.98090909090909,93.29089522361755,60.24805307388306,91.02966785430908
zeroshot_deepseek,170,40.89487316868885,10.113333333333333,91.49131774902344,49.58542287349701,89.30108547210693
zeroshot_deepseek,171,54.67636291455528,8.577832512315272,86.47969365119934,19.891177117824554,84.77312326431274
zeroshot_deepseek,172,24.11541921958589,11.584848484848486,88.07058334350586,29.31731641292572,88.07058334350586
zeroshot_deepseek,173,44.40216616829389,13.450000000000003,97.29304909706116,83.96111130714417,96.62784934043884
zeroshot_deepseek,174,37.095404459844275,12.703846153846158,98.88444542884827,93.39025616645813,97.26480841636658
zeroshot_deepseek,175,38.74123627368053,16.462500000000002,97.10871577262878,82.86892771720886,95.46656012535095
zeroshot_deepseek,176,58.51594615127239,8.719807692307693,88.95708918571472,34.56993103027344,88.79377841949463
zeroshot_deepseek,177,44.53246866887454,6.137499999999999,97.6617157459259,86.14549040794373,95.44731974601746
zeroshot_deepseek,178,43.659888764929484,9.781176470588235,94.45903897285461,67.16939210891724,92.97449588775635
zeroshot_deepseek,179,43.75558864283691,12.775000000000002,93.27928423881531,60.1792573928833,90.01625180244446
zeroshot_deepseek,180,52.81245458416174,7.319275572297887,84.26050543785095,6.742320954799652,83.49076509475708
zeroshot_deepseek,181,55.86221878173442,10.500000000000004,98.30129146575928,89.93502259254456,97.74169325828552
zeroshot_deepseek,182,36.4653678305093,15.532258064516128,91.55182242393494,49.943917989730835,89.49690461158752
zeroshot_deepseek,183,36.71783846095746,13.371818181818181,90.9360408782959,46.295365691185,89.31402564048767
zeroshot_deepseek,184,50.58904608951924,10.350000000000001,97.91682362556458,87.65702247619629,97.91682362556458
zeroshot_deepseek,185,41.129699663576595,7.98865306122449,84.76173877716064,9.712165594100952,84.76173877716064
zeroshot_deepseek,186,38.8224874574163,7.773333333333333,94.73305940628052,68.79298686981201,92.23245978355408
zeroshot_deepseek,187,39.16751178890664,23.033333333333335,94.67633962631226,68.45691800117493,94.67633962631226
zeroshot_deepseek,188,45.76731329229573,12.55764705882353,93.33357810974121,60.50095558166504,88.68364691734314
zeroshot_deepseek,189,45.16152960860214,9.655000000000001,97.18649387359619,83.32976698875427,97.18648195266724
zeroshot_deepseek,190,54.442652576055686,8.026819306930694,83.73068571090698,3.6030996590852737,82.47500658035278
zeroshot_deepseek,191,39.12971590549517,14.080000000000002,92.87534952163696,57.785916328430176,92.35544204711914
zeroshot_deepseek,192,57.16222683475331,10.981377551020408,87.49310374259949,25.895705819129944,87.45200634002686
zeroshot_deepseek,193,40.92847665078112,5.806666666666668,91.41907691955566,49.157389998435974,91.41907691955566
zeroshot_deepseek,194,50.88486890158698,8.748207253886012,85.17257571220398,12.146405130624771,84.67491865158081
zeroshot_deepseek,195,60.40445694893389,9.21903448275862,83.38068723678589,1.5293325297534466,83.38068723678589
zeroshot_deepseek,196,49.206278159966,13.583661971830988,90.04612565040588,41.0225510597229,88.37720155715942
zeroshot_deepseek,197,43.984927216811926,15.91777777777778,95.27871608734131,72.02603816986084,88.85469436645508
zeroshot_deepseek,198,49.51336044876973,10.174146341463416,87.42668032646179,25.502142310142517,86.85897588729858
zeroshot_deepseek,199,35.882836847713264,13.451428571428576,92.32980608940125,54.553526639938354,89.47468400001526
zeroshot_deepseek,200,33.14446845878426,15.030000000000001,94.85371708869934,69.50789093971252,93.55959296226501
zeroshot_deepseek,201,51.20212734893018,8.370000000000001,98.90122413635254,93.489670753479,97.09489345550537
zeroshot_deepseek,202,44.709785733786575,2.8566666666666656,98.8293707370758,93.06393265724182,96.42685651779175
zeroshot_deepseek,203,37.75338306474599,12.541870300751881,82.89178609848022,-1.367443148046732,82.15537667274475
zeroshot_deepseek,204,43.16976032107349,13.073333333333338,93.44280362129211,61.1481249332428,89.48591351509094
zeroshot_deepseek,205,29.76699293065579,10.441111111111113,93.6541199684143,62.40018606185913,88.14627528190613
zeroshot_deepseek,206,55.10342158979713,4.492500000000003,98.52749109268188,91.27527475357056,91.86277985572815
zeroshot_deepseek,207,53.184831333103766,5.682857142857145,99.99997615814209,99.99985694885254,94.46566104888916
zeroshot_deepseek,208,52.59598321141312,10.941428571428574,98.33001494407654,90.10521173477173,94.81948614120483
zeroshot_deepseek,209,56.01264999116232,10.973283582089554,82.73237347602844,-2.3119747638702393,82.55984783172607
zeroshot_deepseek,210,51.373254117156556,6.416666666666668,98.37584495544434,90.37675857543945,97.76780605316162
zeroshot_deepseek,211,20.085606119911372,11.215,90.98473787307739,46.58389985561371,89.08001184463501
zeroshot_deepseek,212,55.274161155112644,11.02990909090909,86.90866231918335,22.432847321033478,86.21156215667725
zeroshot_deepseek,213,47.553677428955446,9.62913043478261,91.35326743125916,48.767465353012085,91.2382960319519
zeroshot_deepseek,214,50.72055331387059,12.775000000000002,96.40302062034607,78.68762612342834,94.18457746505737
zeroshot_deepseek,215,52.593530211718274,8.291235294117651,86.47701740264893,19.87531930208206,86.07416152954102
zeroshot_deepseek,216,27.806059681059676,10.04530612244898,84.06203985214233,5.5663976818323135,83.17646980285645
zeroshot_deepseek,217,60.261463199683654,10.669982578397214,85.38416624069214,13.400095701217651,85.38416624069214
zeroshot_deepseek,218,42.0038082541918,6.705000000000002,100.0,100.0,100.0
zeroshot_deepseek,219,46.15294547667998,16.34111111111111,94.79120969772339,69.13753151893616,92.1190619468689
zeroshot_deepseek,220,45.279935447216225,7.773333333333333,93.98372173309326,64.35310244560242,91.66749119758606
zeroshot_deepseek,221,49.45845063637459,9.830526315789477,99.65156316757202,97.93548583984375,94.33048963546753
zeroshot_deepseek,222,43.1153145882778,6.137499999999999,99.13005828857422,94.84553337097168,90.50145745277405
zeroshot_deepseek,223,28.921903543767176,14.51923076923077,92.21751689910889,53.88820767402649,89.72471356391907
zeroshot_deepseek,224,29.591772542655665,11.735,91.43423438072205,49.247199296951294,91.43422245979309
zeroshot_deepseek,225,53.89325430711399,8.541538461538462,99.2360532283783,95.47355771064758,99.21422600746155
zeroshot_deepseek,226,44.81869452626496,11.810500000000001,85.1618230342865,12.082695215940475,83.85447859764099
zeroshot_deepseek,227,39.676557051056065,19.015000000000004,95.52618861198425,73.49233627319336,92.72594451904297
zeroshot_deepseek,228,54.991318989527095,17.09102564102564,87.68339157104492,27.023175358772278,85.89581847190857
zeroshot_deepseek,229,28.59949722756239,15.030000000000001,95.21896243095398,71.67199850082397,94.79424953460693
zeroshot_deepseek,230,31.07450198019585,10.208888888888893,89.50084447860718,37.791720032691956,84.78168249130249
zeroshot_deepseek,231,57.368034226898466,10.713333333333338,99.33894872665405,96.08322381973267,98.59691262245178
zeroshot_deepseek,232,55.74947532240794,11.863529411764706,97.03339338302612,82.42263197898865,96.03383541107178
zeroshot_deepseek,233,59.60095550941959,9.081818181818182,96.86990976333618,81.45397901535034,94.53206658363342
zeroshot_deepseek,234,27.908360616446874,13.497006802721089,85.500168800354,14.087419211864471,84.63931083679199
zeroshot_deepseek,235,42.25818619369554,8.333333333333332,96.56891822814941,79.67058420181274,93.90110969543457
zeroshot_deepseek,236,48.8197316794334,5.206666666666667,97.31987714767456,84.12007093429565,94.71946358680725
zeroshot_deepseek,237,29.25572004463924,6.726153846153846,92.5422191619873,55.81209063529968,90.60671925544739
zeroshot_deepseek,238,25.237167942516813,12.407777777777778,86.17490530014038,18.085283041000366,85.67111492156982
zeroshot_deepseek,239,36.73960806236066,11.130000000000003,95.48233151435852,73.23247790336609,94.23853158950806
zeroshot_deepseek,240,53.9617685456626,9.30093023255814,84.77371335029602,9.783115983009338,84.22399163246155
zeroshot_deepseek,241,28.295820135179916,8.575000000000003,83.86482000350952,4.397855326533318,83.1136703491211
zeroshot_deepseek,242,32.55879144853693,10.019047619047623,92.92013049125671,58.05124640464783,92.49533414840698
zeroshot_deepseek,243,28.3325977462422,15.334117647058822,97.57189154624939,85.61327457427979,97.15260863304138
zeroshot_deepseek,244,35.99705696476632,19.755555555555556,94.59497332572937,67.97481179237366,94.2791223526001
zeroshot_deepseek,245,46.975080119096255,12.120909090909091,90.08613228797913,41.25959575176239,89.42005038261414
zeroshot_deepseek,246,47.04681886377154,10.73,97.10912108421326,82.87132978439331,95.63231468200684
zeroshot_deepseek,247,41.3508833657706,10.132192362093353,85.30518412590027,12.932120263576508,81.49056434631348
zeroshot_deepseek,248,52.41680194106196,8.89777777777778,97.04079031944275,82.46645927429199,97.04080820083618
zeroshot_deepseek,249,56.495006142808315,9.92666666666667,99.38969016075134,96.38386964797974,98.10175895690918
zeroshot_deepseek,250,42.95168820097559,10.153636363636362,97.93381094932556,87.75767683982849,96.20283246040344
zeroshot_deepseek,251,32.32876270392892,10.941428571428574,94.70590353012085,68.63208413124084,94.43991184234619
zeroshot_deepseek,252,51.788631722994815,10.36057142857143,84.82292890548706,10.074722021818161,83.82692337036133
zeroshot_deepseek,253,48.60292129184509,10.465789473684215,90.59786200523376,44.29163038730621,89.34350609779358
zeroshot_deepseek,254,54.086895286839884,13.450000000000003,99.3587851524353,96.20075225830078,94.58773136138916
zeroshot_deepseek,255,57.02587723876581,15.91777777777778,98.77467751502991,92.73987412452698,97.32681512832642
zeroshot_deepseek,256,31.644122294656135,5.400000000000002,90.98038673400879,46.55811786651611,90.98039269447327
zeroshot_deepseek,257,46.772268387257675,10.434615384615388,94.99276280403137,70.33174633979797,93.42567920684814
zeroshot_deepseek,258,41.266653680026714,13.416666666666668,91.43509268760681,49.25228655338287,89.2200767993927
zeroshot_deepseek,259,52.15031265031266,12.05700980392157,84.9671721458435,10.929373651742935,83.9261531829834
zeroshot_deepseek,260,50.06767636604149,8.74666666666667,93.77602934837341,63.12251091003418,92.75889992713928
zeroshot_deepseek,261,45.05361380071876,12.605739436619718,92.37017035484314,54.79269027709961,89.34860825538635
zeroshot_deepseek,262,51.92047372271593,15.45,99.25952553749084,95.612633228302,95.44593095779419
zeroshot_deepseek,263,24.54477357848145,8.117931034482758,85.06621718406677,11.516223102807999,82.78165459632874
zeroshot_deepseek,264,54.39107683802088,8.865964912280706,82.51359462738037,-3.608255833387375,80.70981502532959
zeroshot_deepseek,265,18.673294163340522,11.136720430107527,84.35692191123962,7.313595712184906,83.01360011100769
zeroshot_deepseek,266,53.6844776818279,22.377777777777776,99.47069883346558,96.863853931427,89.74148631095886
zeroshot_deepseek,267,15.33980877452287,11.772541980312681,78.67009043693542,-26.38130486011505,78.3151626586914
zeroshot_deepseek,268,26.95915127477081,12.145263157894735,86.25079393386841,18.534928560256958,85.47670245170593
zeroshot_deepseek,269,55.76921068238035,12.421481481481482,95.52711844444275,73.4978437423706,92.05451607704163
zeroshot_deepseek,270,64.26550333280319,13.388695652173912,99.0316092967987,94.26221251487732,99.03161525726318
zeroshot_deepseek,271,32.78754472338039,9.457777777777778,91.99816584587097,52.588534355163574,90.92070460319519
zeroshot_deepseek,272,54.930049174935256,8.028950276243094,84.9639356136322,10.910197347402573,83.84215235710144
zeroshot_deepseek,273,48.515818592420494,11.22727272727273,97.51090407371521,85.25192141532898,95.13136744499207
zeroshot_deepseek,274,35.192697301519345,17.861666666666668,95.40984630584717,72.80299663543701,94.6477472782135
zeroshot_deepseek,275,52.517656157499694,10.485882352941179,85.41842103004456,13.603056967258453,84.585702419281
zeroshot_deepseek,276,56.552335053299984,9.566666666666666,85.20442843437195,12.335135042667389,84.77572798728943
zeroshot_deepseek,277,26.727535124660495,13.928333333333335,84.46465730667114,7.95193612575531,83.9254081249237
zeroshot_deepseek,278,47.469199122240376,10.356923076923078,97.92846441268921,87.72599697113037,96.23221158981323
zeroshot_deepseek,279,59.436047892448876,8.91060595802302,85.35043597221375,13.200241327285767,84.86164212226868
zeroshot_deepseek,280,30.364088090893283,12.111489361702127,91.27498269081116,48.303622007369995,90.1458203792572
zeroshot_deepseek,281,55.897417559200754,8.140000000000004,98.63073229789734,91.88698530197144,96.06040716171265
zeroshot_deepseek,282,22.85702856193418,17.665925925925922,91.70029163360596,50.82361102104187,91.08738899230957
zeroshot_deepseek,283,58.80605743136166,10.690000000000001,99.84374642372131,99.07418489456177,97.16935157775879
zeroshot_deepseek,284,51.98710915461419,10.902884615384618,84.25227403640747,6.693549454212189,84.10065770149231
zeroshot_deepseek,285,51.45667349716611,13.611538461538462,98.06310534477234,88.52375745773315,93.18597912788391
zeroshot_deepseek,286,36.211075783375094,9.130000000000003,96.14621996879578,77.16606855392456,94.7190523147583
zeroshot_deepseek,287,36.40254265730341,6.2755555555555596,99.29536581039429,95.82499265670776,96.80936932563782
zeroshot_deepseek,288,37.19400286667264,15.030000000000001,97.05443382263184,82.54730105400085,94.38832998275757
zeroshot_deepseek,289,24.77484533509554,13.182857142857145,85.4813814163208,13.976101577281952,84.11461114883423
zeroshot_deepseek,290,35.5945224496354,7.795715976331362,84.1244637966156,5.936264246702194,83.76196026802063
zeroshot_deepseek,291,34.88392680002688,12.242740707568291,84.34368371963501,7.235158234834671,84.34368371963501
zeroshot_deepseek,292,42.044057209200616,14.374444444444446,96.22706174850464,77.64505743980408,92.04502701759338
zeroshot_deepseek,293,39.42615625305766,12.29909090909091,94.42916512489319,66.99239015579224,93.5353696346283
zeroshot_deepseek,294,35.390552934089605,10.246621287128715,83.50280523300171,2.2528907284140587,83.2897424697876
zeroshot_deepseek,295,36.74238143178282,11.074737864077672,84.08386707305908,5.695725604891777,82.87473320960999
zeroshot_deepseek,296,24.991969261672864,8.333333333333332,89.28049206733704,36.48611605167389,88.19923400878906
zeroshot_deepseek,297,42.74426336818644,14.414782608695656,92.99784898757935,58.51173400878906,89.43071961402893
zeroshot_deepseek,298,58.39131025020519,14.454716981132076,89.75962996482849,39.3250435590744,89.1091525554657
zeroshot_deepseek,299,51.1977085587914,16.35481481481482,96.49425745010376,79.22821640968323,92.90815591812134
zeroshot_deepseek,300,25.251766513743164,2.645454545454548,90.28800129890442,42.455682158470154,87.608802318573
zeroshot_deepseek,301,39.36633863630557,15.264894366197183,89.69572186470032,38.94638419151306,89.69571590423584
zeroshot_deepseek,302,48.63899879076534,11.704761904761906,97.86297678947449,87.33797669410706,95.94878554344177
zeroshot_deepseek,303,51.882235576761836,13.153464912280704,90.39149284362793,43.06887984275818,88.56463432312012
zeroshot_deepseek,304,40.38378115448476,16.344,98.01905155181885,88.26273083686829,95.1136589050293
zeroshot_deepseek,305,57.468817002834705,11.66006734006734,85.53249835968018,14.278973639011383,84.43257808685303
zeroshot_deepseek,306,51.53593023402884,15.400000000000002,99.00692105293274,94.11593079566956,94.48170065879822
zeroshot_deepseek,307,38.88036628788805,17.350000000000005,99.40729141235352,96.48815989494324,93.05574893951416
zeroshot_deepseek,308,54.61653605631164,7.175986842105264,84.63898301124573,8.984828740358353,84.15383100509644
zeroshot_deepseek,309,21.263412513412515,13.09,84.77053046226501,9.764257073402405,84.58287119865417
zeroshot_deepseek,310,46.04052678130402,8.89447887323944,85.80493330955505,15.893171727657318,85.31287908554077
zeroshot_deepseek,311,54.549504840087884,8.049474860335199,84.88758206367493,10.457796603441238,84.6757173538208
zeroshot_deepseek,312,40.21333664332702,13.338882235528946,85.39412021636963,13.459073007106781,83.12619924545288
zeroshot_deepseek,313,52.545992000205686,14.927826086956525,98.79093766212463,92.83621311187744,98.79093766212463
zeroshot_deepseek,314,42.91296622698864,10.128235294117648,95.43524384498596,72.95348048210144,93.07062029838562
zeroshot_deepseek,315,42.97145990500894,18.804705882352945,95.98690271377563,76.22209787368774,95.32450437545776
zeroshot_deepseek,316,55.55087001952062,9.287652173913045,83.1023097038269,-0.12007507029920816,81.7958414554596
zeroshot_deepseek,317,38.57569552769522,7.3078772761287105,84.33881998062134,7.206340879201889,83.38629007339478
zeroshot_deepseek,318,24.455523865697902,12.194347826086958,89.63931202888489,38.61215114593506,88.31139206886292
zeroshot_deepseek,319,44.07818790312323,14.177894736842106,93.47931742668152,61.36447191238403,92.81650185585022
zeroshot_deepseek,320,46.997871923968155,8.482665505226482,85.16023755073547,12.073300778865814,85.03471612930298
zeroshot_deepseek,321,49.59307408216907,6.719259480441924,83.60522985458374,2.8597643598914146,82.97241926193237
zeroshot_deepseek,322,56.22214587228754,8.126168639053255,85.76292991638184,15.644298493862152,84.51194167137146
zeroshot_deepseek,323,61.32211317810483,5.230000000000004,98.8732099533081,93.3236837387085,97.91840314865112
zeroshot_deepseek,324,48.4905262123616,10.407369439071566,86.00465655326843,17.07654595375061,83.87136459350586
zeroshot_deepseek,325,30.50303654766043,8.895238095238096,94.00196671485901,64.46120738983154,92.33461618423462
zeroshot_deepseek,326,58.216046914073985,10.299133885438238,86.2542450428009,18.555377423763275,85.86561679840088
zeroshot_deepseek,327,51.87324044851586,11.058706563706565,86.60382628440857,20.626671612262726,83.86838436126709
zeroshot_deepseek,328,45.99703693621949,10.972263056092842,86.92443370819092,22.526293992996216,86.10584735870361
zeroshot_deepseek,329,32.38027890871462,10.690000000000001,88.28348517417908,30.578777194023132,86.69974207878113
zeroshot_deepseek,330,30.078535650636816,15.844127659574468,86.15411520004272,17.962099611759186,84.6413791179657
zeroshot_deepseek,331,49.20114922422392,12.172307692307694,98.50611686706543,91.14863276481628,95.45842409133911
zeroshot_deepseek,332,45.56883890710388,18.531707317073174,97.67371416091919,86.21658086776733,97.67370820045471
zeroshot_deepseek,333,43.0158550652623,17.665714285714284,94.94089484214783,70.02442479133606,94.0818727016449
zeroshot_deepseek,334,54.64341839071153,10.117437788018435,85.88260412216187,16.35337620973587,85.6893241405487
zeroshot_deepseek,335,48.75183453182476,14.374444444444446,98.62048625946045,91.8262779712677,96.58251404762268
zeroshot_deepseek,336,32.98368396446938,8.756666666666668,92.69068241119385,56.69174790382385,88.69341015815735
zeroshot_deepseek,337,43.51471072417512,7.570000000000004,96.16544246673584,77.27996110916138,92.71817803382874
zeroshot_deepseek,338,40.85387032799605,6.006538461538462,98.39327335357666,90.48002362251282,97.5564956665039
zeroshot_deepseek,339,54.07683490062042,7.501076732673273,85.74812412261963,15.556572377681732,82.82103538513184
zeroshot_deepseek,340,35.68814137341001,12.01878787878788,87.00668215751648,23.01362305879593,84.42997336387634
zeroshot_deepseek,341,57.896123475941074,10.745380710659898,84.63779091835022,8.977765589952469,83.78008604049683
zeroshot_deepseek,342,43.50392935023943,17.452352941176475,95.61790823936462,74.03578162193298,91.0537838935852
zeroshot_deepseek,343,32.282796331157954,8.637,93.4324324131012,61.08667254447937,89.18859362602234
zeroshot_deepseek,344,44.966639477426924,7.818888888888889,96.34159803390503,78.32369804382324,93.33447813987732
zeroshot_deepseek,345,53.98128623038724,7.633846153846157,98.85615110397339,93.22261214256287,95.05106806755066
zeroshot_deepseek,346,31.25821552770033,17.006666666666664,91.25980734825134,48.21370542049408,90.09944796562195
zeroshot_deepseek,347,21.312997187997187,10.441111111111113,89.59193825721741,38.33145797252655,88.07319402694702
zeroshot_deepseek,348,16.123598036614798,9.804489795918371,83.92539620399475,4.756774008274078,82.05546140670776
zeroshot_deepseek,349,45.05275257739107,7.566666666666666,98.7038791179657,92.32038855552673,93.9318597316742
zeroshot_deepseek,350,24.14665121551875,5.041428571428572,89.56792950630188,38.1892055273056,89.54169750213623
zeroshot_deepseek,351,53.01122993278193,14.250000000000004,99.25433397293091,95.58187127113342,90.8614456653595
zeroshot_deepseek,352,49.57788317294315,5.616470588235295,97.89634346961975,87.53567934036255,95.8392322063446
zeroshot_deepseek,353,39.46812647899605,16.220000000000006,94.76786255836487,68.99919509887695,91.90213084220886
zeroshot_deepseek,354,52.15594813661508,10.001886792452833,95.11579871177673,71.06074094772339,92.12856888771057
zeroshot_deepseek,355,55.471939519913846,7.828351648351649,84.2840313911438,6.8817138671875,83.12116265296936
zeroshot_deepseek,356,20.6752047442907,11.91,88.3983314037323,31.259247660636902,88.39833736419678
zeroshot_deepseek,357,58.13709234422815,15.98,99.45251941680908,96.75613641738892,96.31826281547546
zeroshot_deepseek,358,31.286553252966414,12.935789473684213,92.23787784576416,54.00884747505188,90.42946100234985
ft_gemma3,0,55.03288776957894,8.588421052631581,98.58202934265137,91.59841537475586,93.97367835044861
ft_gemma3,1,46.935203736808866,6.400000000000002,97.2211480140686,83.53509306907654,93.96942257881165
ft_gemma3,2,57.76719512495433,5.616470588235295,99.25025701522827,95.55771946907043,91.1785900592804
ft_gemma3,3,46.2421352273326,9.087500000000002,94.60245370864868,68.01913380622864,92.09434986114502
ft_gemma3,4,38.3211603915864,4.813333333333336,95.8683729171753,75.51980018615723,94.34611797332764
ft_gemma3,5,49.19230109325656,4.964444444444446,99.99998807907104,99.99992847442627,98.24365973472595
ft_gemma3,6,52.85416983662058,4.964444444444446,96.36753797531128,78.47739458084106,95.32933831214905
ft_gemma3,7,44.24767557305739,10.690000000000001,97.40536212921143,84.62657928466797,96.61884307861328
ft_gemma3,8,41.50925537078798,7.190000000000001,92.90310740470886,57.95038342475891,90.86488485336304
ft_gemma3,9,55.159454152051744,21.227500000000003,98.84567856788635,93.1605577468872,98.84567856788635
ft_gemma3,10,31.290389280750436,6.525714285714287,94.77816224098206,69.06022429466248,92.80732870101929
ft_gemma3,11,40.097822976999375,5.806666666666668,97.44541645050049,84.86390113830566,92.62389540672302
ft_gemma3,12,53.16928836758924,10.713333333333338,97.5330650806427,85.38322448730469,94.91902589797974
ft_gemma3,13,49.37589364881483,12.29909090909091,97.19072580337524,83.35484266281128,89.40796256065369
ft_gemma3,14,51.268666042932374,7.190000000000001,96.77608013153076,80.89803457260132,92.56917238235474
ft_gemma3,15,63.85735822734561,3.0953846153846136,99.02431964874268,94.21902298927307,96.92808389663696
ft_gemma3,16,55.906861970670064,5.240000000000002,98.03910255432129,88.3815348148346,96.40914797782898
ft_gemma3,17,46.41840404727003,6.416666666666668,98.35104942321777,90.22984504699707,96.85491919517517
ft_gemma3,18,57.19271662558766,10.350000000000001,100.00002384185791,100.00014305114746,98.07562828063965
ft_gemma3,19,54.97371139042734,7.698823529411765,98.00378084182739,88.17225098609924,98.00378084182739
ft_gemma3,20,55.08027849758905,5.818461538461541,98.60146045684814,91.713547706604,96.79051637649536
ft_gemma3,21,46.170264646367556,5.993333333333336,96.94956541061401,81.92594647407532,91.95408821105957
ft_gemma3,22,45.43379654367926,7.160294117647062,97.57135510444641,85.61009764671326,94.07259821891785
ft_gemma3,23,59.370021600907954,9.087500000000002,99.35349822044373,96.16943001747131,94.54161524772644
ft_gemma3,24,45.08009429225987,12.875652173913043,98.65061044692993,92.00476408004761,97.31621146202087
ft_gemma3,25,44.01439872838651,9.781176470588235,97.30467200279236,84.02997851371765,97.30467796325684
ft_gemma3,26,41.37153228383421,7.570000000000004,97.23637700080872,83.625328540802,95.88302969932556
ft_gemma3,27,48.75422977752601,10.419285714285714,96.75010442733765,80.7441234588623,95.24635672569275
ft_gemma3,28,61.813231635151986,5.616470588235295,100.00002384185791,100.00014305114746,96.87923192977905
ft_gemma3,29,46.58983970788883,6.8750000000000036,99.49008226394653,96.97870016098022,95.96284627914429
ft_gemma3,30,50.53792142494502,10.713333333333338,99.19581413269043,95.23513913154602,96.23932242393494
ft_gemma3,31,66.32304483994321,11.68,99.54202771186829,97.28648066520691,98.73853325843811
ft_gemma3,32,46.09618987007274,13.945882352941176,98.23511838912964,89.54294323921204,94.05789971351624
ft_gemma3,33,47.76002236271527,1.8733333333333313,98.39402437210083,90.48447608947754,93.51792931556702
ft_gemma3,34,33.691829429152904,14.437241379310347,97.90259003639221,87.57268786430359,95.3500747680664
ft_gemma3,35,52.21739000518561,7.28166666666667,96.83171510696411,81.22767806053162,94.00355219841003
ft_gemma3,36,42.675428101626565,12.172307692307694,96.41346335411072,78.74950170516968,95.7674503326416
ft_gemma3,37,45.60106992184159,10.580952380952379,99.11954998970032,94.7832703590393,92.42496490478516
ft_gemma3,38,57.7760196361975,-1.4499999999999993,100.0,100.0,97.42773771286011
ft_gemma3,39,41.18547926929843,10.525000000000002,95.18176317214966,71.45158648490906,95.18176317214966
ft_gemma3,40,42.37677677627219,15.15878787878788,98.28416109085083,89.83352780342102,90.42254686355591
ft_gemma3,41,44.94854974626595,9.740000000000002,97.0414400100708,82.47030973434448,94.09003257751465
ft_gemma3,42,52.63729638548361,8.474444444444444,98.02309274673462,88.28667998313904,95.20756006240845
ft_gemma3,43,41.16345735250318,7.773333333333333,94.00408267974854,64.47374224662781,91.05440378189087
ft_gemma3,44,38.383707738765466,15.64,97.590571641922,85.72395443916321,93.30615997314453
ft_gemma3,45,43.03391808043322,9.825,96.62929773330688,80.02833724021912,93.3484137058258
ft_gemma3,46,46.848134845157844,6.137499999999999,100.0,100.0,95.14542818069458
ft_gemma3,47,44.144298126000194,8.474444444444444,97.92858958244324,87.72673606872559,94.01071071624756
ft_gemma3,48,44.9518859751988,5.806666666666668,97.8785514831543,87.43025660514832,97.8785514831543
ft_gemma3,49,51.10310260126444,9.44923076923077,99.28842186927795,95.78384757041931,96.23998403549194
ft_gemma3,50,49.942895848302484,3.633333333333333,97.57080674171448,85.606849193573,97.35268950462341
ft_gemma3,51,51.810876514937135,11.543095238095237,97.66213893890381,86.14799976348877,92.72224307060242
ft_gemma3,52,41.71976607207327,3.11452380952381,96.2597131729126,77.83852219581604,95.7156777381897
ft_gemma3,53,53.852797389567684,9.830526315789477,98.21396470069885,89.41760659217834,96.61643505096436
ft_gemma3,54,44.987197030788835,16.462500000000002,98.1285035610199,88.91124129295349,98.1285035610199
ft_gemma3,55,56.39841689345803,16.065,97.8639006614685,87.34345436096191,93.4624195098877
ft_gemma3,56,55.48221896037725,9.08705882352941,99.00594353675842,94.11014318466187,93.83506774902344
ft_gemma3,57,47.14712983926137,17.76,99.35629963874817,96.18602991104126,97.45258092880249
ft_gemma3,58,41.570954084783324,5.682857142857145,95.14790177345276,71.25095725059509,94.3668007850647
ft_gemma3,59,56.67941945011491,11.704761904761906,97.54456281661987,85.45135259628296,95.9933340549469
ft_gemma3,60,52.708509118812785,15.426923076923078,98.99369478225708,94.03756856918335,97.63345122337341
ft_gemma3,61,45.567710446940836,11.22636363636364,98.22424650192261,89.47852849960327,98.1411874294281
ft_gemma3,62,59.87885424708197,10.941428571428574,100.0,100.0,98.36226105690002
ft_gemma3,63,33.12116918870445,6.727142857142859,97.2826600074768,83.89955759048462,95.55481672286987
ft_gemma3,64,52.70523320288037,5.863636363636363,98.53987097740173,91.34862422943115,98.53987097740173
ft_gemma3,65,43.25166118064684,16.46695652173913,96.29728198051453,78.06112170219421,96.29728198051453
ft_gemma3,66,43.63831652738961,11.762727272727272,96.6012954711914,79.86242175102234,96.6012954711914
ft_gemma3,67,62.48614026076819,6.2755555555555596,100.0,100.0,91.87567830085754
ft_gemma3,68,46.854567172139895,9.785555555555558,97.93128967285156,87.74273991584778,97.14125394821167
ft_gemma3,69,36.24238253838146,3.653333333333336,96.44931554794312,78.96193265914917,96.44930958747864
ft_gemma3,70,42.36749410433621,9.55,96.0099458694458,76.35863423347473,92.37438440322876
ft_gemma3,71,57.33810100605332,8.009090909090911,98.83182048797607,93.07844638824463,98.83182048797607
ft_gemma3,72,28.170398602240944,3.84,93.96682381629944,64.25297856330872,91.4786159992218
ft_gemma3,73,39.02232594449575,7.190000000000001,94.87165212631226,69.61415410041809,93.26033592224121
ft_gemma3,74,33.44396550911908,5.806666666666668,92.24509596824646,54.05161380767822,91.8452799320221
ft_gemma3,75,51.20826308754501,8.350000000000005,98.7139642238617,92.38014221191406,95.8344578742981
ft_gemma3,76,54.44295644420309,10.580952380952379,97.35344052314758,84.31893587112427,97.08418846130371
ft_gemma3,77,53.46453027684345,7.190000000000001,99.2840051651001,95.75767517089844,98.17387461662292
ft_gemma3,78,44.604858432106035,10.128235294117648,99.26142692565918,95.62389850616455,99.26142692565918
ft_gemma3,79,49.94045097196455,7.203387096774197,99.76767897605896,98.62347841262817,99.76767897605896
ft_gemma3,80,52.156366239260244,5.206666666666667,97.0732569694519,82.65882730484009,94.82802748680115
ft_gemma3,81,46.652498276563925,9.910000000000004,98.4743058681488,90.96015095710754,96.51667475700378
ft_gemma3,82,53.28694438795013,2.3114285714285714,97.976553440094,88.01093101501465,94.9715256690979
ft_gemma3,83,50.0030537867927,11.142857142857142,98.91777634620667,93.58774423599243,97.23276495933533
ft_gemma3,84,43.23174140210015,12.037500000000005,97.21399545669556,83.49271416664124,95.12234926223755
ft_gemma3,85,45.018120585784985,9.785555555555558,98.40594530105591,90.55510759353638,89.04371857643127
ft_gemma3,86,52.49583989511501,9.209473684210526,98.34784865379333,90.21087884902954,97.50488996505737
ft_gemma3,87,37.126463935674465,7.368571428571428,98.64190220832825,91.95317029953003,94.78418231010437
ft_gemma3,88,41.3246596445579,18.01939393939394,97.72970080375671,86.54831051826477,92.00021624565125
ft_gemma3,89,41.221687619765476,8.733571428571427,97.43974208831787,84.83027815818787,97.43974208831787
ft_gemma3,90,48.52346913755645,1.0311111111111124,98.26380610466003,89.7129237651825,97.34528660774231
ft_gemma3,91,38.27006172839506,11.520000000000003,92.95860528945923,58.279210329055786,91.82667136192322
ft_gemma3,92,37.77851073240046,3.997142857142858,97.80746698379517,87.00907826423645,93.16081404685974
ft_gemma3,93,63.294777810906844,8.350000000000005,99.52354431152344,97.1769630908966,98.01847338676453
ft_gemma3,94,36.08834466178779,2.8566666666666656,93.57795119285583,61.94888353347778,92.39727258682251
ft_gemma3,95,50.5734968766541,13.718888888888891,98.45083951950073,90.82111120223999,98.45083355903625
ft_gemma3,96,49.19443741187313,7.967368421052633,97.62184023857117,85.90922355651855,95.3071653842926
ft_gemma3,97,37.315432658916784,3.997142857142858,98.76125454902649,92.66034364700317,98.76124858856201
ft_gemma3,98,57.29183417163613,9.081818181818182,98.12037348747253,88.8630747795105,95.66152095794678
ft_gemma3,99,31.268446338435535,3.997142857142858,96.79887890815735,81.03311657905579,95.34595608711243
ft_gemma3,100,39.169047924992455,4.541111111111114,94.84489560127258,69.45562362670898,93.94422173500061
ft_gemma3,101,53.946755455703254,8.140000000000004,99.23714995384216,95.4800546169281,95.79665660858154
ft_gemma3,102,56.89550476181709,9.130000000000003,99.2074191570282,95.30389904975891,94.2301869392395
ft_gemma3,103,47.23105357375707,12.172307692307694,96.2550401687622,77.81083583831787,93.32109093666077
ft_gemma3,104,54.03922531092093,6.790000000000003,98.2154905796051,89.42664861679077,98.2154905796051
ft_gemma3,105,48.7742854308556,11.096666666666668,94.30825710296631,66.27599596977234,94.08836364746094
ft_gemma3,106,44.18043381210919,5.682857142857145,97.02074527740479,82.34769105911255,93.46249103546143
ft_gemma3,107,51.340986267770006,11.3,99.26338791847229,95.63552141189575,96.76250219345093
ft_gemma3,108,33.5080211901799,4.830000000000002,95.88931202888489,75.6438672542572,95.88931202888489
ft_gemma3,109,40.45488901731487,6.8750000000000036,95.94428539276123,75.96958875656128,92.36971735954285
ft_gemma3,110,48.580571426185394,8.467592592592595,99.21838045120239,95.36884427070618,95.06725668907166
ft_gemma3,111,58.401865298683745,12.875652173913043,99.35883283615112,96.2010383605957,96.7938780784607
ft_gemma3,112,26.92100984188961,10.500000000000004,96.90079689025879,81.6369891166687,94.12713646888733
ft_gemma3,113,43.43597584275745,12.935789473684213,96.86892628669739,81.44815564155579,94.93796229362488
ft_gemma3,114,27.333224223856227,6.936363636363637,90.96189737319946,46.448567509651184,89.53474164009094
ft_gemma3,115,37.01475235294134,9.130000000000003,96.78279161453247,80.93780279159546,94.84116435050964
ft_gemma3,116,58.6317667552581,9.55,97.18236923217773,83.30532908439636,95.19133567810059
ft_gemma3,117,34.88028181946123,9.457142857142859,96.04293704032898,76.55410766601562,94.4575309753418
ft_gemma3,118,35.0138912930996,12.945,92.50256419181824,55.57713508605957,90.3765082359314
ft_gemma3,119,36.52512497695984,2.4833333333333343,97.66036868095398,86.1375093460083,91.10054969787598
ft_gemma3,120,41.5832414165173,12.605000000000004,96.97229862213135,82.06064105033875,93.76919269561768
ft_gemma3,121,59.97199420108158,9.825,100.00001192092896,100.00007152557373,94.74428296089172
ft_gemma3,122,37.75289315686677,4.420000000000002,94.68828439712524,68.52768659591675,93.91449689865112
ft_gemma3,123,50.59080208389414,11.07263157894737,97.40759134292603,84.6397876739502,92.48573780059814
ft_gemma3,124,53.7893590920594,11.470000000000002,99.54052567481995,97.27758169174194,95.2811598777771
ft_gemma3,125,50.6815705788764,9.087500000000002,99.57672357559204,97.49205708503723,93.34975481033325
ft_gemma3,126,42.41991589244042,6.010000000000002,96.39760851860046,78.65556478500366,93.18093657493591
ft_gemma3,127,54.58516494165405,11.704761904761906,98.77578616142273,92.74644255638123,97.47122526168823
ft_gemma3,128,55.50128091677258,10.73,100.0,100.0,92.44925379753113
ft_gemma3,129,44.16558048702666,5.408333333333335,97.67210483551025,86.20705008506775,96.22101187705994
ft_gemma3,130,43.994670589458124,12.286666666666669,98.06474447250366,88.53346705436707,98.06474447250366
ft_gemma3,131,59.39879540516023,6.780000000000001,98.91511797904968,93.5719907283783,98.91512393951416
ft_gemma3,132,44.88770447283768,6.726153846153846,95.66791653633118,74.33208227157593,95.66791653633118
ft_gemma3,133,36.886984548998505,7.368571428571428,94.89433765411377,69.74856853485107,92.28381514549255
ft_gemma3,134,29.97320030440288,9.087500000000002,98.49406480789185,91.07722043991089,93.71461272239685
ft_gemma3,135,60.8711302783015,5.818461538461541,99.99999403953552,99.99996423721313,95.72426080703735
ft_gemma3,136,44.26616304228104,12.407777777777778,97.67177700996399,86.20510697364807,94.88028287887573
ft_gemma3,137,40.98412366265128,4.240000000000002,98.28267693519592,89.82473015785217,97.54723310470581
ft_gemma3,138,56.4523263131972,3.278823529411767,100.00002384185791,100.00014305114746,100.00002384185791
ft_gemma3,139,54.01321910647313,11.762727272727272,98.00863862037659,88.20103406906128,96.26792073249817
ft_gemma3,140,54.57657730100366,3.0599999999999987,98.10775518417358,88.78830671310425,97.38008379936218
ft_gemma3,141,51.56790279269373,9.995000000000001,99.21272397041321,95.33532857894897,98.03823828697205
ft_gemma3,142,29.565130342218026,4.964444444444446,96.15170359611511,77.19855904579163,94.9727714061737
ft_gemma3,143,47.5622815677329,6.310588235294119,98.98770451545715,94.0020740032196,96.92693948745728
ft_gemma3,144,57.1131078277726,3.633333333333333,98.62379431724548,91.84587597846985,95.65771818161011
ft_gemma3,145,59.66522790655814,3.650000000000002,98.7749993801117,92.74178147315979,97.82503247261047
ft_gemma3,146,54.93271350819307,9.140000000000004,99.35343861579895,96.16907835006714,97.94288873672485
ft_gemma3,147,41.217578036176114,11.390483870967746,96.73522710800171,80.65598011016846,91.558438539505
ft_gemma3,148,53.75749264513485,12.29909090909091,98.8167405128479,92.98909902572632,93.5922920703888
ft_gemma3,149,63.154815733773894,10.350000000000001,100.00002384185791,100.00014305114746,96.5256929397583
ft_gemma3,150,41.64080365401489,9.44923076923077,98.7930178642273,92.84853935241699,96.95756435394287
ft_gemma3,151,52.270317278629506,7.190000000000001,98.63544702529907,91.91492199897766,97.0220685005188
ft_gemma3,152,35.51846189200577,3.997142857142858,94.88515853881836,69.69418525695801,93.54333281517029
ft_gemma3,153,46.47751497211565,11.500000000000004,97.2898006439209,83.94186496734619,96.09362483024597
ft_gemma3,154,50.86063308756985,10.652777777777779,97.2964882850647,83.98149013519287,93.98491978645325
ft_gemma3,155,42.97887503409472,7.698823529411765,95.8777904510498,75.57560205459595,93.25697422027588
ft_gemma3,156,34.818768466812315,12.55764705882353,92.517751455307,55.66712021827698,89.84377384185791
ft_gemma3,157,54.67502818364088,9.778703703703705,97.02494144439697,82.37255811691284,95.35092115402222
ft_gemma3,158,46.5495916498353,11.693684210526317,97.21049666404724,83.47198367118835,93.21597814559937
ft_gemma3,159,39.43167805704667,8.171666666666667,96.38662338256836,78.59047651290894,92.49631762504578
ft_gemma3,160,51.95310809362288,10.452142857142857,96.17687463760376,77.34769582748413,93.9918041229248
ft_gemma3,161,37.66369523439692,7.570000000000004,98.0532169342041,88.46516609191895,94.74371671676636
ft_gemma3,162,48.83422698404393,9.081818181818182,98.93887639045715,93.71276497840881,93.0093765258789
ft_gemma3,163,41.03611214761624,11.68,97.08614349365234,82.73518085479736,92.44925379753113
ft_gemma3,164,52.10078036792839,7.566666666666666,100.0,100.0,95.71020603179932
ft_gemma3,165,48.77490349437146,8.588421052631581,99.2185652256012,95.36994099617004,94.96005773544312
ft_gemma3,166,55.00519852459941,14.445641025641027,97.9369044303894,87.77600526809692,97.9369044303894
ft_gemma3,167,65.95311225710961,8.370000000000001,99.17365312576294,95.10383605957031,98.53721261024475
ft_gemma3,168,53.30232380027827,8.541538461538462,98.7879991531372,92.81880259513855,95.31749486923218
ft_gemma3,169,28.817159010125977,5.428333333333338,91.68197512626648,50.71508288383484,91.68197512626648
ft_gemma3,170,53.35786816298669,7.367631578947371,97.75598645210266,86.70405149459839,95.86632251739502
ft_gemma3,171,42.38785274973007,5.818461538461541,95.70463299751282,74.54962730407715,94.70672011375427
ft_gemma3,172,48.451172720994855,12.775000000000002,97.80833721160889,87.01423406600952,96.54318690299988
ft_gemma3,173,43.867491103995434,14.177894736842106,98.37546348571777,90.37449955940247,98.26840162277222
ft_gemma3,174,50.097766776636135,11.336521739130436,97.90141582489014,87.5657320022583,97.47976064682007
ft_gemma3,175,35.740745332035736,15.433333333333337,98.38241934776306,90.41571617126465,98.38241934776306
ft_gemma3,176,49.44036109311171,4.823333333333334,98.93690943717957,93.70110630989075,96.7478334903717
ft_gemma3,177,42.95392280142054,6.137499999999999,98.20581078529358,89.36929702758789,94.89197134971619
ft_gemma3,178,49.84766731839569,7.991428571428575,98.23296070098877,89.53015804290771,95.20153999328613
ft_gemma3,179,46.443135692283136,9.655000000000001,94.1590428352356,65.39189219474792,90.81951379776001
ft_gemma3,180,50.92879814727246,7.818888888888889,97.78321981430054,86.86541318893433,97.73994088172913
ft_gemma3,181,53.9672479035661,7.570000000000004,96.81370854377747,81.12098574638367,95.00786066055298
ft_gemma3,182,40.92199280883731,8.73,98.36069345474243,90.28698801994324,95.00241875648499
ft_gemma3,183,48.407267521001,9.785555555555558,96.75754904747009,80.78823685646057,92.91598200798035
ft_gemma3,184,44.114479522088224,7.600000000000001,98.11683893203735,88.84212970733643,95.10400891304016
ft_gemma3,185,62.989940573212536,9.130000000000003,99.03275966644287,94.26903128623962,98.34702610969543
ft_gemma3,186,48.66373990565948,4.492500000000003,94.31414008140564,66.31085872650146,92.4207866191864
ft_gemma3,187,44.176429718955276,19.383750000000003,94.77612972259521,69.04817819595337,94.33321356773376
ft_gemma3,188,40.952714838012284,14.444545454545459,98.937326669693,93.70357990264893,89.16288018226624
ft_gemma3,189,48.07575962809531,5.682857142857145,99.99998807907104,99.99992847442627,99.99996423721313
ft_gemma3,190,49.85413318548491,5.806666666666668,100.0,100.0,93.34818124771118
ft_gemma3,191,45.45635181337648,7.773333333333333,99.99999403953552,99.99996423721313,94.95286345481873
ft_gemma3,192,38.90767351563937,5.206666666666667,97.35656380653381,84.33744311332703,94.36442255973816
ft_gemma3,193,42.43072734378414,8.474444444444444,98.13297986984253,88.93776535987854,96.56662940979004
ft_gemma3,194,45.095828335023164,6.2755555555555596,99.07049536705017,94.49261426925659,96.68127298355103
ft_gemma3,195,36.80868291517862,11.693684210526317,96.55858874320984,79.60938215255737,96.36711478233337
ft_gemma3,196,51.85939298800538,12.286666666666669,98.38791489601135,90.44827818870544,96.4590847492218
ft_gemma3,197,39.99999806955516,7.243750000000002,93.1400716304779,59.35441255569458,87.66485452651978
ft_gemma3,198,46.53170389793853,10.154545454545456,97.46114611625671,84.95709896087646,95.19038200378418
ft_gemma3,199,41.53131089346796,11.68,97.50068783760071,85.19138693809509,92.38673448562622
ft_gemma3,200,37.710045867205366,8.350000000000005,94.52648162841797,67.56899356842041,92.71169304847717
ft_gemma3,201,50.57517790487631,3.7550000000000026,99.10067319869995,94.67142224311829,98.77251982688904
ft_gemma3,202,55.96413440500325,2.8566666666666656,99.34486746788025,96.11828923225403,96.35508060455322
ft_gemma3,203,49.71217220276402,9.867903225806455,97.67206907272339,86.20683550834656,96.845144033432
ft_gemma3,204,43.50551416190145,12.03741379310345,94.94889378547668,70.07181644439697,89.40985202789307
ft_gemma3,205,49.15308073555544,6.600000000000005,96.3824450969696,78.56571674346924,93.790602684021
ft_gemma3,206,44.62539589025347,3.8550000000000004,97.50139117240906,85.19555926322937,93.01167130470276
ft_gemma3,207,57.98886614875251,2.4833333333333343,100.00002384185791,100.00014305114746,94.67141628265381
ft_gemma3,208,44.3865526570371,10.941428571428574,100.0,100.0,95.37442326545715
ft_gemma3,209,56.93294680011163,2.342222222222226,96.90033793449402,81.63427114486694,96.90033793449402
ft_gemma3,210,51.182891182891176,3.997142857142858,95.4443097114563,73.00719618797302,94.44131851196289
ft_gemma3,211,36.405298737620875,12.407777777777778,99.46554899215698,96.833336353302,94.32302713394165
ft_gemma3,212,43.42695159161638,6.507777777777779,96.28734588623047,78.00225019454956,95.8103895187378
ft_gemma3,213,48.38997275258245,9.081818181818182,99.40764904022217,96.49027585983276,98.89954924583435
ft_gemma3,214,46.4051878061166,4.450000000000003,98.2308566570282,89.51769471168518,95.46098709106445
ft_gemma3,215,51.61907786346104,7.58666666666667,100.00001192092896,100.00007152557373,97.99296259880066
ft_gemma3,216,34.84451890701891,8.370000000000001,95.23293972015381,71.7548131942749,92.12342500686646
ft_gemma3,217,48.02505080966928,13.945882352941176,99.08081889152527,94.5537805557251,96.13574743270874
ft_gemma3,218,44.50193065576257,3.653333333333336,99.42008256912231,96.56394720077515,98.4828531742096
ft_gemma3,219,45.58523612868723,15.15571428571429,97.2513735294342,83.71418118476868,94.22592520713806
ft_gemma3,220,54.721844047341364,5.884285714285717,95.19572257995605,71.53429985046387,93.7213122844696
ft_gemma3,221,48.47000725328252,8.588421052631581,98.82529377937317,93.03978085517883,94.54923868179321
ft_gemma3,222,47.533339822410184,4.662500000000001,97.88756966590881,87.48369216918945,90.19910097122192
ft_gemma3,223,41.8785528166914,15.3275,97.30188846588135,84.0134859085083,92.03479886054993
ft_gemma3,224,40.57636094638082,8.213076923076922,96.95077538490295,81.9331169128418,93.58692765235901
ft_gemma3,225,55.30814421295901,8.412857142857145,99.65221285820007,97.93933629989624,99.11681413650513
ft_gemma3,226,39.48724242668722,5.863636363636363,98.25384020805359,89.65387344360352,90.32406210899353
ft_gemma3,227,40.99724490512207,18.353333333333335,96.65221571922302,80.16412854194641,93.41177940368652
ft_gemma3,228,45.133144659259024,13.080000000000002,99.25966262817383,95.61344385147095,96.61955833435059
ft_gemma3,229,28.00701053676406,11.68,98.34178686141968,90.17496109008789,97.92294502258301
ft_gemma3,230,40.45637656955886,14.414782608695656,97.63697981834412,85.99892854690552,92.87698864936829
ft_gemma3,231,44.75020830546135,7.190000000000001,95.87419629096985,75.5543053150177,95.42569518089294
ft_gemma3,232,64.8297688985665,11.096666666666668,98.79618287086487,92.86729097366333,98.15272092819214
ft_gemma3,233,61.46023877074672,8.370000000000001,99.1664171218872,95.0609564781189,96.23578190803528
ft_gemma3,234,51.17655232809925,9.255714285714287,96.76787853240967,80.84943890571594,95.93592882156372
ft_gemma3,235,30.751912114104325,3.0953846153846136,94.09342408180237,65.00309705734253,92.09792613983154
ft_gemma3,236,45.025061167476025,5.884285714285717,94.70932483673096,68.65235567092896,92.7825927734375
ft_gemma3,237,51.6236965880888,10.451578947368422,97.59621620178223,85.75740456581116,95.57784795761108
ft_gemma3,238,37.91644329413398,8.009090909090911,97.83337712287903,87.16259598731995,97.23116159439087
ft_gemma3,239,35.47104487114407,9.655000000000001,95.79786658287048,75.10204911231995,93.36880445480347
ft_gemma3,240,59.6608954208295,4.91076923076923,99.69784021377563,98.2096791267395,96.98318243026733
ft_gemma3,241,34.40975606850068,15.872000000000003,97.1106767654419,82.88054466247559,96.23315334320068
ft_gemma3,242,44.51231363904775,8.73,96.4907169342041,79.20723557472229,95.25569081306458
ft_gemma3,243,52.99538973296588,11.863529411764706,99.54831600189209,97.323739528656,98.66706728935242
ft_gemma3,244,57.25647277332836,15.426923076923078,100.0,100.0,98.17138314247131
ft_gemma3,245,40.800770116663045,6.726153846153846,97.25806713104248,83.75384211540222,95.48693895339966
ft_gemma3,246,23.304979837514082,8.180000000000003,94.09364461898804,65.00440239906311,93.62517595291138
ft_gemma3,247,42.65950901319794,10.098571428571429,99.99998807907104,99.99992847442627,93.12765598297119
ft_gemma3,248,30.65742767847133,12.316666666666666,97.50924110412598,85.24206876754761,94.74149942398071
ft_gemma3,249,54.66688053583215,6.726153846153846,99.6620237827301,97.9974627494812,95.84646821022034
ft_gemma3,250,28.393582793531596,3.0953846153846136,93.19818019866943,59.69871282577515,90.89567065238953
ft_gemma3,251,46.493020091970465,9.209473684210526,98.3685851097107,90.33374786376953,94.76630091667175
ft_gemma3,252,36.48093930680663,12.425714285714289,96.54436707496643,79.5251190662384,94.813472032547
ft_gemma3,253,36.76742912116735,4.450000000000003,97.5867211818695,85.70114374160767,93.78983974456787
ft_gemma3,254,48.165002847914714,15.030000000000001,99.12660717964172,94.82508301734924,94.80229020118713
ft_gemma3,255,41.84924849972928,11.704761904761906,97.04384803771973,82.48457908630371,94.52633261680603
ft_gemma3,256,50.48247439118826,7.203387096774197,96.24747633934021,77.76601910591125,93.69955062866211
ft_gemma3,257,39.24553201950996,7.163333333333334,95.81456780433655,75.20100474357605,93.48635673522949
ft_gemma3,258,45.75016693671727,6.960000000000001,99.49235916137695,96.9921886920929,89.89678621292114
ft_gemma3,259,36.10288399871733,2.342222222222226,96.93917036056519,81.8643569946289,95.18914818763733
ft_gemma3,260,44.61844192980895,6.780000000000001,98.40458631515503,90.54705500602722,94.73260641098022
ft_gemma3,261,47.46090489140474,9.32,96.50536179542542,79.2940080165863,93.28445196151733
ft_gemma3,262,49.91077723739731,14.142222222222227,97.63180017471313,85.96823811531067,97.63179421424866
ft_gemma3,263,31.454108539294545,4.790909090909089,96.16716504096985,77.29016542434692,88.8314425945282
ft_gemma3,264,52.63929935243542,2.280000000000001,100.0,100.0,94.00315284729004
ft_gemma3,265,19.12039595051381,6.620000000000001,88.86829614639282,34.043824672698975,88.38752508163452
ft_gemma3,266,46.72584095372706,12.151774193548388,96.03427648544312,76.50279402732849,90.59204459190369
ft_gemma3,267,61.45452624003883,14.420000000000002,99.5257318019867,97.18992710113525,91.98713898658752
ft_gemma3,268,37.28426399638521,5.806666666666668,98.44982028007507,90.81506729125977,96.70649766921997
ft_gemma3,269,48.43461443508316,6.272307692307695,97.64952659606934,86.07326745986938,96.10151648521423
ft_gemma3,270,55.06470556663229,13.390476190476189,96.575266122818,79.70819473266602,96.52330279350281
ft_gemma3,271,36.631044357346774,8.39294117647059,100.00001192092896,100.00007152557373,94.92754936218262
ft_gemma3,272,63.582063515621726,7.190000000000001,99.47748184204102,96.90403938293457,96.75167202949524
ft_gemma3,273,42.12924110594354,7.190000000000001,93.6558485031128,62.41043210029602,90.91055393218994
ft_gemma3,274,46.61164807121476,12.29909090909091,95.67141532897949,74.35281276702881,94.92719173431396
ft_gemma3,275,45.05382563226003,15.334117647058822,96.98498845100403,82.1358323097229,95.78238725662231
ft_gemma3,276,46.85461987023274,5.818461538461541,99.05903339385986,94.42470073699951,97.81963229179382
ft_gemma3,277,49.21396585191005,12.83545454545455,96.48523330688477,79.17474508285522,94.11786794662476
ft_gemma3,278,58.97058731532603,7.773333333333333,99.42887425422668,96.61603569984436,95.12991309165955
ft_gemma3,279,62.99150580553386,2.645454545454548,99.43557977676392,96.65576815605164,95.3032910823822
ft_gemma3,280,41.66037949456676,10.019047619047623,96.12719416618347,77.05333828926086,94.79967951774597
ft_gemma3,281,47.22700651727011,7.698823529411765,96.48295640945435,79.16125655174255,94.96028423309326
ft_gemma3,282,46.40720997570111,11.704761904761906,99.51227903366089,97.11021780967712,97.17756509780884
ft_gemma3,283,54.659493849459636,9.080909090909092,98.73756170272827,92.5199568271637,96.94743156433105
ft_gemma3,284,44.23195154603404,5.428333333333338,95.07008194923401,70.78986763954163,94.35024857521057
ft_gemma3,285,55.52474969515053,5.92404761904762,96.72537446022034,80.59759736061096,92.28681921958923
ft_gemma3,286,39.27947371515694,9.781176470588235,96.40737175941467,78.71341109275818,95.55484652519226
ft_gemma3,287,51.953914379482356,2.342222222222226,98.43060970306396,90.70124626159668,97.21338748931885
ft_gemma3,288,42.301294300122585,11.863529411764706,98.74619841575623,92.57113337516785,94.70494389533997
ft_gemma3,289,30.05474484943431,10.350000000000001,95.07142305374146,70.79781293869019,94.55889463424683
ft_gemma3,290,41.244620284088484,9.081818181818182,97.91554808616638,87.64946460723877,97.07134962081909
ft_gemma3,291,49.254110108185436,9.130000000000003,98.79943132400513,92.88654327392578,94.8418378829956
ft_gemma3,292,43.539303379653525,6.790000000000003,97.90953397750854,87.61383295059204,93.38005781173706
ft_gemma3,293,36.57994130091849,14.456,97.24750518798828,83.69126319885254,94.3554699420929
ft_gemma3,294,49.94671099142427,5.682857142857145,97.77847528457642,86.83729767799377,94.82364654541016
ft_gemma3,295,42.636495063387386,6.400000000000002,96.56999707221985,79.67697978019714,95.90712189674377
ft_gemma3,296,41.35387584826173,17.304242424242428,97.82847166061401,87.13353276252747,97.23543524742126
ft_gemma3,297,48.25099201786527,13.29555555555556,97.2233235836029,83.54798555374146,92.82172322273254
ft_gemma3,298,60.554345160891344,11.22727272727273,99.2959976196289,95.82873582839966,97.13454842567444
ft_gemma3,299,43.894999697476926,10.154545454545456,96.80234789848328,81.05367422103882,93.08457374572754
ft_gemma3,300,59.086061137852866,9.830526315789477,98.54355454444885,91.3704514503479,96.91577553749084
ft_gemma3,301,44.19615482548117,8.931724137931035,95.19528150558472,71.53168320655823,93.5947060585022
ft_gemma3,302,52.664104532648196,5.825434782608696,97.74808287620544,86.65722608566284,96.2084174156189
ft_gemma3,303,51.441240978518934,9.781176470588235,99.05802011489868,94.41869854927063,93.90596151351929
ft_gemma3,304,50.23654424000977,8.995384615384616,97.81022667884827,87.02542781829834,94.84206438064575
ft_gemma3,305,52.97530968458527,10.154090909090915,99.18410181999207,95.16574144363403,94.79984641075134
ft_gemma3,306,44.62034339992053,10.053,98.5838532447815,91.60922765731812,94.4761574268341
ft_gemma3,307,37.882722715567624,16.816,98.57677221298218,91.56727194786072,91.4053201675415
ft_gemma3,308,51.80605927491452,5.806666666666668,98.30096364021301,89.93308544158936,92.8987979888916
ft_gemma3,309,52.44360745998715,4.823333333333334,97.35174775123596,84.30891036987305,94.13168430328369
ft_gemma3,310,50.092803363179584,12.26666666666667,97.8660523891449,87.35620379447937,93.47261786460876
ft_gemma3,311,48.21237760471656,2.8566666666666656,98.32229614257812,90.05947709083557,95.73169350624084
ft_gemma3,312,51.7349541637955,8.474444444444444,99.55157041549683,97.34302163124084,99.55157041549683
ft_gemma3,313,46.3067952755935,9.140000000000004,98.70436191558838,92.32324957847595,92.9601788520813
ft_gemma3,314,40.15652388313598,13.90818181818182,96.36347889900208,78.4533441066742,95.12757658958435
ft_gemma3,315,52.51188096756248,13.470000000000002,99.21786189079285,95.36577463150024,96.86995148658752
ft_gemma3,316,59.82194651273196,3.7550000000000026,95.46092748641968,73.10565710067749,93.74576807022095
ft_gemma3,317,38.2442906647326,3.7181818181818187,92.81911253929138,57.45270848274231,91.590416431427
ft_gemma3,318,47.51939829416714,7.633846153846157,98.92723560333252,93.64379048347473,96.28376960754395
ft_gemma3,319,43.484268978924376,9.92666666666667,96.51910066604614,79.37541007995605,92.4163818359375
ft_gemma3,320,39.32016573329152,10.310434782608699,94.72816586494446,68.76398921012878,94.72817182540894
ft_gemma3,321,41.5275324129657,6.726153846153846,97.00060486793518,82.22836256027222,95.60614228248596
ft_gemma3,322,35.74523637870133,12.286666666666669,99.01262521743774,94.14973258972168,96.63174152374268
ft_gemma3,323,33.348421802369174,6.416666666666668,95.22975087165833,71.7359185218811,94.73466277122498
ft_gemma3,324,49.06811976698586,5.863636363636363,97.9325532913208,87.75022625923157,91.94905757904053
ft_gemma3,325,50.36843637254468,9.910000000000004,99.13981556892395,94.90334391593933,94.3236231803894
ft_gemma3,326,46.27766101069697,5.993333333333336,97.85524010658264,87.2921347618103,96.2915301322937
ft_gemma3,327,40.82853509281827,9.740000000000002,97.4847137928009,85.09674072265625,94.01601552963257
ft_gemma3,328,37.90048071925968,11.704761904761906,94.96281147003174,70.15427947044373,94.02122497558594
ft_gemma3,329,42.45302795387101,2.995588235294118,95.77862620353699,74.98804330825806,94.25234794616699
ft_gemma3,330,42.327709383885676,9.851842105263156,96.8148410320282,81.12769722938538,93.61215829849243
ft_gemma3,331,51.69741883698944,9.44923076923077,95.63960433006287,74.16433095932007,95.55699825286865
ft_gemma3,332,40.21904666451008,8.39294117647059,98.05085062980652,88.45114707946777,96.44604921340942
ft_gemma3,333,42.71622046759973,13.984000000000002,94.48699951171875,67.33506321907043,93.65506768226624
ft_gemma3,334,40.759129357892185,11.68,98.67371916770935,92.14168787002563,98.67371916770935
ft_gemma3,335,43.01542097508942,12.775000000000002,99.99999403953552,99.99996423721313,97.33005166053772
ft_gemma3,336,47.343187578526106,10.350000000000001,96.5865969657898,79.77533340454102,90.77036380767822
ft_gemma3,337,51.68480751304868,7.570000000000004,97.72199988365173,86.50267720222473,93.39653253555298
ft_gemma3,338,57.082782128017364,2.4833333333333343,100.0,100.0,97.13562726974487
ft_gemma3,339,52.129598457225015,6.2755555555555596,99.73251819610596,98.41514825820923,90.43787717819214
ft_gemma3,340,43.3655325666465,14.177894736842106,97.56346940994263,85.56337356567383,90.47554731369019
ft_gemma3,341,57.13862311844073,9.55,98.88521432876587,93.39480996131897,94.78934407234192
ft_gemma3,342,44.04413653144796,7.612500000000001,96.25006318092346,77.78134346008301,91.04860424995422
ft_gemma3,343,42.15541309495386,7.209523809523812,93.75202059745789,62.98025846481323,90.46432971954346
ft_gemma3,344,48.315209559931596,6.137499999999999,97.47444987297058,85.03592610359192,94.58526372909546
ft_gemma3,345,49.51539148091532,4.823333333333334,96.66392803192139,80.2335262298584,94.89811062812805
ft_gemma3,346,48.18238638348811,11.867500000000003,98.05150628089905,88.45502734184265,96.04289531707764
ft_gemma3,347,32.81707069749984,11.130000000000003,98.79463911056519,92.85814762115479,95.47032713890076
ft_gemma3,348,52.18719777962648,6.507777777777779,99.71004128456116,98.28197360038757,99.13982152938843
ft_gemma3,349,40.79134893193327,2.342222222222226,98.03048968315125,88.33050727844238,92.80014038085938
ft_gemma3,350,40.410320870251,5.036153846153844,95.69384455680847,74.48570728302002,95.44927477836609
ft_gemma3,351,37.20722142008627,9.92666666666667,94.45961713790894,67.17281937599182,91.20023846626282
ft_gemma3,352,50.66544608188999,7.163333333333334,99.46770071983337,96.84608578681946,96.09984159469604
ft_gemma3,353,58.05524769656777,11.22636363636364,98.0639636516571,88.5288417339325,88.62661123275757
ft_gemma3,354,48.0723260430527,7.004705882352944,98.13603162765503,88.9558494091034,92.9039716720581
ft_gemma3,355,43.91005977980768,6.010000000000002,97.54432439804077,85.44993996620178,94.48530673980713
ft_gemma3,356,48.40914043522873,7.693000000000001,97.64575362205505,86.05091571807861,97.3938524723053
ft_gemma3,357,47.84377952559585,10.053,97.8877305984497,87.48464584350586,96.62548303604126
ft_gemma3,358,45.86682548503121,11.706666666666667,96.75781726837158,80.78982830047607,96.18523120880127
ft_qwen3,0,40.141389127841606,7.203387096774197,95.73891758918762,74.75277185440063,92.47634410858154
ft_qwen3,1,40.352921062198284,6.936363636363637,95.221346616745,71.68612480163574,90.76982140541077
ft_qwen3,2,54.768777873744604,3.633333333333333,98.48858714103699,91.04476571083069,90.62916040420532
ft_qwen3,3,24.529306346194392,13.09,93.19367408752441,59.67200994491577,92.22224354743958
ft_qwen3,4,56.424349336378555,4.19857142857143,98.13963770866394,88.97721767425537,97.34958410263062
ft_qwen3,5,49.19230109325656,4.964444444444446,99.99998807907104,99.99992847442627,98.243647813797
ft_qwen3,6,48.89499965306787,7.773333333333333,97.32343554496765,84.14115309715271,95.6746757030487
ft_qwen3,7,45.21755684854814,7.566666666666666,95.98928093910217,76.23618841171265,95.66928148269653
ft_qwen3,8,29.82784730522076,7.698823529411765,93.6733603477478,62.51418590545654,89.96332883834839
ft_qwen3,9,39.089367383517335,5.92404761904762,95.44002413749695,72.9818046092987,89.89319801330566
ft_qwen3,10,28.557200354638685,5.682857142857145,93.61079931259155,62.143510580062866,90.72941541671753
ft_qwen3,11,32.516290977616144,2.4700000000000024,95.21440267562866,71.64497971534729,91.65679216384888
ft_qwen3,12,38.90275723703133,5.682857142857145,96.88612818717957,81.5500795841217,93.22307109832764
ft_qwen3,13,50.13812497195625,9.79739130434783,95.37695646286011,72.60812520980835,91.56824350357056
ft_qwen3,14,54.83274492465399,10.941428571428574,99.33170676231384,96.04031443595886,93.37823390960693
ft_qwen3,15,63.85735822734561,3.0953846153846136,99.02431964874268,94.21902298927307,96.92808389663696
ft_qwen3,16,49.143136192263206,4.790909090909089,94.99987959861755,70.37391662597656,94.27323341369629
ft_qwen3,17,41.127818945215665,6.705000000000002,96.07930183410645,76.76957249641418,94.61759328842163
ft_qwen3,18,54.53112025060156,10.740000000000002,97.37921357154846,84.47164297103882,95.7859754562378
ft_qwen3,19,41.99011184614039,7.633846153846157,97.14053273200989,83.05744528770447,97.14052677154541
ft_qwen3,20,56.26010109778042,4.790909090909089,98.87733459472656,93.3481216430664,95.86377739906311
ft_qwen3,21,57.41046190653666,6.137499999999999,99.66201186180115,97.99739718437195,93.47381591796875
ft_qwen3,22,37.071291969581296,10.441111111111113,98.05423617362976,88.47120404243469,95.35744786262512
ft_qwen3,23,40.46054178256091,9.255714285714287,92.85705089569092,57.67749547958374,90.53983688354492
ft_qwen3,24,46.99165603743183,12.362608695652174,98.26174974441528,89.7007405757904,97.45674729347229
ft_qwen3,25,39.309018263661216,9.785555555555558,96.89319729804993,81.59196376800537,96.78031206130981
ft_qwen3,26,55.73523921073601,6.936363636363637,98.7009584903717,92.30307936668396,98.3125627040863
ft_qwen3,27,39.41346298303477,8.548529411764708,93.99076700210571,64.39484357833862,91.04532599449158
ft_qwen3,28,38.888806453544305,2.187692307692309,97.415691614151,84.68778133392334,95.07869482040405
ft_qwen3,29,46.58983970788883,6.8750000000000036,99.49008226394653,96.97870016098022,95.96284627914429
ft_qwen3,30,48.281962589659074,5.818461538461541,99.1875410079956,95.18612027168274,97.07812070846558
ft_qwen3,31,57.46136774207097,9.785555555555558,97.84777164459229,87.24788427352905,97.47419953346252
ft_qwen3,32,40.16865440191161,13.063333333333333,97.12178707122803,82.94637203216553,93.49278807640076
ft_qwen3,33,44.89740281955938,4.420000000000002,97.50682711601257,85.22776365280151,92.32409596443176
ft_qwen3,34,39.384122863552705,15.383333333333336,96.13862037658691,77.12103724479675,94.0320372581482
ft_qwen3,35,40.81925469657162,12.314736842105265,95.40098309516907,72.75047898292542,92.84843802452087
ft_qwen3,36,50.83801783240487,14.374444444444446,98.7922191619873,92.84380674362183,97.21695184707642
ft_qwen3,37,36.837109236501476,7.967368421052633,96.14706039428711,77.1710455417633,94.18824315071106
ft_qwen3,38,38.13499471107607,2.879999999999999,97.66996502876282,86.19436621665955,95.75835466384888
ft_qwen3,39,46.270843555216956,9.29547619047619,96.38201594352722,78.5631775856018,95.84423899650574
ft_qwen3,40,31.260601124278438,9.284347826086957,90.72886109352112,45.067811012268066,89.14633989334106
ft_qwen3,41,49.62793718407616,5.806666666666668,95.45328617095947,73.0603814125061,92.9515540599823
ft_qwen3,42,47.341686688060534,7.612500000000001,94.27447319030762,66.07582569122314,93.50826740264893
ft_qwen3,43,35.052699615199614,7.773333333333333,92.60451197624207,56.181180477142334,90.02847075462341
ft_qwen3,44,43.42856116115925,11.169411764705881,96.84773683547974,81.3226044178009,91.00672602653503
ft_qwen3,45,30.590960529367635,5.230000000000004,94.06457543373108,64.83216881752014,91.07109904289246
ft_qwen3,46,28.490095949411714,8.412857142857145,92.79770851135254,57.32588768005371,90.89916348457336
ft_qwen3,47,39.047820918731496,7.550000000000001,95.02688646316528,70.53393125534058,93.38273406028748
ft_qwen3,48,44.9518859751988,5.806666666666668,97.8785514831543,87.43025660514832,97.8785514831543
ft_qwen3,49,53.25625418629875,5.6200000000000045,95.75045108795166,74.82110857963562,95.72597742080688
ft_qwen3,50,49.45002979128766,2.8566666666666656,96.63729667663574,80.0757348537445,96.09503149986267
ft_qwen3,51,50.05542777761636,10.981190476190477,96.97967171669006,82.1043312549591,91.83811545372009
ft_qwen3,52,29.284696514889696,4.964444444444446,93.45613121986389,61.227089166641235,90.56419134140015
ft_qwen3,53,50.923888237254275,9.785555555555558,97.60903120040894,85.83332896232605,95.49214243888855
ft_qwen3,54,41.778416591844156,14.142222222222227,97.64800667762756,86.06426119804382,97.64800667762756
ft_qwen3,55,51.65104125767775,7.991428571428575,96.65331244468689,80.17062544822693,93.55791211128235
ft_qwen3,56,47.05360905358586,4.883421052631579,96.49766087532043,79.24838066101074,94.52517628669739
ft_qwen3,57,53.061013975059446,11.22727272727273,98.18322658538818,89.23548460006714,96.68301939964294
ft_qwen3,58,44.86050236813319,6.725263157894737,96.50542736053467,79.29439544677734,94.98658776283264
ft_qwen3,59,38.54350072101594,10.562500000000004,96.29181027412415,78.0286967754364,93.7914252281189
ft_qwen3,60,50.66645047740997,15.657931034482761,98.00968170166016,88.20721507072449,97.2012460231781
ft_qwen3,61,46.58109087652515,10.690000000000001,98.25310707092285,89.64952826499939,97.33583331108093
ft_qwen3,62,44.14870649494906,10.941428571428574,98.65666031837463,92.04061031341553,97.18067049980164
ft_qwen3,63,38.37092766958627,4.91076923076923,97.29480147361755,83.97149443626404,94.03172135353088
ft_qwen3,64,41.82509469080472,1.2900000000000027,96.61962389945984,79.9710214138031,92.9718017578125
ft_qwen3,65,43.34721428129529,9.785555555555558,94.78968381881714,69.12848949432373,93.43811869621277
ft_qwen3,66,42.163836997038956,12.29909090909091,96.37444615364075,78.51832509040833,95.24452090263367
ft_qwen3,67,34.31959678013233,7.58666666666667,95.9054708480835,75.73961019515991,92.25749373435974
ft_qwen3,68,42.957254130371275,9.140000000000004,96.27636671066284,77.9371976852417,94.58711743354797
ft_qwen3,69,23.04856261510938,2.3114285714285714,94.76999044418335,69.01180148124695,94.76999640464783
ft_qwen3,70,44.89830251368936,11.22727272727273,95.42811512947083,72.91123867034912,94.3623960018158
ft_qwen3,71,44.87938705611119,8.370000000000001,96.19776606559753,77.47148275375366,94.4943368434906
ft_qwen3,72,48.10114903199747,6.725263157894737,96.27599120140076,77.9349684715271,88.4794294834137
ft_qwen3,73,31.716311903965494,8.370000000000001,94.62898969650269,68.17636489868164,91.64019227027893
ft_qwen3,74,32.061874022756356,5.806666666666668,93.4430480003357,61.14957332611084,90.4291033744812
ft_qwen3,75,49.270168921529326,5.077941176470592,96.87070846557617,81.45871162414551,92.67382621765137
ft_qwen3,76,25.813147909108324,12.453333333333333,95.00592350959778,70.40972709655762,93.95332932472229
ft_qwen3,77,39.136943902777446,11.520000000000003,98.06678295135498,88.54554295539856,95.82636952400208
ft_qwen3,78,39.56999859443771,7.154655172413797,96.94458246231079,81.89642429351807,96.94459438323975
ft_qwen3,79,31.591443892225563,10.562500000000004,97.11050987243652,82.87955522537231,95.36981582641602
ft_qwen3,80,40.926383009401256,6.137499999999999,96.14924192428589,77.18397378921509,93.56235265731812
ft_qwen3,81,38.24788783289336,5.6200000000000045,96.5435802936554,79.52045798301697,95.03871202468872
ft_qwen3,82,37.29685615276356,2.3114285714285714,98.61562252044678,91.7974591255188,95.94549536705017
ft_qwen3,83,46.67676915466291,10.500000000000004,99.07631278038025,94.5270836353302,97.5084125995636
ft_qwen3,84,33.01049350520134,8.370000000000001,95.10650634765625,71.00568413734436,93.24658513069153
ft_qwen3,85,29.693403789500778,8.527702702702705,93.35615634918213,60.634732246398926,89.22447562217712
ft_qwen3,86,47.302302949157706,9.825,95.32170295715332,72.28074073791504,95.31604647636414
ft_qwen3,87,36.40285813704572,10.740000000000002,98.45419526100159,90.84098935127258,94.25728917121887
ft_qwen3,88,44.87190106420193,9.209473684210526,97.31269478797913,84.0775191783905,94.23168301582336
ft_qwen3,89,46.568762515733425,4.964444444444446,97.2388505935669,83.63998532295227,93.99021863937378
ft_qwen3,90,32.47051037633214,1.2900000000000027,95.11576890945435,71.06056809425354,94.33591961860657
ft_qwen3,91,39.17158120737124,10.154545454545456,94.76144313812256,68.96116137504578,91.54581427574158
ft_qwen3,92,36.30243542775513,6.416666666666668,97.22771644592285,83.57401490211487,92.66101717948914
ft_qwen3,93,50.484888117175295,10.562500000000004,98.23169708251953,89.52267169952393,95.96906304359436
ft_qwen3,94,33.2736734304291,1.6073529411764724,93.42491626739502,61.0421359539032,92.4081563949585
ft_qwen3,95,41.589754069528205,15.440869565217394,95.84476351737976,75.37991404533386,94.90196704864502
ft_qwen3,96,23.36245087149693,9.44923076923077,92.04068779945374,52.84048318862915,91.8911337852478
ft_qwen3,97,27.297242781113745,2.280000000000001,96.97811603546143,82.09511041641235,93.34038496017456
ft_qwen3,98,39.57875586967787,8.009090909090911,95.53344249725342,73.53531122207642,91.59102439880371
ft_qwen3,99,34.56159963767487,11.520000000000003,99.01750087738037,94.17861700057983,99.0174949169159
ft_qwen3,100,32.218690452623726,5.862727272727273,93.33922266960144,60.53439974784851,92.21492409706116
ft_qwen3,101,28.407478868263187,7.004705882352944,96.27522826194763,77.93045043945312,93.16102862358093
ft_qwen3,102,33.42928085245158,5.041428571428572,95.58060765266418,73.81477355957031,94.99297738075256
ft_qwen3,103,43.01804608105874,10.356923076923078,96.53528928756714,79.47133183479309,93.22823286056519
ft_qwen3,104,37.293760854806955,3.7181818181818187,97.3839819431305,84.49989557266235,95.90206146240234
ft_qwen3,105,49.60082065340457,7.964677419354839,96.18672728538513,77.40607261657715,95.20233869552612
ft_qwen3,106,42.19898373469802,3.653333333333336,98.36722612380981,90.32569527626038,93.15141439437866
ft_qwen3,107,39.073822934942484,11.500000000000004,98.87939095497131,93.36031079292297,96.36416435241699
ft_qwen3,108,29.037958685609695,6.790000000000003,94.52149271965027,67.5394356250763,94.52149271965027
ft_qwen3,109,45.09777542422488,7.346315789473689,94.76397633552551,68.97616982460022,94.76397633552551
ft_qwen3,110,53.02188339514399,7.96844827586207,95.79398036003113,75.07901787757874,94.49414014816284
ft_qwen3,111,44.10879877527711,13.063333333333333,96.73422574996948,80.65004348754883,95.74911594390869
ft_qwen3,112,27.190551481432372,3.7181818181818187,94.79303359985352,69.14833784103394,92.64972805976868
ft_qwen3,113,34.724072799765,14.312857142857148,95.64216732978821,74.17951822280884,94.40799355506897
ft_qwen3,114,45.033712888347786,3.650000000000002,96.9207763671875,81.7553699016571,93.4949278831482
ft_qwen3,115,40.42746977279174,7.190000000000001,97.85323739051819,87.2802734375,95.91391682624817
ft_qwen3,116,56.9395233208645,8.009090909090911,96.89081907272339,81.57787322998047,95.95081806182861
ft_qwen3,117,47.402407250232706,3.0202631578947354,93.91742944717407,63.96031379699707,91.7523443698883
ft_qwen3,118,35.60362512090844,13.157692307692308,93.39317083358765,60.8540415763855,91.07877016067505
ft_qwen3,119,64.63771400168459,4.450000000000003,100.00002384185791,100.00014305114746,92.08001494407654
ft_qwen3,120,24.086087178582904,11.520000000000003,92.44183301925659,55.21729588508606,91.78101420402527
ft_qwen3,121,58.261916813364145,9.781176470588235,99.80002641677856,98.81514310836792,94.50722932815552
ft_qwen3,122,32.14479310760405,3.0953846153846136,95.52810192108154,73.50367307662964,95.52810788154602
ft_qwen3,123,36.692235964231614,10.941428571428574,96.3298499584198,78.25408577919006,92.92523860931396
ft_qwen3,124,47.70134014846082,10.310434782608699,97.7364718914032,86.58842444419861,94.17011737823486
ft_qwen3,125,39.20428051958017,10.941428571428574,95.01292705535889,70.45122385025024,91.9541597366333
ft_qwen3,126,34.840367588259994,4.790909090909089,94.60219740867615,68.01761984825134,93.01495552062988
ft_qwen3,127,40.47000301840793,11.090000000000003,97.28984832763672,83.94215106964111,95.98731994628906
ft_qwen3,128,48.27526289272409,8.370000000000001,98.28265309333801,89.82459306716919,93.50067377090454
ft_qwen3,129,47.11278867903408,4.971296296296298,97.84513115882874,87.23224401473999,96.47009372711182
ft_qwen3,130,37.977473442285465,9.44923076923077,97.56839275360107,85.5925440788269,97.11927771568298
ft_qwen3,131,42.89604264457692,4.19857142857143,97.23424911499023,83.612722158432,96.63746356964111
ft_qwen3,132,42.30289568670033,7.346315789473689,97.20275402069092,83.42611193656921,97.20275402069092
ft_qwen3,133,42.09561965811966,2.280000000000001,96.4059829711914,78.7051796913147,94.09363269805908
ft_qwen3,134,31.11960070348922,7.633846153846157,95.1465368270874,71.24286890029907,93.1129515171051
ft_qwen3,135,46.86999910039126,4.823333333333334,98.63513708114624,91.91308617591858,96.19791507720947
ft_qwen3,136,49.537753014432035,13.90818181818182,97.55037426948547,85.4857861995697,93.99483799934387
ft_qwen3,137,48.69754304827409,3.641315789473687,100.0,100.0,97.37332463264465
ft_qwen3,138,41.4489694495016,4.641666666666666,98.33669662475586,90.14480113983154,98.33669662475586
ft_qwen3,139,37.30268624404551,11.090000000000003,93.39232444763184,60.84902882575989,93.39232444763184
ft_qwen3,140,51.95197358452314,3.641315789473687,97.85475730895996,87.28927969932556,97.47873544692993
ft_qwen3,141,44.591967769710585,10.208000000000002,98.60785007476807,91.75140857696533,97.86404371261597
ft_qwen3,142,32.7616184566268,2.4700000000000024,96.45750522613525,79.01045680046082,96.45749926567078
ft_qwen3,143,36.72173238007099,5.806666666666668,98.49673509597778,91.09304547309875,94.87293362617493
ft_qwen3,144,51.85553369735379,3.633333333333333,97.6225733757019,85.91356873512268,96.43037915229797
ft_qwen3,145,44.5394066978027,6.725263157894737,98.32984209060669,90.10419249534607,96.20116353034973
ft_qwen3,146,34.114115504564055,6.137499999999999,95.63999772071838,74.16666150093079,95.63999772071838
ft_qwen3,147,34.673176754264155,10.68,93.26865673065186,60.11629104614258,91.64673686027527
ft_qwen3,148,31.50525754301429,4.420000000000002,90.77684879302979,45.35214006900787,90.45267105102539
ft_qwen3,149,37.70250582750583,6.620000000000001,96.35171294212341,78.38362455368042,95.23009657859802
ft_qwen3,150,34.0405177461363,5.863636363636363,94.40649151802063,66.85804724693298,90.84843397140503
ft_qwen3,151,33.68286359835085,10.740000000000002,95.03803849220276,70.60000896453857,94.17634606361389
ft_qwen3,152,36.47798672378382,5.327272727272728,94.4676160812378,67.22021102905273,92.85768866539001
ft_qwen3,153,55.85071790896683,11.3,97.39537239074707,84.56738591194153,96.68076634407043
ft_qwen3,154,40.653084643049716,6.936363636363637,93.4605062007904,61.25301122665405,92.02344417572021
ft_qwen3,155,43.95878874200208,4.191153846153846,95.40562629699707,72.77799248695374,93.40448379516602
ft_qwen3,156,37.12746911466342,7.293939393939393,92.58305430412292,56.054043769836426,92.58304834365845
ft_qwen3,157,43.84362505761459,7.364565217391306,94.86372470855713,69.56718564033508,92.78829097747803
ft_qwen3,158,34.569568072823884,11.704761904761906,93.6588704586029,62.42833733558655,90.83659648895264
ft_qwen3,159,32.23402711396703,3.4352380952380983,93.83981823921204,63.50046396255493,92.11836457252502
ft_qwen3,160,45.96103703707419,9.903076923076924,96.05079293251038,76.60065293312073,96.05079889297485
ft_qwen3,161,36.50423579634926,3.84,96.09703421592712,76.87463760375977,93.5464859008789
ft_qwen3,162,37.41265285031312,4.971296296296298,95.19743919372559,71.54446840286255,93.80544424057007
ft_qwen3,163,37.795131224570525,10.451578947368422,93.13230514526367,59.30839776992798,90.15138745307922
ft_qwen3,164,47.105797274642555,8.474444444444444,96.67328000068665,80.2889347076416,94.15997266769409
ft_qwen3,165,47.3915011416024,10.690000000000001,95.65533995628357,74.25756454467773,94.28252577781677
ft_qwen3,166,50.635259521483256,15.365853658536587,97.32972383499146,84.1784119606018,97.32972979545593
ft_qwen3,167,69.93160259826622,9.55,99.99999403953552,99.99996423721313,98.42631220817566
ft_qwen3,168,49.359598781944094,4.003076923076925,97.19550013542175,83.38313102722168,94.86958980560303
ft_qwen3,169,40.719241466868205,7.221,96.56742811203003,79.66175675392151,92.47093200683594
ft_qwen3,170,47.28487852889358,6.2755555555555596,99.03762936592102,94.29787993431091,96.6138482093811
ft_qwen3,171,32.496150274339186,9.736,93.7254786491394,62.822991609573364,92.30360984802246
ft_qwen3,172,40.91286792537625,10.500000000000004,94.43936347961426,67.05281138420105,93.92494559288025
ft_qwen3,173,48.471297440690115,13.945882352941176,97.70066738128662,86.37628555297852,96.96000218391418
ft_qwen3,174,46.3603146650314,10.823478260869567,96.92330360412598,81.77034258842468,96.0426390171051
ft_qwen3,175,35.61451005288609,10.098571428571429,96.57903909683228,79.73055243492126,96.57904505729675
ft_qwen3,176,49.44036109311171,4.823333333333334,98.93690943717957,93.70110630989075,96.7478334903717
ft_qwen3,177,36.064443113562454,3.84,94.67545747756958,68.45169067382812,92.37579703330994
ft_qwen3,178,52.917159189349135,7.964677419354839,98.2865571975708,89.84772562980652,94.96311545372009
ft_qwen3,179,48.986166817646804,11.706666666666667,97.74786233901978,86.65591478347778,90.49026370048523
ft_qwen3,180,58.66221071214633,3.0202631578947354,96.56965732574463,79.67496514320374,96.56965732574463
ft_qwen3,181,53.9672479035661,7.570000000000004,96.42577171325684,78.82242798805237,94.51464414596558
ft_qwen3,182,41.71290163266191,8.73,99.16319251060486,95.04185318946838,95.11659145355225
ft_qwen3,183,48.802144792306095,3.7550000000000026,94.13523077964783,65.25080800056458,89.89829421043396
ft_qwen3,184,44.114479522088224,7.600000000000001,98.11683893203735,88.84212970733643,95.10400295257568
ft_qwen3,185,59.54556353775048,7.163333333333334,98.70238304138184,92.31152534484863,96.60282731056213
ft_qwen3,186,41.5218837435142,7.566666666666666,96.23383283615112,77.68517732620239,96.23383283615112
ft_qwen3,187,48.169057996324774,20.228823529411766,97.18935489654541,83.3467185497284,97.18936085700989
ft_qwen3,188,49.92725104799492,14.414782608695656,96.91362977027893,81.71302676200867,88.63860964775085
ft_qwen3,189,45.29334132537038,5.682857142857145,98.69030117988586,92.23993420600891,97.86549806594849
ft_qwen3,190,53.60056134964045,5.806666666666668,98.76345992088318,92.67340898513794,93.77439022064209
ft_qwen3,191,50.176309755487004,7.773333333333333,98.67726564407349,92.16269850730896,94.3610429763794
ft_qwen3,192,32.04460806249408,3.2602173913043515,92.3252284526825,54.52640652656555,90.3449296951294
ft_qwen3,193,50.702717115119576,9.457142857142859,99.42213892936707,96.57613039016724,98.60425591468811
ft_qwen3,194,45.095828335023164,6.2755555555555596,98.9023208618164,93.49616765975952,96.69193625450134
ft_qwen3,195,51.22519482802791,10.441111111111113,97.90578484535217,87.59161829948425,97.14374542236328
ft_qwen3,196,35.593233840012175,11.3,96.82532548904419,81.18981719017029,93.179190158844
ft_qwen3,197,46.1949170755075,11.96166666666667,95.60661911964417,73.96889328956604,88.11143040657043
ft_qwen3,198,40.24120933430035,4.450000000000003,97.90559411048889,87.590491771698,97.90558815002441
ft_qwen3,199,28.149643153720056,9.89714285714286,94.43985223770142,67.05570816993713,91.45547151565552
ft_qwen3,200,32.64515128395866,11.693684210526317,94.97444033622742,70.22318243980408,94.5189893245697
ft_qwen3,201,33.18258208927223,5.806666666666668,96.63689136505127,80.07333278656006,93.82373094558716
ft_qwen3,202,48.14257511983824,1.8733333333333313,98.20011854171753,89.3355667591095,96.188884973526
ft_qwen3,203,45.19608247217733,8.78224137931035,96.52531743049622,79.41224575042725,95.51210403442383
ft_qwen3,204,47.53447462253413,7.988684210526319,96.53491973876953,79.46913838386536,91.26949310302734
ft_qwen3,205,47.97253689550129,11.07263157894737,97.13888764381409,83.04769396781921,94.99496817588806
ft_qwen3,206,42.036472250536825,2.3114285714285714,96.87060117721558,81.45807981491089,91.33940935134888
ft_qwen3,207,27.713369047877773,0.8049999999999997,93.66340637207031,62.45521306991577,93.66341233253479
ft_qwen3,208,46.7568197974414,6.726153846153846,98.57059121131897,91.53064489364624,92.9595410823822
ft_qwen3,209,56.668273864688615,7.58666666666667,98.79920482635498,92.88519620895386,98.79921674728394
ft_qwen3,210,48.93920729807827,4.450000000000003,100.00002384185791,100.00014305114746,100.00002384185791
ft_qwen3,211,38.79160431872697,13.984000000000002,97.07077145576477,82.64410495758057,94.64105367660522
ft_qwen3,212,40.171492551987214,3.0953846153846136,96.27505540847778,77.92942523956299,94.68016624450684
ft_qwen3,213,50.96371171261907,8.009090909090911,100.0,100.0,100.0
ft_qwen3,214,46.4051878061166,4.450000000000003,98.2308566570282,89.51769471168518,95.46098709106445
ft_qwen3,215,40.42789779869035,9.55,97.02653884887695,82.38202333450317,96.1095929145813
ft_qwen3,216,32.615232363216236,4.964444444444446,93.67531538009644,62.52577304840088,91.12868905067444
ft_qwen3,217,35.60513081558302,12.55764705882353,94.95969414710999,70.13581395149231,92.58512258529663
ft_qwen3,218,22.089813839813843,0.5199999999999996,92.05923080444336,52.95035243034363,90.94672799110413
ft_qwen3,219,43.45587426248325,13.470000000000002,96.93015813827515,81.81095719337463,94.93043422698975
ft_qwen3,220,51.46287175671481,6.010000000000002,94.50535774230957,67.44383573532104,92.65626072883606
ft_qwen3,221,43.806765198164946,9.209473684210526,97.02579975128174,82.37764239311218,93.33503842353821
ft_qwen3,222,34.69652087184304,5.190000000000001,93.11020374298096,59.177446365356445,89.64028358459473
ft_qwen3,223,39.815692445729816,13.451428571428576,98.06126356124878,88.51284384727478,92.3490047454834
ft_qwen3,224,22.92677993668093,11.45269230769231,94.43488121032715,67.02625751495361,93.15908551216125
ft_qwen3,225,49.30557280135139,7.633846153846157,98.4268307685852,90.67885279655457,98.4268307685852
ft_qwen3,226,36.2971032138898,7.818888888888889,93.77353191375732,63.10771107673645,88.70996832847595
ft_qwen3,227,33.105598549608736,5.362142857142857,91.73687100410461,51.040345430374146,88.64577412605286
ft_qwen3,228,43.4140899106097,13.470000000000002,98.23964238166809,89.56974744796753,95.5220878124237
ft_qwen3,229,35.14455097975407,11.500000000000004,96.80930972099304,81.09492063522339,96.71276211738586
ft_qwen3,230,40.190308013933354,5.806666666666668,92.48437285423279,55.469346046447754,90.87857604026794
ft_qwen3,231,44.761824149471366,11.91,96.29516005516052,78.0485451221466,94.5295512676239
ft_qwen3,232,64.89142247834374,9.781176470588235,99.99998807907104,99.99992847442627,97.59135246276855
ft_qwen3,233,62.655456595131156,10.154545454545456,98.69153499603271,92.24724769592285,95.5928385257721
ft_qwen3,234,40.202397027320956,9.830526315789477,95.67645788192749,74.38269257545471,94.59757804870605
ft_qwen3,235,36.03600596348458,6.310588235294119,95.08107304573059,70.85499167442322,93.77530813217163
ft_qwen3,236,27.85847386666448,2.3114285714285714,91.84696078300476,51.69263482093811,91.44337773323059
ft_qwen3,237,50.35598987932078,9.781176470588235,96.49404287338257,79.22694087028503,94.59677934646606
ft_qwen3,238,30.224923221626714,4.964444444444446,93.12039613723755,59.237831830978394,93.11708807945251
ft_qwen3,239,32.63586780866192,4.790909090909089,93.95326972007751,64.17267322540283,93.1433618068695
ft_qwen3,240,55.9074109934541,4.823333333333334,98.4679102897644,90.92225432395935,95.17406225204468
ft_qwen3,241,39.87059613122022,12.270000000000003,94.52823400497437,67.57937669754028,92.51106381416321
ft_qwen3,242,31.143771229643818,7.346315789473689,93.32327246665955,60.43989062309265,92.30362176895142
ft_qwen3,243,50.70323151829642,12.55764705882353,98.84150624275208,93.13583970069885,98.19703102111816
ft_qwen3,244,43.26826265955017,15.137142857142859,100.0,100.0,97.13841080665588
ft_qwen3,245,56.07884619966919,7.566666666666666,98.52129220962524,91.23854637145996,98.52128624916077
ft_qwen3,246,50.23479638658763,9.081818181818182,98.74035120010376,92.53648519515991,97.16939926147461
ft_qwen3,247,48.05010529065284,8.637,97.46624827384949,84.98733043670654,97.46624827384949
ft_qwen3,248,52.32581039513015,5.682857142857145,97.59602546691895,85.75627207756042,96.25799655914307
ft_qwen3,249,48.811379680749425,6.310588235294119,96.65305018424988,80.16907572746277,95.44342756271362
ft_qwen3,250,41.96959053999675,7.536666666666665,96.17394804954529,77.33035683631897,94.20818090438843
ft_qwen3,251,38.504694486573015,6.3384782608695645,95.95349431037903,76.02415084838867,93.83149147033691
ft_qwen3,252,47.82769144063122,13.470000000000002,97.86325693130493,87.33963966369629,96.3957667350769
ft_qwen3,253,44.03466942236231,6.2755555555555596,99.11872744560242,94.77839469909668,96.19523286819458
ft_qwen3,254,42.92771834314933,13.063333333333333,97.91664481163025,87.65596747398376,94.73482966423035
ft_qwen3,255,46.426537848817055,9.778703703703705,96.1332619190216,77.0892858505249,96.1332619190216
ft_qwen3,256,30.790035781396202,5.818461538461541,93.51889491081238,61.598968505859375,89.99587893486023
ft_qwen3,257,41.90970685014349,8.588421052631581,96.28010988235474,77.95937657356262,93.57078671455383
ft_qwen3,258,41.398905381598055,7.8480000000000025,95.71245312690735,74.59596395492554,89.25585150718689
ft_qwen3,259,28.271103896103895,3.997142857142858,94.28229928016663,66.1221981048584,92.46039390563965
ft_qwen3,260,45.759240176965314,8.474444444444444,99.39379096031189,96.40816450119019,94.13049221038818
ft_qwen3,261,44.57346589237133,9.825,95.70623636245728,74.55912828445435,93.83023977279663
ft_qwen3,262,50.00186909242594,15.797142857142859,97.70563840866089,86.40573620796204,97.34153151512146
ft_qwen3,263,55.627661995911296,4.964444444444446,96.78446054458618,80.9476912021637,92.0907199382782
ft_qwen3,264,35.77461045943682,2.3114285714285714,97.67430424690247,86.22007966041565,93.24821829795837
ft_qwen3,265,33.64712633452385,6.936363636363637,94.93906497955322,70.01358270645142,94.37010288238525
ft_qwen3,266,38.68979333712592,11.362857142857145,95.12444734573364,71.11198902130127,91.35447144508362
ft_qwen3,267,35.31981976507505,13.90818181818182,96.7180609703064,80.55426478385925,91.77889823913574
ft_qwen3,268,35.43727285401212,6.2755555555555596,95.07899880409241,70.84270119667053,92.855966091156
ft_qwen3,269,30.42491098171949,2.4700000000000024,93.40231418609619,60.90822219848633,91.52107834815979
ft_qwen3,270,46.85212492032591,12.29909090909091,99.41060543060303,96.50779366493225,99.41061735153198
ft_qwen3,271,43.295227508902414,12.096,99.77254271507263,98.65229725837708,96.13918662071228
ft_qwen3,272,47.9586522035057,6.2755555555555596,95.08224725723267,70.8619475364685,95.08225917816162
ft_qwen3,273,36.71783005708378,7.190000000000001,97.00325727462769,82.24407434463501,93.06951761245728
ft_qwen3,274,40.716326917249674,12.270000000000003,95.07401585578918,70.81317901611328,94.2294180393219
ft_qwen3,275,39.24310577037578,5.92404761904762,94.99004483222961,70.31564116477966,92.92010068893433
ft_qwen3,276,36.78761569460545,6.790000000000003,96.9372808933258,81.85316324234009,96.76740169525146
ft_qwen3,277,39.70051058541501,8.588421052631581,93.40828657150269,60.943603515625,91.41286611557007
ft_qwen3,278,58.72260907741769,6.790000000000003,99.31856989860535,95.96247673034668,96.77184224128723
ft_qwen3,279,58.83242545769085,1.8733333333333313,98.15592169761658,89.0736997127533,93.83776783943176
ft_qwen3,280,37.655703599392226,11.849565217391305,95.80115675926208,75.1215398311615,94.75675225257874
ft_qwen3,281,46.502555971828755,6.780000000000001,96.14036679267883,77.13138461112976,95.6199049949646
ft_qwen3,282,40.987057525506835,5.825434782608696,97.6301372051239,85.9583854675293,95.29091119766235
ft_qwen3,283,47.711384470325065,4.799347826086958,97.1974790096283,83.394855260849,97.1974790096283
ft_qwen3,284,46.49109385887187,7.633846153846157,97.70337343215942,86.3923192024231,96.83672785758972
ft_qwen3,285,44.80285107493989,7.367631578947371,95.08373737335205,70.87077498435974,93.4120774269104
ft_qwen3,286,31.06902999831896,9.781176470588235,93.21799278259277,59.81610417366028,93.05722117424011
ft_qwen3,287,44.866000758806805,3.650000000000002,96.66792750358582,80.25721907615662,95.16010284423828
ft_qwen3,288,34.29252618013609,11.3,98.03175330162048,88.33799362182617,93.37772727012634
ft_qwen3,289,42.001492215128636,12.831111111111113,98.87387156486511,93.32760572433472,94.66468095779419
ft_qwen3,290,44.67613853061206,4.19857142857143,97.86381125450134,87.34292387962341,96.81850075721741
ft_qwen3,291,36.730432378487436,9.087500000000002,96.33486270904541,78.28378677368164,96.31473422050476
ft_qwen3,292,44.07299288145865,5.806666666666668,97.24750518798828,83.69126319885254,93.50708723068237
ft_qwen3,293,50.919482526207624,14.911666666666669,96.67280316352844,80.28610944747925,95.13538479804993
ft_qwen3,294,33.73907185035749,4.790909090909089,94.88669633865356,69.70329284667969,93.9416229724884
ft_qwen3,295,44.12003416270382,5.364615384615387,96.28049731254578,77.96167135238647,96.28049731254578
ft_qwen3,296,23.861321920257954,8.544545454545453,89.62820172309875,38.54632079601288,88.93589973449707
ft_qwen3,297,34.40945814100276,11.468913043478263,93.79441142082214,63.23142647743225,92.2239899635315
ft_qwen3,298,36.75464272988325,10.723333333333333,96.64770364761353,80.13739585876465,95.50667405128479
ft_qwen3,299,36.73570397539077,9.830526315789477,93.10027956962585,59.118640422821045,91.19518399238586
ft_qwen3,300,62.92784401991187,8.474444444444444,99.38184022903442,96.3373601436615,95.04397511482239
ft_qwen3,301,36.99486836783261,7.593518518518522,93.53280663490295,61.68139576911926,92.938232421875
ft_qwen3,302,48.26330776003072,4.823333333333334,96.23722434043884,77.70527601242065,95.37407159805298
ft_qwen3,303,30.74883856057357,12.037500000000005,92.2358751296997,53.9969801902771,90.32676815986633
ft_qwen3,304,40.822304481601314,7.633846153846157,94.0210223197937,64.57411050796509,92.96213984489441
ft_qwen3,305,37.06099432848355,14.294285714285717,96.98266386985779,82.12205767631531,92.19798445701599
ft_qwen3,306,29.863553081562383,6.010000000000002,94.53998804092407,67.64902472496033,93.81206035614014
ft_qwen3,307,42.11353222165366,16.40142857142857,99.62079524993896,97.75318503379822,92.31984615325928
ft_qwen3,308,53.02860836124592,5.818461538461541,98.75479340553284,92.62205958366394,93.01520586013794
ft_qwen3,309,59.21941975870752,3.0953846153846136,98.96437525749207,93.863844871521,94.51867938041687
ft_qwen3,310,51.12733076919304,10.019047619047623,97.2603976726532,83.76765251159668,93.70585680007935
ft_qwen3,311,48.51613740671034,5.993333333333336,97.38302826881409,84.49424505233765,95.30593156814575
ft_qwen3,312,42.15551378372752,13.372727272727271,97.37955331802368,84.47365760803223,94.07191872596741
ft_qwen3,313,37.46565734139374,5.806666666666668,96.90174460411072,81.64260387420654,92.26272106170654
ft_qwen3,314,35.975675260919196,8.370000000000001,95.95097303390503,76.00921392440796,94.68390941619873
ft_qwen3,315,39.14583094225823,14.080000000000002,97.31984734535217,84.1198980808258,93.60939264297485
ft_qwen3,316,32.92380572643731,3.997142857142858,94.5746898651123,67.85463094711304,91.36539101600647
ft_qwen3,317,34.32414979669069,4.7132758620689685,92.32637286186218,54.53318953514099,91.1823570728302
ft_qwen3,318,48.79670853901373,4.830000000000002,96.72180414199829,80.57644367218018,95.18154263496399
ft_qwen3,319,30.841628218272955,6.726153846153846,93.18647980690002,59.62938666343689,90.62707424163818
ft_qwen3,320,28.45975218963827,4.799347826086958,91.29413366317749,48.417091369628906,90.72787165641785
ft_qwen3,321,43.16582416317863,5.818461538461541,97.32685685157776,84.16142463684082,96.3055968284607
ft_qwen3,322,38.440747684645935,11.91,96.44402861595154,78.93060445785522,93.34620833396912
ft_qwen3,323,31.839142339142334,5.230000000000004,96.688711643219,80.38036823272705,96.688711643219
ft_qwen3,324,54.4318367792226,4.790909090909089,95.25521397590637,71.88678979873657,92.47779846191406
ft_qwen3,325,43.674549213516926,9.08705882352941,96.868896484375,81.44797682762146,94.336998462677
ft_qwen3,326,56.42817229152023,4.420000000000002,97.46510982513428,84.98058915138245,97.06221222877502
ft_qwen3,327,38.81137205267464,16.63,97.2913146018982,83.95083546638489,94.02937889099121
ft_qwen3,328,30.9341292662164,5.077941176470592,94.37687993049622,66.68259501457214,92.00763702392578
ft_qwen3,329,46.91931131013936,6.305714285714288,95.84218859672546,75.36465525627136,94.97171640396118
ft_qwen3,330,36.795370504107936,8.171666666666667,93.27319860458374,60.14320254325867,90.1737630367279
ft_qwen3,331,46.50756334628967,9.44923076923077,95.90098857879639,75.713050365448,95.90098857879639
ft_qwen3,332,46.96744961894484,4.847027027027028,97.29795455932617,83.99018049240112,97.29795455932617
ft_qwen3,333,44.89272497709278,8.087692307692308,95.5849826335907,73.84069561958313,95.5849826335907
ft_qwen3,334,47.998099063740355,11.752222222222223,98.75929355621338,92.64872074127197,98.6068069934845
ft_qwen3,335,25.338700765969385,8.009090909090911,96.08412981033325,76.7981767654419,90.0126576423645
ft_qwen3,336,40.54205658073582,10.208888888888893,96.26457691192627,77.86734104156494,91.41735434532166
ft_qwen3,337,36.84057778778374,5.884285714285717,95.85465788841248,75.43854117393494,91.71257019042969
ft_qwen3,338,44.501615220337946,6.215000000000003,98.10066819190979,88.74631524085999,98.0510413646698
ft_qwen3,339,34.560963509316764,6.705000000000002,97.20047116279602,83.4125816822052,89.49114680290222
ft_qwen3,340,31.176305312812435,9.618181818181817,93.63703727722168,62.29897141456604,90.61248302459717
ft_qwen3,341,30.029224583254983,8.180000000000003,94.32326555252075,66.36492609977722,89.87697958946228
ft_qwen3,342,47.030066577651446,7.748333333333335,95.64459919929504,74.19392466545105,91.48584008216858
ft_qwen3,343,42.47741755041729,4.91076923076923,97.12909460067749,82.98966884613037,91.94876551628113
ft_qwen3,344,43.147647261320174,6.310588235294119,95.918869972229,75.81899762153625,92.8611695766449
ft_qwen3,345,30.187807212948865,4.823333333333334,94.50414180755615,67.4366295337677,94.27406191825867
ft_qwen3,346,47.12388351666988,15.725000000000005,98.23336601257324,89.53256011009216,96.74068093299866
ft_qwen3,347,26.117083741244507,11.91,90.70088267326355,44.90203559398651,89.4339919090271
ft_qwen3,348,51.9860003053357,7.346315789473689,98.74250292778015,92.54923462867737,98.21067452430725
ft_qwen3,349,40.655338382406256,1.0311111111111124,97.71981239318848,86.48971915245056,93.4563159942627
ft_qwen3,350,48.80931934012844,4.433333333333334,97.14987874031067,83.1128180027008,96.32577300071716
ft_qwen3,351,30.06972706452681,8.412857142857145,93.89351010322571,63.818591833114624,91.1506175994873
ft_qwen3,352,33.72264811123015,3.9250000000000007,95.07310390472412,70.80777287483215,94.54675912857056
ft_qwen3,353,53.130250474268735,12.362608695652174,94.38860416412354,66.75205826759338,87.96513080596924
ft_qwen3,354,44.05146389233176,11.624000000000002,94.44125890731812,67.06404685974121,89.52097296714783
ft_qwen3,355,47.91615678178179,7.566666666666666,96.56590223312378,79.65271472930908,95.26897072792053
ft_qwen3,356,26.752256640911604,7.190000000000001,93.72983574867249,62.848806381225586,93.72983574867249
ft_qwen3,357,21.478001157028455,13.390476190476189,93.17365884780884,59.553420543670654,93.17365884780884
ft_qwen3,358,46.71519760852447,10.713333333333338,98.41467142105103,90.60680866241455,97.79775142669678
ft_deepseek,0,39.130126443874644,12.608571428571427,95.53791284561157,73.5617995262146,92.77505278587341
ft_deepseek,1,38.199996973041465,7.96844827586207,93.63293647766113,62.27467656135559,92.21084117889404
ft_deepseek,2,60.47545166864497,4.228235294117649,98.7025499343872,92.31250882148743,90.7105565071106
ft_deepseek,3,37.63866941997486,11.784285714285716,96.32447361946106,78.2222330570221,91.756272315979
ft_deepseek,4,50.79562448119829,4.534259259259262,96.89825177192688,81.62190914154053,96.44738435745239
ft_deepseek,5,41.04536130548326,4.450000000000003,98.92255663871765,93.6160683631897,95.76931595802307
ft_deepseek,6,43.893926630396344,4.830000000000002,92.51613020896912,55.657511949539185,91.11871719360352
ft_deepseek,7,42.52297704754664,10.441111111111113,98.05788993835449,88.49285244941711,96.79349660873413
ft_deepseek,8,38.10735125221136,8.548529411764708,94.66242790222168,68.37448477745056,93.80072355270386
ft_deepseek,9,55.159454152051744,21.227500000000003,98.84567856788635,93.1605577468872,98.84567260742188
ft_deepseek,10,28.74072850593374,6.006538461538462,94.21188235282898,65.70497155189514,91.04706645011902
ft_deepseek,11,27.97567415373365,6.010000000000002,93.7636137008667,63.04894685745239,91.7556881904602
ft_deepseek,12,43.55936825339146,8.412857142857145,96.54102325439453,79.50530648231506,93.4729516506195
ft_deepseek,13,55.69588377106059,13.371818181818181,97.72037863731384,86.49307489395142,90.85109233856201
ft_deepseek,14,49.49867734639146,5.863636363636363,96.34739756584167,78.35806012153625,92.29232668876648
ft_deepseek,15,59.539855020954214,3.0953846153846136,99.04422760009766,94.33697462081909,96.18768095970154
ft_deepseek,16,54.398008696626,3.997142857142858,97.7340042591095,86.5738034248352,95.91781497001648
ft_deepseek,17,45.378194257060244,10.350000000000001,96.95634245872498,81.9661021232605,96.26017212867737
ft_deepseek,18,53.87604368395545,10.740000000000002,97.94174432754517,87.80468106269836,96.52703404426575
ft_deepseek,19,61.55702781196742,7.566666666666666,98.1161117553711,88.83782029151917,98.11611771583557
ft_deepseek,20,44.932186179938974,0.8049999999999997,94.24627423286438,65.90874791145325,92.52908825874329
ft_deepseek,21,63.22176018628466,6.137499999999999,99.78713989257812,98.73878955841064,93.49895715713501
ft_deepseek,22,43.08208653252188,9.830526315789477,97.5097119808197,85.2448582649231,94.97929215431213
ft_deepseek,23,38.44461011713838,9.740000000000002,93.93579363822937,64.06912803649902,92.02351570129395
ft_deepseek,24,40.754260007616814,11.752222222222223,96.76253199577332,80.81775903701782,96.76253199577332
ft_deepseek,25,38.50880346983024,8.39294117647059,97.75672554969788,86.70843243598938,95.35154104232788
ft_deepseek,26,31.47586208543045,7.773333333333333,95.86909413337708,75.52407383918762,94.78567838668823
ft_deepseek,27,41.55440257188256,9.55,97.09068536758423,82.76209235191345,92.35210418701172
ft_deepseek,28,50.25271912921391,3.9250000000000007,99.62549209594727,97.78101444244385,96.49620652198792
ft_deepseek,29,38.46113671837797,5.806666666666668,94.07313466072083,64.88288044929504,92.6396131515503
ft_deepseek,30,50.53792142494502,10.713333333333338,98.9814817905426,93.96520256996155,95.9641695022583
ft_deepseek,31,42.30294806815731,13.073333333333338,95.38447856903076,72.65269160270691,94.67039108276367
ft_deepseek,32,38.338148673850434,8.917500000000004,95.9362268447876,75.92183947563171,92.89825558662415
ft_deepseek,33,45.93831920607993,3.355714285714285,98.52139353752136,91.23914837837219,93.01376938819885
ft_deepseek,34,46.433415171296275,10.500000000000004,98.7500250339508,92.5938069820404,94.37088370323181
ft_deepseek,35,43.85968283695803,10.451578947368422,94.98077630996704,70.2607274055481,92.82472133636475
ft_deepseek,36,43.24061730796986,10.356923076923078,98.73583912849426,92.50975251197815,97.34165072441101
ft_deepseek,37,44.73473877549252,10.978333333333332,97.59359359741211,85.74185967445374,93.23859810829163
ft_deepseek,38,48.272678048096665,-1.4499999999999993,97.24867939949036,83.69821906089783,94.73409652709961
ft_deepseek,39,47.47070466848918,15.220000000000002,97.2950279712677,83.97284150123596,96.05711102485657
ft_deepseek,40,42.04622011170628,12.187142857142856,95.4501211643219,73.04162979125977,92.48180985450745
ft_deepseek,41,57.0948195717801,6.727142857142859,98.11654090881348,88.84036540985107,96.16233706474304
ft_deepseek,42,44.83232183574042,7.612500000000001,94.75842714309692,68.94329190254211,92.96585321426392
ft_deepseek,43,58.44744016169702,7.773333333333333,99.13101196289062,94.85118389129639,94.88470554351807
ft_deepseek,44,49.120928427762664,10.47529411764706,95.06224393844604,70.74342966079712,90.2049720287323
ft_deepseek,45,41.65603396068886,8.353333333333339,97.97645211219788,88.01032900810242,93.60769391059875
ft_deepseek,46,49.497571821171896,6.507777777777779,97.09638953208923,82.79589414596558,92.90487766265869
ft_deepseek,47,40.266674213838606,7.698823529411765,96.2188184261322,77.59621739387512,94.2422866821289
ft_deepseek,48,38.513956499539816,4.823333333333334,95.78681588172913,75.0365674495697,95.7868218421936
ft_deepseek,49,49.27212352057557,12.286666666666669,99.5642900466919,97.41838574409485,96.41777873039246
ft_deepseek,50,41.81244508824462,2.8566666666666656,96.62613272666931,80.00958561897278,96.62612676620483
ft_deepseek,51,52.81981115227171,11.320000000000004,97.24573493003845,83.68077278137207,92.38348603248596
ft_deepseek,52,37.07873637583683,4.254545454545454,91.76385998725891,51.20025873184204,89.92215991020203
ft_deepseek,53,50.923888237254275,9.785555555555558,97.60903120040894,85.83332896232605,95.49214243888855
ft_deepseek,54,44.21940560653486,17.006666666666664,98.16139340400696,89.10611867904663,98.16139936447144
ft_deepseek,55,57.049567434863405,9.440714285714286,98.25830459594727,89.68032598495483,94.43123936653137
ft_deepseek,56,34.74288658896298,4.383823529411767,96.10568881034851,76.92591547966003,92.79022216796875
ft_deepseek,57,54.85238956433598,12.690000000000001,98.32948446273804,90.10207056999207,97.33593463897705
ft_deepseek,58,58.64945652774702,7.346315789473689,97.84169793128967,87.21190094947815,97.84169793128967
ft_deepseek,59,42.5186122033399,11.863529411764706,94.13348436355591,65.24045467376709,92.29345917701721
ft_deepseek,60,52.708509118812785,15.426923076923078,98.99369478225708,94.03756856918335,97.63344526290894
ft_deepseek,61,45.62462886767606,11.22636363636364,97.3509132862091,84.30396318435669,96.66550159454346
ft_deepseek,62,59.87885424708197,10.941428571428574,100.00001192092896,100.00007152557373,98.36226105690002
ft_deepseek,63,36.66801482648066,5.806666666666668,96.44472002983093,78.9346992969513,94.36184167861938
ft_deepseek,64,41.79508055389609,4.830000000000002,98.09660315513611,88.72222900390625,98.09660315513611
ft_deepseek,65,41.50145998334438,12.26666666666667,94.89431381225586,69.74843144416809,94.89431381225586
ft_deepseek,66,40.10091028385291,9.503333333333334,93.76001358032227,63.02761435508728,92.56436228752136
ft_deepseek,67,30.058949456975775,2.4833333333333343,91.88575744628906,51.92250609397888,91.47262573242188
ft_deepseek,68,43.163737098633064,8.39294117647059,96.32906913757324,78.2494604587555,96.32906913757324
ft_deepseek,69,41.08318760817138,3.653333333333336,97.3452627658844,84.27048325538635,96.21177911758423
ft_deepseek,70,41.53181151771725,13.372727272727271,98.2093870639801,89.39048647880554,94.4115400314331
ft_deepseek,71,48.352437998004284,9.081818181818182,95.87329030036926,75.54893493652344,95.07757425308228
ft_deepseek,72,35.861498938894506,6.8750000000000036,94.08599734306335,64.95909094810486,90.90588688850403
ft_deepseek,73,31.716311903965494,8.370000000000001,95.15462517738342,71.29079103469849,92.20522046089172
ft_deepseek,74,33.94323610588298,5.884285714285717,93.1267261505127,59.27534103393555,90.7232403755188
ft_deepseek,75,47.61033303447065,6.8750000000000036,97.66854047775269,86.18592619895935,95.36935091018677
ft_deepseek,76,51.90444146432264,11.07263157894737,97.47090935707092,85.01495122909546,96.94686532020569
ft_deepseek,77,34.10498361377922,9.655000000000001,97.4303662776947,84.7747266292572,96.10359072685242
ft_deepseek,78,47.36338733045326,8.723787878787878,98.19627404212952,89.31279182434082,98.19627404212952
ft_deepseek,79,43.23485437875067,12.187142857142856,97.94248938560486,87.80909776687622,97.94248938560486
ft_deepseek,80,41.778398559239015,4.420000000000002,96.9731867313385,82.06590414047241,94.72947120666504
ft_deepseek,81,38.662238524786815,5.884285714285717,96.32158279418945,78.20510268211365,93.323814868927
ft_deepseek,82,37.29685615276356,2.3114285714285714,98.61560463905334,91.7973518371582,95.94549536705017
ft_deepseek,83,41.18484342097865,9.130000000000003,98.0607271194458,88.50966095924377,97.00799584388733
ft_deepseek,84,43.23174140210015,12.037500000000005,97.21399545669556,83.49271416664124,95.12234926223755
ft_deepseek,85,50.45424535373251,10.122297297297298,98.4756588935852,90.96816778182983,88.98988962173462
ft_deepseek,86,47.28943487888653,9.08705882352941,95.38723230361938,72.66900539398193,94.82186436653137
ft_deepseek,87,35.01034327223852,9.655000000000001,95.65402865409851,74.2497980594635,91.07523560523987
ft_deepseek,88,46.289767687366165,10.310434782608699,96.65481448173523,80.1795244216919,95.32555341720581
ft_deepseek,89,39.94646680266887,8.370000000000001,98.56845736503601,91.51800274848938,98.56845140457153
ft_deepseek,90,36.979534261762055,6.705000000000002,97.75698781013489,86.70998811721802,97.75698781013489
ft_deepseek,91,36.98852016329597,4.964444444444446,90.92851281166077,46.250760555267334,90.20625948905945
ft_deepseek,92,51.72371177703957,11.130000000000003,99.29236173629761,95.80718874931335,94.95389461517334
ft_deepseek,93,56.89133091844253,8.39294117647059,98.05565476417542,88.47960829734802,95.92040181159973
ft_deepseek,94,32.707797717561,5.206666666666667,94.45363283157349,67.13736057281494,92.88727641105652
ft_deepseek,95,33.88105460197019,11.3,95.02103924751282,70.49928903579712,94.17524933815002
ft_deepseek,96,51.292895161026344,9.080909090909092,97.58239984512329,85.67553758621216,94.54732537269592
ft_deepseek,97,37.315432658916784,3.997142857142858,98.76124262809753,92.66027212142944,98.76125454902649
ft_deepseek,98,40.0145868854439,4.830000000000002,96.73594832420349,80.66024780273438,93.8042402267456
ft_deepseek,99,33.80317150476925,6.2755555555555596,97.19244837760925,83.36504697799683,97.19245433807373
ft_deepseek,100,46.868314259971065,7.257692307692309,96.25380635261536,77.80352234840393,95.19839882850647
ft_deepseek,101,55.657964007862546,8.140000000000004,99.67731833457947,98.0880856513977,95.76208591461182
ft_deepseek,102,42.69011578121748,8.474444444444444,97.30333089828491,84.02203321456909,93.07621717453003
ft_deepseek,103,49.779236937929184,12.62714285714286,96.76934480667114,80.8581292629242,94.43606734275818
ft_deepseek,104,54.03922531092093,6.790000000000003,98.2154905796051,89.42664861679077,98.21549654006958
ft_deepseek,105,37.927020438391004,8.588421052631581,94.04001832008362,64.68666195869446,92.87695288658142
ft_deepseek,106,42.450883462161656,3.650000000000002,95.04594206809998,70.64683437347412,91.69595837593079
ft_deepseek,107,51.340986267770006,11.3,99.26338791847229,95.63552141189575,96.76251411437988
ft_deepseek,108,37.52980915064711,2.4700000000000024,95.8594262599945,75.46679377555847,95.85943818092346
ft_deepseek,109,46.69426115032252,6.305714285714288,96.0264265537262,76.45627856254578,93.75104904174805
ft_deepseek,110,41.315040299911864,7.28166666666667,95.54696083068848,73.61540794372559,94.33167576789856
ft_deepseek,111,43.98483051771407,13.390476190476189,98.92289638519287,93.6180830001831,96.37900590896606
ft_deepseek,112,25.402394204960288,3.7181818181818187,93.24690103530884,59.98738408088684,91.79648160934448
ft_deepseek,113,37.33207163771764,12.270000000000003,96.10128998756409,76.89985036849976,95.80987691879272
ft_deepseek,114,28.56316728803842,6.2755555555555596,90.66364765167236,44.68141496181488,89.42129015922546
ft_deepseek,115,49.68096731525124,8.733571428571427,99.3952214717865,96.41664028167725,96.85842990875244
ft_deepseek,116,58.06741990437643,8.89777777777778,96.1858868598938,77.4010956287384,95.6208884716034
ft_deepseek,117,41.98993336163991,3.653333333333336,97.40722179412842,84.63759422302246,93.18487644195557
ft_deepseek,118,34.45227884378104,5.190000000000001,92.18773245811462,53.71173024177551,91.71163439750671
ft_deepseek,119,64.63771400168459,4.450000000000003,100.00002384185791,100.00014305114746,92.08002090454102
ft_deepseek,120,40.52009061200238,15.453333333333337,96.80830836296082,81.08898997306824,92.95853972434998
ft_deepseek,121,42.005932070934904,8.412857142857145,96.83713912963867,81.25981092453003,92.9044246673584
ft_deepseek,122,39.72146544423989,4.91076923076923,96.58372402191162,79.75831031799316,96.5837299823761
ft_deepseek,123,37.166969884399066,11.3,97.25114703178406,83.71284008026123,92.0405387878418
ft_deepseek,124,32.15938312636719,11.849565217391305,98.15306663513184,89.05678391456604,94.1611111164093
ft_deepseek,125,58.293479636736976,9.825,100.0,100.0,93.48184466362
ft_deepseek,126,35.941493386968645,3.653333333333336,91.80234670639038,51.42829418182373,91.37216210365295
ft_deepseek,127,47.96888599855968,10.500000000000004,98.38744401931763,90.44548273086548,97.0130980014801
ft_deepseek,128,55.50128091677258,10.73,100.0,100.0,92.44925379753113
ft_deepseek,129,38.70093313608489,8.588421052631581,96.67528867721558,80.30083775520325,94.8254942893982
ft_deepseek,130,45.233658872307885,8.412857142857145,98.27673435211182,89.78952169418335,98.27673435211182
ft_deepseek,131,56.64281919020849,5.884285714285717,99.12186861038208,94.79700326919556,97.79195785522461
ft_deepseek,132,39.76808470077327,5.863636363636363,95.63907384872437,74.1611897945404,95.63907980918884
ft_deepseek,133,41.92768192443205,7.190000000000001,95.17594575881958,71.41711711883545,92.90235042572021
ft_deepseek,134,34.69104663485722,7.612500000000001,97.581946849823,85.67285537719727,93.37114691734314
ft_deepseek,135,58.47367479261072,5.818461538461541,98.73130321502686,92.48287677764893,94.63571310043335
ft_deepseek,136,45.48505201347475,13.371818181818181,97.60926365852356,85.83471179008484,93.64370107650757
ft_deepseek,137,48.69754304827409,3.641315789473687,100.0,100.0,97.37333059310913
ft_deepseek,138,56.4523263131972,3.278823529411767,100.00002384185791,100.00014305114746,100.00002384185791
ft_deepseek,139,44.982913512689436,10.441111111111113,97.06904292106628,82.63385891914368,96.31228446960449
ft_deepseek,140,42.71677671399001,5.041428571428572,95.69382071495056,74.48556423187256,94.52970027923584
ft_deepseek,141,43.413551887939214,10.208000000000002,98.40259552001953,90.53525924682617,97.65734672546387
ft_deepseek,142,40.53070922330884,1.0311111111111124,97.37957715988159,84.47380065917969,97.37957119941711
ft_deepseek,143,45.44523839605612,5.818461538461541,98.95254373550415,93.79374384880066,95.29278874397278
ft_deepseek,144,52.84174436385576,3.633333333333333,98.88875484466553,93.41579079627991,95.27983665466309
ft_deepseek,145,53.69998608817962,4.262368421052631,98.65161776542664,92.0107364654541,98.18912744522095
ft_deepseek,146,56.353144057534486,6.727142857142859,98.14116358757019,88.98625373840332,97.186678647995
ft_deepseek,147,34.71253638139382,15.251034482758623,93.25454831123352,60.03269553184509,90.6914472579956
ft_deepseek,148,52.72208612343127,8.895238095238096,97.17118740081787,83.23907256126404,93.1153655052185
ft_deepseek,149,63.154815733773894,10.350000000000001,100.00002384185791,100.00014305114746,96.5256929397583
ft_deepseek,150,42.803381296723764,10.690000000000001,95.2257513999939,71.71221971511841,92.82808899879456
ft_deepseek,151,48.8339373503141,6.010000000000002,97.7874755859375,86.89062595367432,96.32290601730347
ft_deepseek,152,38.02270657729893,9.08705882352941,96.31773829460144,78.18232774734497,93.8927710056305
ft_deepseek,153,57.888049403254115,9.92666666666667,97.23814725875854,83.63581895828247,95.04905939102173
ft_deepseek,154,43.802199268305905,11.362857142857145,98.05880784988403,88.49829435348511,94.81935501098633
ft_deepseek,155,49.655889568267455,4.238333333333333,94.80381608009338,69.2122220993042,93.34270358085632
ft_deepseek,156,36.164583545593835,8.467592592592595,92.83851385116577,57.56766200065613,91.38652086257935
ft_deepseek,157,53.048567870834226,9.778703703703705,97.99647927284241,88.12898993492126,95.34863829612732
ft_deepseek,158,44.57141299869185,13.90818181818182,96.583092212677,79.75456714630127,92.1283483505249
ft_deepseek,159,41.03897169845963,11.68,97.50367403030396,85.2090835571289,94.46074962615967
ft_deepseek,160,42.704147742938716,12.589358974358976,97.73087501525879,86.55526638031006,93.54996085166931
ft_deepseek,161,50.20412667513728,8.39294117647059,98.58710169792175,91.62847399711609,94.37903165817261
ft_deepseek,162,43.713111522725626,12.453333333333333,97.40607738494873,84.6308171749115,92.87890195846558
ft_deepseek,163,31.187481751618364,11.68,97.26183414459229,83.7761640548706,91.49683713912964
ft_deepseek,164,52.10078036792839,7.566666666666666,100.0,100.0,95.71020603179932
ft_deepseek,165,34.457245329935326,8.588421052631581,93.88854503631592,63.78917098045349,92.96002388000488
ft_deepseek,166,55.00519852459941,14.445641025641027,97.9369044303894,87.77600526809692,97.9369044303894
ft_deepseek,167,67.76920421113259,9.55,100.0,100.0,98.27088117599487
ft_deepseek,168,39.57314342599283,3.7550000000000026,97.20838069915771,83.45944881439209,93.35813522338867
ft_deepseek,169,35.81197124232946,10.562500000000004,95.48190832138062,73.22996854782104,94.61771249771118
ft_deepseek,170,45.77748399779368,9.081818181818182,98.34109544754028,90.17086625099182,91.92503094673157
ft_deepseek,171,36.71252713141542,6.277000000000001,95.48296928405762,73.23625683784485,93.71333718299866
ft_deepseek,172,26.448542637033984,8.575000000000003,90.95069169998169,46.38217389583588,90.41603207588196
ft_deepseek,173,46.76806846728958,12.037500000000005,98.58816862106323,91.63479208946228,97.7477490901947
ft_deepseek,174,50.90358343426523,6.749000000000002,98.2943594455719,89.89395499229431,97.24676609039307
ft_deepseek,175,37.02176998153603,15.433333333333337,98.81201982498169,92.96112656593323,98.81201982498169
ft_deepseek,176,55.21917842782374,4.91076923076923,98.48687052726746,91.034597158432,96.64000868797302
ft_deepseek,177,47.310147447163104,4.241052631578949,95.52315473556519,73.4743595123291,93.48335862159729
ft_deepseek,178,47.448208749223845,5.462857142857143,97.70072102546692,86.37660145759583,95.0147032737732
ft_deepseek,179,47.561169475432735,9.55,95.20216584205627,71.5724766254425,92.4883246421814
ft_deepseek,180,50.67161620219144,5.400000000000002,96.87536954879761,81.48633241653442,96.87536954879761
ft_deepseek,181,52.508339084473945,7.612500000000001,95.82182765007019,75.24401545524597,95.82182765007019
ft_deepseek,182,39.18657003783903,8.73,98.85192513465881,93.19757223129272,94.78747844696045
ft_deepseek,183,51.25873017635144,7.698823529411765,96.98086380958557,82.11139440536499,92.62617230415344
ft_deepseek,184,31.69409858744721,8.383333333333333,96.11198902130127,76.96324586868286,94.7600781917572
ft_deepseek,185,59.74726831688378,9.457142857142859,98.09793829917908,88.73014450073242,97.26938009262085
ft_deepseek,186,62.47370770260229,7.566666666666666,98.81850481033325,92.99955368041992,98.8185167312622
ft_deepseek,187,43.42939580870601,20.228823529411766,95.06286382675171,70.74710130691528,95.06285190582275
ft_deepseek,188,48.42167413894123,14.169629629629632,95.98528146743774,76.21249556541443,89.21858668327332
ft_deepseek,189,45.29334132537038,5.682857142857145,98.69030117988586,92.23993420600891,97.86549806594849
ft_deepseek,190,42.092790269806954,5.806666666666668,96.35145664215088,78.38211059570312,90.21604657173157
ft_deepseek,191,45.45635181337648,7.773333333333333,99.99999403953552,99.99996423721313,94.95286345481873
ft_deepseek,192,38.90767351563937,5.206666666666667,97.35655784606934,84.33740735054016,94.36442255973816
ft_deepseek,193,48.49051899539803,7.771428571428572,99.53437447547913,97.24113345146179,97.9629397392273
ft_deepseek,194,50.85998616593278,8.370000000000001,99.1697371006012,95.08063197135925,97.49782085418701
ft_deepseek,195,49.07820909951525,8.350000000000005,97.66775369644165,86.18126511573792,96.51269912719727
ft_deepseek,196,33.961181225959194,11.3,97.19617962837219,83.38715434074402,92.38924980163574
ft_deepseek,197,42.2901988860929,7.633846153846157,94.28176879882812,66.11905097961426,88.1591796875
ft_deepseek,198,32.580737882537,8.180000000000003,96.02205753326416,76.43039226531982,96.02205753326416
ft_deepseek,199,42.96350370013616,8.733571428571427,96.01461291313171,76.38628482818604,90.89969396591187
ft_deepseek,200,36.800371272221405,8.242222222222225,96.71018719673157,80.50761222839355,93.36197972297668
ft_deepseek,201,39.107732756805504,6.2755555555555596,96.63708209991455,80.07445931434631,94.92953419685364
ft_deepseek,202,41.25826294896595,1.8733333333333313,98.45619201660156,90.8528208732605,95.35148739814758
ft_deepseek,203,47.40142492979107,10.723333333333333,96.45476341247559,78.99420857429504,95.99997401237488
ft_deepseek,204,45.52569843009202,12.3,97.5093126296997,85.24249196052551,90.25237560272217
ft_deepseek,205,37.7564665661053,5.863636363636363,96.36434316635132,78.4584641456604,92.73598790168762
ft_deepseek,206,53.68530756749214,4.641666666666666,99.16349053382874,95.04361748695374,92.98055171966553
ft_deepseek,207,30.9409001523606,6.416666666666668,96.49980664253235,79.26109433174133,94.89574432373047
ft_deepseek,208,44.3865526570371,10.941428571428574,100.0,100.0,95.37442326545715
ft_deepseek,209,63.86952565436711,6.2755555555555596,99.32700395584106,96.01244926452637,99.32700395584106
ft_deepseek,210,28.821733821733826,9.57,97.06811904907227,82.6283872127533,94.84837651252747
ft_deepseek,211,45.11274241904523,12.945,96.47110104560852,79.09101247787476,94.19049620628357
ft_deepseek,212,43.42695159161638,6.507777777777779,96.28734588623047,78.00225019454956,95.8103895187378
ft_deepseek,213,50.96371171261907,8.009090909090911,100.0,100.0,100.0
ft_deepseek,214,47.47660058602063,7.368571428571428,98.52585196495056,91.26556515693665,95.7494854927063
ft_deepseek,215,47.81679983957438,8.009090909090911,98.60376119613647,91.72717928886414,92.75972247123718
ft_deepseek,216,43.792609428202645,10.350000000000001,96.53579592704773,79.4743299484253,94.14020776748657
ft_deepseek,217,46.841563686058265,12.55764705882353,97.53856062889099,85.41578650474548,94.82319951057434
ft_deepseek,218,39.03569892869429,5.230000000000004,98.46325516700745,90.8946692943573,98.35838675498962
ft_deepseek,219,46.11723924452847,15.15571428571429,97.94148206710815,87.80312538146973,95.52526473999023
ft_deepseek,220,53.40931748254897,8.474444444444444,95.77848315238953,74.98719692230225,93.44455003738403
ft_deepseek,221,45.71154669756921,7.967368421052633,98.40847253799438,90.57008028030396,94.26044225692749
ft_deepseek,222,36.912849578806934,4.662500000000001,95.04138231277466,70.61982154846191,89.74603414535522
ft_deepseek,223,44.742081157498106,6.727142857142859,97.5318193435669,85.3758454322815,93.09489727020264
ft_deepseek,224,31.0270992040172,10.140000000000004,93.80776882171631,63.310569524765015,93.43813061714172
ft_deepseek,225,52.675132888134,10.723333333333333,99.46805834770203,96.84820771217346,97.56249785423279
ft_deepseek,226,36.21698428866934,9.140000000000004,95.71295380592346,74.59893226623535,88.74132633209229
ft_deepseek,227,34.25339478620781,15.420000000000002,92.07865595817566,53.06544303894043,89.7905945777893
ft_deepseek,228,55.339348088740095,13.080000000000002,99.67629909515381,98.08204770088196,96.77926898002625
ft_deepseek,229,28.00701053676406,11.68,98.34178686141968,90.17496109008789,97.92294502258301
ft_deepseek,230,38.19839106055061,13.952380952380953,96.24045491218567,77.72441506385803,91.75703525543213
ft_deepseek,231,57.65679753879612,6.790000000000003,99.39427971839905,96.41106128692627,98.99536967277527
ft_deepseek,232,60.552268603858316,8.39294117647059,99.45816993713379,96.78961634635925,97.634357213974
ft_deepseek,233,59.60095550941959,9.55,98.48681688308716,91.03427529335022,95.8104133605957
ft_deepseek,234,49.777297900383694,11.169411764705881,98.41026067733765,90.58067798614502,96.7546820640564
ft_deepseek,235,41.51739637145982,8.008181818181821,96.31562232971191,78.16978693008423,93.84060502052307
ft_deepseek,236,52.81455409965798,5.206666666666667,97.21558094024658,83.50210785865784,94.56332921981812
ft_deepseek,237,48.190265407697844,9.61727272727273,96.18428349494934,77.3915946483612,95.29404640197754
ft_deepseek,238,27.592919653589288,5.682857142857145,95.80535292625427,75.14640092849731,95.80537676811218
ft_deepseek,239,47.54530353857364,9.655000000000001,96.2842047214508,77.9836356639862,93.67926120758057
ft_deepseek,240,33.371414154950735,2.5128571428571433,93.36589574813843,60.69243550300598,92.9058849811554
ft_deepseek,241,44.36014293666074,10.451578947368422,97.76580929756165,86.76225543022156,95.14286518096924
ft_deepseek,242,49.689445681833696,6.780000000000001,96.29258513450623,78.03329229354858,96.29258513450623
ft_deepseek,243,43.706670806016,14.64,98.96950125694275,93.89421939849854,98.14061522483826
ft_deepseek,244,38.997102784942015,15.55857142857143,98.25366139411926,89.65281248092651,97.66381978988647
ft_deepseek,245,38.42802195636927,9.08705882352941,98.23642373085022,89.55067992210388,98.23642373085022
ft_deepseek,246,41.76528810868785,10.941428571428574,96.88383936882019,81.53651356697083,96.88383936882019
ft_deepseek,247,48.273055124956166,8.009090909090911,97.30241298675537,84.01659727096558,96.82222604751587
ft_deepseek,248,55.06663167429549,10.350000000000001,98.01560044288635,88.24228644371033,96.83315753936768
ft_deepseek,249,56.698309824366646,7.570000000000004,99.50764179229736,97.08274006843567,97.15738892555237
ft_deepseek,250,55.731668004712645,5.863636363636363,99.24235939979553,95.51092386245728,95.62687277793884
ft_deepseek,251,40.980997659238675,10.500000000000004,96.90002202987671,81.632399559021,93.54209303855896
ft_deepseek,252,30.994857441010193,13.080000000000002,96.31324410438538,78.15569639205933,94.88610625267029
ft_deepseek,253,44.03466942236231,6.2755555555555596,99.11872744560242,94.77839469909668,96.19523286819458
ft_deepseek,254,44.60260945129113,13.5125,96.72885537147522,80.61822652816772,93.9106285572052
ft_deepseek,255,54.15194678988905,14.60666666666667,97.9079008102417,87.604159116745,96.91405892372131
ft_deepseek,256,50.81419730264688,6.935909090909089,96.24934792518616,77.77710556983948,94.06524896621704
ft_deepseek,257,39.43517990707065,5.852222222222224,95.44817805290222,73.03011417388916,91.71059727668762
ft_deepseek,258,46.24537567178235,9.876666666666669,96.39564752578735,78.64394187927246,88.79780769348145
ft_deepseek,259,51.894858235045035,2.280000000000001,98.77359867095947,92.73347854614258,95.71791887283325
ft_deepseek,260,38.661064209561374,9.08705882352941,94.740229845047,68.83546710014343,91.26659035682678
ft_deepseek,261,51.38456760202303,10.019047619047623,96.11592888832092,76.9865870475769,92.4963891506195
ft_deepseek,262,47.00615774508907,12.831111111111113,97.84733653068542,87.24530935287476,95.75465321540833
ft_deepseek,263,52.4488228854171,4.450000000000003,96.3003396987915,78.07923555374146,91.85207486152649
ft_deepseek,264,37.528127466789904,2.3114285714285714,98.65901470184326,92.05456376075745,93.63922476768494
ft_deepseek,265,37.692813603083245,6.936363636363637,96.73178195953369,80.63556551933289,96.25160694122314
ft_deepseek,266,42.20255410795986,15.220000000000002,96.23510241508484,77.69269943237305,89.24842476844788
ft_deepseek,267,58.37052451518689,9.903076923076924,99.53954219818115,97.27175235748291,92.9478645324707
ft_deepseek,268,44.20386625949349,6.8750000000000036,98.74758720397949,92.57935881614685,96.45690321922302
ft_deepseek,269,43.34007632959898,5.845370370370372,95.06218433380127,70.74307203292847,93.71985793113708
ft_deepseek,270,61.81869891057566,13.371818181818181,98.50451350212097,91.13913178443909,98.50451350212097
ft_deepseek,271,34.90001187915083,6.726153846153846,96.25000357627869,77.78099179267883,94.05834674835205
ft_deepseek,272,61.405967367131076,4.790909090909089,97.20183610916138,83.42067003250122,93.9545750617981
ft_deepseek,273,43.06286077396593,2.645454545454548,95.18077969551086,71.4457631111145,91.5403425693512
ft_deepseek,274,51.532259402983385,14.973076923076924,98.86444807052612,93.27176809310913,98.48536849021912
ft_deepseek,275,40.936759519480006,17.684285714285718,95.95088362693787,76.00868344306946,93.99675726890564
ft_deepseek,276,43.661461327763426,6.727142857142859,98.10667037963867,88.78188133239746,96.96155786514282
ft_deepseek,277,51.813448896382255,6.125526315789475,96.60138487815857,79.86295223236084,94.49714422225952
ft_deepseek,278,58.72260907741769,6.790000000000003,99.31857585906982,95.96251249313354,96.77184224128723
ft_deepseek,279,62.99150580553386,2.645454545454548,99.43557977676392,96.65576815605164,95.3032910823822
ft_deepseek,280,48.461065596514736,11.142857142857142,98.40416312217712,90.54454565048218,94.633948802948
ft_deepseek,281,48.502882305553825,6.8750000000000036,97.93548583984375,87.7676010131836,96.62784337997437
ft_deepseek,282,47.069172859194246,8.370000000000001,98.91483783721924,93.57033371925354,96.96738123893738
ft_deepseek,283,30.750309620062826,5.884285714285717,92.89654493331909,57.911497354507446,90.93548059463501
ft_deepseek,284,44.91417061426896,9.081818181818182,97.66616821289062,86.17187142372131,95.48118710517883
ft_deepseek,285,46.179540039217535,7.773333333333333,96.44461870193481,78.93410325050354,92.20086932182312
ft_deepseek,286,29.079711662448876,5.884285714285717,92.55491495132446,55.8873176574707,90.85093140602112
ft_deepseek,287,52.88089058436237,1.0311111111111124,97.89385199546814,87.52091526985168,97.55523204803467
ft_deepseek,288,42.301294300122585,11.863529411764706,98.74619841575623,92.57113337516785,94.70494389533997
ft_deepseek,289,39.79437491513209,11.130000000000003,98.84410500526428,93.15123558044434,95.94531059265137
ft_deepseek,290,29.62531635330236,3.997142857142858,94.58047151565552,67.88889169692993,94.10991072654724
ft_deepseek,291,44.582000340238906,10.562500000000004,98.521488904953,91.23970866203308,97.64335751533508
ft_deepseek,292,45.01229098440327,6.726153846153846,95.76249718666077,74.89247918128967,94.86756920814514
ft_deepseek,293,36.57994130091849,14.456,97.24750518798828,83.69126319885254,94.3554699420929
ft_deepseek,294,49.00701515189152,8.541538461538462,98.24884533882141,89.62427973747253,95.48875689506531
ft_deepseek,295,45.147226604741334,5.863636363636363,95.84578275680542,75.38595199584961,95.57020664215088
ft_deepseek,296,22.904453824604197,5.041428571428572,91.01782441139221,46.77993953227997,90.25306701660156
ft_deepseek,297,53.683923239124,15.043703703703706,97.46478796005249,84.97868180274963,92.19960570335388
ft_deepseek,298,28.831969010119572,8.370000000000001,94.09505724906921,65.01277089118958,92.34641194343567
ft_deepseek,299,48.832979987309415,13.901739130434787,97.45058417320251,84.89452004432678,94.82965469360352
ft_deepseek,300,59.086061137852866,9.830526315789477,98.54355454444885,91.3704514503479,96.91577553749084
ft_deepseek,301,44.94764289653472,11.630517241379316,97.00255990028381,82.23994374275208,96.35747075080872
ft_deepseek,302,52.120274702276916,4.830000000000002,96.56726717948914,79.6608030796051,95.99636197090149
ft_deepseek,303,40.99675686927277,9.740000000000002,96.18355631828308,77.38728523254395,93.14679503440857
ft_deepseek,304,46.22353807433001,10.356923076923078,98.25276732444763,89.64751362800598,94.84865665435791
ft_deepseek,305,43.0150322636774,8.467592592592595,97.18417525291443,83.31602811813354,93.51710081100464
ft_deepseek,306,39.52913101348836,6.298333333333332,95.08386254310608,70.87152004241943,94.21308040618896
ft_deepseek,307,41.268771940042186,17.244285714285713,99.8280942440033,98.98144602775574,92.43707060813904
ft_deepseek,308,37.46346544331181,4.91076923076923,95.91615200042725,75.80289840698242,94.00710463523865
ft_deepseek,309,59.21941975870752,3.0953846153846136,98.61693382263184,91.80523157119751,94.49756145477295
ft_deepseek,310,44.10590605572482,10.723333333333333,96.7030942440033,80.46558499336243,92.76929497718811
ft_deepseek,311,44.30464199627075,3.84,95.53608894348145,73.55099320411682,93.35927367210388
ft_deepseek,312,51.14840865465899,7.570000000000004,97.01307415962219,82.30224251747131,97.01306819915771
ft_deepseek,313,52.7711911005579,9.140000000000004,99.99998211860657,99.9998927116394,93.56535077095032
ft_deepseek,314,40.40932608086617,10.154545454545456,95.31281590461731,72.22808599472046,92.18975901603699
ft_deepseek,315,52.50007101509178,10.941428571428574,98.57415556907654,91.55176281929016,96.95147275924683
ft_deepseek,316,55.198488260650706,6.2755555555555596,95.50812840461731,73.3853280544281,92.36524701118469
ft_deepseek,317,41.38813766446267,2.280000000000001,94.91021633148193,69.84265446662903,93.12208890914917
ft_deepseek,318,53.82449858532142,9.781176470588235,98.36022853851318,90.28423428535461,98.36022853851318
ft_deepseek,319,39.355813301776124,4.790909090909089,96.0622251033783,76.66838765144348,89.05795216560364
ft_deepseek,320,33.689708845387685,9.080909090909092,94.44481134414673,67.0850932598114,94.2273497581482
ft_deepseek,321,35.2147751386437,5.884285714285717,92.5916075706482,56.10471963882446,91.59151911735535
ft_deepseek,322,39.968996519700035,12.286666666666669,98.1218159198761,88.87162208557129,95.71804404258728
ft_deepseek,323,45.594448931063106,3.997142857142858,98.565274477005,91.49914383888245,97.0360815525055
ft_deepseek,324,42.99482880760545,7.203387096774197,98.2297420501709,89.51109051704407,91.65198802947998
ft_deepseek,325,40.13100988410191,9.08705882352941,96.14455103874207,77.15618014335632,93.17519068717957
ft_deepseek,326,51.58308915998248,5.884285714285717,98.26710820198059,89.73248600959778,95.3029453754425
ft_deepseek,327,35.98216434966375,9.825,95.98947763442993,76.23735666275024,90.75440764427185
ft_deepseek,328,35.460225288341135,7.633846153846157,94.91512775421143,69.87175345420837,92.68654584884644
ft_deepseek,329,41.16994479117828,6.600000000000005,96.18555903434753,77.39915251731873,93.34030747413635
ft_deepseek,330,43.602407465481136,8.242222222222225,94.99344825744629,70.33580541610718,91.94825291633606
ft_deepseek,331,50.45960178029332,9.740000000000002,96.56540155410767,79.64974641799927,95.49918174743652
ft_deepseek,332,46.23308159567345,6.506250000000001,97.60555624961853,85.81274151802063,97.57885932922363
ft_deepseek,333,46.272958107106426,8.171666666666667,96.34355306625366,78.3352792263031,93.48328709602356
ft_deepseek,334,27.400832371145047,11.500000000000004,95.69404125213623,74.48687553405762,94.9894666671753
ft_deepseek,335,28.27843899566136,9.081818181818182,97.10317850112915,82.83611536026001,91.06303453445435
ft_deepseek,336,44.63596691631735,10.350000000000001,96.51663899421692,79.36082482337952,91.24353528022766
ft_deepseek,337,46.92755854056589,7.570000000000004,97.99278974533081,88.10712695121765,92.76365637779236
ft_deepseek,338,40.01826276351646,4.840000000000003,98.70306253433228,92.31554865837097,98.11979532241821
ft_deepseek,339,49.647364297614466,6.010000000000002,97.83666133880615,87.18205690383911,89.8589015007019
ft_deepseek,340,46.44883919055714,21.70717948717949,98.84980320930481,93.18499565124512,91.28187298774719
ft_deepseek,341,37.5550262339879,9.655000000000001,98.91040921211243,93.54409575462341,93.31638216972351
ft_deepseek,342,44.19816504538723,15.166666666666668,96.41758799552917,78.77393960952759,90.74333310127258
ft_deepseek,343,41.719510608728456,8.412857142857145,97.5028932094574,85.20445823669434,91.11005663871765
ft_deepseek,344,43.30976937909279,6.8750000000000036,97.30480313301086,84.03075933456421,94.25788521766663
ft_deepseek,345,34.35363581476116,3.84,94.95546221733093,70.1107382774353,94.49259042739868
ft_deepseek,346,42.33682125138995,15.030000000000001,98.60983490943909,91.76316857337952,96.11970782279968
ft_deepseek,347,18.767809046226212,7.600000000000001,93.25695037841797,60.046929121017456,90.55354595184326
ft_deepseek,348,54.58126167120992,7.967368421052633,99.36934113502502,96.26330137252808,98.14698100090027
ft_deepseek,349,40.79134893193327,2.342222222222226,98.03049564361572,88.33053708076477,92.80014038085938
ft_deepseek,350,47.52224445568048,4.43356060606061,97.42416739463806,84.7379982471466,96.05074524879456
ft_deepseek,351,43.838023179470206,8.350000000000005,97.24717736244202,83.68932008743286,91.30080938339233
ft_deepseek,352,44.62226935690889,5.400000000000002,98.51202368736267,91.18362665176392,95.50597667694092
ft_deepseek,353,55.371305655507975,14.414782608695656,99.27456974983215,95.7017719745636,89.88703489303589
ft_deepseek,354,48.60286120226427,12.29818181818182,97.53366708755493,85.38679480552673,92.97683238983154
ft_deepseek,355,47.91615678178179,7.566666666666666,96.56590223312378,79.65271472930908,95.26897072792053
ft_deepseek,356,34.02614985243987,5.6200000000000045,97.12913632392883,82.98991918563843,97.12913036346436
ft_deepseek,357,44.4056148591843,8.541538461538462,96.72349095344543,80.58643937110901,94.33645009994507
ft_deepseek,358,54.998414716199974,11.863529411764706,99.39242601394653,96.40007615089417,97.84006476402283
