system,index,sari,fkgl,bertscore_raw,bertscore_rescaled,bertscore_singleref_raw
identity,0,61.46198830409356,15.953913043478263,98.02632927894592,88.30585479736328,98.02632927894592
identity,1,38.67243867243867,12.55764705882353,90.44254422187805,43.37136149406433,90.44254422187805
identity,2,36.279297832695896,13.427500000000002,85.96068024635315,16.81598424911499,85.96068024635315
identity,3,66.66666666666666,8.400000000000002,92.75145530700684,57.05183148384094,92.75145530700684
identity,4,38.61111111111111,11.981956521739132,87.24390864372253,24.419207870960236,87.24390864372253
identity,5,34.67071935157042,20.103333333333335,84.06386375427246,5.577204376459122,84.06386375427246
identity,6,38.5024154589372,14.040000000000003,89.10496830940247,35.44612526893616,89.10496830940247
identity,7,36.47513440860215,15.717000000000006,84.78849530220032,9.870700538158417,84.78849530220032
identity,8,62.733936588103255,12.286666666666669,96.0553228855133,76.62749290466309,96.0553228855133
identity,9,52.084790209790214,9.55,93.16014647483826,59.47335958480835,93.16014647483826
identity,10,42.84511784511785,15.99857142857143,88.27422261238098,30.523893237113953,88.27422261238098
identity,11,38.7528209212797,16.761904761904763,90.32135605812073,42.65331327915192,90.32135605812073
identity,12,37.09490740740741,23.896000000000004,88.21249008178711,30.15812337398529,88.21249008178711
identity,13,63.427144249512665,8.180000000000003,98.46158623695374,90.88478088378906,98.46158623695374
identity,14,40.53831789125908,15.51727272727273,89.09494876861572,35.38675904273987,89.09494876861572
identity,15,62.05246913580247,17.12636363636364,97.47269749641418,85.02554297447205,97.47269749641418
identity,16,62.11393684290303,24.034594594594598,97.78185486793518,86.8573248386383,97.78185486793518
identity,17,35.18518518518518,14.68,85.83207726478577,16.054001450538635,85.83207726478577
identity,18,39.96212121212121,10.350000000000001,88.39758634567261,31.254833936691284,88.39758634567261
identity,19,49.859204255886006,14.040000000000003,92.0265257358551,52.756571769714355,92.0265257358551
identity,20,54.88734090127279,16.62333333333334,94.38363909721375,66.72264337539673,94.38363909721375
identity,21,41.26968741917531,11.692580645161296,87.08440661430359,23.47414642572403,87.08440661430359
identity,22,38.00000000000001,21.00947368421053,85.75403094291687,15.591570734977722,85.75403094291687
identity,23,40.33816425120773,13.390476190476189,87.86919116973877,28.12405228614807,87.86919116973877
identity,24,64.246892569261,10.713333333333338,97.45728373527527,84.93421673774719,97.45728373527527
identity,25,39.74292615596964,18.170000000000005,87.78428435325623,27.62097418308258,87.78428435325623
identity,26,61.36329460013671,9.44923076923077,99.51786398887634,97.14331030845642,99.51786398887634
identity,27,36.231884057971016,12.55764705882353,87.99183368682861,28.850719332695007,87.99183368682861
identity,28,39.04317656448726,24.430000000000003,85.518878698349,14.198276400566101,85.518878698349
identity,29,36.11111111111111,12.52,84.93211269378662,10.721644014120102,84.93211269378662
identity,30,45.99432497013142,13.390476190476189,89.11115527153015,35.48278212547302,89.11115527153015
identity,31,65.0161514640797,17.69615384615385,98.76638650894165,92.6907479763031,98.76638650894165
identity,32,66.66666666666666,16.75823529411765,99.1555392742157,94.99650597572327,99.1555392742157
identity,33,55.66903974162039,9.830526315789477,93.85305643081665,63.578903675079346,93.85305643081665
identity,34,64.23415121968642,28.51692307692308,98.61489534378052,91.79314970970154,98.61489534378052
identity,35,38.12698412698413,16.2,85.6656014919281,15.067620575428009,85.6656014919281
identity,36,38.784271284271284,16.04105263157895,84.61490869522095,8.842186629772186,84.61490869522095
identity,37,44.54304710389903,12.828571428571426,94.99282240867615,70.33209800720215,94.99282240867615
identity,38,37.83371472158657,18.675,87.08552718162537,23.48078489303589,87.08552718162537
identity,39,44.90564241688679,10.442826086956522,89.54530954360962,38.05517852306366,89.54530954360962
identity,40,37.974061097793346,19.858961038961045,86.43307685852051,19.614969193935394,86.43307685852051
identity,41,37.32257582548932,11.51666666666667,88.8172447681427,33.74134004116058,88.8172447681427
identity,42,51.601798945252455,11.22636363636364,88.68917226791382,32.98250138759613,88.68917226791382
identity,43,33.33333333333333,21.625000000000004,83.40607285499573,1.6797441989183426,83.40607285499573
identity,44,35.09803921568628,9.80337837837838,86.04678511619568,17.32616126537323,86.04678511619568
identity,45,37.64880952380952,21.486976744186048,85.80343127250671,15.884271264076233,85.80343127250671
identity,46,55.55421778847992,12.26666666666667,96.50490283966064,79.29129004478455,96.50490283966064
identity,47,53.01956855673545,11.090000000000003,92.04158186912537,52.84578204154968,92.04158186912537
identity,48,59.1620868180008,18.675,93.2154893875122,59.801268577575684,93.2154893875122
identity,49,40.98170236563094,13.712037037037042,85.35383343696594,13.220371305942535,85.35383343696594
identity,50,40.57664782256918,14.547912371134021,87.11193799972534,23.6372709274292,87.11193799972534
identity,51,63.94144754676064,11.169411764705881,99.40389394760132,96.46802544593811,99.40389394760132
identity,52,36.13374877262057,13.93740740740741,84.19674634933472,6.3645437359809875,84.19674634933472
identity,53,51.89393939393939,18.420000000000005,90.27242660522461,42.363402247428894,90.27242660522461
identity,54,71.03372603372603,14.374444444444446,98.02133440971375,88.2762610912323,98.02133440971375
identity,55,37.8843466107617,17.69241379310345,88.322913646698,30.8123916387558,88.322913646698
identity,56,63.94144754676064,6.310588235294119,99.57114458084106,97.4590003490448,99.57114458084106
identity,57,35.71403151107431,13.026481481481486,84.73511934280396,9.554443508386612,84.73511934280396
identity,58,37.54578754578755,21.953636363636367,81.98704719543457,-6.728088855743408,81.98704719543457
identity,59,57.87791867954911,9.781176470588235,96.38451933860779,78.57800722122192,96.38451933860779
identity,60,40.448717948717956,5.806666666666668,85.54953932762146,14.379942417144775,85.54953932762146
identity,61,46.477254131893304,14.420000000000002,94.1524088382721,65.35258889198303,94.1524088382721
identity,62,36.96196196196196,17.285517241379313,89.03932571411133,35.0571870803833,89.03932571411133
identity,63,43.449159222280606,13.450000000000003,93.24868321418762,59.99794602394104,93.24868321418762
identity,64,51.80809892843475,13.10197674418605,91.0258948802948,46.827757358551025,91.0258948802948
identity,65,63.28745985197598,4.420000000000002,99.03190732002258,94.26397681236267,99.03190732002258
identity,66,37.66574159728646,14.404743589743592,87.0405375957489,23.214219510555267,87.0405375957489
identity,67,63.198253394017186,6.400000000000002,98.18057417869568,89.21976685523987,98.18057417869568
identity,68,59.94262259479651,19.351428571428574,97.80724048614502,87.007737159729,97.80724048614502
identity,69,73.34948479741303,12.421481481481482,99.51452016830444,97.12349772453308,99.51452016830444
identity,70,53.190235690235696,9.740000000000002,91.75365567207336,51.139795780181885,91.75365567207336
identity,71,65.12731083701412,21.241935483870964,99.39237236976624,96.39976024627686,99.39237236976624
identity,72,41.634768740031895,14.798947368421054,90.50760865211487,43.7568724155426,90.50760865211487
identity,73,72.53807067636856,10.310434782608699,99.04860258102417,94.36289668083191,99.04860258102417
identity,74,41.51582920558252,26.24272727272727,89.99863266944885,40.741151571273804,89.99863266944885
identity,75,64.75330774177205,17.171250000000004,97.92994260787964,87.73475289344788,97.92994260787964
identity,76,68.54428554953293,12.286666666666669,97.00367450714111,82.24654793739319,97.00367450714111
identity,77,49.46759259259259,12.605000000000004,94.23146843910217,65.82102179527283,94.23146843910217
identity,78,64.76961634856372,11.725806451612904,98.78697395324707,92.81272888183594,98.78697395324707
identity,79,72.68699816503164,33.42,99.04446601867676,94.33838725090027,99.04446601867676
identity,80,46.34218724381046,24.046470588235298,91.38315916061401,48.94457459449768,91.38315916061401
identity,81,56.124239744929405,11.704761904761906,96.16119265556335,77.25477814674377,96.16119265556335
identity,82,62.93210961655041,16.471724137931037,97.7570116519928,86.710125207901,97.7570116519928
identity,83,61.28779521487966,15.400000000000002,97.3656713962555,84.39140915870667,97.3656713962555
identity,84,64.46714128165742,8.412857142857145,99.31651949882507,95.95032930374146,99.31651949882507
identity,85,55.61673541934509,16.791851851851856,95.96298933029175,76.08041167259216,95.96298933029175
identity,86,38.30074179855853,26.462142857142855,86.30511164665222,18.8567653298378,86.30511164665222
identity,87,49.771646646646644,10.098571428571429,94.7745680809021,69.03892755508423,94.7745680809021
identity,88,41.96078431372549,9.255714285714287,92.07967519760132,53.071486949920654,92.07967519760132
identity,89,53.888888888888886,8.790000000000003,89.22691345214844,36.16865873336792,89.22691345214844
identity,90,52.81045751633987,10.098571428571429,97.46078848838806,84.95498299598694,97.46078848838806
identity,91,72.58022590259434,15.685555555555556,99.65806007385254,97.9739785194397,99.65806007385254
identity,92,61.703783524904225,11.090000000000003,96.60839438438416,79.90448474884033,96.60839438438416
identity,93,60.99197099197099,10.356923076923078,95.97864747047424,76.17318630218506,95.97864747047424
identity,94,55.55555555555555,32.39,90.3535783290863,42.84423291683197,90.3535783290863
identity,95,61.37896825396826,12.605000000000004,97.93503880500793,87.76494860649109,97.93503880500793
identity,96,36.831739086918596,12.15372340425532,85.80778241157532,15.910051763057709,85.80778241157532
identity,97,65.46851783188453,13.860000000000003,98.16624522209167,89.1348659992218,98.16624522209167
identity,98,44.22846889952153,8.412857142857145,92.73042678833008,56.927233934402466,92.73042678833008
identity,99,64.10979160979161,13.945882352941176,99.55406188964844,97.35778570175171,99.55406188964844
identity,100,64.00247784478073,15.480740740740742,99.13063645362854,94.84895467758179,99.13063645362854
identity,101,42.98853077816493,20.344545454545457,88.52171301841736,31.99029266834259,88.52171301841736
identity,102,60.95816918930127,13.157692307692308,97.3426878452301,84.25522446632385,97.3426878452301
identity,103,71.29670919525992,8.756666666666668,99.49294328689575,96.99565172195435,99.49294328689575
identity,104,59.49786324786325,14.283333333333335,95.24466395378113,71.82427644729614,95.24466395378113
identity,105,62.713267125031834,4.964444444444446,99.12131428718567,94.79371905326843,99.12131428718567
identity,106,55.49481594485409,20.212857142857143,93.3484435081482,60.589033365249634,93.3484435081482
identity,107,40.46653144016227,26.070000000000004,91.6001558303833,50.23029446601868,91.6001558303833
identity,108,56.666666666666664,9.180000000000003,98.06777238845825,88.55140805244446,98.06777238845825
identity,109,39.33433716042411,7.745000000000001,87.95602321624756,28.638538718223572,87.95602321624756
identity,110,70.95458553791887,8.541538461538462,99.40636157989502,96.48264646530151,99.40636157989502
identity,111,59.49786324786325,18.216666666666672,93.50701570510864,61.528581380844116,93.50701570510864
identity,112,63.084068843431,9.209473684210526,99.03885126113892,94.30512189865112,99.03885126113892
identity,113,35.714285714285715,10.562500000000004,87.33348250389099,24.94993954896927,87.33348250389099
identity,114,64.17271667271666,13.063333333333333,98.98284673690796,93.97329092025757,98.98284673690796
identity,115,62.27530038399603,13.451428571428576,98.07459115982056,88.59180808067322,98.07459115982056
identity,116,53.97921522921523,16.028235294117646,95.53120136260986,73.52203726768494,95.53120136260986
identity,117,60.821037445078375,8.541538461538462,98.98552298545837,93.98914575576782,98.98552298545837
identity,118,54.25047892720306,12.860000000000003,91.79028272628784,51.356810331344604,91.79028272628784
identity,119,53.651678758077715,14.825185185185187,94.41260099411011,66.89424514770508,94.41260099411011
identity,120,62.48223886328725,11.3,98.98800849914551,94.00387406349182,98.98800849914551
identity,121,43.97915328050261,18.447619047619053,88.8567566871643,33.975452184677124,88.8567566871643
identity,122,55.89869281045752,3.997142857142858,95.78384757041931,75.01898407936096,95.78384757041931
identity,123,63.44455911019379,16.662105263157894,95.59988379478455,73.92898201942444,95.59988379478455
identity,124,62.946954012171396,11.152000000000001,99.17383193969727,95.10489106178284,99.17383193969727
identity,125,62.35829779673063,18.170000000000005,92.52540469169617,55.712467432022095,92.52540469169617
identity,126,64.50909125327729,14.444545454545459,99.61729645729065,97.73245453834534,99.61729645729065
identity,127,63.28745985197598,5.884285714285717,98.27663898468018,89.78895545005798,98.27663898468018
identity,128,35.714285714285715,10.73,93.02244782447815,58.657485246658325,93.02244782447815
identity,129,60.477783086478745,7.570000000000004,98.92958998680115,93.65773797035217,98.92958998680115
identity,130,62.63484798953907,13.928333333333335,99.43517446517944,96.65336608886719,99.43517446517944
identity,131,63.606934001670844,17.904210526315797,97.35378623008728,84.32098627090454,97.35378623008728
identity,132,47.23405585474551,10.73,91.18688106536865,47.78161346912384,91.18688106536865
identity,133,59.92999325236168,6.2755555555555596,99.00143146514893,94.08340454101562,99.00143146514893
identity,134,52.32582394659991,6.726153846153846,95.90330123901367,75.72675347328186,95.90330123901367
identity,135,49.50154420742656,11.91,90.95500707626343,46.40774130821228,90.95500707626343
identity,136,62.963375861926586,11.784285714285716,99.50151443481445,97.04643487930298,99.50151443481445
identity,137,65.75610656798698,10.525000000000002,98.49554300308228,91.08598232269287,98.49554300308228
identity,138,61.77248677248678,9.44923076923077,99.34490919113159,96.11853957176208,99.34490919113159
identity,139,47.928460428460426,2.8566666666666656,96.01295590400696,76.37646794319153,96.01295590400696
identity,140,64.65132818206281,20.341538461538466,99.07519817352295,94.52047944068909,99.07519817352295
identity,141,59.13551995931859,11.91,98.00350069999695,88.17059397697449,98.00350069999695
identity,142,64.51887366559174,11.336521739130436,98.51179122924805,91.1822497844696,98.51179122924805
identity,143,38.35616438356164,10.356923076923078,82.33721852302551,-4.6532973647117615,82.33721852302551
identity,144,35.41666666666667,21.27,86.5494966506958,20.304764807224274,86.5494966506958
identity,145,64.87485647412117,5.240000000000002,99.17600154876709,95.11774778366089,99.17600154876709
identity,146,61.81216931216932,6.727142857142859,99.54175353050232,97.28485345840454,99.54175353050232
identity,147,70.50996810207337,16.62333333333334,98.81401062011719,92.97292232513428,98.81401062011719
identity,148,44.24449233716475,12.421481481481482,93.0341362953186,58.72673988342285,93.0341362953186
identity,149,44.72850678733031,13.09,95.80649733543396,75.15318393707275,95.80649733543396
identity,150,97.57982880303491,16.065,97.65510559082031,86.10632419586182,97.65510559082031
identity,151,65.78331204767987,14.646666666666672,96.77426815032959,80.88729977607727,96.77426815032959
identity,152,35.714285714285715,31.200000000000006,87.85147666931152,28.019094467163086,87.85147666931152
identity,153,45.17068579568579,6.726153846153846,92.91930794715881,58.0463707447052,92.91930794715881
identity,154,46.86111111111111,6.726153846153846,94.84211206436157,69.43913102149963,94.84211206436157
identity,155,63.11177248677249,11.130000000000003,99.27549958229065,95.70727944374084,99.27549958229065
identity,156,57.07443897099069,16.462500000000002,98.45644235610962,90.8543050289154,98.45644235610962
identity,157,62.15539666064404,7.570000000000004,98.43068718910217,90.70170521736145,98.43068718910217
identity,158,40.020898641588296,12.605000000000004,88.41778635978699,31.37452006340027,88.41778635978699
identity,159,71.6564495530013,12.037500000000005,98.21212887763977,89.40672874450684,98.21212887763977
identity,160,62.984661515396155,12.62714285714286,98.59540462493896,91.67766571044922,98.59540462493896
identity,161,63.32621134061983,14.444545454545459,99.19811487197876,95.24877071380615,99.19811487197876
identity,162,37.68115942028985,13.945882352941176,86.27719283103943,18.691344559192657,86.27719283103943
identity,163,63.61568986568986,14.065384615384616,98.88960123062134,93.42080354690552,98.88960123062134
identity,164,64.58725449418647,16.34111111111111,97.44579195976257,84.86612439155579,97.44579195976257
identity,165,54.49175540259045,20.480645161290322,97.26280570030212,83.78192186355591,97.26280570030212
identity,166,61.94444444444444,11.090000000000003,99.09868240356445,94.65962648391724,99.09868240356445
identity,167,39.967320261437905,15.638095238095236,88.01994919776917,29.017305374145508,88.01994919776917
identity,168,63.014422985353214,18.704000000000004,99.03178215026855,94.26323771476746,99.03178215026855
identity,169,49.02777169709441,18.840588235294117,95.33243775367737,72.34434485435486,95.33243775367737
identity,170,43.909592822636306,8.140000000000004,94.7441577911377,68.85874271392822,94.7441577911377
identity,171,46.20629370629371,8.541538461538462,91.1247730255127,47.41361737251282,91.1247730255127
identity,172,66.0245141952459,17.88571428571429,98.51488471031189,91.20057821273804,98.51488471031189
identity,173,48.99470899470899,11.3,93.8378393650055,63.48873972892761,93.8378393650055
identity,174,41.3499929333616,10.77397435897436,87.95241117477417,28.617137670516968,87.95241117477417
identity,175,35.38812785388128,11.500000000000004,86.92293167114258,22.51739501953125,86.92293167114258
identity,176,38.21138211382114,13.891428571428573,85.11824607849121,11.824498325586319,85.11824607849121
identity,177,61.0875066800721,14.590000000000003,99.03064966201782,94.25652623176575,99.03064966201782
identity,178,53.25613275613276,9.781176470588235,96.071857213974,76.72545909881592,96.071857213974
identity,179,65.31053242863256,10.500000000000004,99.45893883705139,96.79417014122009,99.45893883705139
identity,180,53.801733980305414,19.71935483870968,94.71933245658875,68.71165037155151,94.71933245658875
identity,181,43.05555555555555,3.6700000000000017,92.44036674499512,55.208611488342285,92.44036674499512
identity,182,41.66666666666667,7.600000000000001,89.56124186515808,38.14958035945892,89.56124186515808
identity,183,37.77777777777778,4.830000000000002,85.50117015838623,14.093351364135742,85.50117015838623
identity,184,37.58169934640523,9.29547619047619,83.29278826713562,1.008524652570486,83.29278826713562
identity,185,38.76190476190476,16.2,86.6989016532898,21.19000107049942,86.6989016532898
identity,186,66.66666666666666,0.5199999999999996,91.91335439682007,52.08601951599121,91.91335439682007
identity,187,38.88888888888889,6.705000000000002,89.13010954856873,35.59508919715881,89.13010954856873
identity,188,36.66666666666667,17.81,85.03854274749756,11.35224997997284,85.03854274749756
identity,189,44.598588736519766,18.19909090909091,91.08139276504517,47.15658724308014,91.08139276504517
identity,190,37.5,9.96,87.34573721885681,25.02254843711853,87.34573721885681
identity,191,61.32260101010102,11.090000000000003,93.34627985954285,60.57621240615845,93.34627985954285
identity,192,41.77489177489178,10.350000000000001,91.207754611969,47.90529012680054,91.207754611969
identity,193,58.333333333333336,20.590000000000007,94.30849552154541,66.27740859985352,94.30849552154541
identity,194,41.581780538302276,17.493043478260876,86.83477640151978,21.995069086551666,86.83477640151978
identity,195,42.80368039664378,5.993333333333336,89.58662152290344,38.299956917762756,89.58662152290344
identity,196,37.03703703703704,8.383333333333333,89.9370014667511,40.37598371505737,89.9370014667511
identity,197,43.81183155080215,14.885689655172417,87.09286451339722,23.52425903081894,87.09286451339722
identity,198,38.88888888888889,12.605000000000004,81.15180730819702,-11.67694702744484,81.15180730819702
identity,199,38.88888888888889,15.797142857142859,91.97266697883606,52.43745446205139,91.97266697883606
identity,200,41.111111111111114,14.895384615384618,89.19107913970947,35.95633804798126,89.19107913970947
identity,201,45.83333333333333,2.890000000000004,88.52151036262512,31.989091634750366,88.52151036262512
identity,202,55.05983249124642,12.096,92.82869696617126,57.509493827819824,92.82869696617126
identity,203,39.33333333333333,13.860000000000003,82.2580873966217,-5.122155323624611,82.2580873966217
identity,204,45.13616464835977,1.0311111111111124,89.36653733253479,36.995941400527954,89.36653733253479
identity,205,38.2716049382716,10.47529411764706,87.18069791793823,24.04467910528183,87.18069791793823
identity,206,60.44202213557052,9.45625,93.68462562561035,62.5809371471405,93.68462562561035
identity,207,37.83783783783783,12.314736842105265,85.8988106250763,16.449400782585144,85.8988106250763
identity,208,53.1599605898805,5.6200000000000045,95.10777592658997,71.01320624351501,95.10777592658997
identity,209,49.7979797979798,10.73,91.04785919189453,46.95789813995361,91.04785919189453
identity,210,37.36772486772487,19.336666666666662,88.2280945777893,30.250582098960876,88.2280945777893
identity,211,34.905660377358494,16.788461538461537,87.14215755462646,23.816324770450592,87.14215755462646
identity,212,53.10172198846813,17.66181818181818,92.79543161392212,57.31239318847656,92.79543161392212
identity,213,46.49914524457628,18.01939393939394,91.43708944320679,49.26411509513855,91.43708944320679
identity,214,50.27402965184075,11.096666666666668,94.72728967666626,68.75879764556885,94.72728967666626
identity,215,55.811327595422,12.646578947368422,94.609534740448,68.06108951568604,94.609534740448
identity,216,40.041971827430025,18.08714285714286,86.10005974769592,17.641817033290863,86.10005974769592
identity,217,37.16463716463716,9.745517241379314,88.39480876922607,31.2383770942688,88.39480876922607
identity,218,65.92928724465112,7.857142857142858,94.55065727233887,67.71223545074463,94.55065727233887
identity,219,60.560004511617414,15.220000000000002,98.44647645950317,90.79525470733643,98.44647645950317
identity,220,68.47825109081911,12.568000000000001,95.65817713737488,74.2743730545044,95.65817713737488
identity,221,60.98576804563683,13.248387096774195,97.72336483001709,86.51076555252075,97.72336483001709
identity,222,39.46124068218802,17.01037037037037,86.8611752986908,22.151483595371246,86.8611752986908
identity,223,45.2281746031746,7.633846153846157,92.55634546279907,55.895793437957764,92.55634546279907
identity,224,34.61538461538462,17.323809523809526,90.25887846946716,42.28312969207764,90.25887846946716
identity,225,53.67482209456287,20.114883720930234,95.22409439086914,71.7024028301239,95.22409439086914
identity,226,47.243844118844116,6.006538461538462,91.73497557640076,51.02911591529846,91.73497557640076
identity,227,53.75596200904151,17.665714285714284,93.58923435211182,62.01573610305786,93.58923435211182
identity,228,46.284816490698844,8.771304347826089,92.80956983566284,57.396167516708374,92.80956983566284
identity,229,42.89737274220033,6.9311111111111146,92.74788498878479,57.030677795410156,92.74788498878479
identity,230,35.714285714285715,8.756666666666668,87.45179772377014,25.65096616744995,87.45179772377014
identity,231,39.94047619047619,14.895384615384618,89.45744633674622,37.53458261489868,89.45744633674622
identity,232,34.80392156862745,12.809655172413795,88.70840668678284,33.096468448638916,88.70840668678284
identity,233,53.438016232133876,15.872000000000003,93.44043731689453,61.13409996032715,93.44043731689453
identity,234,51.82208367217854,10.690000000000001,93.33652257919312,60.518401861190796,93.33652257919312
identity,235,88.06133678510308,14.149074074074075,96.67389988899231,80.29260635375977,96.67389988899231
identity,236,38.49164724164724,11.298181818181817,84.88163352012634,10.42255088686943,84.88163352012634
identity,237,52.42673655901812,7.96844827586207,91.56115651130676,49.99922215938568,91.56115651130676
identity,238,44.31331059890162,12.860000000000003,96.26230001449585,77.8538465499878,96.26230001449585
identity,239,35.87786259541985,22.14238095238095,85.14646887779236,11.991720646619797,85.14646887779236
identity,240,64.76300030558288,20.49692307692308,94.91223692893982,69.85462307929993,94.91223692893982
identity,241,56.25728960656047,21.761395348837215,93.92978549003601,64.03352618217468,93.92978549003601
identity,242,35.653078980252026,20.236818181818183,82.5831949710846,-3.19586843252182,82.5831949710846
identity,243,42.03135574103316,17.580000000000002,88.65906000137329,32.804083824157715,88.65906000137329
identity,244,35.41666666666667,12.316666666666666,89.17904496192932,35.88503301143646,89.17904496192932
identity,245,43.83295035634265,16.515000000000004,89.14806842803955,35.70149540901184,89.14806842803955
identity,246,43.49406171472415,24.918148148148152,86.99942827224731,22.970643639564514,86.99942827224731
identity,247,37.064050804666735,17.018378378378376,87.95374631881714,28.625047206878662,87.95374631881714
identity,248,41.707811348563006,11.752222222222223,91.4445161819458,49.30812120437622,91.4445161819458
identity,249,43.64628427128427,6.780000000000001,91.43290519714355,49.239325523376465,91.43290519714355
identity,250,34.862385321100916,22.614871794871792,85.32990217208862,13.07857632637024,85.32990217208862
identity,251,42.882154882154886,16.764444444444447,91.93774461746216,52.23053693771362,91.93774461746216
identity,252,36.36363636363636,12.605000000000004,86.03718280792236,17.269267141819,86.03718280792236
identity,253,36.704506363949086,13.640000000000004,88.60255479812622,32.469287514686584,88.60255479812622
identity,254,33.33333333333333,21.76000000000001,85.80393195152283,15.887238085269928,85.80393195152283
identity,255,37.49869893312516,11.624000000000002,87.6812994480133,27.010780572891235,87.6812994480133
identity,256,42.16269841269841,6.727142857142859,90.60872197151184,44.355976581573486,90.60872197151184
identity,257,39.21568627450981,17.029999999999998,86.78615093231201,21.70695960521698,86.78615093231201
identity,258,36.85751541014699,19.092121212121217,86.68709397315979,21.120038628578186,86.68709397315979
identity,259,41.85645272601795,9.910000000000004,89.81869220733643,39.67499136924744,89.81869220733643
identity,260,38.54166666666667,11.520000000000003,86.91728711128235,22.48395085334778,86.91728711128235
identity,261,47.608057317359645,13.872857142857146,91.91048741340637,52.069032192230225,91.91048741340637
identity,262,35.714285714285715,26.083333333333332,88.07580471038818,29.348254203796387,88.07580471038818
identity,263,34.375,7.633846153846157,87.41056323051453,25.406649708747864,87.41056323051453
identity,264,36.331569664903,11.796153846153846,89.25620913505554,36.34223937988281,89.25620913505554
identity,265,39.007644007644004,21.326923076923084,87.36487627029419,25.13594925403595,87.36487627029419
identity,266,38.095238095238095,5.230000000000004,84.08924341201782,5.727580934762955,84.08924341201782
identity,267,45.15913855536497,14.030344827586209,90.23650884628296,42.1505868434906,90.23650884628296
identity,268,39.7289972899729,11.706666666666667,89.02721405029297,34.98542606830597,89.02721405029297
identity,269,36.11111111111111,17.606666666666666,87.76976466178894,27.53494381904602,87.76976466178894
identity,270,41.59425723151213,12.875652173913043,87.22962737083435,24.334590137004852,87.22962737083435
identity,271,38.90977443609023,17.618461538461542,88.64004611968994,32.69142508506775,88.64004611968994
identity,272,37.659914712153515,18.845000000000002,86.79606318473816,21.76568955183029,86.79606318473816
identity,273,38.33333333333333,20.18333333333334,88.10402154922485,29.51543927192688,88.10402154922485
identity,274,38.1963958118866,11.382669902912621,85.7998788356781,15.863223373889923,85.7998788356781
identity,275,47.9893906870094,12.199310344827591,90.31091928482056,42.59147346019745,90.31091928482056
identity,276,51.95045695045696,10.053,92.06987619400024,53.013426065444946,92.06987619400024
identity,277,37.28956228956229,10.47529411764706,88.77473473548889,33.48946571350098,88.77473473548889
identity,278,37.04824385236756,15.872000000000003,83.04846286773682,-0.4391215741634369,83.04846286773682
identity,279,47.970591193996185,27.713333333333335,89.22449946403503,36.154356598854065,89.22449946403503
identity,280,43.48903263371453,15.220000000000002,87.83018589019775,27.89294421672821,87.83018589019775
identity,281,48.30151888341543,12.775000000000002,91.47637486457825,49.496886134147644,91.47637486457825
identity,282,43.21895424836602,4.823333333333334,93.17381978034973,59.55437421798706,93.17381978034973
identity,283,37.5,12.605000000000004,88.35926055908203,31.027752161026,88.35926055908203
identity,284,39.59483215946544,10.00293103448276,90.41603803634644,43.214309215545654,90.41603803634644
identity,285,56.82672244383325,11.470000000000002,93.08215975761414,59.01128053665161,93.08215975761414
identity,286,36.36363636363636,12.775000000000002,91.7625904083252,51.19273662567139,91.7625904083252
identity,287,56.519702842377264,10.356923076923078,91.07720255851746,47.13175892829895,91.07720255851746
identity,288,37.883771929824555,9.140000000000004,89.02952671051025,34.99912917613983,89.02952671051025
identity,289,39.96212121212121,14.111428571428572,92.98568367958069,58.43965411186218,92.98568367958069
identity,290,37.5,9.781176470588235,89.5164430141449,37.884142994880676,89.5164430141449
identity,291,45.28235653235653,5.993333333333336,89.55646753311157,38.12129199504852,89.55646753311157
identity,292,37.5,14.250000000000004,89.11342024803162,35.4962021112442,89.11342024803162
identity,293,41.98085901027078,14.065384615384616,92.61895418167114,56.26675486564636,92.61895418167114
identity,294,34.166666666666664,9.457142857142859,83.93040299415588,4.78643961250782,83.93040299415588
identity,295,35.0,6.705000000000002,88.15288543701172,29.804962873458862,88.15288543701172
identity,296,35.41666666666667,13.080000000000002,86.31335496902466,18.905606865882874,86.31335496902466
identity,297,36.94885361552028,16.053636363636368,86.71278953552246,21.272286772727966,86.71278953552246
identity,298,37.227668845315904,16.064117647058826,90.07728695869446,41.20718538761139,90.07728695869446
identity,299,40.76143488539418,22.519473684210528,90.01952409744263,40.864935517311096,90.01952409744263
zeroshot_gemma3,0,22.961564600166128,14.442791081750624,84.00912284851074,5.252860486507416,84.00912284851074
zeroshot_gemma3,1,40.34838870225209,11.805599710982658,84.04470086097717,5.46366274356842,84.04470086097717
zeroshot_gemma3,2,35.488572810213675,18.09376190476191,83.30287337303162,1.0682796128094196,83.30287337303162
zeroshot_gemma3,3,66.96165191740413,11.211960784313728,79.65890169143677,-20.522524416446686,79.65890169143677
zeroshot_gemma3,4,39.04903331003959,9.664331550802139,82.13330507278442,-5.861499905586243,82.13330507278442
zeroshot_gemma3,5,36.70134200216721,13.302730560578663,81.29308223724365,-10.839882493019104,81.29308223724365
zeroshot_gemma3,6,36.26706459112332,10.164838957055213,82.29202628135681,-4.9210648983716965,82.29202628135681
zeroshot_gemma3,7,39.29745657024928,12.461255411255411,82.17431902885437,-5.618489161133766,82.17431902885437
zeroshot_gemma3,8,32.986519607843135,10.49878787878788,81.64306282997131,-8.76622125506401,81.64306282997131
zeroshot_gemma3,9,52.881867998726094,12.444959677419359,82.24150538444519,-5.220405012369156,82.24150538444519
zeroshot_gemma3,10,48.12215035948424,9.383460674157305,81.98763728141785,-6.724592298269272,81.98763728141785
zeroshot_gemma3,11,39.44011262724713,15.769285714285719,82.38778710365295,-4.353674873709679,82.38778710365295
zeroshot_gemma3,12,39.804913808350236,14.277014314928426,83.3727240562439,1.4821501448750496,83.3727240562439
zeroshot_gemma3,13,50.7920369395968,13.247944785276072,83.02932977676392,-0.5524865817278624,83.02932977676392
zeroshot_gemma3,14,43.330983157070115,12.92242685025818,81.33871555328369,-10.569501668214798,81.33871555328369
zeroshot_gemma3,15,19.688398426905344,14.981927303465763,82.52021074295044,-3.56905497610569,82.52021074295044
zeroshot_gemma3,16,27.645343935003723,14.146117216117219,83.6987555027008,3.4139107912778854,83.6987555027008
zeroshot_gemma3,17,35.47254150702426,11.926047297297298,82.00849294662476,-6.601020693778992,82.00849294662476
zeroshot_gemma3,18,44.017615176151764,9.221914509331729,80.85423707962036,-13.440072536468506,80.85423707962036
zeroshot_gemma3,19,42.34038795596697,18.146470588235292,84.32114720344543,7.1016281843185425,84.32114720344543
zeroshot_gemma3,20,52.836405964722154,12.406477272727276,83.13875198364258,0.09584815707057714,83.13875198364258
zeroshot_gemma3,21,41.01175444079217,12.826951754385966,83.19719433784485,0.44212345965206623,83.19719433784485
zeroshot_gemma3,22,54.34019675131548,14.956987577639755,79.22954559326172,-23.06649088859558,79.22954559326172
zeroshot_gemma3,23,44.849534754702375,12.200109289617487,82.15603232383728,-5.726839229464531,82.15603232383728
zeroshot_gemma3,24,27.052972234460437,11.34935982339956,82.84043669700623,-1.671692170202732,82.84043669700623
zeroshot_gemma3,25,60.85675901265664,14.117490134175217,83.92069935798645,4.7289445996284485,83.92069935798645
zeroshot_gemma3,26,31.374145715950398,10.654696969696968,83.79828929901123,4.003655910491943,83.79828929901123
zeroshot_gemma3,27,43.75932647711232,16.372526946107786,80.86600303649902,-13.370358943939209,80.86600303649902
zeroshot_gemma3,28,40.800340799281834,12.856356589147289,81.54464364051819,-9.349362552165985,81.54464364051819
zeroshot_gemma3,29,61.935483870967744,9.409955089820361,79.15810942649841,-23.489755392074585,79.15810942649841
zeroshot_gemma3,30,45.730342434255206,8.872714285714284,81.8099856376648,-7.777191698551178,81.8099856376648
zeroshot_gemma3,31,15.035362785362786,11.55057090239411,83.75478982925415,3.745918348431587,83.75478982925415
zeroshot_gemma3,32,15.696177460883343,17.59123595505618,83.62221121788025,2.9603801667690277,83.62221121788025
zeroshot_gemma3,33,48.98998046312648,16.170882681564247,83.04354548454285,-0.46825744211673737,83.04354548454285
zeroshot_gemma3,34,21.735262086505767,13.570476190476189,82.85319209098816,-1.596115529537201,82.85319209098816
zeroshot_gemma3,35,40.05619104956854,18.96308695652174,80.46711087226868,-15.733824670314789,80.46711087226868
zeroshot_gemma3,36,61.103759441849725,12.956701940035277,81.25276565551758,-11.078761518001556,81.25276565551758
zeroshot_gemma3,37,46.17976321923691,11.754402173913043,82.43975639343262,-4.0457528084516525,82.43975639343262
zeroshot_gemma3,38,60.141480106743685,13.59185064935065,82.00812339782715,-6.603210419416428,82.00812339782715
zeroshot_gemma3,39,47.19725864742788,11.68280864197531,83.61048102378845,2.8908779844641685,83.61048102378845
zeroshot_gemma3,40,38.833468069196904,12.502128514056228,82.17213153839111,-5.631450191140175,82.17213153839111
zeroshot_gemma3,41,38.19939610858648,11.621111111111112,82.72919654846191,-2.3307982832193375,82.72919654846191
zeroshot_gemma3,42,55.86489801583697,11.641290684624018,81.74019455909729,-8.190708607435226,81.74019455909729
zeroshot_gemma3,43,34.3042071197411,11.892675977653635,80.70666193962097,-14.314466714859009,80.70666193962097
zeroshot_gemma3,44,35.08254716981132,8.206839826839829,82.21116065979004,-5.400199443101883,82.21116065979004
zeroshot_gemma3,45,35.02943809780432,10.751268372346217,79.76049184799194,-19.92059499025345,79.76049184799194
zeroshot_gemma3,46,32.97253662893293,12.0358803986711,84.54481959342957,8.426903933286667,84.54481959342957
zeroshot_gemma3,47,36.02745934959636,11.214392857142858,83.81433486938477,4.098727181553841,83.81433486938477
zeroshot_gemma3,48,44.00245946141772,13.786781609195405,81.50466084480286,-9.586263447999954,81.50466084480286
zeroshot_gemma3,49,51.032391937564356,11.229355095541404,82.49902725219727,-3.6945685744285583,82.49902725219727
zeroshot_gemma3,50,45.41540642486009,12.837356321839081,84.69535112380981,9.318814426660538,84.69535112380981
zeroshot_gemma3,51,19.649621212121215,10.39466666666667,82.2650671005249,-5.080799758434296,82.2650671005249
zeroshot_gemma3,52,36.53827894751651,9.154730061349696,81.47026896476746,-9.79003831744194,81.47026896476746
zeroshot_gemma3,53,44.761904761904766,11.860869883040937,81.66762590408325,-8.62068384885788,81.66762590408325
zeroshot_gemma3,54,20.803675140436066,16.643888888888892,84.0876579284668,5.7181864976882935,84.0876579284668
zeroshot_gemma3,55,38.317459334321875,15.34,79.95373010635376,-18.775643408298492,79.95373010635376
zeroshot_gemma3,56,22.847707847707845,10.84225903614458,82.24895000457764,-5.176294967532158,82.24895000457764
zeroshot_gemma3,57,36.38447191339746,13.777460317460317,84.82583165168762,10.0919209420681,84.82583165168762
zeroshot_gemma3,58,38.3635609326217,15.854079754601226,79.95085716247559,-18.792666494846344,79.95085716247559
zeroshot_gemma3,59,24.39477307062053,11.010530303030304,82.77111649513245,-2.0824195817112923,82.77111649513245
zeroshot_gemma3,60,51.20335820895523,8.764653243847878,79.16998863220215,-23.419371247291565,79.16998863220215
zeroshot_gemma3,61,29.193023833167825,14.004412510566357,83.10884833335876,-0.08133319788612425,83.10884833335876
zeroshot_gemma3,62,47.5087321865721,11.75072463768116,83.30662250518799,1.090493518859148,83.30662250518799
zeroshot_gemma3,63,44.943603676398844,11.360439121756489,82.18280673027039,-5.56819885969162,82.18280673027039
zeroshot_gemma3,64,42.29778748294219,12.118885893980238,81.81905746459961,-7.723440229892731,81.81905746459961
zeroshot_gemma3,65,27.65014892303222,9.211078921078922,83.98984670639038,5.1386479288339615,83.98984670639038
zeroshot_gemma3,66,37.36486169342497,16.144705882352945,82.17185139656067,-5.63310980796814,82.17185139656067
zeroshot_gemma3,67,24.31322185750791,11.482018072289158,83.32017660140991,1.1708025820553303,83.32017660140991
zeroshot_gemma3,68,17.73574991876005,16.579075630252103,83.39559435844421,1.6176583245396614,83.39559435844421
zeroshot_gemma3,69,31.118534082652356,18.22170491803279,85.71061491966248,15.334327518939972,85.71061491966248
zeroshot_gemma3,70,31.35292832167832,10.590216049382718,83.16339254379272,0.24184531066566706,83.16339254379272
zeroshot_gemma3,71,21.174745400277768,13.173259493670887,84.45981740951538,7.92325958609581,84.45981740951538
zeroshot_gemma3,72,42.10036876703543,11.905209302325584,81.48826360702515,-9.683418273925781,81.48826360702515
zeroshot_gemma3,73,18.763412790244573,11.606898954703833,84.63417291641235,8.956328779459,84.63417291641235
zeroshot_gemma3,74,46.11181292108823,11.822424242424244,84.5721185207367,8.588651567697525,84.5721185207367
zeroshot_gemma3,75,13.675572912004297,15.397704376548308,82.37132430076599,-4.451218247413635,82.37132430076599
zeroshot_gemma3,76,33.65948881720408,16.36,82.27607011795044,-5.015606060624123,82.27607011795044
zeroshot_gemma3,77,26.75970764953816,12.597217741935484,79.71938848495483,-20.164135098457336,79.71938848495483
zeroshot_gemma3,78,15.884624772555808,14.99438993710692,84.4641625881195,7.94900506734848,84.4641625881195
zeroshot_gemma3,79,17.020105051611203,16.38313253012048,84.04855728149414,5.486512556672096,84.04855728149414
zeroshot_gemma3,80,49.03894737627766,11.218787878787882,85.2849543094635,12.812256813049316,85.2849543094635
zeroshot_gemma3,81,28.389206109794348,12.084848484848486,81.9922149181366,-6.69746920466423,81.9922149181366
zeroshot_gemma3,82,40.431716949430374,11.303252032520323,83.73301029205322,3.616872802376747,83.73301029205322
zeroshot_gemma3,83,25.165283667259512,16.42773509933775,83.31338763237,1.1305773630738258,83.31338763237
zeroshot_gemma3,84,15.349723805606159,13.57269230769231,81.54052495956421,-9.37376618385315,81.54052495956421
zeroshot_gemma3,85,56.120827163643646,11.972083333333337,83.07282328605652,-0.2947842935100198,83.07282328605652
zeroshot_gemma3,86,36.493697657653804,9.302896551724142,81.55668377876282,-9.2780239880085,81.55668377876282
zeroshot_gemma3,87,44.24813612313612,10.469835329341318,82.56855607032776,-3.2826051115989685,82.56855607032776
zeroshot_gemma3,88,50.73450129219865,11.405265151515156,82.60090351104736,-3.090944141149521,82.60090351104736
zeroshot_gemma3,89,48.58778625954198,11.13393103448276,79.66567873954773,-20.482370257377625,79.66567873954773
zeroshot_gemma3,90,18.193789617056943,12.001843317972352,82.28541016578674,-4.960265755653381,82.28541016578674
zeroshot_gemma3,91,32.6629678059884,15.492116564417177,83.92704129219055,4.766521230340004,83.92704129219055
zeroshot_gemma3,92,22.867228734380397,12.336904761904766,83.3346962928772,1.2568327598273754,83.3346962928772
zeroshot_gemma3,93,38.505318116399565,12.10523517382413,82.6158881187439,-3.002159297466278,82.6158881187439
zeroshot_gemma3,94,54.29012345679013,13.851842485549135,79.79004383087158,-19.745497405529022,79.79004383087158
zeroshot_gemma3,95,31.546121593291403,11.832948717948721,82.60480761528015,-3.0678119510412216,82.60480761528015
zeroshot_gemma3,96,35.78986403283079,12.962857142857146,82.05328583717346,-6.3356198370456696,82.05328583717346
zeroshot_gemma3,97,31.37778600585197,12.843366564417177,82.97870755195618,-0.8524270728230476,82.97870755195618
zeroshot_gemma3,98,42.8011803011803,11.115094339622644,82.91599154472351,-1.2240240350365639,82.91599154472351
zeroshot_gemma3,99,32.30619161094199,9.95211403980635,84.54370498657227,8.420299738645554,84.54370498657227
zeroshot_gemma3,100,31.280940782776767,11.86814285714286,84.41500663757324,7.657752186059952,84.41500663757324
zeroshot_gemma3,101,41.25317055453985,9.985780885780887,82.85291194915771,-1.5977753326296806,82.85291194915771
zeroshot_gemma3,102,22.725236766716836,10.602887931034484,82.92640447616577,-1.1623266153037548,82.92640447616577
zeroshot_gemma3,103,24.050279866303605,12.907065637065639,83.81534814834595,4.104730859398842,83.81534814834595
zeroshot_gemma3,104,26.04459226410446,10.763636363636369,80.60111999511719,-14.939810335636139,80.60111999511719
zeroshot_gemma3,105,25.128205128205128,14.03760355029586,82.94207453727722,-1.0694803670048714,82.94207453727722
zeroshot_gemma3,106,41.43982621320447,14.675204081632653,83.34080576896667,1.2930318713188171,83.34080576896667
zeroshot_gemma3,107,54.80553592212177,18.226700636942677,82.53111839294434,-3.504426032304764,82.53111839294434
zeroshot_gemma3,108,65.14005602240897,11.306666666666668,81.51650428771973,-9.516090154647827,81.51650428771973
zeroshot_gemma3,109,37.1186368524239,7.688573964497042,84.10505056381226,5.821239203214645,84.10505056381226
zeroshot_gemma3,110,26.997863247863247,14.730151515151515,83.50312113761902,2.254762500524521,83.50312113761902
zeroshot_gemma3,111,23.375894285362723,11.23420597484277,81.81415796279907,-7.752469927072525,81.81415796279907
zeroshot_gemma3,112,31.275814913627244,10.113,85.06996631622314,11.538437008857727,85.06996631622314
zeroshot_gemma3,113,36.10644257703081,11.546500000000002,82.02793598175049,-6.4858198165893555,82.02793598175049
zeroshot_gemma3,114,15.377051308399226,13.983304597701153,80.81549406051636,-13.669627904891968,80.81549406051636
zeroshot_gemma3,115,16.455164522174833,9.092418604651161,84.35189723968506,7.283823937177658,84.35189723968506
zeroshot_gemma3,116,53.75,13.455850591715976,81.7200243473053,-8.310218900442123,81.7200243473053
zeroshot_gemma3,117,27.6984126984127,11.268740740740743,82.82132744789124,-1.7849158495664597,82.82132744789124
zeroshot_gemma3,118,36.09787975827163,11.189308176100631,83.25908780097961,0.8088468573987484,83.25908780097961
zeroshot_gemma3,119,30.319676051733442,11.353451676528604,81.27382397651672,-10.953989624977112,81.27382397651672
zeroshot_gemma3,120,13.240361003518897,14.493728661275835,83.44289064407349,1.8978923559188843,83.44289064407349
zeroshot_gemma3,121,38.10807503926517,13.595525727069354,83.7151825428009,3.5112421959638596,83.7151825428009
zeroshot_gemma3,122,23.466810966810968,9.630394304490693,82.28505849838257,-4.962349310517311,82.28505849838257
zeroshot_gemma3,123,23.192187428353183,16.514418604651166,83.62402319908142,2.97111626714468,83.62402319908142
zeroshot_gemma3,124,25.7910315093956,11.119204545454547,83.4334135055542,1.8417395651340485,83.4334135055542
zeroshot_gemma3,125,30.252317906360233,14.777500000000003,82.26802349090576,-5.063283070921898,82.26802349090576
zeroshot_gemma3,126,30.658147424184673,15.98126829268293,84.12829041481018,5.958937108516693,84.12829041481018
zeroshot_gemma3,127,30.66664031203879,13.192727272727275,82.76466727256775,-2.1206315606832504,82.76466727256775
zeroshot_gemma3,128,53.166915052160945,11.339849397590363,80.72168827056885,-14.225435256958008,80.72168827056885
zeroshot_gemma3,129,46.446535387559116,10.469643274853805,83.89420509338379,4.571964219212532,83.89420509338379
zeroshot_gemma3,130,27.377498534333494,13.80261904761905,83.1597626209259,0.2203377429395914,83.1597626209259
zeroshot_gemma3,131,23.296931953128645,15.742990810359235,83.19884538650513,0.4519060719758272,83.19884538650513
zeroshot_gemma3,132,58.22222222222222,13.324007707129095,81.12300634384155,-11.847595125436783,81.12300634384155
zeroshot_gemma3,133,27.090520418693792,11.286666666666669,83.89070630073547,4.551233723759651,83.89070630073547
zeroshot_gemma3,134,30.51561009497739,8.097225672877848,83.09666514396667,-0.15351950423792005,83.09666514396667
zeroshot_gemma3,135,45.837086443815636,11.9823877245509,82.75964856147766,-2.150367945432663,82.75964856147766
zeroshot_gemma3,136,16.25027914062625,13.557984344422703,82.5073778629303,-3.6450907588005066,82.5073778629303
zeroshot_gemma3,137,10.580065359477125,10.660660130718956,83.24139714241028,0.7040283642709255,83.24139714241028
zeroshot_gemma3,138,21.944112306806606,11.029166666666669,80.39652705192566,-16.152039170265198,80.39652705192566
zeroshot_gemma3,139,57.564318816280256,11.493096646942803,82.81068205833435,-1.8479906022548676,82.81068205833435
zeroshot_gemma3,140,16.94432111098778,11.283629191321502,82.53098130226135,-3.5052385181188583,82.53098130226135
zeroshot_gemma3,141,29.659821451308904,15.740759493670886,82.59575366973877,-3.1214574351906776,82.59575366973877
zeroshot_gemma3,142,18.668060126748763,10.817899159663867,84.00611877441406,5.235061049461365,84.00611877441406
zeroshot_gemma3,143,40.19008602063415,13.46867469879518,78.28004956245422,-28.692325949668884,78.28004956245422
zeroshot_gemma3,144,35.8994708994709,11.384048780487806,80.28245568275452,-16.827920079231262,80.28245568275452
zeroshot_gemma3,145,25.42327900799207,6.03429850746269,83.97316336631775,5.039797723293304,83.97316336631775
zeroshot_gemma3,146,53.6342445225812,10.13236094674556,84.62799191474915,8.91970545053482,84.62799191474915
zeroshot_gemma3,147,26.654738666241734,11.22261044176707,83.82899761199951,4.185605049133301,83.82899761199951
zeroshot_gemma3,148,36.7813278302817,9.88376404494382,83.74465703964233,3.6858808249235153,83.74465703964233
zeroshot_gemma3,149,40.528686581318155,12.159473684210528,82.8221321105957,-1.780148223042488,82.8221321105957
zeroshot_gemma3,150,20.179747571843833,16.740317880794702,82.42024779319763,-4.161342605948448,82.42024779319763
zeroshot_gemma3,151,19.494046115563147,14.827662337662343,83.5284411907196,2.4047857150435448,83.5284411907196
zeroshot_gemma3,152,62.878787878787875,11.86814285714286,80.73350191116333,-14.155438542366028,80.73350191116333
zeroshot_gemma3,153,34.42734878101044,10.67032558139535,81.47984147071838,-9.733320027589798,81.47984147071838
zeroshot_gemma3,154,29.853479853479854,12.181991951710263,81.36204481124878,-10.431274026632309,81.36204481124878
zeroshot_gemma3,155,43.99954212454212,14.88758064516129,83.51582288742065,2.3300213739275932,83.51582288742065
zeroshot_gemma3,156,21.322210269775464,15.426923076923078,83.62613916397095,2.9836535453796387,83.62613916397095
zeroshot_gemma3,157,21.2433107801532,10.046477272727277,82.22659230232239,-5.308765918016434,82.22659230232239
zeroshot_gemma3,158,61.644444444444446,11.171785714285715,80.78122138977051,-13.872696459293365,80.78122138977051
zeroshot_gemma3,159,29.629210658622423,11.663008130081302,83.62565040588379,2.9807576909661293,83.62565040588379
zeroshot_gemma3,160,26.817915200268143,13.108620689655172,82.89548754692078,-1.345511805266142,82.89548754692078
zeroshot_gemma3,161,32.571749238415904,10.539569892473121,83.55914950370789,2.586734853684902,83.55914950370789
zeroshot_gemma3,162,53.85364842454394,14.057327188940096,81.48126602172852,-9.724880009889603,81.48126602172852
zeroshot_gemma3,163,22.291093595049347,11.015447154471545,84.14828777313232,6.077422946691513,84.14828777313232
zeroshot_gemma3,164,25.940099360157497,17.228380952380956,82.49458074569702,-3.7209145724773407,82.49458074569702
zeroshot_gemma3,165,31.994569270674134,11.835113871635613,83.1971287727356,0.4417350050061941,83.1971287727356
zeroshot_gemma3,166,21.3968710639031,9.21357342657343,83.15437436103821,0.18841191194951534,83.15437436103821
zeroshot_gemma3,167,34.02157627183426,10.500367610531548,82.40249156951904,-4.266549646854401,82.40249156951904
zeroshot_gemma3,168,13.400764895330111,13.486707317073172,82.79981017112732,-1.9124073907732964,82.79981017112732
zeroshot_gemma3,169,31.964383967298165,8.69826589595376,84.03046727180481,5.37932775914669,84.03046727180481
zeroshot_gemma3,170,44.12386607606598,14.297360248447209,83.45047235488892,1.942814514040947,83.45047235488892
zeroshot_gemma3,171,34.637304331773564,10.724523809523813,80.87804913520813,-13.298985362052917,80.87804913520813
zeroshot_gemma3,172,13.148133785110025,16.41737654320988,82.34195709228516,-4.625220969319344,82.34195709228516
zeroshot_gemma3,173,37.088295974357926,12.629722222222224,83.4246575832367,1.7898602411150932,83.4246575832367
zeroshot_gemma3,174,45.963106382548304,12.016212121212124,82.80534744262695,-1.8795985728502274,82.80534744262695
zeroshot_gemma3,175,53.65258764420887,10.732469135802468,81.43180012702942,-10.017968714237213,81.43180012702942
zeroshot_gemma3,176,40.502537080405936,14.108684554973824,81.88807368278503,-7.314514368772507,81.88807368278503
zeroshot_gemma3,177,24.084283466651517,13.412554112554112,84.48125720024109,8.050291985273361,84.48125720024109
zeroshot_gemma3,178,49.01127197758884,13.029541446208114,82.13883638381958,-5.828726291656494,82.13883638381958
zeroshot_gemma3,179,30.413467361926276,13.219907834101384,83.4765374660492,2.097252383828163,83.4765374660492
zeroshot_gemma3,180,33.193247791298944,20.17040449438203,82.99272656440735,-0.7693633437156677,82.99272656440735
zeroshot_gemma3,181,53.18087934910365,8.619785495403473,79.38112616539001,-22.168365120887756,79.38112616539001
zeroshot_gemma3,182,56.3026367571822,9.854583333333334,81.70284032821655,-8.412035554647446,81.70284032821655
zeroshot_gemma3,183,38.81944444444444,9.947333333333333,78.90951037406921,-24.96272325515747,78.90951037406921
zeroshot_gemma3,184,54.63441853792731,12.119205409974644,78.93457412719727,-24.814219772815704,78.93457412719727
zeroshot_gemma3,185,56.53900348105015,9.728709844559589,81.94037079811096,-7.0046499371528625,81.94037079811096
zeroshot_gemma3,186,7.407407407407408,7.97885480572597,79.98490333557129,-18.590940535068512,79.98490333557129
zeroshot_gemma3,187,39.59152468326781,11.109875739644973,81.00812435150146,-12.528279423713684,81.00812435150146
zeroshot_gemma3,188,37.307256235827666,14.053992673992678,80.44198751449585,-15.882682800292969,80.44198751449585
zeroshot_gemma3,189,45.432781058579266,13.943484848484847,83.61729979515076,2.9312796890735626,83.61729979515076
zeroshot_gemma3,190,57.661691542288565,12.765882352941176,80.74141144752502,-14.108572900295258,80.74141144752502
zeroshot_gemma3,191,15.925420008955065,10.950299625468165,82.18268156051636,-5.568940564990044,82.18268156051636
zeroshot_gemma3,192,56.18437118437119,10.679575371549898,82.13009238243103,-5.8805350214242935,82.13009238243103
zeroshot_gemma3,193,58.728444667671184,12.165000000000003,81.6032886505127,-9.00188684463501,81.6032886505127
zeroshot_gemma3,194,57.37861131975276,15.871428571428574,81.94899559020996,-6.953547149896622,81.94899559020996
zeroshot_gemma3,195,31.394778075256642,14.821473988439305,81.34228587150574,-10.548347234725952,81.34228587150574
zeroshot_gemma3,196,55.00709954417552,10.440204498977508,82.24073648452759,-5.224960669875145,82.24073648452759
zeroshot_gemma3,197,57.37199202443987,11.711710843373496,81.6159188747406,-8.927051723003387,81.6159188747406
zeroshot_gemma3,198,53.00719976005471,16.023900621118013,81.05419874191284,-12.255284935235977,81.05419874191284
zeroshot_gemma3,199,34.80857800805987,10.082424242424242,80.57787418365479,-15.077543258666992,80.57787418365479
zeroshot_gemma3,200,51.03615520282187,12.477992424242426,80.31538724899292,-16.632798314094543,80.31538724899292
zeroshot_gemma3,201,63.888888888888886,9.04969696969697,78.47002744674683,-27.566692233085632,78.47002744674683
zeroshot_gemma3,202,51.56385466340977,12.335238095238097,83.1432580947876,0.12254719622433186,83.1432580947876
zeroshot_gemma3,203,44.32309221329185,14.13464499572284,78.68052124977112,-26.31950080394745,78.68052124977112
zeroshot_gemma3,204,36.7393648668749,8.286018404907978,80.98770380020142,-12.649272382259369,80.98770380020142
zeroshot_gemma3,205,40.495987681670826,12.721926910299004,81.2576413154602,-11.049872636795044,81.2576413154602
zeroshot_gemma3,206,34.077607155708826,10.530291595197259,84.66818332672119,9.157843142747879,84.66818332672119
zeroshot_gemma3,207,38.27845903439358,12.81743026204565,80.62873482704163,-14.776191115379333,80.62873482704163
zeroshot_gemma3,208,45.33740366556793,12.220086206896557,81.78015351295471,-7.953949272632599,81.78015351295471
zeroshot_gemma3,209,29.579702704702708,10.213772151898734,82.4253797531128,-4.1309356689453125,82.4253797531128
zeroshot_gemma3,210,50.07261333429558,10.809821428571428,81.71606659889221,-8.333668857812881,81.71606659889221
zeroshot_gemma3,211,35.90005099439062,14.32114285714286,81.0592532157898,-12.225337326526642,81.0592532157898
zeroshot_gemma3,212,29.54720790696173,12.542264808362372,82.34494924545288,-4.607492312788963,82.34494924545288
zeroshot_gemma3,213,47.657867087772374,15.121572273879966,82.82468318939209,-1.7650328576564789,82.82468318939209
zeroshot_gemma3,214,30.74153772419323,13.261777003484323,82.92865753173828,-1.148977130651474,82.92865753173828
zeroshot_gemma3,215,23.07058077092349,13.09143165467626,84.50376987457275,8.183681219816208,84.50376987457275
zeroshot_gemma3,216,45.36740500985867,15.478666666666669,81.97551369667053,-6.7964255809783936,81.97551369667053
zeroshot_gemma3,217,52.11652858824202,11.689801587301591,82.14980363845825,-5.763744562864304,82.14980363845825
zeroshot_gemma3,218,17.65624044112627,11.421333333333333,83.10511708259583,-0.10344113688915968,83.10511708259583
zeroshot_gemma3,219,34.17596129360835,11.988809523809529,84.5652163028717,8.54775533080101,84.5652163028717
zeroshot_gemma3,220,51.43501639450043,9.449335459861775,83.04985761642456,-0.4308575764298439,83.04985761642456
zeroshot_gemma3,221,17.09074958786667,9.115598591549297,82.13285803794861,-5.864148586988449,82.13285803794861
zeroshot_gemma3,222,39.90899427072349,8.569571428571429,83.1162691116333,-0.037364536547102034,83.1162691116333
zeroshot_gemma3,223,26.77510398098633,12.0826278659612,81.42601251602173,-10.052260756492615,81.42601251602173
zeroshot_gemma3,224,35.294117647058826,12.473767798466596,81.7556619644165,-8.099063485860825,81.7556619644165
zeroshot_gemma3,225,28.098258411048732,10.030773694390717,83.66617560386658,3.2208725810050964,83.66617560386658
zeroshot_gemma3,226,39.05169377692598,10.988132530120481,80.98639249801636,-12.657041847705841,80.98639249801636
zeroshot_gemma3,227,28.90735177759875,14.228712121212123,82.25484490394592,-5.141367018222809,82.25484490394592
zeroshot_gemma3,228,57.85959384365926,12.718617021276597,82.56560564041138,-3.3000867813825607,82.56560564041138
zeroshot_gemma3,229,30.12733995941092,9.835423841059605,83.50830078125,2.2854523733258247,83.50830078125
zeroshot_gemma3,230,36.59219311761685,10.367811860940698,79.62803840637207,-20.705391466617584,79.62803840637207
zeroshot_gemma3,231,45.84580904979529,14.29866666666667,82.11497664451599,-5.9700969606637955,82.11497664451599
zeroshot_gemma3,232,34.05895691609977,12.324934640522876,80.55304288864136,-15.224671363830566,80.55304288864136
zeroshot_gemma3,233,45.367226822374576,14.889682080924853,84.16166305541992,6.156672537326813,84.16166305541992
zeroshot_gemma3,234,32.65518849229717,9.632666666666669,82.64005184173584,-2.8589874505996704,82.64005184173584
zeroshot_gemma3,235,42.76938399454725,17.712919254658384,85.59887409210205,14.672255516052246,85.59887409210205
zeroshot_gemma3,236,40.88852340378426,10.09477477477478,82.1771502494812,-5.601713806390762,82.1771502494812
zeroshot_gemma3,237,41.52079421252708,11.482018072289158,82.8216016292572,-1.7832912504673004,82.8216016292572
zeroshot_gemma3,238,43.643874872297125,12.067083333333336,83.22546482086182,0.6096282042562962,83.22546482086182
zeroshot_gemma3,239,47.29232847956112,16.95830870279146,81.13664388656616,-11.766791343688965,81.13664388656616
zeroshot_gemma3,240,21.70018819101388,12.748429360694555,82.00311064720154,-6.632911413908005,82.00311064720154
zeroshot_gemma3,241,21.252317100740385,16.042645502645506,82.30329751968384,-4.8542819917202,82.30329751968384
zeroshot_gemma3,242,36.519655770985395,13.386028106508878,80.70990443229675,-14.295254647731781,80.70990443229675
zeroshot_gemma3,243,50.826217765689194,13.173970588235296,80.3855299949646,-16.217197477817535,80.3855299949646
zeroshot_gemma3,244,53.57142857142857,13.901739130434787,82.50753879547119,-3.6441370844841003,82.50753879547119
zeroshot_gemma3,245,35.1072122322167,8.757111801242235,82.41477608680725,-4.1937630623579025,82.41477608680725
zeroshot_gemma3,246,48.70779280180207,11.657173913043483,82.98205137252808,-0.8326146751642227,82.98205137252808
zeroshot_gemma3,247,33.741199810596854,15.031956521739133,82.83699154853821,-1.6921048983931541,82.83699154853821
zeroshot_gemma3,248,45.16048817179825,10.213634105960264,81.86378479003906,-7.458427548408508,81.86378479003906
zeroshot_gemma3,249,39.535669704766946,12.901733870967742,82.0178747177124,-6.545433402061462,82.0178747177124
zeroshot_gemma3,250,35.27196074365886,15.398538587848936,79.84322905540466,-19.43037062883377,79.84322905540466
zeroshot_gemma3,251,36.34588450764921,12.54043392504931,81.75567388534546,-8.098992705345154,81.75567388534546
zeroshot_gemma3,252,46.09580052493438,11.569542168674701,80.31871914863586,-16.613057255744934,80.31871914863586
zeroshot_gemma3,253,33.39013589520689,8.265294117647063,81.72653317451477,-8.271653950214386,81.72653317451477
zeroshot_gemma3,254,50.70826576244533,12.742276422764228,79.62511777877808,-20.722696185112,79.62511777877808
zeroshot_gemma3,255,36.82266009852217,6.719761904761906,81.63573741912842,-8.80962535738945,81.63573741912842
zeroshot_gemma3,256,29.028822055137844,10.928787878787883,81.2818706035614,-10.906312614679337,81.2818706035614
zeroshot_gemma3,257,58.96156760695812,13.299818016378527,82.39766955375671,-4.295120388269424,82.39766955375671
zeroshot_gemma3,258,35.24271345877527,13.798676470588237,81.35146498680115,-10.493960231542587,81.35146498680115
zeroshot_gemma3,259,44.03300403300403,10.296969696969697,81.80660605430603,-7.7972158789634705,81.80660605430603
zeroshot_gemma3,260,39.34891905480141,14.42540094339623,79.60484623908997,-20.84280699491501,79.60484623908997
zeroshot_gemma3,261,40.694790808016506,10.853792134831462,83.43510031700134,1.851734146475792,83.43510031700134
zeroshot_gemma3,262,55.698005698005694,10.15922241280732,78.415846824646,-27.88771688938141,78.415846824646
zeroshot_gemma3,263,35.479797979797986,10.320853658536588,80.59655427932739,-14.96686339378357,80.59655427932739
zeroshot_gemma3,264,37.878787878787875,11.979608433734942,82.28216767311096,-4.979477822780609,82.28216767311096
zeroshot_gemma3,265,38.53275763298542,14.102106741573035,81.83626532554626,-7.621482759714127,81.83626532554626
zeroshot_gemma3,266,39.14418914418914,10.522210526315792,78.13757658004761,-29.53648865222931,78.13757658004761
zeroshot_gemma3,267,37.02597767830165,9.376000000000005,83.85554552078247,4.342903196811676,83.85554552078247
zeroshot_gemma3,268,38.212250712250714,11.115094339622644,80.83606362342834,-13.547752797603607,80.83606362342834
zeroshot_gemma3,269,54.12393162393162,12.495535714285715,80.49302697181702,-15.580269694328308,80.49302697181702
zeroshot_gemma3,270,54.19182713941968,12.007246376811597,83.28601717948914,0.9684054180979729,83.28601717948914
zeroshot_gemma3,271,55.33234811921638,14.1100328407225,83.40578079223633,1.678013801574707,83.40578079223633
zeroshot_gemma3,272,54.76630396562731,10.977974025974028,81.9553554058075,-6.91586509346962,81.9553554058075
zeroshot_gemma3,273,49.34154648810906,14.844703832752618,82.21718072891235,-5.36453016102314,82.21718072891235
zeroshot_gemma3,274,38.11844466559109,12.969124352331608,84.94653105735779,10.80707386136055,84.94653105735779
zeroshot_gemma3,275,48.68608924590167,12.424895666131622,83.94153714179993,4.8524100333452225,83.94153714179993
zeroshot_gemma3,276,32.418380842918374,11.005554913294798,81.98798298835754,-6.7225441336631775,81.98798298835754
zeroshot_gemma3,277,37.571969696969695,11.682238095238095,81.72550797462463,-8.277727663516998,81.72550797462463
zeroshot_gemma3,278,38.06680550764622,10.812798573975048,80.33708333969116,-16.50424748659134,80.33708333969116
zeroshot_gemma3,279,45.411372810525855,16.72943820224719,81.58179521560669,-9.12923663854599,81.58179521560669
zeroshot_gemma3,280,47.75956354965789,10.525356687898093,82.01830387115479,-6.542890518903732,82.01830387115479
zeroshot_gemma3,281,40.50621528024007,12.460906862745102,82.30119347572327,-4.8667483031749725,82.30119347572327
zeroshot_gemma3,282,44.66376684135368,11.978322784810128,81.89088702201843,-7.297844439744949,81.89088702201843
zeroshot_gemma3,283,37.78490028490029,12.933750000000003,80.39451241493225,-16.16397649049759,80.39451241493225
zeroshot_gemma3,284,40.321209026961235,10.194198031268098,82.04442262649536,-6.388135254383087,82.04442262649536
zeroshot_gemma3,285,31.964098532494763,11.912056451612909,83.0872118473053,-0.2095310017466545,83.0872118473053
zeroshot_gemma3,286,37.06050585217252,12.900950598802396,81.65157437324524,-8.715789765119553,81.65157437324524
zeroshot_gemma3,287,54.30288278972489,15.165000000000003,81.6539466381073,-8.701734244823456,81.6539466381073
zeroshot_gemma3,288,39.098336304218655,12.499715956558067,80.78224062919617,-13.866657018661499,80.78224062919617
zeroshot_gemma3,289,60.6992337164751,14.471139240506332,80.79785108566284,-13.774164021015167,80.79785108566284
zeroshot_gemma3,290,51.15778750836222,10.45348372781065,81.40144348144531,-10.197833925485611,81.40144348144531
zeroshot_gemma3,291,49.76745178358081,8.938333333333336,80.88542819023132,-13.255263864994049,80.88542819023132
zeroshot_gemma3,292,35.1083153606518,11.882123142250531,81.37989044189453,-10.325537621974945,81.37989044189453
zeroshot_gemma3,293,41.462502144289125,12.68873015873016,83.45872759819031,1.991727575659752,83.45872759819031
zeroshot_gemma3,294,35.05606523955148,13.461987577639757,79.10668849945068,-23.794429004192352,79.10668849945068
zeroshot_gemma3,295,44.45319588668213,11.35477777777778,81.15156888961792,-11.678359657526016,81.15156888961792
zeroshot_gemma3,296,52.87846481876333,13.479204545454547,80.89545369148254,-13.195861876010895,80.89545369148254
zeroshot_gemma3,297,47.63495638495638,15.5361797752809,79.96519207954407,-18.70773136615753,79.96519207954407
zeroshot_gemma3,298,38.35179765886288,11.001054469273743,82.95921087265015,-0.9679462760686874,82.95921087265015
zeroshot_gemma3,299,44.86363636363637,11.376157894736846,82.7268898487091,-2.3444656282663345,82.7268898487091
zeroshot_qwen3,0,28.014931927975407,12.402758620689657,94.13074254989624,65.2242124080658,94.13074254989624
zeroshot_qwen3,1,56.666666666666664,10.562500000000004,90.50339460372925,43.73190402984619,90.50339460372925
zeroshot_qwen3,2,40.40166738297964,9.901157894736844,88.91637325286865,34.32868421077728,88.91637325286865
zeroshot_qwen3,3,68.11681368618015,8.76846153846154,85.73552966117859,15.481948852539062,85.73552966117859
zeroshot_qwen3,4,31.38867204440975,10.442826086956522,87.01051473617554,23.036330938339233,87.01051473617554
zeroshot_qwen3,5,37.087087087087085,12.973972602739725,85.41569113731384,13.586881756782532,85.41569113731384
zeroshot_qwen3,6,39.439948135600304,12.407777777777778,88.45406174659729,31.589454412460327,88.45406174659729
zeroshot_qwen3,7,38.65063969607286,11.223620689655174,87.97265887260437,28.737106919288635,87.97265887260437
zeroshot_qwen3,8,12.05556086070792,8.350000000000005,87.61742115020752,26.632297039031982,87.61742115020752
zeroshot_qwen3,9,50.17507002801119,7.570000000000004,92.05633997917175,52.93322205543518,92.05633997917175
zeroshot_qwen3,10,46.68207702045666,12.858518518518522,91.320139169693,48.57117831707001,91.320139169693
zeroshot_qwen3,11,39.51920069530907,12.83545454545455,90.83045721054077,45.66977620124817,90.83045721054077
zeroshot_qwen3,12,40.70716005700526,16.386666666666667,91.66116714477539,50.59179067611694,91.66116714477539
zeroshot_qwen3,13,52.083063994828706,4.823333333333334,94.67499852180481,68.44896674156189,94.67499852180481
zeroshot_qwen3,14,44.12197853958751,9.910000000000004,89.64591026306152,38.65124583244324,89.64591026306152
zeroshot_qwen3,15,14.140318745581904,12.03741379310345,88.30080032348633,30.681368708610535,88.30080032348633
zeroshot_qwen3,16,15.259487294548272,22.667878787878788,91.26521348953247,48.24573993682861,91.26521348953247
zeroshot_qwen3,17,64.81481481481481,5.993333333333336,89.00057077407837,34.82756018638611,89.00057077407837
zeroshot_qwen3,18,48.98148148148149,5.682857142857145,91.38109087944031,48.93231987953186,91.38109087944031
zeroshot_qwen3,19,61.28258925637501,10.580952380952379,95.41226625442505,72.81733751296997,95.41226625442505
zeroshot_qwen3,20,39.3367889420521,16.220000000000006,92.6356852054596,56.365883350372314,92.6356852054596
zeroshot_qwen3,21,44.567771417565424,8.566470588235294,87.40436434745789,25.36991834640503,87.40436434745789
zeroshot_qwen3,22,55.15432098765432,9.087500000000002,86.55521273612976,20.33863216638565,86.55521273612976
zeroshot_qwen3,23,46.38082052076476,9.087500000000002,88.41581344604492,31.362831592559814,88.41581344604492
zeroshot_qwen3,24,40.2985842985843,10.713333333333338,96.4322566986084,78.86085510253906,96.4322566986084
zeroshot_qwen3,25,46.93179340223054,15.872000000000003,88.62497210502625,32.602110505104065,88.62497210502625
zeroshot_qwen3,26,21.074851074851075,10.098571428571429,98.43568205833435,90.73129892349243,98.43568205833435
zeroshot_qwen3,27,47.83868092691622,9.209473684210526,88.87064456939697,34.05773937702179,88.87064456939697
zeroshot_qwen3,28,39.41279442220629,20.32679775280899,85.5844795703888,14.58696722984314,85.5844795703888
zeroshot_qwen3,29,62.5,3.6700000000000017,84.76846218109131,9.752002358436584,84.76846218109131
zeroshot_qwen3,30,50.25454453968453,10.501428571428573,91.96902513504028,52.4158775806427,91.96902513504028
zeroshot_qwen3,31,21.145781755308867,16.674193548387098,95.08947730064392,70.90478539466858,95.08947730064392
zeroshot_qwen3,32,14.36472814556306,16.589090909090917,94.19311881065369,65.59379696846008,94.19311881065369
zeroshot_qwen3,33,22.77884671045015,9.457142857142859,91.47967100143433,49.5164155960083,91.47967100143433
zeroshot_qwen3,34,15.445858706405048,21.697560975609758,90.63094854354858,44.48767006397247,90.63094854354858
zeroshot_qwen3,35,35.720497876569986,12.29909090909091,84.32070016860962,7.098979502916336,84.32070016860962
zeroshot_qwen3,36,42.36111111111111,8.609736842105267,86.4051103591919,19.44926530122757,86.4051103591919
zeroshot_qwen3,37,38.0851062983798,8.541538461538462,94.04615759849548,64.72303867340088,94.04615759849548
zeroshot_qwen3,38,55.631371918136615,14.00967741935484,88.95812034606934,34.576040506362915,88.95812034606934
zeroshot_qwen3,39,59.429866304866295,7.156481481481482,91.64726138114929,50.50939917564392,91.64726138114929
zeroshot_qwen3,40,36.828835749950954,12.379594936708866,86.748605966568,21.484501659870148,86.748605966568
zeroshot_qwen3,41,36.75804468128715,8.091111111111115,87.74357438087463,27.37976312637329,87.74357438087463
zeroshot_qwen3,42,46.71598041662824,13.023333333333337,88.48205804824829,31.75533413887024,88.48205804824829
zeroshot_qwen3,43,33.33333333333333,15.334117647058822,84.17225480079651,6.219429522752762,84.17225480079651
zeroshot_qwen3,44,53.682659932659924,7.090212765957446,87.14776039123535,23.849521577358246,87.14776039123535
zeroshot_qwen3,45,46.18331436806041,18.617499999999996,84.78847742080688,9.87059473991394,84.78847742080688
zeroshot_qwen3,46,43.439286763294696,12.629999999999999,95.32341361045837,72.29087948799133,95.32341361045837
zeroshot_qwen3,47,47.640401421690534,11.765714285714285,91.21589660644531,47.9535311460495,91.21589660644531
zeroshot_qwen3,48,15.895683990442055,5.408333333333335,87.92816400527954,28.473472595214844,87.92816400527954
zeroshot_qwen3,49,52.680991694555246,8.276363636363637,90.36328792572021,42.90176331996918,90.36328792572021
zeroshot_qwen3,50,42.972914672565125,11.48,88.14258575439453,29.74393665790558,88.14258575439453
zeroshot_qwen3,51,19.131182514803204,9.209473684210526,93.20489168167114,59.73847508430481,93.20489168167114
zeroshot_qwen3,52,38.776200868418,7.212862318840582,85.8721673488617,16.291537880897522,85.8721673488617
zeroshot_qwen3,53,44.44444444444445,10.392500000000002,87.10150122642517,23.57543259859085,87.10150122642517
zeroshot_qwen3,54,19.34518216470171,13.945882352941176,97.15597629547119,83.14895033836365,97.15597629547119
zeroshot_qwen3,55,45.201459937843985,15.532258064516128,89.09099102020264,35.36330759525299,89.09099102020264
zeroshot_qwen3,56,38.60948163484396,4.662500000000001,96.72607779502869,80.60176968574524,96.72607779502869
zeroshot_qwen3,57,35.02922278593263,7.735384615384614,85.77774167060852,15.732058882713318,85.77774167060852
zeroshot_qwen3,58,41.476598302156106,12.565000000000005,83.71413946151733,3.5050619393587112,83.71413946151733
zeroshot_qwen3,59,33.4859614975894,6.310588235294119,94.64356303215027,68.26271414756775,94.64356303215027
zeroshot_qwen3,60,50.17857142857143,6.726153846153846,86.58139705657959,20.493777096271515,86.58139705657959
zeroshot_qwen3,61,45.452370217501795,9.284347826086957,92.91090369224548,57.99657702445984,92.91090369224548
zeroshot_qwen3,62,39.07457188371167,7.850952380952382,88.85579109191895,33.96973013877869,88.85579109191895
zeroshot_qwen3,63,36.714552647215186,8.39294117647059,91.35492444038391,48.77728223800659,91.35492444038391
zeroshot_qwen3,64,44.24842331968671,12.29909090909091,92.05095767974854,52.90133357048035,92.05095767974854
zeroshot_qwen3,65,21.84973302822273,4.662500000000001,97.44680523872375,84.87213253974915,97.44680523872375
zeroshot_qwen3,66,37.975831472110144,9.082,87.86003589630127,28.06980609893799,87.86003589630127
zeroshot_qwen3,67,23.535123001067273,6.851521739130437,93.97075176239014,64.2762541770935,93.97075176239014
zeroshot_qwen3,68,31.200843589846457,16.84142857142857,94.17921900749207,65.51144123077393,94.17921900749207
zeroshot_qwen3,69,19.87708198234514,12.875652173913043,94.17645931243896,65.49508571624756,94.17645931243896
zeroshot_qwen3,70,37.7579365079365,4.790909090909089,93.54056119918823,61.72734498977661,93.54056119918823
zeroshot_qwen3,71,12.77234395422339,15.953913043478263,95.44609189033508,73.01775217056274,95.44609189033508
zeroshot_qwen3,72,46.375245125245115,12.55764705882353,90.42637944221497,43.275585770606995,90.42637944221497
zeroshot_qwen3,73,13.014255859083445,10.673333333333336,94.61913108825684,68.11795234680176,94.61913108825684
zeroshot_qwen3,74,39.47345531672531,11.080000000000002,90.61304330825806,44.381582736968994,90.61304330825806
zeroshot_qwen3,75,11.503538277731824,13.984000000000002,92.76055693626404,57.105761766433716,92.76055693626404
zeroshot_qwen3,76,16.5564963359081,12.875652173913043,92.02815890312195,52.7662456035614,92.02815890312195
zeroshot_qwen3,77,31.25,11.130000000000003,89.62723016738892,38.540565967559814,89.62723016738892
zeroshot_qwen3,78,15.994428052005505,11.182068965517242,94.82834935188293,69.35758590698242,94.82834935188293
zeroshot_qwen3,79,10.08300499401723,14.497857142857146,87.40888237953186,25.396689772605896,87.40888237953186
zeroshot_qwen3,80,30.98465996791639,15.370000000000001,90.93073606491089,46.263936161994934,90.93073606491089
zeroshot_qwen3,81,31.810426093514327,8.39294117647059,92.85956621170044,57.69239664077759,92.85956621170044
zeroshot_qwen3,82,30.13827567360176,15.880769230769232,92.41007566452026,55.02912998199463,92.41007566452026
zeroshot_qwen3,83,17.496215777802114,13.732592592592596,90.37089347839355,42.94682443141937,90.37089347839355
zeroshot_qwen3,84,12.274669774669777,12.605000000000004,94.33680772781372,66.44516587257385,94.33680772781372
zeroshot_qwen3,85,39.66652036984517,14.390322580645162,91.80271625518799,51.43048167228699,91.80271625518799
zeroshot_qwen3,86,43.135772767660136,8.92788961038961,87.51434087753296,26.02153718471527,87.51434087753296
zeroshot_qwen3,87,47.063178367526184,9.825,93.89827847480774,63.84684443473816,93.89827847480774
zeroshot_qwen3,88,36.32575757575757,9.209473684210526,90.08721709251404,41.26602113246918,90.08721709251404
zeroshot_qwen3,89,48.333333333333336,7.570000000000004,87.04169988632202,23.221105337142944,87.04169988632202
zeroshot_qwen3,90,50.198032961190854,9.140000000000004,96.06894850730896,76.70822739601135,96.06894850730896
zeroshot_qwen3,91,34.120851614766416,14.250000000000004,98.23827147483826,89.56162929534912,98.23827147483826
zeroshot_qwen3,92,28.86243386243386,5.884285714285717,92.47524738311768,55.415278673172,92.47524738311768
zeroshot_qwen3,93,20.90536778036778,8.89777777777778,91.12061262130737,47.388967871665955,91.12061262130737
zeroshot_qwen3,94,56.481481481481474,9.785555555555558,85.13888716697693,11.946798115968704,85.13888716697693
zeroshot_qwen3,95,42.17643467643468,10.208888888888893,98.1228232383728,88.8775885105133,98.1228232383728
zeroshot_qwen3,96,35.90842458848029,14.264848484848489,86.42376661300659,19.55980509519577,86.42376661300659
zeroshot_qwen3,97,12.946916503502184,13.073333333333338,92.78950691223145,57.277292013168335,92.78950691223145
zeroshot_qwen3,98,33.63858363858363,7.190000000000001,88.85351419448853,33.956241607666016,88.85351419448853
zeroshot_qwen3,99,22.238930659983293,13.945882352941176,97.03352451324463,82.4234127998352,97.03352451324463
zeroshot_qwen3,100,23.243267387194233,13.611538461538462,92.72826910018921,56.91445469856262,92.72826910018921
zeroshot_qwen3,101,41.57442876597915,19.54521739130435,89.10247087478638,35.43132841587067,89.10247087478638
zeroshot_qwen3,102,32.910948169522136,8.030555555555559,94.18677091598511,65.55618643760681,94.18677091598511
zeroshot_qwen3,103,34.78022951707162,8.350000000000005,96.22527956962585,77.63450145721436,96.22527956962585
zeroshot_qwen3,104,17.361111111111107,14.68,91.44874215126038,49.33315813541412,91.44874215126038
zeroshot_qwen3,105,10.426841676841676,6.010000000000002,92.3296570777893,54.55264449119568,92.3296570777893
zeroshot_qwen3,106,34.38481003698396,11.336521739130436,91.92472696304321,52.15340256690979,91.92472696304321
zeroshot_qwen3,107,62.01883576375447,9.825,91.22213125228882,47.99047410488129,91.22213125228882
zeroshot_qwen3,108,48.95061728395062,14.590000000000003,88.27338814735413,30.518949031829834,88.27338814735413
zeroshot_qwen3,109,40.751934392911274,4.130243902439023,89.80157971382141,39.57359790802002,89.80157971382141
zeroshot_qwen3,110,12.646316102198455,5.806666666666668,93.05331707000732,58.84038805961609,93.05331707000732
zeroshot_qwen3,111,29.509259259259263,10.73,95.43805122375488,72.97011613845825,95.43805122375488
zeroshot_qwen3,112,37.89446185512791,9.457142857142859,97.4261224269867,84.74958539009094,97.4261224269867
zeroshot_qwen3,113,42.71429586327285,7.818888888888889,91.61418676376343,50.31343102455139,91.61418676376343
zeroshot_qwen3,114,23.10187130407719,7.818888888888889,93.18419098854065,59.61582064628601,93.18419098854065
zeroshot_qwen3,115,21.853226451540856,5.408333333333335,94.12404894828796,65.18455147743225,94.12404894828796
zeroshot_qwen3,116,27.706228956228955,9.825,88.81032466888428,33.70033800601959,88.81032466888428
zeroshot_qwen3,117,37.182539682539684,10.154545454545456,96.92627787590027,81.78796768188477,96.92627787590027
zeroshot_qwen3,118,75.64275389643036,13.928333333333335,95.92158198356628,75.8350670337677,95.92158198356628
zeroshot_qwen3,119,31.495784709810152,15.302272727272726,91.24186038970947,48.10737073421478,91.24186038970947
zeroshot_qwen3,120,19.397444343096517,8.412857142857145,94.84992027282715,69.48539614677429,94.84992027282715
zeroshot_qwen3,121,64.40848470778047,18.97703703703704,92.2091007232666,53.8383424282074,92.2091007232666
zeroshot_qwen3,122,43.47222222222222,3.653333333333336,95.08265852928162,70.86438536643982,95.08265852928162
zeroshot_qwen3,123,22.11796102265123,18.804705882352945,92.29211211204529,54.330188035964966,92.29211211204529
zeroshot_qwen3,124,15.28368622118622,10.690000000000001,96.38856649398804,78.60198616981506,96.38856649398804
zeroshot_qwen3,125,27.767602767602767,10.652777777777779,88.68123292922974,32.93546140193939,88.68123292922974
zeroshot_qwen3,126,16.060866664581834,8.140000000000004,95.19372582435608,71.52246832847595,95.19372582435608
zeroshot_qwen3,127,19.876552951594377,6.727142857142859,96.98727130889893,82.14935660362244,96.98727130889893
zeroshot_qwen3,128,32.916666666666664,4.790909090909089,90.33805131912231,42.752233147621155,90.33805131912231
zeroshot_qwen3,129,39.401389008920766,6.8750000000000036,96.10121250152588,76.89939141273499,96.10121250152588
zeroshot_qwen3,130,21.162698412698415,9.284347826086957,95.4408049583435,72.98642992973328,95.4408049583435
zeroshot_qwen3,131,9.680463813006916,13.371818181818181,91.1763846874237,47.7194219827652,91.1763846874237
zeroshot_qwen3,132,65.27777777777779,11.22727272727273,91.14819169044495,47.55237698554993,91.14819169044495
zeroshot_qwen3,133,30.23148148148148,8.180000000000003,96.08606696128845,76.80965662002563,96.08606696128845
zeroshot_qwen3,134,45.97563851929661,5.206666666666667,96.16746306419373,77.29193568229675,96.16746306419373
zeroshot_qwen3,135,62.03579815680934,8.353333333333339,90.49769639968872,43.69814395904541,90.49769639968872
zeroshot_qwen3,136,31.636072261072258,10.941428571428574,97.16208577156067,83.18514823913574,97.16208577156067
zeroshot_qwen3,137,10.483053895494733,6.9311111111111146,91.83086156845093,51.597243547439575,91.83086156845093
zeroshot_qwen3,138,27.977956982381762,9.140000000000004,95.95109820365906,76.00995302200317,95.95109820365906
zeroshot_qwen3,139,41.43366597170945,3.355714285714285,96.09699249267578,76.87438726425171,96.09699249267578
zeroshot_qwen3,140,9.892366088018262,9.457142857142859,92.66852140426636,56.560444831848145,92.66852140426636
zeroshot_qwen3,141,38.97538256090887,9.781176470588235,94.50770020484924,67.45771169662476,94.50770020484924
zeroshot_qwen3,142,16.04432352518212,6.295270270270269,90.64412117004395,44.56571936607361,90.64412117004395
zeroshot_qwen3,143,37.732085871772554,11.264615384615386,83.3433210849762,1.3079353608191013,83.3433210849762
zeroshot_qwen3,144,35.34188034188034,14.801212121212124,88.80168199539185,33.649131655693054,88.80168199539185
zeroshot_qwen3,145,26.970007292587937,1.8905882352941177,97.02425599098206,82.36849308013916,97.02425599098206
zeroshot_qwen3,146,56.03405853405854,6.727142857142859,98.38630557060242,90.43874144554138,98.38630557060242
zeroshot_qwen3,147,16.796536796536795,14.142222222222227,93.43463182449341,61.09970211982727,93.43463182449341
zeroshot_qwen3,148,41.33173148419304,8.429285714285715,92.01745390892029,52.70282030105591,92.01745390892029
zeroshot_qwen3,149,45.199938949938954,6.010000000000002,95.27066946029663,71.97836637496948,95.27066946029663
zeroshot_qwen3,150,18.374964754021473,12.858518518518522,92.02849864959717,52.76826024055481,92.02849864959717
zeroshot_qwen3,151,12.429971988795518,12.935789473684213,92.78486371040344,57.249778509140015,92.78486371040344
zeroshot_qwen3,152,68.25396825396824,8.541538461538462,88.52092027664185,31.98559582233429,88.52092027664185
zeroshot_qwen3,153,52.60249976667887,11.520000000000003,94.31042075157166,66.28881692886353,94.31042075157166
zeroshot_qwen3,154,52.08333333333333,6.9311111111111146,92.42100715637207,55.093902349472046,92.42100715637207
zeroshot_qwen3,155,10.489672364672364,5.806666666666668,90.8597469329834,45.84331810474396,90.8597469329834
zeroshot_qwen3,156,20.47147462588639,7.163333333333334,93.86759996414185,63.66507411003113,93.86759996414185
zeroshot_qwen3,157,13.059163059163058,6.8750000000000036,94.4709062576294,67.23970770835876,94.4709062576294
zeroshot_qwen3,158,60.11111111111111,7.633846153846157,88.1529450416565,29.805314540863037,88.1529450416565
zeroshot_qwen3,159,21.34544960234792,11.090000000000003,95.67747116088867,74.3886947631836,95.67747116088867
zeroshot_qwen3,160,28.3777442600972,11.07263157894737,94.6462094783783,68.27839016914368,94.6462094783783
zeroshot_qwen3,161,28.783688257372468,8.39294117647059,95.42343020439148,72.88348078727722,95.42343020439148
zeroshot_qwen3,162,35.56647475349084,14.456,86.39946579933167,19.415821135044098,86.39946579933167
zeroshot_qwen3,163,19.212435941538107,13.416666666666668,94.46409940719604,67.19937324523926,94.46409940719604
zeroshot_qwen3,164,20.902052979920295,15.725000000000005,94.85816359519958,69.53423619270325,94.85816359519958
zeroshot_qwen3,165,23.463385272536293,10.816724137931036,91.25973582267761,48.213282227516174,91.25973582267761
zeroshot_qwen3,166,54.566664272546625,7.566666666666666,98.04648756980896,88.42529058456421,98.04648756980896
zeroshot_qwen3,167,42.266951931274185,9.087500000000002,88.04846405982971,29.18625771999359,88.04846405982971
zeroshot_qwen3,168,16.57468129242323,10.562500000000004,93.63313913345337,62.275874614715576,93.63313913345337
zeroshot_qwen3,169,52.67734948584769,14.221250000000001,92.81978607177734,57.45669603347778,92.81978607177734
zeroshot_qwen3,170,36.051587301587304,12.867741935483874,90.56724905967712,44.11024749279022,90.56724905967712
zeroshot_qwen3,171,57.60976129582268,9.209473684210526,90.93244671821594,46.27407193183899,90.93244671821594
zeroshot_qwen3,172,30.309957054143098,17.88571428571429,97.91741967201233,87.66055703163147,97.91741967201233
zeroshot_qwen3,173,29.106783413848632,9.32,92.49102473258972,55.50876259803772,92.49102473258972
zeroshot_qwen3,174,48.78389927015909,8.276363636363637,89.9260401725769,40.31103551387787,89.9260401725769
zeroshot_qwen3,175,54.87066431510876,8.412857142857145,89.96359705924988,40.53356349468231,89.96359705924988
zeroshot_qwen3,176,38.08157689305231,11.693684210526317,85.67361831665039,15.115119516849518,85.67361831665039
zeroshot_qwen3,177,37.07289113342914,9.79739130434783,93.9276397228241,64.02081251144409,93.9276397228241
zeroshot_qwen3,178,42.08268583268583,5.818461538461541,94.7726309299469,69.02744770050049,94.7726309299469
zeroshot_qwen3,179,17.48236331569665,15.98,93.17386746406555,59.554654359817505,93.17386746406555
zeroshot_qwen3,180,24.96383532418133,14.715714285714288,91.51662588119507,49.73537623882294,91.51662588119507
zeroshot_qwen3,181,50.97680097680097,6.936363636363637,87.83901333808899,27.945247292518616,87.83901333808899
zeroshot_qwen3,182,48.54876160990712,2.8566666666666656,91.74709916114807,51.100945472717285,91.74709916114807
zeroshot_qwen3,183,35.79545454545454,8.370000000000001,85.0684106349945,11.529219895601273,85.0684106349945
zeroshot_qwen3,184,40.95182305571299,8.429285714285715,83.94017815589905,4.844357818365097,83.94017815589905
zeroshot_qwen3,185,53.3507136537419,11.056666666666668,86.8986964225769,22.373799979686737,86.8986964225769
zeroshot_qwen3,186,10.74074074074074,8.009090909090911,89.21103477478027,36.074575781822205,89.21103477478027
zeroshot_qwen3,187,39.743589743589745,6.2755555555555596,89.5211398601532,37.911972403526306,89.5211398601532
zeroshot_qwen3,188,46.22222222222223,9.740000000000002,88.25876712799072,30.43231964111328,88.25876712799072
zeroshot_qwen3,189,52.64241808726206,14.065384615384616,93.00721883773804,58.56724977493286,93.00721883773804
zeroshot_qwen3,190,63.55555555555556,8.009090909090911,87.88511157035828,28.218382596969604,87.88511157035828
zeroshot_qwen3,191,30.792415025740503,9.457142857142859,90.32800197601318,42.69269108772278,90.32800197601318
zeroshot_qwen3,192,55.03899835796388,6.936363636363637,93.72910261154175,62.84446716308594,93.72910261154175
zeroshot_qwen3,193,60.0,11.142857142857142,89.89824652671814,40.14635682106018,89.89824652671814
zeroshot_qwen3,194,62.59338292808013,12.935789473684213,87.24008202552795,24.396534264087677,87.24008202552795
zeroshot_qwen3,195,49.880219181689775,9.799259259259262,88.40634822845459,31.30674958229065,88.40634822845459
zeroshot_qwen3,196,56.666666666666664,2.4833333333333343,90.12598395347595,41.4957195520401,90.12598395347595
zeroshot_qwen3,197,38.20283244432803,8.165000000000003,90.00454545021057,40.77618718147278,90.00454545021057
zeroshot_qwen3,198,47.49807098765432,8.756666666666668,85.98617911338806,16.967065632343292,85.98617911338806
zeroshot_qwen3,199,56.035923141186295,10.208888888888893,92.18106269836426,53.67221236228943,92.18106269836426
zeroshot_qwen3,200,60.036214410745536,12.037500000000005,90.27438759803772,42.375022172927856,90.27438759803772
zeroshot_qwen3,201,54.8076923076923,8.412857142857145,83.58903527259827,2.763810195028782,83.58903527259827
zeroshot_qwen3,202,34.14338217066466,9.08705882352941,90.67944288253784,44.77500319480896,90.67944288253784
zeroshot_qwen3,203,44.798551443049135,12.037500000000005,82.77564644813538,-2.055579237639904,82.77564644813538
zeroshot_qwen3,204,28.735380116959064,-1.0599999999999987,88.06244134902954,29.269075393676758,88.06244134902954
zeroshot_qwen3,205,49.679846096419446,7.346315789473689,88.06490302085876,29.283660650253296,88.06490302085876
zeroshot_qwen3,206,34.05020291175897,7.960000000000004,92.10613965988159,53.228288888931274,92.10613965988159
zeroshot_qwen3,207,44.80520430862896,9.32,85.48955917358398,14.024555683135986,85.48955917358398
zeroshot_qwen3,208,46.86301777679753,5.967500000000001,92.23784804344177,54.008668661117554,92.23784804344177
zeroshot_qwen3,209,44.6400819587094,6.010000000000002,90.30883312225342,42.57911443710327,90.30883312225342
zeroshot_qwen3,210,51.87263049812657,11.47656862745098,88.26467990875244,30.467352271080017,88.26467990875244
zeroshot_qwen3,211,35.06944444444444,7.28166666666667,87.39583492279053,25.319382548332214,87.39583492279053
zeroshot_qwen3,212,33.69477180313976,16.477777777777778,91.10668301582336,47.30643332004547,91.10668301582336
zeroshot_qwen3,213,38.35409520658151,17.304242424242428,91.14091992378235,47.5092887878418,91.14091992378235
zeroshot_qwen3,214,55.663446811473136,9.785555555555558,94.44832801818848,67.10593104362488,94.44832801818848
zeroshot_qwen3,215,30.841196648649667,12.476918604651164,91.65289998054504,50.54280757904053,91.65289998054504
zeroshot_qwen3,216,54.45114766415621,7.612500000000001,88.85136246681213,33.94349217414856,88.85136246681213
zeroshot_qwen3,217,38.10394964592045,7.91823529411765,89.49481844902039,37.7560168504715,89.49481844902039
zeroshot_qwen3,218,26.977545466677206,7.3053846153846145,93.36644411087036,60.69568395614624,93.36644411087036
zeroshot_qwen3,219,27.79300485376337,12.286666666666669,94.59035992622375,67.94747710227966,94.59035992622375
zeroshot_qwen3,220,17.725066738224633,9.109000000000002,90.90195298194885,46.09339237213135,90.90195298194885
zeroshot_qwen3,221,27.10338278460103,5.963529411764707,93.18186044692993,59.60201621055603,93.18186044692993
zeroshot_qwen3,222,42.27819995428831,17.53166666666667,87.82484531402588,27.861300110816956,87.82484531402588
zeroshot_qwen3,223,35.37878787878788,4.823333333333334,92.08885431289673,53.12587022781372,92.08885431289673
zeroshot_qwen3,224,53.03030303030303,13.390476190476189,90.57238101959229,44.14065480232239,90.57238101959229
zeroshot_qwen3,225,48.348810417786794,9.025000000000002,92.20186471939087,53.79546880722046,92.20186471939087
zeroshot_qwen3,226,36.92235699311171,4.791363636363638,91.6093111038208,50.28454065322876,91.6093111038208
zeroshot_qwen3,227,29.79080039112934,17.27714285714286,90.40382504463196,43.14194917678833,90.40382504463196
zeroshot_qwen3,228,58.79933083328669,9.98076923076923,92.21041202545166,53.84610891342163,92.21041202545166
zeroshot_qwen3,229,58.33888490668152,6.48595238095238,94.02861595153809,64.61910605430603,94.02861595153809
zeroshot_qwen3,230,46.325910931174086,8.412857142857145,88.37498426437378,31.120914220809937,88.37498426437378
zeroshot_qwen3,231,44.761904761904766,14.374444444444446,88.9580249786377,34.57547426223755,88.9580249786377
zeroshot_qwen3,232,33.74074074074074,6.129999999999999,88.78926634788513,33.57556760311127,88.78926634788513
zeroshot_qwen3,233,32.17773130004074,12.83545454545455,91.3040280342102,48.47571849822998,91.3040280342102
zeroshot_qwen3,234,33.19962247731148,10.580952380952379,93.26862096786499,60.11607646942139,93.26862096786499
zeroshot_qwen3,235,31.451369452598204,13.867368421052635,93.72028708457947,62.79223561286926,93.72028708457947
zeroshot_qwen3,236,41.18706177296597,9.280000000000001,85.74662208557129,15.547673404216766,85.74662208557129
zeroshot_qwen3,237,36.40798392781709,6.38666666666667,92.32037663459778,54.49765920639038,92.32037663459778
zeroshot_qwen3,238,38.4534817893951,12.270000000000003,93.02477240562439,58.67125391960144,93.02477240562439
zeroshot_qwen3,239,35.45139341217007,18.493529411764708,85.83981394767761,16.09984189271927,85.83981394767761
zeroshot_qwen3,240,30.047490284810753,12.137857142857143,91.25240445137024,48.16984534263611,91.25240445137024
zeroshot_qwen3,241,27.30442628939474,12.65585106382979,89.83322381973267,39.76109325885773,89.83322381973267
zeroshot_qwen3,242,46.45308479657806,8.131904761904764,85.33231616020203,13.092879951000214,85.33231616020203
zeroshot_qwen3,243,36.020517318202856,11.468913043478263,88.28046917915344,30.56090474128723,88.28046917915344
zeroshot_qwen3,244,46.38888888888889,6.705000000000002,91.35923385620117,48.80281686782837,91.35923385620117
zeroshot_qwen3,245,59.484958489312255,10.71704918032787,90.935879945755,46.29441201686859,90.935879945755
zeroshot_qwen3,246,50.82480109256484,18.465454545454552,87.27474212646484,24.601897597312927,87.27474212646484
zeroshot_qwen3,247,55.95679012345679,12.106451612903225,89.32624459266663,36.75720393657684,89.32624459266663
zeroshot_qwen3,248,48.40550631139853,9.087500000000002,90.18785953521729,41.86233580112457,90.18785953521729
zeroshot_qwen3,249,45.372727272727275,7.967368421052633,90.07870554924011,41.21558964252472,90.07870554924011
zeroshot_qwen3,250,34.44047619047619,17.452352941176475,85.11209487915039,11.788052320480347,85.11209487915039
zeroshot_qwen3,251,46.517857142857146,13.98769230769231,91.82140827178955,51.54123306274414,91.82140827178955
zeroshot_qwen3,252,37.5,9.081818181818182,87.63371706008911,26.728850603103638,87.63371706008911
zeroshot_qwen3,253,41.459665133833205,10.822142857142858,89.6267831325531,38.53791654109955,89.6267831325531
zeroshot_qwen3,254,43.05754631841588,9.501260273972601,81.85240626335144,-7.525846362113953,81.85240626335144
zeroshot_qwen3,255,42.09463051568314,6.780000000000001,89.39286470413208,37.15193271636963,89.39286470413208
zeroshot_qwen3,256,55.47895501556829,5.483157894736845,90.93774557113647,46.30546569824219,90.93774557113647
zeroshot_qwen3,257,52.90142917192097,14.445454545454545,87.33965158462524,24.986492097377777,87.33965158462524
zeroshot_qwen3,258,35.62475527845546,9.08705882352941,86.9716227054596,22.805893421173096,86.9716227054596
zeroshot_qwen3,259,52.171055575007784,10.451578947368422,89.75274562835693,39.28425312042236,89.75274562835693
zeroshot_qwen3,260,37.22222222222222,19.16857142857143,87.67943382263184,26.99972689151764,87.67943382263184
zeroshot_qwen3,261,62.10526156499574,5.932948717948719,93.60052943229675,62.08266019821167,93.60052943229675
zeroshot_qwen3,262,58.05555555555556,9.081818181818182,87.78731226921082,27.638915181159973,87.78731226921082
zeroshot_qwen3,263,53.3068783068783,6.790000000000003,88.01724314689636,29.001271724700928,88.01724314689636
zeroshot_qwen3,264,37.89682539682539,11.547407407407409,89.41531181335449,37.284934520721436,89.41531181335449
zeroshot_qwen3,265,35.46530589293748,16.065,88.07178139686584,29.32441532611847,88.07178139686584
zeroshot_qwen3,266,35.57720057720057,6.705000000000002,84.09667611122131,5.771620199084282,84.09667611122131
zeroshot_qwen3,267,53.831780538302276,6.220909090909089,90.39793610572815,43.107056617736816,90.39793610572815
zeroshot_qwen3,268,49.32900432900433,6.705000000000002,88.86873722076416,34.046438336372375,88.86873722076416
zeroshot_qwen3,269,52.29166666666667,9.655000000000001,90.75364470481873,45.21465599536896,90.75364470481873
zeroshot_qwen3,270,58.21982913314183,3.641315789473687,89.82548117637634,39.71521854400635,89.82548117637634
zeroshot_qwen3,271,33.323412698412696,17.618461538461542,88.84826898574829,33.92516076564789,88.84826898574829
zeroshot_qwen3,272,55.55098496274967,11.223620689655174,87.82920837402344,27.887150645256042,87.82920837402344
zeroshot_qwen3,273,58.54905437352246,6.310588235294119,91.61178469657898,50.29919743537903,91.61178469657898
zeroshot_qwen3,274,39.11800960420958,6.508787593984962,87.09340691566467,23.527473211288452,87.09340691566467
zeroshot_qwen3,275,35.57325629368238,11.44311320754717,88.28054666519165,30.561363697052002,88.28054666519165
zeroshot_qwen3,276,43.78087586630846,6.2207575757575775,90.72819352149963,45.06385624408722,90.72819352149963
zeroshot_qwen3,277,39.86111111111111,5.884285714285717,89.65187072753906,38.686561584472656,89.65187072753906
zeroshot_qwen3,278,54.243296754924664,11.59304347826087,84.7537636756897,9.664912521839142,84.7537636756897
zeroshot_qwen3,279,34.90001602707343,12.860000000000003,88.8857901096344,34.14747714996338,88.8857901096344
zeroshot_qwen3,280,32.37225193107546,11.096666666666668,86.12069487571716,17.764082551002502,86.12069487571716
zeroshot_qwen3,281,35.973124098124096,12.037500000000005,90.35282135009766,42.83974766731262,90.35282135009766
zeroshot_qwen3,282,44.149984988911164,5.863636363636363,92.2120213508606,53.85564565658569,92.2120213508606
zeroshot_qwen3,283,39.58333333333333,8.383333333333333,88.32812905311584,30.8432936668396,88.32812905311584
zeroshot_qwen3,284,48.08321912994588,8.467592592592595,90.7060980796814,44.93293762207031,90.7060980796814
zeroshot_qwen3,285,37.42076028260239,9.32,92.16917157173157,53.60175967216492,92.16917157173157
zeroshot_qwen3,286,58.648305717271235,8.350000000000005,93.58882904052734,62.01333403587341,93.58882904052734
zeroshot_qwen3,287,24.921916533758637,10.723333333333333,89.73901867866516,39.202919602394104,89.73901867866516
zeroshot_qwen3,288,30.902777777777775,6.726153846153846,88.10999989509583,29.550862312316895,88.10999989509583
zeroshot_qwen3,289,46.82539682539682,10.208888888888893,89.57875967025757,38.25337290763855,89.57875967025757
zeroshot_qwen3,290,52.59259259259259,8.895238095238096,87.3335599899292,24.95039850473404,87.3335599899292
zeroshot_qwen3,291,43.89912149346111,5.041428571428572,88.96153569221497,34.59627628326416,88.96153569221497
zeroshot_qwen3,292,32.93650793650794,10.441111111111113,89.3103837966919,36.663228273391724,89.3103837966919
zeroshot_qwen3,293,39.6084346669142,7.96844827586207,92.31379628181458,54.4586718082428,92.31379628181458
zeroshot_qwen3,294,34.31372549019607,7.967368421052633,84.74105596542358,9.589618444442749,84.74105596542358
zeroshot_qwen3,295,44.047619047619044,5.682857142857145,88.48873376846313,31.79488778114319,88.48873376846313
zeroshot_qwen3,296,37.03703703703704,12.62714285714286,87.40978837013245,25.40205717086792,87.40978837013245
zeroshot_qwen3,297,35.682356858827454,14.798947368421054,87.99427151679993,28.865164518356323,87.99427151679993
zeroshot_qwen3,298,37.71346469622331,15.377368421052633,89.33571577072144,36.81332170963287,89.33571577072144
zeroshot_qwen3,299,34.04712722529143,18.136666666666667,89.3431007862091,36.85707747936249,89.3431007862091
zeroshot_deepseek,0,54.135295146558995,15.953913043478263,98.20656776428223,89.373779296875,98.20656776428223
zeroshot_deepseek,1,38.807940027452226,10.491826424870467,83.42869281768799,1.8137691542506218,83.42869281768799
zeroshot_deepseek,2,36.89051201533864,10.86232414793329,82.19180107116699,-5.514906719326973,82.19180107116699
zeroshot_deepseek,3,67.36111111111111,12.649000000000001,86.11909747123718,17.75461733341217,86.11909747123718
zeroshot_deepseek,4,37.40756304190607,13.891428571428573,87.10078597068787,23.57119470834732,87.10078597068787
zeroshot_deepseek,5,34.90535281292662,20.305625000000003,84.1217577457428,5.920230597257614,84.1217577457428
zeroshot_deepseek,6,37.4678950307091,16.662105263157894,88.63378763198853,32.65434503555298,88.63378763198853
zeroshot_deepseek,7,42.36026093952219,12.458032786885244,86.0893189907074,17.57817715406418,86.0893189907074
zeroshot_deepseek,8,21.589759320741763,9.44923076923077,90.32495021820068,42.674610018730164,90.32495021820068
zeroshot_deepseek,9,52.33541677620626,9.685595874713524,82.61144161224365,-3.0285051092505455,82.61144161224365
zeroshot_deepseek,10,45.09970178624062,13.718888888888891,82.29224681854248,-4.919758066534996,82.29224681854248
zeroshot_deepseek,11,38.03361344537815,20.88705882352941,89.56117630004883,38.149189949035645,89.56117630004883
zeroshot_deepseek,12,37.97680307114269,11.942580511973578,82.52589702606201,-3.5353630781173706,82.52589702606201
zeroshot_deepseek,13,9.646765271765272,11.752222222222223,85.20532846450806,12.340468168258667,85.20532846450806
zeroshot_deepseek,14,40.92894289125908,11.437395287958118,82.21027255058289,-5.40546178817749,82.21027255058289
zeroshot_deepseek,15,24.605881064214397,18.519130434782614,93.5280978679657,61.6534948348999,93.5280978679657
zeroshot_deepseek,16,28.77665656540673,11.31548872180451,83.12959671020508,0.04160247917752713,83.12959671020508
zeroshot_deepseek,17,35.892857142857146,11.975000000000001,85.77241897583008,15.700522065162659,85.77241897583008
zeroshot_deepseek,18,52.6984126984127,15.880769230769232,86.34253740310669,19.078515470027924,86.34253740310669
zeroshot_deepseek,19,49.014169628185996,16.61214285714286,88.27294707298279,30.516338348388672,88.27294707298279
zeroshot_deepseek,20,21.86868686868687,11.923245341614905,81.01560473442078,-12.483957409858704,81.01560473442078
zeroshot_deepseek,21,35.58150564899268,13.671428571428574,85.6870174407959,15.194511413574219,85.6870174407959
zeroshot_deepseek,22,38.00000000000001,21.00947368421053,85.75402498245239,15.591534972190857,85.75402498245239
zeroshot_deepseek,23,41.10859728506788,14.040000000000003,88.3093774318695,30.73219060897827,88.3093774318695
zeroshot_deepseek,24,20.747021890638916,8.541538461538462,93.89573335647583,63.831764459609985,93.89573335647583
zeroshot_deepseek,25,45.45425173928108,9.720256821829857,81.8044126033783,-7.810211926698685,81.8044126033783
zeroshot_deepseek,26,61.36329460013671,11.16106666666667,85.85659861564636,16.199292242527008,85.85659861564636
zeroshot_deepseek,27,34.5959595959596,10.740000000000002,87.12895512580872,23.73809963464737,87.12895512580872
zeroshot_deepseek,28,37.00149205083416,22.045625000000005,84.57169532775879,8.58614444732666,84.57169532775879
zeroshot_deepseek,29,53.333333333333336,15.803076923076926,84.46836471557617,7.973902672529221,84.46836471557617
zeroshot_deepseek,30,49.25947985809676,10.019047619047623,90.24801850318909,42.218783497810364,90.24801850318909
zeroshot_deepseek,31,27.726005455865057,9.160906403940889,86.0672652721405,17.44750738143921,86.0672652721405
zeroshot_deepseek,32,7.006210616981731,17.66181818181818,90.23933410644531,42.16732680797577,90.23933410644531
zeroshot_deepseek,33,28.568713834328506,10.47529411764706,91.4468765258789,49.32210445404053,91.4468765258789
zeroshot_deepseek,34,28.59989370990518,27.713333333333335,96.3255763053894,78.22876572608948,96.3255763053894
zeroshot_deepseek,35,34.7210720036807,16.878333333333334,85.59000492095947,14.619705080986023,85.59000492095947
zeroshot_deepseek,36,40.21172613638367,10.961083743842366,82.97212719917297,-0.891416147351265,82.97212719917297
zeroshot_deepseek,37,37.30990299640185,4.964444444444446,90.91735482215881,46.18465006351471,90.91735482215881
zeroshot_deepseek,38,51.882045088566834,11.089814814814819,82.32950568199158,-4.698996618390083,82.32950568199158
zeroshot_deepseek,39,38.36285541555417,8.917232677502138,82.99318552017212,-0.766643974930048,82.99318552017212
zeroshot_deepseek,40,37.9892605627123,13.729848484848485,85.45217514038086,13.80305290222168,85.45217514038086
zeroshot_deepseek,41,35.17141835274882,11.942424242424245,87.58826851844788,26.45956575870514,87.58826851844788
zeroshot_deepseek,42,47.24735375797422,11.336521739130436,88.44180703163147,31.516844034194946,88.44180703163147
zeroshot_deepseek,43,33.33333333333333,20.192941176470594,84.92327332496643,10.669270157814026,84.92327332496643
zeroshot_deepseek,44,36.94645732689211,11.383157894736843,87.77379393577576,27.558818459510803,87.77379393577576
zeroshot_deepseek,45,38.03943452380952,11.05456572769953,80.81088662147522,-13.696928322315216,80.81088662147522
zeroshot_deepseek,46,32.21481811199553,11.390483870967746,92.23642349243164,54.00022864341736,92.23642349243164
zeroshot_deepseek,47,36.08180573388608,11.07263157894737,92.00442433357239,52.62562036514282,92.00442433357239
zeroshot_deepseek,48,40.04952541221971,16.72235294117647,91.59845113754272,50.220197439193726,91.59845113754272
zeroshot_deepseek,49,42.844218632389556,16.522692307692314,83.0290675163269,-0.5540404934436083,83.0290675163269
zeroshot_deepseek,50,38.25507378622387,10.323237853517039,83.68425965309143,3.328021615743637,83.68425965309143
zeroshot_deepseek,51,20.359776389188156,11.096666666666668,93.83333325386047,63.46203684806824,93.83333325386047
zeroshot_deepseek,52,35.39171638671253,14.714404761904763,84.08157229423523,5.682128667831421,84.08157229423523
zeroshot_deepseek,53,53.888888888888886,14.111428571428572,88.52789402008057,32.02691674232483,88.52789402008057
zeroshot_deepseek,54,19.585122938064114,12.62714285714286,95.77304720878601,74.95498657226562,95.77304720878601
zeroshot_deepseek,55,35.06208703577124,19.383750000000003,88.44389915466309,31.529241800308228,88.44389915466309
zeroshot_deepseek,56,17.385852451641924,14.132500000000004,87.746262550354,27.395692467689514,87.746262550354
zeroshot_deepseek,57,35.69307822317281,10.580952380952379,84.7258985042572,9.499809890985489,84.7258985042572
zeroshot_deepseek,58,34.7992256531156,21.257142857142856,82.33859539031982,-4.64513935148716,82.33859539031982
zeroshot_deepseek,59,42.66803747105462,9.754218009478674,84.15159583091736,6.09702356159687,84.15159583091736
zeroshot_deepseek,60,53.36274509803921,8.727993920972644,83.44662189483643,1.9200002774596214,83.44662189483643
zeroshot_deepseek,61,47.422660410249065,14.414782608695656,94.2467749118805,65.91171026229858,94.2467749118805
zeroshot_deepseek,62,37.276427370766996,10.59791925465839,81.92116618156433,-7.118438184261322,81.92116618156433
zeroshot_deepseek,63,43.449159222280606,13.450000000000003,93.24868321418762,59.99794602394104,93.24868321418762
zeroshot_deepseek,64,40.54102133355721,12.935789473684213,90.55545926094055,44.040390849113464,90.55545926094055
zeroshot_deepseek,65,10.017518713170887,10.501428571428573,89.0640914440155,35.203927755355835,89.0640914440155
zeroshot_deepseek,66,53.36783900552091,18.297857142857143,85.12097001075745,11.840637773275375,85.12097001075745
zeroshot_deepseek,67,31.781482406482404,9.910000000000004,94.52681541442871,67.57097244262695,94.52681541442871
zeroshot_deepseek,68,14.398921530977981,18.447619047619053,89.61755633354187,38.48324716091156,89.61755633354187
zeroshot_deepseek,69,27.903213641060148,8.588421052631581,94.73384022712708,68.79761219024658,94.73384022712708
zeroshot_deepseek,70,50.95809283309284,10.098571428571429,90.92233777046204,46.2141752243042,90.92233777046204
zeroshot_deepseek,71,15.471266241755776,16.220000000000006,92.18336939811707,53.685879707336426,92.18336939811707
zeroshot_deepseek,72,49.746233034276514,15.030000000000001,91.25906229019165,48.20929169654846,91.25906229019165
zeroshot_deepseek,73,64.2047373430352,8.266089108910894,87.39203214645386,25.296849012374878,87.39203214645386
zeroshot_deepseek,74,42.87363333096826,14.076204620462047,84.42834615707397,7.736789435148239,84.42834615707397
zeroshot_deepseek,75,5.726495726495727,16.013333333333335,85.02923250198364,11.297085881233215,85.02923250198364
zeroshot_deepseek,76,31.37896825396826,10.654545454545453,88.52478861808777,32.008516788482666,88.52478861808777
zeroshot_deepseek,77,23.964009846362785,12.605000000000004,89.78146314620972,39.45440649986267,89.78146314620972
zeroshot_deepseek,78,8.067204301075268,7.698823529411765,87.0949387550354,23.536549508571625,87.0949387550354
zeroshot_deepseek,79,29.742269487872235,18.207551020408165,87.75876760482788,27.469784021377563,87.75876760482788
zeroshot_deepseek,80,45.99462965505387,14.291525974025976,89.33277726173401,36.79591119289398,89.33277726173401
zeroshot_deepseek,81,55.92009426814698,12.71365384615385,87.20510005950928,24.189263582229614,87.20510005950928
zeroshot_deepseek,82,29.87148056569597,18.136666666666667,93.12019944190979,59.23666954040527,93.12019944190979
zeroshot_deepseek,83,50.73830220272632,12.677285714285716,84.43189859390259,7.757838070392609,84.43189859390259
zeroshot_deepseek,84,34.23271602838167,9.345555555555553,82.20819234848022,-5.4177869111299515,82.20819234848022
zeroshot_deepseek,85,22.30333417833418,17.242307692307694,93.73175501823425,62.86017894744873,93.73175501823425
zeroshot_deepseek,86,41.95328203666124,18.046632653061227,85.93334555625916,16.65402352809906,85.93334555625916
zeroshot_deepseek,87,49.771646646646644,8.976107526881723,83.28900337219238,0.9860988706350327,83.28900337219238
zeroshot_deepseek,88,46.20237696218088,9.130000000000003,91.94902777671814,52.2973895072937,91.94902777671814
zeroshot_deepseek,89,42.634310134310134,14.420588235294122,82.5509786605835,-3.3867526799440384,82.5509786605835
zeroshot_deepseek,90,34.809978668674326,14.280000000000005,88.8548493385315,33.96415114402771,88.8548493385315
zeroshot_deepseek,91,28.61747974247974,10.682333333333332,90.1030957698822,41.36010408401489,90.1030957698822
zeroshot_deepseek,92,16.448317764107237,12.32437949640288,81.87025189399719,-7.420109212398529,81.87025189399719
zeroshot_deepseek,93,15.779590779590777,15.15571428571429,92.76939630508423,57.15813636779785,92.76939630508423
zeroshot_deepseek,94,55.55555555555555,32.39,90.35359025001526,42.84430146217346,90.35359025001526
zeroshot_deepseek,95,16.561561561561565,13.5125,83.7154746055603,3.512972593307495,83.7154746055603
zeroshot_deepseek,96,36.752873563218394,10.019047619047623,85.73060035705566,15.452742576599121,85.73060035705566
zeroshot_deepseek,97,66.0263168907338,7.786471204188484,84.1401755809784,6.029357761144638,84.1401755809784
zeroshot_deepseek,98,18.47222222222222,4.790909090909089,88.51832151412964,31.970199942588806,88.51832151412964
zeroshot_deepseek,99,20.841410907154245,12.407777777777778,94.24784183502197,65.91803431510925,94.24784183502197
zeroshot_deepseek,100,64.00247784478073,8.024809491978612,86.32546663284302,18.977369368076324,86.32546663284302
zeroshot_deepseek,101,40.011189394907234,15.272608695652178,83.05015563964844,-0.42909178882837296,83.05015563964844
zeroshot_deepseek,102,28.71803148118938,9.209473684210526,89.94550704956055,40.426379442214966,89.94550704956055
zeroshot_deepseek,103,40.25758211792491,8.397333333333332,85.04624366760254,11.39787882566452,85.04624366760254
zeroshot_deepseek,104,18.78403601229688,10.154318181818184,84.21454429626465,6.469997763633728,84.21454429626465
zeroshot_deepseek,105,62.84347545836516,10.257698412698414,85.05198955535889,11.431923508644104,85.05198955535889
zeroshot_deepseek,106,27.860962566844915,17.76,89.40513730049133,37.22464740276337,89.40513730049133
zeroshot_deepseek,107,41.226510616754524,13.698105263157895,83.5162878036499,2.332776039838791,83.5162878036499
zeroshot_deepseek,108,56.666666666666664,9.180000000000003,98.0677604675293,88.55133652687073,98.0677604675293
zeroshot_deepseek,109,39.73594979428885,7.331282051282052,88.71129155158997,33.11356008052826,88.71129155158997
zeroshot_deepseek,110,26.60624098124098,11.91,97.21169471740723,83.4790825843811,97.21169471740723
zeroshot_deepseek,111,14.691558441558442,24.120000000000008,93.52121949195862,61.61274313926697,93.52121949195862
zeroshot_deepseek,112,21.14365673805754,12.087887323943661,90.76496362686157,45.28172016143799,90.76496362686157
zeroshot_deepseek,113,36.6177099392356,10.10052173913044,83.58562588691711,2.7436094358563423,83.58562588691711
zeroshot_deepseek,114,33.954900463521156,12.935789473684213,92.9504930973053,58.23114514350891,92.9504930973053
zeroshot_deepseek,115,11.722409471955753,12.699166666666667,86.82299852371216,21.92528396844864,86.82299852371216
zeroshot_deepseek,116,28.5994560994561,18.580000000000002,92.46268272399902,55.340832471847534,92.46268272399902
zeroshot_deepseek,117,35.06132756132756,9.655000000000001,96.27493619918823,77.92872190475464,96.27493619918823
zeroshot_deepseek,118,55.313985066465335,8.46005772005772,84.10335183143616,5.811174213886261,84.10335183143616
zeroshot_deepseek,119,27.417359791052647,14.782735849056607,88.56077790260315,32.221755385398865,88.56077790260315
zeroshot_deepseek,120,17.596557321621262,10.356923076923078,90.71277976036072,44.97252702713013,90.71277976036072
zeroshot_deepseek,121,39.66370829428721,12.186433566433568,83.82925391197205,4.187123477458954,83.82925391197205
zeroshot_deepseek,122,43.32070707070707,8.370000000000001,93.51388812065125,61.56930327415466,93.51388812065125
zeroshot_deepseek,123,28.48127798127798,14.811481481481483,85.86752414703369,16.26402735710144,85.86752414703369
zeroshot_deepseek,124,62.946954012171396,9.14081658291457,85.85045337677002,16.16288125514984,85.85045337677002
zeroshot_deepseek,125,50.26886358408097,13.314592592592593,85.17691493034363,12.172115594148636,85.17691493034363
zeroshot_deepseek,126,34.92349668211737,12.362608695652174,97.038733959198,82.4542760848999,97.038733959198
zeroshot_deepseek,127,34.49549256000869,12.453870967741938,88.44037055969238,31.50833249092102,88.44037055969238
zeroshot_deepseek,128,37.5,10.350000000000001,94.92087364196777,69.90579962730408,94.92087364196777
zeroshot_deepseek,129,51.35302197802197,8.353333333333339,97.39657044410706,84.57448482513428,97.39657044410706
zeroshot_deepseek,130,62.63484798953907,11.852318840579713,86.79190874099731,21.741074323654175,86.79190874099731
zeroshot_deepseek,131,5.593395131438609,-3.01,76.15770697593689,-41.26736521720886,76.15770697593689
zeroshot_deepseek,132,47.23405585474551,10.73,91.18688106536865,47.78161346912384,91.18688106536865
zeroshot_deepseek,133,24.414682539682538,12.466666666666669,89.76098299026489,39.33306038379669,89.76098299026489
zeroshot_deepseek,134,52.32582394659991,12.498275862068965,87.57063746452332,26.35509967803955,87.57063746452332
zeroshot_deepseek,135,49.81900452488688,13.414017751479289,81.25406503677368,-11.071062833070755,81.25406503677368
zeroshot_deepseek,136,62.963375861926586,11.784285714285716,99.50152039527893,97.04647064208984,99.50152039527893
zeroshot_deepseek,137,8.605638099339648,12.62714285714286,91.59465432167053,50.19770264625549,91.59465432167053
zeroshot_deepseek,138,27.38885599996711,6.726153846153846,92.08945035934448,53.1294047832489,92.08945035934448
zeroshot_deepseek,139,45.726680726680726,5.041428571428572,95.72047591209412,74.64349865913391,95.72047591209412
zeroshot_deepseek,140,64.65132818206281,9.454534031413615,85.81604957580566,15.959036350250244,85.81604957580566
zeroshot_deepseek,141,15.661564742447096,12.362553191489361,84.01070833206177,5.262254551053047,84.01070833206177
zeroshot_deepseek,142,35.11749412012715,11.849565217391305,97.45403528213501,84.91497039794922,97.45403528213501
zeroshot_deepseek,143,54.69716775599128,12.483333333333334,79.94974851608276,-18.799234926700592,79.94974851608276
zeroshot_deepseek,144,34.72222222222223,22.57517241379311,86.22077107429504,18.357041478157043,86.22077107429504
zeroshot_deepseek,145,22.51051236345354,4.927499999999998,96.2188184261322,77.59621739387512,96.2188184261322
zeroshot_deepseek,146,12.94057794057794,8.541538461538462,84.14801359176636,6.075798347592354,84.14801359176636
zeroshot_deepseek,147,13.72895622895623,6.8665263157894785,82.32284188270569,-4.738479852676392,82.32284188270569
zeroshot_deepseek,148,35.07425483389097,8.90159793814433,83.09518694877625,-0.16227791784331203,83.09518694877625
zeroshot_deepseek,149,33.19444444444444,11.784285714285716,93.75588893890381,63.00317645072937,93.75588893890381
zeroshot_deepseek,150,28.770558608231863,7.4874320987654315,82.61934518814087,-2.9816757887601852,82.61934518814087
zeroshot_deepseek,151,25.436153509262365,12.045202702702703,84.14976000785828,6.0861460864543915,84.14976000785828
zeroshot_deepseek,152,55.55555555555555,28.840000000000007,87.76441216468811,27.503228187561035,87.76441216468811
zeroshot_deepseek,153,47.18314093314093,6.936363636363637,93.24081540107727,59.95132923126221,93.24081540107727
zeroshot_deepseek,154,47.00116713352007,9.534210526315793,83.85387063026428,4.332979395985603,83.85387063026428
zeroshot_deepseek,155,33.24074074074074,15.194843373493978,87.74520754814148,27.389439940452576,87.74520754814148
zeroshot_deepseek,156,23.035526564938333,13.945882352941176,95.01858949661255,70.48476934432983,95.01858949661255
zeroshot_deepseek,157,21.3251332001332,13.051162790697674,81.76352977752686,-8.052445948123932,81.76352977752686
zeroshot_deepseek,158,54.61002178649238,16.761904761904763,87.50380277633667,25.95909833908081,87.50380277633667
zeroshot_deepseek,159,33.72642195132507,14.35374149659864,84.94374752044678,10.7905812561512,84.94374752044678
zeroshot_deepseek,160,62.984661515396155,9.420178571428576,83.50604176521301,2.272067591547966,83.50604176521301
zeroshot_deepseek,161,65.20499712572884,13.901739130434787,98.79609942436218,92.86680221557617,98.79609942436218
zeroshot_deepseek,162,38.29844337090714,12.32627272727273,82.82135725021362,-1.7847392708063126,82.82135725021362
zeroshot_deepseek,163,41.33776741185162,11.336521739130436,96.5385913848877,79.49089407920837,96.5385913848877
zeroshot_deepseek,164,30.274779700401393,14.142222222222227,94.17542815208435,65.48897624015808,94.17542815208435
zeroshot_deepseek,165,27.98693925717151,10.254509803921572,85.93220710754395,16.647277772426605,85.93220710754395
zeroshot_deepseek,166,15.013847980138328,9.851914893617021,85.44052839279175,13.734045624732971,85.44052839279175
zeroshot_deepseek,167,36.04938271604938,15.810000000000002,88.23264837265015,30.277565121650696,88.23264837265015
zeroshot_deepseek,168,26.005579749446067,12.811111111111114,82.99705982208252,-0.7436884567141533,82.99705982208252
zeroshot_deepseek,169,43.20609127393807,11.500000000000004,94.211345911026,65.70179462432861,94.211345911026
zeroshot_deepseek,170,41.405821490900024,10.019047619047623,92.65627264976501,56.48787021636963,92.65627264976501
zeroshot_deepseek,171,31.006319330787413,10.409827586206898,86.55959963798523,20.3646257519722,86.55959963798523
zeroshot_deepseek,172,23.128071214827738,9.879999999999999,85.32690405845642,13.060812652111053,85.32690405845642
zeroshot_deepseek,173,48.99470899470899,11.3,94.25194263458252,65.9423291683197,94.25194263458252
zeroshot_deepseek,174,48.8396097902223,4.057500000000001,90.7896637916565,45.428070425987244,90.7896637916565
zeroshot_deepseek,175,36.075498575498585,11.264615384615386,87.20921277999878,24.213631451129913,87.20921277999878
zeroshot_deepseek,176,38.67434507678409,10.58294382022472,80.62283396720886,-14.811153709888458,80.62283396720886
zeroshot_deepseek,177,49.51313440629979,15.532258064516128,96.30309343338013,78.09555530548096,96.30309343338013
zeroshot_deepseek,178,53.25613275613276,9.781176470588235,96.071857213974,76.72545909881592,96.071857213974
zeroshot_deepseek,179,56.71109265272219,11.749041666666667,86.8036150932312,21.810434758663177,86.8036150932312
zeroshot_deepseek,180,53.801733980305414,19.71935483870968,94.71933245658875,68.71165037155151,94.71933245658875
zeroshot_deepseek,181,57.46031746031747,12.172307692307694,88.8073980808258,33.68299901485443,88.8073980808258
zeroshot_deepseek,182,44.166666666666664,9.081818181818182,90.23784399032593,42.158496379852295,90.23784399032593
zeroshot_deepseek,183,38.83263009845288,10.009375000000002,82.64839053153992,-2.8095800429582596,82.64839053153992
zeroshot_deepseek,184,52.76610644257703,13.162500000000001,81.99809193611145,-6.6626474261283875,81.99809193611145
zeroshot_deepseek,185,38.84291634291635,14.040000000000003,87.24793195724487,24.443045258522034,87.24793195724487
zeroshot_deepseek,186,12.962962962962962,12.644193548387097,83.93397927284241,4.8076290637254715,83.93397927284241
zeroshot_deepseek,187,47.844272844272844,10.12126984126984,82.46740698814392,-3.881920874118805,82.46740698814392
zeroshot_deepseek,188,37.22285786931096,12.042929292929298,81.86709880828857,-7.4387915432453156,81.86709880828857
zeroshot_deepseek,189,41.56517031150713,18.232000000000003,91.14847779273987,47.55406975746155,91.14847779273987
zeroshot_deepseek,190,39.26843510176843,12.228301886792455,84.11609530448914,5.886680260300636,84.11609530448914
zeroshot_deepseek,191,18.463768115942027,9.439393939393941,88.41629028320312,31.365656852722168,88.41629028320312
zeroshot_deepseek,192,42.39217572550906,9.674274509803926,83.88870358467102,4.539367184042931,83.88870358467102
zeroshot_deepseek,193,58.78378378378378,10.451111111111114,88.06398510932922,29.27822172641754,88.06398510932922
zeroshot_deepseek,194,43.131208905856795,12.080000000000002,82.8779399394989,-1.4494826085865498,82.8779399394989
zeroshot_deepseek,195,42.53232038429407,13.984000000000002,87.3566746711731,25.087353587150574,87.3566746711731
zeroshot_deepseek,196,37.67195767195767,13.063558897243109,82.28657245635986,-4.953379184007645,82.28657245635986
zeroshot_deepseek,197,50.02769743748223,10.193750000000005,89.90604877471924,40.192586183547974,89.90604877471924
zeroshot_deepseek,198,49.115418071971526,10.50195987654321,81.20777606964111,-11.345328390598297,81.20777606964111
zeroshot_deepseek,199,50.0,12.425714285714289,91.26684665679932,48.25541377067566,91.26684665679932
zeroshot_deepseek,200,37.47342612168194,15.420000000000002,86.44899129867554,19.709262251853943,86.44899129867554
zeroshot_deepseek,201,50.0,7.58666666666667,86.62817478179932,20.77093869447708,86.62817478179932
zeroshot_deepseek,202,41.661528686627555,11.169411764705881,91.96161031723022,52.37194299697876,91.96161031723022
zeroshot_deepseek,203,33.477633477633475,14.250000000000004,82.20147490501404,-5.457588285207748,82.20147490501404
zeroshot_deepseek,204,46.030799682779744,13.141809523809524,82.46634602546692,-3.8882073014974594,82.46634602546692
zeroshot_deepseek,205,41.9602529358627,13.82357142857143,86.93403005599976,22.5831538438797,86.93403005599976
zeroshot_deepseek,206,17.107965337132004,85.892,72.50310182571411,-62.92117238044739,72.50310182571411
zeroshot_deepseek,207,56.60643969966005,11.752222222222223,86.71727180480957,21.29884511232376,86.71727180480957
zeroshot_deepseek,208,32.966686091686086,12.690000000000001,92.26139187812805,54.14816737174988,92.26139187812805
zeroshot_deepseek,209,49.7979797979798,10.73,91.04786515235901,46.95793390274048,91.04786515235901
zeroshot_deepseek,210,57.763337885789966,8.02926616191031,83.73536467552185,3.6308228969573975,83.73536467552185
zeroshot_deepseek,211,34.905660377358494,14.693450980392157,82.69957304000854,-2.5063198059797287,82.69957304000854
zeroshot_deepseek,212,12.341454246364274,10.757814136125653,83.50492119789124,2.2654280066490173,83.50492119789124
zeroshot_deepseek,213,46.90075167027909,12.770026246719162,83.28580856323242,0.9671693667769432,83.28580856323242
zeroshot_deepseek,214,55.9140226603462,9.910000000000004,93.55983138084412,61.84152364730835,93.55983138084412
zeroshot_deepseek,215,35.58840215185979,12.646578947368422,92.44964122772217,55.26356101036072,92.44964122772217
zeroshot_deepseek,216,41.48139049580392,15.403333333333332,85.65967679023743,15.032514929771423,85.65967679023743
zeroshot_deepseek,217,37.146898556491365,10.581395348837212,88.12629580497742,29.64741587638855,88.12629580497742
zeroshot_deepseek,218,12.921982752980279,10.486956521739135,92.63572096824646,56.366097927093506,92.63572096824646
zeroshot_deepseek,219,20.35471959814065,12.935789473684213,94.33667063713074,66.44434928894043,94.33667063713074
zeroshot_deepseek,220,25.864900066306713,15.91777777777778,92.31228828430176,54.44973707199097,92.31228828430176
zeroshot_deepseek,221,18.58109725068902,8.366212121212126,93.3072030544281,60.34467816352844,93.3072030544281
zeroshot_deepseek,222,39.215119488035974,11.984102564102567,83.65533947944641,3.156667575240135,83.65533947944641
zeroshot_deepseek,223,28.43961593961594,8.400000000000002,84.39731001853943,7.552898675203323,84.39731001853943
zeroshot_deepseek,224,34.61538461538462,17.323809523809526,90.25886654853821,42.283058166503906,90.25886654853821
zeroshot_deepseek,225,22.15978645043028,14.60666666666667,89.3150269985199,36.690738797187805,89.3150269985199
zeroshot_deepseek,226,19.631642512077295,9.054285714285715,89.72535133361816,39.12194073200226,89.72535133361816
zeroshot_deepseek,227,20.734913234913233,20.94758620689655,89.92497324943542,40.30471444129944,89.92497324943542
zeroshot_deepseek,228,46.284816490698844,8.771304347826089,92.80957579612732,57.39620327949524,92.80957579612732
zeroshot_deepseek,229,39.900196421935554,9.416739130434784,90.98919630050659,46.61031663417816,90.98919630050659
zeroshot_deepseek,230,46.49801587301587,3.84,87.65664100646973,26.864677667617798,87.65664100646973
zeroshot_deepseek,231,40.10228848821082,10.611284916201118,81.97482228279114,-6.800521910190582,81.97482228279114
zeroshot_deepseek,232,30.208333333333332,11.995862068965518,84.61255431175232,8.828236907720566,84.61255431175232
zeroshot_deepseek,233,54.44548327072577,10.413519553072629,85.08651852607727,11.636510491371155,85.08651852607727
zeroshot_deepseek,234,26.195070361737027,7.566666666666666,91.64108037948608,50.47277808189392,91.64108037948608
zeroshot_deepseek,235,38.64603896309706,14.773000000000003,94.81853246688843,69.29941773414612,94.81853246688843
zeroshot_deepseek,236,35.24101359436482,10.879795918367346,81.27657771110535,-10.937673598527908,81.27657771110535
zeroshot_deepseek,237,39.09953976173795,10.122297297297298,90.03730416297913,40.97028374671936,90.03730416297913
zeroshot_deepseek,238,44.31331059890162,12.860000000000003,96.26230001449585,77.8538465499878,96.26230001449585
zeroshot_deepseek,239,35.9375,22.14238095238095,85.33594608306885,13.114386796951294,85.33594608306885
zeroshot_deepseek,240,27.98821021018111,16.480952380952385,91.28065705299377,48.337242007255554,91.28065705299377
zeroshot_deepseek,241,12.66643261612302,16.04105263157895,86.37474775314331,19.269365072250366,86.37474775314331
zeroshot_deepseek,242,36.60581941831942,14.925000000000004,83.23094248771667,0.6420837715268135,83.23094248771667
zeroshot_deepseek,243,43.142466852144274,17.323809523809526,88.13750147819519,29.713812470436096,88.13750147819519
zeroshot_deepseek,244,35.95174772036474,9.125054945054949,82.54964351654053,-3.3946633338928223,82.54964351654053
zeroshot_deepseek,245,31.840942991446635,10.248548387096779,88.10702562332153,29.53324019908905,88.10702562332153
zeroshot_deepseek,246,45.21965591242441,12.853957307060757,83.94339084625244,4.863393306732178,83.94339084625244
zeroshot_deepseek,247,43.166859449774336,14.437241379310347,88.51825594902039,31.969809532165527,88.51825594902039
zeroshot_deepseek,248,38.900366491411646,12.270000000000003,90.69958925247192,44.894373416900635,90.69958925247192
zeroshot_deepseek,249,43.64628427128427,6.780000000000001,90.66824316978455,44.70864534378052,90.66824316978455
zeroshot_deepseek,250,34.49519230769231,15.895,85.88132858276367,16.34581834077835,85.88132858276367
zeroshot_deepseek,251,48.61111111111111,13.945882352941176,89.71014618873596,39.031848311424255,89.71014618873596
zeroshot_deepseek,252,36.814652311932264,11.296174957118353,81.58323168754578,-9.120725840330124,81.58323168754578
zeroshot_deepseek,253,35.24006326562111,11.632156862745099,88.41259479522705,31.343761086463928,88.41259479522705
zeroshot_deepseek,254,33.691756272401435,14.957053571428574,78.96000742912292,-24.663524329662323,78.96000742912292
zeroshot_deepseek,255,39.13268695877392,8.904629629629632,88.15917372703552,29.84222173690796,88.15917372703552
zeroshot_deepseek,256,66.76562590093985,8.588421052631581,91.0544216632843,46.99678122997284,91.0544216632843
zeroshot_deepseek,257,34.77106227106226,15.797142857142859,87.27771043777466,24.619485437870026,87.27771043777466
zeroshot_deepseek,258,39.92824339839265,11.584545454545456,83.74754190444946,3.702973946928978,83.74754190444946
zeroshot_deepseek,259,50.50982953247162,11.500000000000004,89.7504210472107,39.27048146724701,89.7504210472107
zeroshot_deepseek,260,44.0079365079365,12.286666666666669,87.10471391677856,23.59446883201599,87.10471391677856
zeroshot_deepseek,261,47.608057317359645,13.872857142857146,91.91048741340637,52.069032192230225,91.91048741340637
zeroshot_deepseek,262,44.97354497354497,20.344545454545457,85.58586239814758,14.595159888267517,85.58586239814758
zeroshot_deepseek,263,35.50473837099677,6.851458333333333,81.89622163772583,-7.266236841678619,81.89622163772583
zeroshot_deepseek,264,37.205387205387204,14.414782608695656,88.75709772109985,33.38496685028076,88.75709772109985
zeroshot_deepseek,265,41.940852490421456,10.138333333333332,83.55571031570435,2.5663573294878006,83.55571031570435
zeroshot_deepseek,266,40.196927255750786,8.370000000000001,85.12189388275146,11.846111714839935,85.12189388275146
zeroshot_deepseek,267,37.343153300600115,8.467592592592595,91.0102367401123,46.73498272895813,91.0102367401123
zeroshot_deepseek,268,35.68799449604403,8.412857142857145,89.67230916023254,38.80766034126282,89.67230916023254
zeroshot_deepseek,269,36.83272352003002,12.875979643765906,80.16085028648376,-17.548441886901855,80.16085028648376
zeroshot_deepseek,270,33.82609864121087,15.426923076923078,87.34762668609619,25.033745169639587,87.34762668609619
zeroshot_deepseek,271,39.90196078431372,15.725000000000005,87.6790463924408,26.997432112693787,87.6790463924408
zeroshot_deepseek,272,36.787911095168816,13.325919540229886,81.13430142402649,-11.780671030282974,81.13430142402649
zeroshot_deepseek,273,38.33333333333333,20.18333333333334,88.10402154922485,29.51543927192688,88.10402154922485
zeroshot_deepseek,274,36.80682698341918,9.48030303030303,84.58850979804993,8.685771375894547,84.58850979804993
zeroshot_deepseek,275,41.02690006719214,11.849565217391305,89.621102809906,38.504260778427124,89.621102809906
zeroshot_deepseek,276,44.04105433817784,9.109000000000002,91.95114970207214,52.30996012687683,91.95114970207214
zeroshot_deepseek,277,38.18181818181819,8.724242424242426,86.56468391418457,20.39474993944168,86.56468391418457
zeroshot_deepseek,278,37.276372446334676,15.636000000000003,82.94731974601746,-1.0384021326899529,82.94731974601746
zeroshot_deepseek,279,36.51812355313715,9.311891891891893,84.32133197784424,7.102722674608231,84.32133197784424
zeroshot_deepseek,280,24.205368906455863,10.941428571428574,86.45172119140625,19.725437462329865,86.45172119140625
zeroshot_deepseek,281,40.86085211085211,7.566666666666666,89.1166627407074,35.51541566848755,89.1166627407074
zeroshot_deepseek,282,35.39487095575577,11.516470588235293,85.09970903396606,11.714664846658707,85.09970903396606
zeroshot_deepseek,283,39.62962962962963,12.283333333333335,85.50280332565308,14.103028178215027,85.50280332565308
zeroshot_deepseek,284,50.39916857056214,9.087500000000002,89.75908160209656,39.32179510593414,89.75908160209656
zeroshot_deepseek,285,28.158313908313907,7.991428571428575,89.28800225257874,36.53061389923096,89.28800225257874
zeroshot_deepseek,286,62.817460317460316,9.553333333333335,84.02970433235168,5.374807119369507,84.02970433235168
zeroshot_deepseek,287,56.519702842377264,10.098571428571429,91.29712581634521,48.434820771217346,91.29712581634521
zeroshot_deepseek,288,30.208333333333332,9.140000000000004,88.00613284111023,28.935441374778748,88.00613284111023
zeroshot_deepseek,289,39.96212121212121,14.111428571428572,92.98567771911621,58.43961834907532,92.98567771911621
zeroshot_deepseek,290,50.36713286713286,6.310588235294119,87.1891975402832,24.095040559768677,87.1891975402832
zeroshot_deepseek,291,45.28235653235653,5.993333333333336,89.55646753311157,38.12129199504852,89.55646753311157
zeroshot_deepseek,292,38.41787439613527,10.845000000000002,84.66506004333496,9.13933739066124,84.66506004333496
zeroshot_deepseek,293,39.05621850767884,16.791851851851856,89.96672630310059,40.552106499671936,89.96672630310059
zeroshot_deepseek,294,34.25925925925925,5.806666666666668,84.75931882858276,9.697827696800232,84.75931882858276
zeroshot_deepseek,295,35.6265664160401,9.402817659727209,82.51860737800598,-3.5785548388957977,82.51860737800598
zeroshot_deepseek,296,54.42834138486313,15.725000000000005,87.26022243499756,24.515867233276367,87.26022243499756
zeroshot_deepseek,297,47.4567810238542,18.88049019607843,85.37134528160095,13.324129581451416,85.37134528160095
zeroshot_deepseek,298,38.35625235956404,7.71719298245614,83.95366668701172,4.92427870631218,83.95366668701172
zeroshot_deepseek,299,41.674348767372024,22.519473684210528,90.28026461601257,42.40984320640564,90.28026461601257
ft_gemma3,0,23.501354489164086,14.456,94.9946939945221,70.34319043159485,94.9946939945221
ft_gemma3,1,41.083330848749526,13.030000000000005,89.69952464103699,38.96891474723816,89.69952464103699
ft_gemma3,2,34.61791629921457,13.269132653061227,86.0799491405487,17.52265989780426,86.0799491405487
ft_gemma3,3,50.0,26.490000000000006,82.33253359794617,-4.681055992841721,82.33253359794617
ft_gemma3,4,47.74114941139093,17.540000000000003,86.69954538345337,21.193814277648926,86.69954538345337
ft_gemma3,5,37.02884006556322,11.830253623188405,83.66832137107849,3.2335862517356873,83.66832137107849
ft_gemma3,6,38.46604385397489,11.07263157894737,89.24469947814941,36.27404272556305,89.24469947814941
ft_gemma3,7,32.68438608754696,18.519130434782614,80.9569239616394,-12.831646203994751,80.9569239616394
ft_gemma3,8,62.733936588103255,12.286666666666669,94.38629746437073,66.73839092254639,94.38629746437073
ft_gemma3,9,52.084790209790214,9.55,93.16015243530273,59.473395347595215,93.16015243530273
ft_gemma3,10,52.22771388936517,12.29909090909091,91.70488119125366,50.8508026599884,91.70488119125366
ft_gemma3,11,48.30345379258423,5.682857142857145,88.34919929504395,30.968135595321655,88.34919929504395
ft_gemma3,12,35.8005636484785,15.873939393939395,86.88568472862244,22.296704351902008,86.88568472862244
ft_gemma3,13,17.165421724245252,7.190000000000001,95.43315768241882,72.94111847877502,95.43315768241882
ft_gemma3,14,52.41449583554846,6.790000000000003,88.38909864425659,31.20454251766205,88.38909864425659
ft_gemma3,15,34.300782533185824,17.12636363636364,97.22617268562317,83.56486558914185,97.22617268562317
ft_gemma3,16,26.362278399809032,24.01666666666667,97.41625785827637,84.6911370754242,97.41625785827637
ft_gemma3,17,35.18518518518518,14.68,85.97171902656555,16.881388425827026,85.97171902656555
ft_gemma3,18,50.34547152194211,5.240000000000002,91.14425778388977,47.52906560897827,91.14425778388977
ft_gemma3,19,42.60368807923156,11.693684210526317,88.92810940742493,34.39822196960449,88.92810940742493
ft_gemma3,20,32.487739203425484,14.040000000000003,90.90104103088379,46.08798921108246,90.90104103088379
ft_gemma3,21,39.732811918195424,11.985714285714284,86.82775497436523,21.953466534614563,86.82775497436523
ft_gemma3,22,35.85978835978836,15.15571428571429,86.38620972633362,19.337277114391327,86.38620972633362
ft_gemma3,23,42.138888888888886,12.860000000000003,88.49985003471375,31.860753893852234,88.49985003471375
ft_gemma3,24,7.855141325536062,6.705000000000002,89.94632959365845,40.431252121925354,89.94632959365845
ft_gemma3,25,45.450254039093686,11.342307692307696,88.07680606842041,29.354187846183777,88.07680606842041
ft_gemma3,26,14.785010740893092,3.6700000000000017,89.53827619552612,38.013505935668945,89.53827619552612
ft_gemma3,27,35.252546689303905,12.26666666666667,88.430655002594,31.450769305229187,88.430655002594
ft_gemma3,28,38.613406588502926,17.57166666666667,86.08976602554321,17.580826580524445,86.08976602554321
ft_gemma3,29,64.42652329749103,9.910000000000004,83.46954584121704,2.055826410651207,83.46954584121704
ft_gemma3,30,31.9708751393534,9.255714285714287,87.69662976264954,27.101615071296692,87.69662976264954
ft_gemma3,31,7.187410415671286,5.230000000000004,90.36251902580261,42.8972065448761,90.36251902580261
ft_gemma3,32,25.672757539241136,11.342307692307696,94.85947489738464,69.54200267791748,94.85947489738464
ft_gemma3,33,25.849165753257825,6.960000000000001,90.16417264938354,41.72199070453644,90.16417264938354
ft_gemma3,34,64.23415121968642,28.51692307692308,98.61489534378052,91.79314970970154,98.61489534378052
ft_gemma3,35,39.84649122807017,12.407777777777778,85.79767346382141,15.850156545639038,85.79767346382141
ft_gemma3,36,32.82967032967033,7.368571428571428,83.77777338027954,3.882097452878952,83.77777338027954
ft_gemma3,37,39.74191317941318,8.350000000000005,89.8645281791687,39.946573972702026,89.8645281791687
ft_gemma3,38,53.09005083514889,7.773333333333333,87.2429609298706,24.413591623306274,87.2429609298706
ft_gemma3,39,35.33916700583368,2.4700000000000024,87.55241632461548,26.247137784957886,87.55241632461548
ft_gemma3,40,37.32314029507908,17.244285714285713,86.13876700401306,17.871160805225372,86.13876700401306
ft_gemma3,41,45.92827274278887,4.534259259259262,87.17634677886963,24.018898606300354,87.17634677886963
ft_gemma3,42,55.30049927497514,5.884285714285717,88.16559910774231,29.880291223526,88.16559910774231
ft_gemma3,43,42.36111111111111,20.81166666666667,83.34953188896179,1.3447348028421402,83.34953188896179
ft_gemma3,44,34.8792270531401,12.187142857142856,87.33739256858826,24.973106384277344,87.33739256858826
ft_gemma3,45,33.7259853436324,20.546341463414638,85.69142818450928,15.220645070075989,85.69142818450928
ft_gemma3,46,40.72230207872622,7.964677419354839,93.56291890144348,61.85981631278992,93.56291890144348
ft_gemma3,47,53.01956855673545,11.090000000000003,92.04158186912537,52.84578204154968,92.04158186912537
ft_gemma3,48,17.526941332088388,8.412857142857145,89.11738991737366,35.51972508430481,89.11738991737366
ft_gemma3,49,47.4631031538021,7.304137931034482,88.06085586547852,29.259681701660156,88.06085586547852
ft_gemma3,50,35.27049498463391,9.985833333333332,87.03649640083313,23.190274834632874,87.03649640083313
ft_gemma3,51,37.31219760631525,9.130000000000003,96.97657823562622,82.08600282669067,96.97657823562622
ft_gemma3,52,63.0665425303904,7.936410256410259,87.11958527565002,23.68258237838745,87.11958527565002
ft_gemma3,53,46.388888888888886,10.740000000000002,90.76606631278992,45.28825581073761,90.76606631278992
ft_gemma3,54,18.325962388369042,14.177894736842106,95.92278599739075,75.84220170974731,95.92278599739075
ft_gemma3,55,32.36558058460713,10.816724137931036,87.41099834442139,25.4092276096344,87.41099834442139
ft_gemma3,56,23.572816705896553,6.310588235294119,97.26973176002502,83.82295966148376,97.26973176002502
ft_gemma3,57,44.21446404496816,10.713333333333338,84.80365872383118,9.960544854402542,84.80365872383118
ft_gemma3,58,39.50991046938881,12.885000000000002,83.46405625343323,2.0233001559972763,83.46405625343323
ft_gemma3,59,40.32099844599844,9.255714285714287,94.30468082427979,66.25480651855469,94.30468082427979
ft_gemma3,60,52.43055555555556,8.350000000000005,85.35903096199036,13.251166045665741,85.35903096199036
ft_gemma3,61,50.424783549783555,13.611538461538462,93.47596168518066,61.34458780288696,93.47596168518066
ft_gemma3,62,52.05905205905206,5.863636363636363,84.8417580127716,10.186285525560379,84.8417580127716
ft_gemma3,63,45.53151251264458,12.314736842105265,93.56045126914978,61.845195293426514,93.56045126914978
ft_gemma3,64,30.12378644519399,7.651515151515152,87.45746612548828,25.684550404548645,87.45746612548828
ft_gemma3,65,23.568021484688153,5.616470588235295,97.37110733985901,84.42361354827881,97.37110733985901
ft_gemma3,66,37.98226289329492,13.450000000000003,87.08552122116089,23.480750620365143,87.08552122116089
ft_gemma3,67,9.326593823161328,9.92666666666667,86.43258810043335,19.61207240819931,86.43258810043335
ft_gemma3,68,38.51603614338199,14.630000000000003,95.97643613815308,76.16008520126343,95.97643613815308
ft_gemma3,69,48.40166777666777,8.895238095238096,96.99797034263611,82.21275210380554,96.99797034263611
ft_gemma3,70,64.07409765252902,6.400000000000002,93.13927888870239,59.34971570968628,93.13927888870239
ft_gemma3,71,22.40659005472854,14.646666666666672,94.21823620796204,65.74261784553528,94.21823620796204
ft_gemma3,72,42.83705638688224,5.041428571428572,89.90538120269775,40.18863141536713,89.90538120269775
ft_gemma3,73,18.766321618645456,8.140000000000004,95.06410360336304,70.75444459915161,95.06410360336304
ft_gemma3,74,38.623656993710526,16.231515151515154,90.15364646911621,41.65962040424347,90.15364646911621
ft_gemma3,75,64.75330774177205,17.452352941176475,97.26263284683228,83.78089666366577,97.26263284683228
ft_gemma3,76,25.42564745196324,9.781176470588235,91.01866483688354,46.78491950035095,91.01866483688354
ft_gemma3,77,28.605283605283603,9.054285714285715,85.73585748672485,15.48389196395874,85.73585748672485
ft_gemma3,78,29.400929837377603,11.344285714285714,97.47517704963684,85.04023551940918,97.47517704963684
ft_gemma3,79,6.412483026929882,12.270000000000003,85.86655259132385,16.258269548416138,85.86655259132385
ft_gemma3,80,26.997982526250368,7.612500000000001,83.94494652748108,4.872610792517662,83.94494652748108
ft_gemma3,81,44.46132219891516,11.68,94.26074028015137,65.99445939064026,94.26074028015137
ft_gemma3,82,25.362461715656444,15.953913043478263,92.42697954177856,55.129289627075195,92.42697954177856
ft_gemma3,83,16.457549925241484,14.64,86.50648593902588,20.04992365837097,86.50648593902588
ft_gemma3,84,65.48018753781004,8.353333333333339,99.26103353500366,95.62156796455383,99.26103353500366
ft_gemma3,85,46.852294878610664,12.250000000000004,95.02618312835693,70.52976489067078,95.02618312835693
ft_gemma3,86,39.45003195915926,19.25081081081081,88.07525634765625,29.345005750656128,88.07525634765625
ft_gemma3,87,37.66849681483828,8.756666666666668,93.48332285881042,61.388200521469116,93.48332285881042
ft_gemma3,88,46.85183032369733,10.500000000000004,89.1909122467041,35.95534861087799,89.1909122467041
ft_gemma3,89,47.222222222222214,20.200000000000006,87.91723251342773,28.408700227737427,87.91723251342773
ft_gemma3,90,24.786324786324787,9.781176470588235,89.8940920829773,40.12174308300018,89.8940920829773
ft_gemma3,91,30.2456891973021,15.334117647058822,98.77915382385254,92.76639819145203,98.77915382385254
ft_gemma3,92,61.703783524904225,11.090000000000003,96.60839438438416,79.90448474884033,96.60839438438416
ft_gemma3,93,18.93837156995052,8.541538461538462,93.85427832603455,63.58613967895508,93.85427832603455
ft_gemma3,94,50.877192982456144,13.945882352941176,84.86299514770508,10.312117636203766,84.86299514770508
ft_gemma3,95,25.198412698412696,12.425714285714289,95.48051953315735,73.22174310684204,95.48051953315735
ft_gemma3,96,35.38015533976679,5.28146341463415,85.43722033500671,13.714444637298584,85.43722033500671
ft_gemma3,97,17.077621452621454,9.44923076923077,93.49434971809387,61.4535391330719,93.49434971809387
ft_gemma3,98,18.47222222222222,4.790909090909089,88.51832151412964,31.970199942588806,88.51832151412964
ft_gemma3,99,7.680972465263756,5.682857142857145,88.35358023643494,30.994093418121338,88.35358023643494
ft_gemma3,100,64.00247784478073,15.480740740740742,99.13063645362854,94.84895467758179,99.13063645362854
ft_gemma3,101,43.19605367399485,18.845000000000002,87.65154480934143,26.834481954574585,87.65154480934143
ft_gemma3,102,5.621392496392497,9.087500000000002,85.51180958747864,14.156390726566315,85.51180958747864
ft_gemma3,103,71.29670919525992,8.756666666666668,99.49294328689575,96.99565172195435,99.49294328689575
ft_gemma3,104,14.047619047619046,3.7550000000000026,89.04233574867249,35.0750207901001,89.04233574867249
ft_gemma3,105,18.412698412698415,8.412857142857145,93.49048137664795,61.430615186691284,93.49048137664795
ft_gemma3,106,23.049460118425635,7.633846153846157,89.3354594707489,36.8118017911911,89.3354594707489
ft_gemma3,107,38.30833736494114,21.349999999999998,91.9438123703003,52.26649045944214,91.9438123703003
ft_gemma3,108,56.666666666666664,9.180000000000003,98.06777238845825,88.55140805244446,98.06777238845825
ft_gemma3,109,38.258840048160735,4.238333333333333,87.86892294883728,28.122463822364807,87.86892294883728
ft_gemma3,110,9.312354312354314,7.633846153846157,90.38591384887695,43.03582310676575,90.38591384887695
ft_gemma3,111,19.363711001642034,8.009090909090911,89.62215781211853,38.510510325431824,89.62215781211853
ft_gemma3,112,9.000824711351026,5.230000000000004,93.24648976325989,59.98494625091553,93.24648976325989
ft_gemma3,113,47.81857031857032,3.997142857142858,93.20249557495117,59.72427725791931,93.20249557495117
ft_gemma3,114,78.21272571272571,11.096666666666668,99.5303213596344,97.21711874008179,99.5303213596344
ft_gemma3,115,62.27530038399603,13.451428571428576,98.0745792388916,88.59173655509949,98.0745792388916
ft_gemma3,116,43.58992314874668,5.884285714285717,90.67406058311462,44.743114709854126,90.67406058311462
ft_gemma3,117,60.821037445078375,8.541538461538462,98.98552298545837,93.98914575576782,98.98552298545837
ft_gemma3,118,56.90476190476191,13.450000000000003,92.291659116745,54.32750582695007,92.291659116745
ft_gemma3,119,20.52233814937462,7.967368421052633,84.55868363380432,8.509048819541931,84.55868363380432
ft_gemma3,120,25.201559934318556,11.3,98.72164726257324,92.42566227912903,98.72164726257324
ft_gemma3,121,33.866467691178755,13.665000000000003,87.91151642799377,28.37483286857605,87.91151642799377
ft_gemma3,122,12.202380952380953,2.3114285714285714,93.50360035896301,61.50834560394287,93.50360035896301
ft_gemma3,123,13.165926087360106,13.952380952380953,87.93903589248657,28.53788733482361,87.93903589248657
ft_gemma3,124,60.030853052203604,11.470000000000002,99.07317757606506,94.50851082801819,99.07317757606506
ft_gemma3,125,22.88579067990833,9.825,89.13746476173401,35.63866913318634,89.13746476173401
ft_gemma3,126,28.87890830165873,10.310434782608699,97.39176034927368,84.54598784446716,97.39176034927368
ft_gemma3,127,22.153484380918457,5.041428571428572,97.1032202243805,82.83636569976807,97.1032202243805
ft_gemma3,128,35.8974358974359,7.190000000000001,92.9044246673584,57.95818567276001,92.9044246673584
ft_gemma3,129,31.544072523109097,8.588421052631581,95.00956535339355,70.43130397796631,95.00956535339355
ft_gemma3,130,32.34680700160637,11.796153846153846,96.5052843093872,79.29354906082153,96.5052843093872
ft_gemma3,131,70.28485491861288,16.662105263157894,97.44078516960144,84.83645915985107,97.44078516960144
ft_gemma3,132,39.46759259259259,12.3,89.78159427642822,39.45518434047699,89.78159427642822
ft_gemma3,133,59.92999325236168,6.2755555555555596,99.00143146514893,94.08340454101562,99.00143146514893
ft_gemma3,134,51.78344235262857,6.780000000000001,95.24073600769043,71.80100679397583,95.24073600769043
ft_gemma3,135,56.50804361330678,6.746578947368423,91.43526554107666,49.25330877304077,91.43526554107666
ft_gemma3,136,100.0,10.941428571428574,100.0,100.0,100.0
ft_gemma3,137,32.18844343650844,9.248333333333335,97.41396903991699,84.67757105827332,97.41396903991699
ft_gemma3,138,10.526556776556777,10.740000000000002,87.48854398727417,25.868690013885498,87.48854398727417
ft_gemma3,139,54.46612855668583,8.353333333333339,93.59515309333801,62.050801515579224,93.59515309333801
ft_gemma3,140,64.65132818206281,20.341538461538466,99.07519221305847,94.52044367790222,99.07519221305847
ft_gemma3,141,17.22123192711428,2.4833333333333343,87.97593712806702,28.756532073020935,87.97593712806702
ft_gemma3,142,37.23085748705892,10.68,97.48745560646057,85.11298894882202,97.48745560646057
ft_gemma3,143,53.23412698412698,9.209473684210526,85.07914543151855,11.592824012041092,85.07914543151855
ft_gemma3,144,33.57142857142857,20.411111111111115,86.83074712753296,21.971194446086884,86.83074712753296
ft_gemma3,145,5.849770463741052,11.22727272727273,86.35040521621704,19.125133752822876,86.35040521621704
ft_gemma3,146,42.11336049571344,6.726153846153846,96.88003063201904,81.51394724845886,96.88003063201904
ft_gemma3,147,14.579991087344027,8.89777777777778,90.2481734752655,42.219701409339905,90.2481734752655
ft_gemma3,148,43.72414012838603,9.087500000000002,92.26440191268921,54.16600704193115,92.26440191268921
ft_gemma3,149,45.46568627450981,12.3,96.52379751205444,79.40323948860168,96.52379751205444
ft_gemma3,150,66.2079532667768,14.596666666666668,97.93223738670349,87.74835467338562,97.93223738670349
ft_gemma3,151,65.78331204767987,14.646666666666672,96.77426218986511,80.8872640132904,96.77426218986511
ft_gemma3,152,66.66666666666666,7.190000000000001,87.58237361907959,26.42463743686676,87.58237361907959
ft_gemma3,153,46.443240228398366,10.451578947368422,90.88041186332703,45.965760946273804,90.88041186332703
ft_gemma3,154,25.329184704184705,3.997142857142858,94.92858648300171,69.95149850845337,94.92858648300171
ft_gemma3,155,18.61111111111111,11.863529411764706,91.76296591758728,51.19495987892151,91.76296591758728
ft_gemma3,156,17.174873737373737,4.790909090909089,90.00890254974365,40.802001953125,90.00890254974365
ft_gemma3,157,19.211017740429504,5.818461538461541,97.34524488449097,84.27037596702576,97.34524488449097
ft_gemma3,158,33.21196543819634,10.208888888888893,87.34696507453918,25.029823184013367,87.34696507453918
ft_gemma3,159,16.94140139186579,8.412857142857145,93.70157122612,62.68134117126465,93.70157122612
ft_gemma3,160,22.897838029416974,14.312857142857148,97.58016467094421,85.66229343414307,97.58016467094421
ft_gemma3,161,46.13562701035409,12.945,98.71433973312378,92.38236546516418,98.71433973312378
ft_gemma3,162,35.66760037348273,10.690000000000001,86.16390824317932,18.02012473344803,86.16390824317932
ft_gemma3,163,9.628548008873976,9.830526315789477,87.72719502449036,27.28271484375,87.72719502449036
ft_gemma3,164,15.128181400926843,13.09,94.01558041572571,64.54187035560608,94.01558041572571
ft_gemma3,165,35.253136057126675,12.172307692307694,89.8063063621521,39.601606130599976,89.8063063621521
ft_gemma3,166,66.1963961963962,7.698823529411765,98.66361021995544,92.08179116249084,98.66361021995544
ft_gemma3,167,37.885802469135804,13.436666666666667,89.94964361190796,40.450888872146606,89.94964361190796
ft_gemma3,168,63.014422985353214,18.704000000000004,99.03178215026855,94.26323771476746,99.03178215026855
ft_gemma3,169,41.37866960064214,11.784285714285716,94.33539509773254,66.43679141998291,94.33539509773254
ft_gemma3,170,43.31305948257915,13.29555555555556,93.14783811569214,59.40042734146118,93.14783811569214
ft_gemma3,171,36.5986546133605,8.140000000000004,91.17534756660461,47.713276743888855,91.17534756660461
ft_gemma3,172,66.0245141952459,17.88571428571429,98.51487874984741,91.20054841041565,98.51487874984741
ft_gemma3,173,45.51475008903689,8.39294117647059,94.92505192756653,69.9305534362793,94.92505192756653
ft_gemma3,174,40.85614600107355,4.91076923076923,86.55523657798767,20.338773727416992,86.55523657798767
ft_gemma3,175,34.974747474747474,11.264615384615386,87.46050596237183,25.702562928199768,87.46050596237183
ft_gemma3,176,38.013176685857104,10.931250000000002,86.9692325592041,22.791731357574463,86.9692325592041
ft_gemma3,177,36.13701000111851,16.411176470588234,96.67438268661499,80.29546737670898,96.67438268661499
ft_gemma3,178,30.677302000831414,1.0311111111111124,92.68620610237122,56.665223836898804,92.68620610237122
ft_gemma3,179,65.31053242863256,10.500000000000004,99.45893883705139,96.79417014122009,99.45893883705139
ft_gemma3,180,46.337269597031906,16.956666666666667,93.80408525466919,63.28874230384827,93.80408525466919
ft_gemma3,181,62.22222222222222,5.240000000000002,94.34943199157715,66.51996374130249,94.34943199157715
ft_gemma3,182,55.64713064713065,5.682857142857145,91.30311608314514,48.47031533718109,91.30311608314514
ft_gemma3,183,37.77777777777778,4.830000000000002,85.50115823745728,14.093281328678131,85.50115823745728
ft_gemma3,184,34.838736913205,8.009090909090911,82.99217820167542,-0.7726124487817287,82.99217820167542
ft_gemma3,185,31.211671204246077,15.953913043478263,87.15362548828125,23.884272575378418,87.15362548828125
ft_gemma3,186,9.583333333333332,3.6700000000000017,90.42531251907349,43.269261717796326,90.42531251907349
ft_gemma3,187,35.0,4.450000000000003,87.98912763595581,28.834685683250427,87.98912763595581
ft_gemma3,188,49.40222897669706,8.895238095238096,87.58541941642761,26.44268572330475,87.58541941642761
ft_gemma3,189,60.40290738802644,16.411176470588234,91.82367324829102,51.55465602874756,91.82367324829102
ft_gemma3,190,38.54166666666667,9.054285714285715,88.09625506401062,29.46942448616028,88.09625506401062
ft_gemma3,191,61.32260101010102,11.090000000000003,93.34627985954285,60.57621240615845,93.34627985954285
ft_gemma3,192,51.66666666666667,10.208888888888893,89.95859622955322,40.503934025764465,89.95859622955322
ft_gemma3,193,58.43253968253968,8.39294117647059,90.11439085006714,41.4270281791687,90.11439085006714
ft_gemma3,194,41.06867134899172,8.087692307692308,86.41856908798218,19.529008865356445,86.41856908798218
ft_gemma3,195,50.53298126827538,4.420000000000002,89.8237407207489,39.704903960227966,89.8237407207489
ft_gemma3,196,67.25396825396825,7.58666666666667,91.90097451210022,52.012670040130615,91.90097451210022
ft_gemma3,197,37.06590989587226,7.561551724137935,88.81027102470398,33.70002210140228,88.81027102470398
ft_gemma3,198,62.138772175536886,15.15571428571429,89.57609534263611,38.23758661746979,89.57609534263611
ft_gemma3,199,41.66666666666667,12.3,89.36232924461365,36.97100877761841,89.36232924461365
ft_gemma3,200,51.622474747474755,9.255714285714287,86.26036047935486,18.591611087322235,86.26036047935486
ft_gemma3,201,54.166666666666664,8.383333333333333,88.01507949829102,28.98845374584198,88.01507949829102
ft_gemma3,202,46.034510318046905,9.457142857142859,92.3632025718689,54.751408100128174,92.3632025718689
ft_gemma3,203,39.85507246376812,13.080000000000002,82.81893134117126,-1.799112930893898,82.81893134117126
ft_gemma3,204,32.95850066934404,1.2900000000000027,89.12119269371033,35.54225564002991,89.12119269371033
ft_gemma3,205,58.1765130294542,6.399090909090912,87.97693252563477,28.76242995262146,87.97693252563477
ft_gemma3,206,46.13098866240506,8.541538461538462,93.51341724395752,61.566513776779175,93.51341724395752
ft_gemma3,207,54.416971916971924,5.993333333333336,87.4135673046112,25.424447655677795,87.4135673046112
ft_gemma3,208,46.91134029369324,6.215000000000003,93.83587837219238,63.47711682319641,93.83587837219238
ft_gemma3,209,32.92786891471102,7.58666666666667,90.61596989631653,44.398921728134155,90.61596989631653
ft_gemma3,210,33.63095238095238,8.756666666666668,85.71286797523499,15.34767746925354,85.71286797523499
ft_gemma3,211,31.194444444444446,17.288,87.67040371894836,26.94622278213501,87.67040371894836
ft_gemma3,212,58.26993537020637,15.383333333333336,93.92279982566833,63.99213671684265,93.92279982566833
ft_gemma3,213,39.753485697459254,10.562500000000004,91.06281995773315,47.046542167663574,91.06281995773315
ft_gemma3,214,53.98913951545531,10.441111111111113,94.68324184417725,68.49781274795532,94.68324184417725
ft_gemma3,215,17.80614311251566,6.790000000000003,83.85071158409119,4.314262047410011,83.85071158409119
ft_gemma3,216,45.646521215392895,12.362608695652174,88.7624204158783,33.41650366783142,88.7624204158783
ft_gemma3,217,50.46694083376172,4.19857142857143,88.34492564201355,30.94281554222107,88.34492564201355
ft_gemma3,218,21.99011408331286,7.435714285714287,94.20891404151917,65.68738222122192,94.20891404151917
ft_gemma3,219,46.651427435180295,14.9875,97.42074012756348,84.71769094467163,97.42074012756348
ft_gemma3,220,13.09096459096459,7.818888888888889,84.52512621879578,8.310218900442123,84.52512621879578
ft_gemma3,221,11.754697379124721,9.209473684210526,84.30644273757935,7.014502584934235,84.30644273757935
ft_gemma3,222,61.280663590958916,10.098571428571429,91.22938513755798,48.03345203399658,91.22938513755798
ft_gemma3,223,43.3028083028083,9.781176470588235,91.4147138595581,49.13153946399689,91.4147138595581
ft_gemma3,224,37.03703703703704,10.723333333333333,93.22341680526733,59.84823703765869,93.22341680526733
ft_gemma3,225,42.06822356505312,9.92666666666667,93.35823059082031,60.64702272415161,93.35823059082031
ft_gemma3,226,33.26479076479076,6.416666666666668,89.21117782592773,36.075425148010254,89.21117782592773
ft_gemma3,227,33.04050429634827,18.506206896551728,92.47487187385559,55.413055419921875,92.47487187385559
ft_gemma3,228,46.284816490698844,8.771304347826089,92.8095817565918,57.39623308181763,92.8095817565918
ft_gemma3,229,58.20789721666023,8.180000000000003,93.86957287788391,63.67676258087158,93.86957287788391
ft_gemma3,230,46.11928104575163,4.492500000000003,88.54343891143799,32.119020819664,88.54343891143799
ft_gemma3,231,45.26234567901234,16.35481481481482,88.75911831855774,33.3969384431839,88.75911831855774
ft_gemma3,232,34.831154684095864,11.090000000000003,90.32148122787476,42.65405535697937,90.32148122787476
ft_gemma3,233,36.0185206900395,14.437241379310347,90.78354239463806,45.39180099964142,90.78354239463806
ft_gemma3,234,54.07949898540424,10.019047619047623,93.53863000869751,61.715900897979736,93.53863000869751
ft_gemma3,235,9.217937980500794,11.940999999999999,91.80837273597717,51.46399736404419,91.80837273597717
ft_gemma3,236,44.495805512754664,8.89777777777778,87.53714561462402,26.156657934188843,87.53714561462402
ft_gemma3,237,26.287701405348464,5.497368421052631,85.61195731163025,14.74977433681488,85.61195731163025
ft_gemma3,238,33.51381015435895,6.705000000000002,87.60685324668884,26.569682359695435,87.60685324668884
ft_gemma3,239,33.73448380260369,17.799411764705884,85.63868999481201,14.908167719841003,85.63868999481201
ft_gemma3,240,26.45494595324816,12.080000000000002,90.70383310317993,44.91951763629913,90.70383310317993
ft_gemma3,241,32.416302405693024,21.121951219512194,92.78070330619812,57.22512602806091,92.78070330619812
ft_gemma3,242,38.2768960910796,7.570000000000004,87.02360987663269,23.113921284675598,87.02360987663269
ft_gemma3,243,58.21976448981796,9.55,87.34548687934875,25.021067261695862,87.34548687934875
ft_gemma3,244,78.52369852369853,6.705000000000002,95.06393074989319,70.75341939926147,95.06393074989319
ft_gemma3,245,34.62868250839079,6.406428571428574,86.24528646469116,18.50229650735855,86.24528646469116
ft_gemma3,246,46.088187977292705,5.852222222222224,85.7506513595581,15.57154655456543,85.7506513595581
ft_gemma3,247,37.44333842797612,15.998421052631581,88.33866715431213,30.90573251247406,88.33866715431213
ft_gemma3,248,38.375506072874494,4.450000000000003,87.48740553855896,25.861945748329163,87.48740553855896
ft_gemma3,249,43.44713986223421,6.8750000000000036,90.328049659729,42.69297420978546,90.328049659729
ft_gemma3,250,62.37853295574435,7.58666666666667,88.00098299980164,28.904929757118225,88.00098299980164
ft_gemma3,251,44.887278582930755,16.764444444444447,91.64162874221802,50.47602653503418,91.64162874221802
ft_gemma3,252,63.68055555555555,8.370000000000001,87.83935904502869,27.94729471206665,87.83935904502869
ft_gemma3,253,52.37854308390023,5.863636363636363,90.77364206314087,45.33314108848572,90.77364206314087
ft_gemma3,254,68.18181818181817,20.590000000000007,87.8685712814331,28.120380640029907,87.8685712814331
ft_gemma3,255,38.18759018759019,10.978333333333332,87.90797591209412,28.35385501384735,87.90797591209412
ft_gemma3,256,55.957657402279395,5.206666666666667,91.44471287727356,49.30928647518158,91.44471287727356
ft_gemma3,257,47.14689100788305,14.895384615384618,89.07965421676636,35.296136140823364,89.07965421676636
ft_gemma3,258,40.874873918352186,11.784285714285716,89.52324986457825,37.924474477767944,89.52324986457825
ft_gemma3,259,51.688912938912935,6.010000000000002,92.22495555877686,53.93227934837341,92.22495555877686
ft_gemma3,260,38.54166666666667,11.520000000000003,87.11180090904236,23.636458814144135,87.11180090904236
ft_gemma3,261,47.77221258049629,12.858518518518522,91.95120334625244,52.31028199195862,91.95120334625244
ft_gemma3,262,47.91666666666667,14.445454545454545,88.24307918548584,30.33936619758606,88.24307918548584
ft_gemma3,263,35.959595959595966,5.806666666666668,88.76035213470459,33.4042489528656,88.76035213470459
ft_gemma3,264,36.59188034188035,11.624000000000002,89.26950097084045,36.4209920167923,89.26950097084045
ft_gemma3,265,44.480519480519476,13.611538461538462,88.72841596603394,33.21502506732941,88.72841596603394
ft_gemma3,266,63.19444444444445,8.370000000000001,83.59818458557129,2.8180206194519997,83.59818458557129
ft_gemma3,267,48.408476865923674,12.096,90.57349562644958,44.1472589969635,90.57349562644958
ft_gemma3,268,42.87854030501089,3.7550000000000026,89.72373604774475,39.11237120628357,89.72373604774475
ft_gemma3,269,60.38461538461538,12.407777777777778,86.72839999198914,21.364779770374298,86.72839999198914
ft_gemma3,270,40.073095477507245,9.92666666666667,88.39792609214783,31.256845593452454,88.39792609214783
ft_gemma3,271,35.84986772486772,14.990000000000006,87.35312819480896,25.06634294986725,87.35312819480896
ft_gemma3,272,53.18912837028778,7.821923076923078,87.69325613975525,27.081623673439026,87.69325613975525
ft_gemma3,273,68.59223646723646,12.860000000000003,90.74456095695496,45.16083300113678,90.74456095695496
ft_gemma3,274,42.20755191457356,10.73,86.07913255691528,17.517822980880737,86.07913255691528
ft_gemma3,275,49.849789242930775,20.984814814814815,90.67115783691406,44.72591578960419,90.67115783691406
ft_gemma3,276,52.00686110128835,5.993333333333336,92.27011799812317,54.19987440109253,92.27011799812317
ft_gemma3,277,39.166666666666664,3.0953846153846136,89.5906150341034,38.32361698150635,89.5906150341034
ft_gemma3,278,33.07892035454544,20.88,82.88873434066772,-1.3855250552296638,82.88873434066772
ft_gemma3,279,30.487510333491784,26.591063829787235,89.35250043869019,36.91277205944061,89.35250043869019
ft_gemma3,280,45.67460317460317,14.445454545454545,88.8179063796997,33.745262026786804,88.8179063796997
ft_gemma3,281,36.75910419989367,11.863529411764706,91.20472073554993,47.88731336593628,91.20472073554993
ft_gemma3,282,43.833943833943835,3.997142857142858,89.64387774467468,38.63920271396637,89.64387774467468
ft_gemma3,283,34.25925925925925,4.964444444444446,87.50713467597961,25.97884237766266,87.50713467597961
ft_gemma3,284,32.780408675145516,9.781176470588235,87.67045736312866,26.946541666984558,87.67045736312866
ft_gemma3,285,33.412917978707455,8.756666666666668,95.0330376625061,70.57037949562073,95.0330376625061
ft_gemma3,286,38.88888888888889,11.264615384615386,92.46689081192017,55.36576509475708,92.46689081192017
ft_gemma3,287,37.59387770838153,8.350000000000005,87.60992884635925,26.58790349960327,87.60992884635925
ft_gemma3,288,42.69230769230769,8.009090909090911,88.13180327415466,29.680049419403076,88.13180327415466
ft_gemma3,289,64.58333333333334,10.723333333333333,88.99006247520447,34.765300154685974,88.99006247520447
ft_gemma3,290,61.397058823529406,15.45,90.09966850280762,41.33979678153992,90.09966850280762
ft_gemma3,291,31.90781440781441,3.7550000000000026,90.84640145301819,45.764246582984924,90.84640145301819
ft_gemma3,292,36.03174603174604,12.037500000000005,89.32428359985352,36.74558401107788,89.32428359985352
ft_gemma3,293,37.64701199183958,13.040000000000003,92.59501099586487,56.124889850616455,92.59501099586487
ft_gemma3,294,34.31372549019607,10.019047619047623,84.35524702072144,7.303672283887863,84.35524702072144
ft_gemma3,295,48.57142857142858,8.180000000000003,92.47243404388428,55.3986132144928,92.47243404388428
ft_gemma3,296,36.11111111111111,16.590909090909097,87.27813959121704,24.622029066085815,87.27813959121704
ft_gemma3,297,37.44927536231884,14.630000000000003,87.8754734992981,28.161275386810303,87.8754734992981
ft_gemma3,298,56.89775910364146,7.566666666666666,88.70001435279846,33.046743273735046,88.70001435279846
ft_gemma3,299,33.52585750683576,18.64625,89.0254557132721,34.97500717639923,89.0254557132721
ft_qwen3,0,34.70984028049245,18.09931034482759,95.54744362831116,73.6182689666748,95.54744362831116
ft_qwen3,1,65.18059855521156,7.566666666666666,89.47864174842834,37.66016662120819,89.47864174842834
ft_qwen3,2,60.5443334658451,13.925232558139538,87.66712546348572,26.92679762840271,87.66712546348572
ft_qwen3,3,66.66666666666666,0.7199999999999989,91.83111786842346,51.59876346588135,91.83111786842346
ft_qwen3,4,54.03728917792845,12.026224489795919,87.9941999912262,28.86473834514618,87.9941999912262
ft_qwen3,5,53.824928020868434,9.645333333333333,85.13180017471313,11.904807388782501,85.13180017471313
ft_qwen3,6,64.51486150015562,7.612500000000001,91.99978709220886,52.59814262390137,91.99978709220886
ft_qwen3,7,42.22860472860473,9.910000000000004,85.56005358695984,14.442241191864014,85.56005358695984
ft_qwen3,8,52.27162933684673,11.500000000000004,96.83753848075867,81.26217722892761,96.83753848075867
ft_qwen3,9,48.74398649078849,9.830526315789477,91.65215492248535,50.53839683532715,91.65215492248535
ft_qwen3,10,43.37662590288641,18.64625,89.2416000366211,36.25567853450775,89.2416000366211
ft_qwen3,11,39.00922177237967,9.081818181818182,85.0972056388855,11.69983223080635,85.0972056388855
ft_qwen3,12,51.22438780609695,16.788461538461537,85.84073185920715,16.105280816555023,85.84073185920715
ft_qwen3,13,9.015151515151516,6.010000000000002,91.45443439483643,49.36688542366028,91.45443439483643
ft_qwen3,14,48.42900200571808,9.333333333333332,87.96506524085999,28.69211435317993,87.96506524085999
ft_qwen3,15,9.336607328598175,14.270000000000007,85.24571657180786,12.579770386219025,85.24571657180786
ft_qwen3,16,20.42049570137206,16.34111111111111,91.92512631416321,52.15576887130737,91.92512631416321
ft_qwen3,17,36.226851851851855,10.47529411764706,87.98961639404297,28.83758246898651,87.98961639404297
ft_qwen3,18,50.88023088023088,6.010000000000002,90.77838659286499,45.36125361919403,90.77838659286499
ft_qwen3,19,32.23226572139615,11.3,90.57617783546448,44.16314959526062,90.57617783546448
ft_qwen3,20,22.803030303030305,16.590909090909097,91.32863283157349,48.62150251865387,91.32863283157349
ft_qwen3,21,44.877103420430295,20.93813953488372,87.69252896308899,27.077317237854004,87.69252896308899
ft_qwen3,22,59.845701870766845,14.111428571428572,86.52167916297913,20.139944553375244,86.52167916297913
ft_qwen3,23,46.668701668701665,9.740000000000002,89.1442060470581,35.67861020565033,89.1442060470581
ft_qwen3,24,34.42433673221149,9.740000000000002,96.05331420898438,76.61558985710144,96.05331420898438
ft_qwen3,25,40.93722176168984,11.520000000000003,86.99836134910583,22.964321076869965,86.99836134910583
ft_qwen3,26,17.552521008403364,6.936363636363637,95.28055191040039,72.03691601753235,95.28055191040039
ft_qwen3,27,60.38461538461538,13.90055555555556,85.24523973464966,12.576945126056671,85.24523973464966
ft_qwen3,28,43.30115079576329,19.57460784313726,84.89729166030884,10.515327006578445,84.89729166030884
ft_qwen3,29,66.63888888888889,4.823333333333334,87.22531795501709,24.309056997299194,87.22531795501709
ft_qwen3,30,29.76508800709568,10.451578947368422,88.51318359375,31.939756870269775,88.51318359375
ft_qwen3,31,5.4627471294137955,11.762727272727272,87.46046423912048,25.70231556892395,87.46046423912048
ft_qwen3,32,1.1904761904761907,13.981764705882352,85.16890406608582,12.124650925397873,85.16890406608582
ft_qwen3,33,24.413131874432185,12.26666666666667,91.04514122009277,46.9417929649353,91.04514122009277
ft_qwen3,34,6.188935550637678,16.788461538461537,83.94604325294495,4.879109188914299,83.94604325294495
ft_qwen3,35,53.990578984459034,11.863529411764706,86.371511220932,19.250187277793884,86.371511220932
ft_qwen3,36,69.10207336523126,6.977555555555558,87.26598024368286,24.54998344182968,87.26598024368286
ft_qwen3,37,35.87140077582937,8.756666666666668,87.22349405288696,24.298249185085297,87.22349405288696
ft_qwen3,38,52.38922949338784,13.810000000000006,86.777663230896,21.656668186187744,86.777663230896
ft_qwen3,39,41.53370812194341,5.504473684210527,88.91493678092957,34.32017266750336,88.91493678092957
ft_qwen3,40,47.31162820402338,10.992461059190035,85.4978084564209,14.073432981967926,85.4978084564209
ft_qwen3,41,57.27974169294203,10.941428571428574,87.92141079902649,28.433457016944885,87.92141079902649
ft_qwen3,42,32.921606362322464,12.935789473684213,88.48022818565369,31.744492053985596,88.48022818565369
ft_qwen3,43,51.06382978723404,8.412857142857145,84.76413488388062,9.72636267542839,84.76413488388062
ft_qwen3,44,43.35317460317461,8.771304347826089,85.51920652389526,14.200219511985779,85.51920652389526
ft_qwen3,45,34.060808594390686,17.240526315789477,84.0082049369812,5.247421562671661,84.0082049369812
ft_qwen3,46,21.140009478825263,6.272307692307695,93.10595989227295,59.15229916572571,93.10595989227295
ft_qwen3,47,48.06726323907249,12.568000000000001,92.04415678977966,52.861034870147705,92.04415678977966
ft_qwen3,48,14.09109477124183,7.633846153846157,87.161785364151,23.932620882987976,87.161785364151
ft_qwen3,49,42.61427708993917,7.981578947368423,86.34327054023743,19.08285915851593,86.34327054023743
ft_qwen3,50,38.376592614277136,14.598019480519483,84.95010733604431,10.828264057636261,84.95010733604431
ft_qwen3,51,15.669642857142858,11.984444444444446,88.95745873451233,34.572118520736694,88.95745873451233
ft_qwen3,52,61.593761535621994,13.901739130434787,86.81982755661011,21.906495094299316,86.81982755661011
ft_qwen3,53,45.0,12.605000000000004,90.77931046485901,45.36672830581665,90.77931046485901
ft_qwen3,54,33.54123672267757,14.312857142857148,94.87836956977844,69.6539580821991,94.87836956977844
ft_qwen3,55,51.314731020613365,11.037560975609761,86.7688775062561,21.604612469673157,86.7688775062561
ft_qwen3,56,15.04737683997319,9.080909090909092,93.218332529068,59.81811285018921,93.218332529068
ft_qwen3,57,42.17087509692574,9.655000000000001,84.94035005569458,10.77045127749443,84.94035005569458
ft_qwen3,58,54.467918046865414,16.4,79.82418537139893,-19.543206691741943,79.82418537139893
ft_qwen3,59,19.13039059323889,8.383333333333333,89.35653567314148,36.93667948246002,89.35653567314148
ft_qwen3,60,48.68951224214382,6.2755555555555596,84.38266515731812,7.46612623333931,84.38266515731812
ft_qwen3,61,31.43266950163502,9.23714285714286,88.37085366249084,31.09644055366516,88.37085366249084
ft_qwen3,62,51.11535035470127,6.936363636363637,87.98617720603943,28.817203640937805,87.98617720603943
ft_qwen3,63,45.54163896296617,11.707894736842103,89.77193236351013,39.397937059402466,89.77193236351013
ft_qwen3,64,30.829704798517675,8.725967741935488,88.44178915023804,31.51673972606659,88.44178915023804
ft_qwen3,65,13.952195147847323,6.790000000000003,94.24997568130493,65.93067646026611,94.24997568130493
ft_qwen3,66,55.64338901838901,16.265714285714285,86.21981143951416,18.35135519504547,86.21981143951416
ft_qwen3,67,36.80616956479026,6.790000000000003,93.21044683456421,59.77138876914978,93.21044683456421
ft_qwen3,68,14.384181931517134,7.190000000000001,89.54887986183167,38.076335191726685,89.54887986183167
ft_qwen3,69,17.347992772178323,8.73,94.5388674736023,67.64238476753235,94.5388674736023
ft_qwen3,70,63.00186741363212,8.740000000000002,90.65306186676025,44.618695974349976,90.65306186676025
ft_qwen3,71,22.105499003684486,23.005294117647058,94.82533931732178,69.33975219726562,94.82533931732178
ft_qwen3,72,40.62320834766655,7.346315789473689,87.06629276275635,23.366820812225342,87.06629276275635
ft_qwen3,73,11.495412318701598,11.110370370370372,94.62538361549377,68.15499663352966,94.62538361549377
ft_qwen3,74,40.06708954625621,11.752222222222223,87.68048286437988,27.005943655967712,87.68048286437988
ft_qwen3,75,33.930719158574504,14.437241379310347,94.73029375076294,68.77659559249878,94.73029375076294
ft_qwen3,76,19.2032967032967,11.3,92.82907843589783,57.51175284385681,92.82907843589783
ft_qwen3,77,23.804713804713806,4.450000000000003,85.27749180793762,12.768040597438812,85.27749180793762
ft_qwen3,78,21.259075823630436,5.196666666666669,89.95960354804993,40.50990343093872,89.95960354804993
ft_qwen3,79,7.25022747819879,14.414782608695656,85.91446876525879,16.54217690229416,85.91446876525879
ft_qwen3,80,36.63749042305953,13.370909090909091,89.49535489082336,37.759193778038025,89.49535489082336
ft_qwen3,81,19.002803325558745,4.823333333333334,88.2164716720581,30.18171489238739,88.2164716720581
ft_qwen3,82,17.95072371052763,14.928,88.8624906539917,34.0094268321991,88.8624906539917
ft_qwen3,83,17.16572915572411,12.703846153846158,88.49861025810242,31.853407621383667,88.49861025810242
ft_qwen3,84,33.785253417606356,6.507777777777779,93.91252398490906,63.93125057220459,93.91252398490906
ft_qwen3,85,17.400713857888494,15.480740740740742,86.18443012237549,18.141718208789825,86.18443012237549
ft_qwen3,86,43.40452615785856,13.649620253164557,85.23849248886108,12.536966800689697,85.23849248886108
ft_qwen3,87,25.125915750915752,7.0478571428571435,89.18631076812744,35.92808544635773,89.18631076812744
ft_qwen3,88,48.31679894179894,10.098571428571429,91.66961312294006,50.64183473587036,91.66961312294006
ft_qwen3,89,62.952991452991455,13.98769230769231,94.71988081932068,68.71489882469177,94.71988081932068
ft_qwen3,90,31.08974358974359,4.003076923076925,92.64770150184631,56.43708109855652,92.64770150184631
ft_qwen3,91,8.810916179337232,16.35481481481482,87.60258555412292,26.544395089149475,87.60258555412292
ft_qwen3,92,16.90745738991353,6.960000000000001,89.07351493835449,35.25976240634918,89.07351493835449
ft_qwen3,93,39.175754800754795,8.412857142857145,95.35863399505615,72.49956130981445,95.35863399505615
ft_qwen3,94,57.57936507936508,8.009090909090911,88.63131403923035,32.63968825340271,88.63131403923035
ft_qwen3,95,16.586792836792835,14.374444444444446,82.82011151313782,-1.79212037473917,82.82011151313782
ft_qwen3,96,48.5963924254418,6.38666666666667,89.41463232040405,37.28090822696686,89.41463232040405
ft_qwen3,97,3.6436711436711433,9.087500000000002,89.13284540176392,35.61129868030548,89.13284540176392
ft_qwen3,98,42.16625966625966,4.964444444444446,88.42164874076843,31.39740526676178,88.42164874076843
ft_qwen3,99,53.94181640098156,12.037500000000005,99.09643530845642,94.64631080627441,99.09643530845642
ft_qwen3,100,6.393670851285795,17.81,82.54595994949341,-3.416488692164421,82.54595994949341
ft_qwen3,101,44.57345171251083,21.88,88.86376023292542,34.01694893836975,88.86376023292542
ft_qwen3,102,32.72065727795126,4.790909090909089,94.02297139167786,64.58566188812256,94.02297139167786
ft_qwen3,103,17.97077922077922,5.682857142857145,94.26491856575012,66.01921319961548,94.26491856575012
ft_qwen3,104,12.87037037037037,12.52,89.8674726486206,39.96402025222778,89.8674726486206
ft_qwen3,105,13.310185185185187,8.541538461538462,92.45270490646362,55.2817165851593,92.45270490646362
ft_qwen3,106,25.97916666666667,11.107234042553195,83.13699960708618,0.08546519675292075,83.13699960708618
ft_qwen3,107,51.952241715399616,12.568000000000001,89.3375039100647,36.8239164352417,89.3375039100647
ft_qwen3,108,52.77777777777778,11.863529411764706,85.85711717605591,16.20236486196518,85.85711717605591
ft_qwen3,109,39.31472053065344,4.420000000000002,86.53321266174316,20.20828127861023,86.53321266174316
ft_qwen3,110,17.353775610354557,9.011666666666667,91.74172282218933,51.069092750549316,91.74172282218933
ft_qwen3,111,16.428571428571427,8.009090909090911,89.79198336601257,39.516741037368774,89.79198336601257
ft_qwen3,112,38.103751931338145,9.457142857142859,94.99691128730774,70.35632729530334,94.99691128730774
ft_qwen3,113,67.08803909306062,6.897241379310348,91.58547520637512,50.14331340789795,91.58547520637512
ft_qwen3,114,37.63014802885493,7.566666666666666,97.01080918312073,82.2888195514679,97.01080918312073
ft_qwen3,115,32.17041936843397,13.157692307692308,96.46687507629395,79.06597256660461,96.46687507629395
ft_qwen3,116,39.69622425504779,12.286666666666669,93.70549321174622,62.704575061798096,93.70549321174622
ft_qwen3,117,12.258574758574758,5.863636363636363,89.38707709312439,37.11763918399811,89.38707709312439
ft_qwen3,118,30.411983396052022,14.374444444444446,92.67954230308533,56.625741720199585,92.67954230308533
ft_qwen3,119,15.097883105485213,13.901739130434787,84.17564630508423,6.239524483680725,84.17564630508423
ft_qwen3,120,9.294662309368192,3.7550000000000026,86.61486506462097,20.69207727909088,86.61486506462097
ft_qwen3,121,62.92595584680248,14.64,87.02824115753174,23.14136177301407,87.02824115753174
ft_qwen3,122,63.25520419513745,7.773333333333333,93.27590465545654,60.15923619270325,93.27590465545654
ft_qwen3,123,18.187998489392335,13.881250000000005,91.54852628707886,49.92438852787018,91.54852628707886
ft_qwen3,124,34.242414263239134,12.74625,95.54765224456787,73.61950874328613,95.54765224456787
ft_qwen3,125,24.608285233285233,7.600000000000001,89.84517455101013,39.83190059661865,89.84517455101013
ft_qwen3,126,30.406719155819506,15.043703703703706,96.50643467903137,79.30036783218384,96.50643467903137
ft_qwen3,127,42.44775541795665,3.017500000000002,96.43270969390869,78.86353731155396,96.43270969390869
ft_qwen3,128,42.361111111111114,7.698823529411765,88.13071846961975,29.67362105846405,88.13071846961975
ft_qwen3,129,15.105172605172603,9.130000000000003,94.10022497177124,65.04339575767517,94.10022497177124
ft_qwen3,130,10.835245256159798,13.673333333333336,89.68531489372253,38.88472020626068,89.68531489372253
ft_qwen3,131,8.068673000023114,10.154545454545456,87.40680813789368,25.38439929485321,87.40680813789368
ft_qwen3,132,65.27777777777779,14.034130434782611,89.10967111587524,35.47399044036865,89.10967111587524
ft_qwen3,133,13.81072631072631,11.91,91.21530055999756,47.94999957084656,91.21530055999756
ft_qwen3,134,24.15158371040724,7.773333333333333,92.91198253631592,58.00296664237976,92.91198253631592
ft_qwen3,135,63.241938507686534,10.356923076923078,92.34519004821777,54.64468002319336,92.34519004821777
ft_qwen3,136,15.365402141717933,8.383333333333333,93.26109886169434,60.07151007652283,93.26109886169434
ft_qwen3,137,3.2159357996071996,9.96,87.04580068588257,23.245403170585632,87.04580068588257
ft_qwen3,138,12.345339845339847,9.087500000000002,86.43336296081543,19.616663455963135,86.43336296081543
ft_qwen3,139,28.58585858585859,4.830000000000002,92.40499138832092,54.99900579452515,92.40499138832092
ft_qwen3,140,4.649500825971415,17.88571428571429,86.25253438949585,18.54524165391922,86.25253438949585
ft_qwen3,141,26.578956999437548,8.541538461538462,90.57772159576416,44.17229890823364,90.57772159576416
ft_qwen3,142,33.768191419925934,10.775172413793104,94.38580870628357,66.73550009727478,94.38580870628357
ft_qwen3,143,59.65273342322522,10.441111111111113,83.43809843063354,1.8694981932640076,83.43809843063354
ft_qwen3,144,36.99804285446947,12.406250000000004,86.8756115436554,22.23701924085617,86.8756115436554
ft_qwen3,145,4.784982174688057,8.180000000000003,88.29397559165955,30.64093291759491,88.29397559165955
ft_qwen3,146,42.6535224035224,7.570000000000004,97.80078530311584,86.96948885917664,97.80078530311584
ft_qwen3,147,14.579991087344027,8.009090909090911,88.58814239501953,32.38389194011688,88.58814239501953
ft_qwen3,148,32.58209136071732,13.372727272727271,89.66662883758545,38.77400457859039,89.66662883758545
ft_qwen3,149,38.7037037037037,6.901290322580646,86.01967692375183,17.165543138980865,86.01967692375183
ft_qwen3,150,32.826397933633736,12.703846153846158,95.71787118911743,74.62806701660156,95.71787118911743
ft_qwen3,151,3.4607351712614873,10.73,84.69075560569763,9.29158553481102,84.69075560569763
ft_qwen3,152,64.35185185185185,9.740000000000002,87.89012432098389,28.24808359146118,87.89012432098389
ft_qwen3,153,30.125272331154683,13.073333333333338,88.60393166542053,32.4774444103241,88.60393166542053
ft_qwen3,154,31.93860877684407,11.906538461538464,87.36861944198608,25.158128142356873,87.36861944198608
ft_qwen3,155,13.59126984126984,10.350000000000001,95.0432538986206,70.63090801239014,95.0432538986206
ft_qwen3,156,19.286881419234362,13.080000000000002,86.89241409301758,22.336575388908386,86.89241409301758
ft_qwen3,157,12.949975949975947,6.727142857142859,95.03917098045349,70.60672044754028,95.03917098045349
ft_qwen3,158,49.11390692640692,21.580476190476194,82.98754692077637,-0.8000531233847141,82.98754692077637
ft_qwen3,159,11.427693286245917,6.705000000000002,93.00820827484131,58.57311487197876,93.00820827484131
ft_qwen3,160,10.352610352610354,12.858518518518522,87.78079748153687,27.60031521320343,87.78079748153687
ft_qwen3,161,7.92854267310789,5.993333333333336,86.99386715888977,22.93769270181656,86.99386715888977
ft_qwen3,162,63.2431390687635,6.8750000000000036,87.6038908958435,26.552128791809082,87.6038908958435
ft_qwen3,163,9.34893314115842,5.993333333333336,89.93974924087524,40.39226472377777,89.93974924087524
ft_qwen3,164,6.438272040627114,12.407777777777778,84.29484963417053,6.945812702178955,84.29484963417053
ft_qwen3,165,21.927217048184787,2.3114285714285714,87.56729364395142,26.33528709411621,87.56729364395142
ft_qwen3,166,11.429172679172678,11.784285714285716,85.22011637687683,12.428087741136551,85.22011637687683
ft_qwen3,167,47.50171998624011,6.2755555555555596,85.07238030433655,11.552739888429642,85.07238030433655
ft_qwen3,168,9.837603519668736,11.22727272727273,88.49130272865295,31.810110807418823,88.49130272865295
ft_qwen3,169,44.78952331961592,19.100000000000005,94.15581226348877,65.37275314331055,94.15581226348877
ft_qwen3,170,43.79653041157466,9.785555555555558,90.14511704444885,41.609084606170654,90.14511704444885
ft_qwen3,171,31.600170662670664,7.570000000000004,90.79049229621887,45.4329788684845,90.79049229621887
ft_qwen3,172,30.309957054143098,19.336666666666662,97.34603762626648,84.27507281303406,97.34603762626648
ft_qwen3,173,29.14381778352367,8.39294117647059,91.12539291381836,47.41729199886322,91.12539291381836
ft_qwen3,174,39.82707509881423,5.230000000000004,88.36241960525513,31.046468019485474,88.36241960525513
ft_qwen3,175,46.72858477206304,12.299545454545456,86.16119623184204,18.004055321216583,86.16119623184204
ft_qwen3,176,50.93612235717499,10.356923076923078,87.74250149726868,27.373406291007996,87.74250149726868
ft_qwen3,177,16.54427196842817,15.377368421052633,87.88065314292908,28.19196581840515,87.88065314292908
ft_qwen3,178,25.819522253345784,2.645454545454548,92.18673706054688,53.70583534240723,92.18673706054688
ft_qwen3,179,3.9348370927318292,8.353333333333339,89.22787308692932,36.17434501647949,89.22787308692932
ft_qwen3,180,41.47967640773,18.196774193548382,93.23844313621521,59.93726849555969,93.23844313621521
ft_qwen3,181,50.0,5.863636363636363,86.2626314163208,18.60506683588028,86.2626314163208
ft_qwen3,182,54.349415204678365,9.255714285714287,87.73900270462036,27.352675795555115,87.73900270462036
ft_qwen3,183,53.37301587301587,9.830526315789477,83.96749496459961,5.006211996078491,83.96749496459961
ft_qwen3,184,65.49860909530722,7.163333333333334,84.83389616012573,10.139703750610352,84.83389616012573
ft_qwen3,185,51.710317460317455,11.142857142857142,85.78416705131531,15.77012985944748,85.78416705131531
ft_qwen3,186,0.0,5.993333333333336,84.60352420806885,8.774732798337936,84.60352420806885
ft_qwen3,187,42.66029863855951,14.990000000000006,90.07505178451538,41.1939412355423,90.07505178451538
ft_qwen3,188,67.89874551971326,12.004210526315791,88.58098983764648,32.34151303768158,88.58098983764648
ft_qwen3,189,34.90010573343908,8.541538461538462,84.58848595619202,8.685629814863205,84.58848595619202
ft_qwen3,190,63.456790123456784,4.003076923076925,87.33091950416565,24.93475377559662,87.33091950416565
ft_qwen3,191,36.41685892622073,13.451428571428576,92.08128452301025,53.08101773262024,92.08128452301025
ft_qwen3,192,51.45061728395062,4.420000000000002,87.7540647983551,27.441921830177307,87.7540647983551
ft_qwen3,193,58.24074074074074,10.562500000000004,90.46639204025269,43.51266324520111,90.46639204025269
ft_qwen3,194,44.44977012808244,12.065000000000001,85.96684336662292,16.852501034736633,85.96684336662292
ft_qwen3,195,43.68013038548752,5.806666666666668,86.79166436195374,21.739625930786133,86.79166436195374
ft_qwen3,196,54.76190476190476,9.96,90.54868817329407,44.00027394294739,90.54868817329407
ft_qwen3,197,42.23840137746903,11.820000000000004,89.57228660583496,38.215020298957825,89.57228660583496
ft_qwen3,198,60.60793345616706,16.84142857142857,85.51656603813171,14.184573292732239,85.51656603813171
ft_qwen3,199,61.83574879227053,9.08705882352941,88.35967183113098,31.030187010765076,88.35967183113098
ft_qwen3,200,60.78175655761863,11.264615384615386,90.2725338935852,42.36403703689575,90.2725338935852
ft_qwen3,201,54.166666666666664,4.420000000000002,84.0749204158783,5.6427158415317535,84.0749204158783
ft_qwen3,202,41.89641364934136,8.474444444444444,90.40164351463318,43.12902092933655,90.40164351463318
ft_qwen3,203,34.91830065359478,14.250000000000004,82.4403703212738,-4.042115435004234,82.4403703212738
ft_qwen3,204,35.08813029897367,3.650000000000002,90.32427072525024,42.670583724975586,90.32427072525024
ft_qwen3,205,59.72222222222222,2.8566666666666656,86.43431067466736,19.622279703617096,86.43431067466736
ft_qwen3,206,27.330865382481225,4.800238095238097,90.34324884414673,42.78302788734436,90.34324884414673
ft_qwen3,207,53.87994528619529,9.79739130434783,85.81163883209229,15.932902693748474,85.81163883209229
ft_qwen3,208,37.91418789702543,7.001666666666669,93.19047331809998,59.65304374694824,93.19047331809998
ft_qwen3,209,26.90343915343915,11.520000000000003,90.37904739379883,42.995136976242065,90.37904739379883
ft_qwen3,210,64.64531414183469,10.775172413793104,88.31372857093811,30.757969617843628,88.31372857093811
ft_qwen3,211,36.450477626948214,17.540000000000003,87.77941465377808,27.592119574546814,87.77941465377808
ft_qwen3,212,16.963508986247618,6.727142857142859,84.79970097541809,9.937094897031784,84.79970097541809
ft_qwen3,213,52.99538893361135,9.255714285714287,91.30147099494934,48.460566997528076,91.30147099494934
ft_qwen3,214,68.48921493745283,11.693684210526317,94.49822306632996,67.40156412124634,94.49822306632996
ft_qwen3,215,19.680337497165485,10.356923076923078,85.63380241394043,14.87920731306076,85.63380241394043
ft_qwen3,216,37.41508447384681,9.910000000000004,86.716228723526,21.292664110660553,86.716228723526
ft_qwen3,217,57.52461125296831,6.340862068965521,90.60381054878235,44.32687759399414,90.60381054878235
ft_qwen3,218,19.415870939752413,7.58666666666667,93.889719247818,63.79613280296326,93.889719247818
ft_qwen3,219,15.017926761347814,9.655000000000001,89.9139404296875,40.23934602737427,89.9139404296875
ft_qwen3,220,13.09096459096459,9.32,84.34998393058777,7.2724878787994385,84.34998393058777
ft_qwen3,221,11.36018801459978,8.370000000000001,86.13195419311523,17.83079504966736,86.13195419311523
ft_qwen3,222,37.79331090315399,12.410666666666668,87.79926300048828,27.7097225189209,87.79926300048828
ft_qwen3,223,31.763791763791765,8.39294117647059,90.70713520050049,44.939082860946655,90.70713520050049
ft_qwen3,224,60.69444444444444,7.609761904761903,89.66732621192932,38.778138160705566,89.66732621192932
ft_qwen3,225,19.940404301817345,9.255714285714287,86.39012575149536,19.360479712486267,86.39012575149536
ft_qwen3,226,27.688746438746435,7.368571428571428,88.90408873558044,34.255897998809814,88.90408873558044
ft_qwen3,227,33.11188693469176,4.964444444444446,90.68601727485657,44.81395781040192,90.68601727485657
ft_qwen3,228,30.007215007215006,11.96166666666667,89.83336091041565,39.76190388202667,89.83336091041565
ft_qwen3,229,47.37737951460777,6.790000000000003,91.10509157180786,47.297003865242004,91.10509157180786
ft_qwen3,230,55.387205387205384,9.781176470588235,87.53835558891296,26.163828372955322,87.53835558891296
ft_qwen3,231,53.65662115662116,10.580952380952379,90.92119932174683,46.207427978515625,90.92119932174683
ft_qwen3,232,62.191358024691354,6.780000000000001,90.54995775222778,44.00779604911804,90.54995775222778
ft_qwen3,233,22.30862775217614,15.895,92.00863838195801,52.65058875083923,92.00863838195801
ft_qwen3,234,36.93528269022692,7.163333333333334,92.52591133117676,55.7154655456543,92.52591133117676
ft_qwen3,235,18.204096772808743,7.58666666666667,84.84633564949036,10.21340861916542,84.84633564949036
ft_qwen3,236,49.11228244825903,5.315000000000001,87.49557137489319,25.910326838493347,87.49557137489319
ft_qwen3,237,30.771070066271307,9.092590163934428,86.36659383773804,19.221052527427673,86.36659383773804
ft_qwen3,238,31.402899610136455,7.651060606060607,86.89184784889221,22.33322113752365,86.89184784889221
ft_qwen3,239,52.61828814460393,11.142857142857142,86.9691014289856,22.790953516960144,86.9691014289856
ft_qwen3,240,30.629578754578755,14.565975609756098,89.84205722808838,39.813432097435,89.84205722808838
ft_qwen3,241,10.449205486110316,15.334117647058822,86.48068904876709,19.89707499742508,86.48068904876709
ft_qwen3,242,39.536403057791354,35.24121951219513,84.59594249725342,8.729810267686844,84.59594249725342
ft_qwen3,243,40.25336011597622,9.655000000000001,85.85778474807739,16.206319630146027,85.85778474807739
ft_qwen3,244,65.45138888888889,11.342307692307696,88.11954259872437,29.60740327835083,88.11954259872437
ft_qwen3,245,32.8292486726081,9.62913043478261,85.55936813354492,14.43817913532257,85.55936813354492
ft_qwen3,246,34.85532112443916,9.32,86.23949885368347,18.46800446510315,86.23949885368347
ft_qwen3,247,43.248798965262374,6.8750000000000036,83.23130011558533,0.6442027632147074,83.23130011558533
ft_qwen3,248,40.03833112192245,6.822741935483872,84.7796082496643,9.818043559789658,84.7796082496643
ft_qwen3,249,47.21563159063159,7.566666666666666,91.31983518600464,48.56937527656555,91.31983518600464
ft_qwen3,250,48.130724810832334,12.29909090909091,86.5086019039154,20.062460005283356,86.5086019039154
ft_qwen3,251,38.57473544973545,9.081818181818182,89.51088190078735,37.85119354724884,89.51088190078735
ft_qwen3,252,62.84722222222222,12.3,85.78073978424072,15.749822556972504,85.78073978424072
ft_qwen3,253,42.25261437807165,11.58896551724138,89.40687775611877,37.23496198654175,89.40687775611877
ft_qwen3,254,68.18181818181817,26.490000000000006,87.38837242126465,25.27516484260559,87.38837242126465
ft_qwen3,255,43.64357497741644,11.843333333333337,86.49799823760986,19.999632239341736,86.49799823760986
ft_qwen3,256,40.57692307692308,10.154545454545456,86.95400357246399,22.701498866081238,86.95400357246399
ft_qwen3,257,59.48731501057082,14.445454545454545,86.64054870605469,20.84425538778305,86.64054870605469
ft_qwen3,258,43.21189321189321,14.444545454545459,86.89802289009094,22.369807958602905,86.89802289009094
ft_qwen3,259,39.2468917391518,9.32,90.1747465133667,41.78464114665985,90.1747465133667
ft_qwen3,260,60.88675213675213,8.467592592592595,87.87263035774231,28.144431114196777,87.87263035774231
ft_qwen3,261,35.93098144870551,14.790243902439027,89.44388031959534,37.45420277118683,89.44388031959534
ft_qwen3,262,47.91666666666667,8.383333333333333,86.20041608810425,18.2364359498024,86.20041608810425
ft_qwen3,263,36.60714285714286,6.2755555555555596,88.7204110622406,33.16759467124939,88.7204110622406
ft_qwen3,264,50.924075924075915,7.58666666666667,88.47637176513672,31.72164261341095,88.47637176513672
ft_qwen3,265,37.471417329473596,15.51727272727273,88.48215341567993,31.755900382995605,88.48215341567993
ft_qwen3,266,40.40650406504065,4.19857142857143,84.39231514930725,7.5233034789562225,84.39231514930725
ft_qwen3,267,34.99837556855101,11.624000000000002,90.69477319717407,44.86583769321442,90.69477319717407
ft_qwen3,268,52.0733297672953,6.010000000000002,89.51810598373413,37.89399564266205,89.51810598373413
ft_qwen3,269,59.72222222222222,9.255714285714287,87.5127375125885,26.012039184570312,87.5127375125885
ft_qwen3,270,35.863384981032034,11.693684210526317,88.63046765327454,32.63467252254486,88.63046765327454
ft_qwen3,271,36.006944444444436,19.57333333333334,88.28511834144592,30.588454008102417,88.28511834144592
ft_qwen3,272,54.94833236133613,9.778703703703705,86.21729016304016,18.33641678094864,86.21729016304016
ft_qwen3,273,61.425576519916135,14.040000000000003,89.5597755908966,38.14089298248291,89.5597755908966
ft_qwen3,274,37.89628866514832,10.44245660881175,86.77963018417358,21.668322384357452,86.77963018417358
ft_qwen3,275,49.95371834090183,16.235000000000003,91.52413010597229,49.77983832359314,91.52413010597229
ft_qwen3,276,23.340024963594754,11.38882352941177,88.36972117424011,31.08973205089569,88.36972117424011
ft_qwen3,277,55.718091017172014,44.09791666666666,81.99993968009949,-6.651699542999268,81.99993968009949
ft_qwen3,278,34.19181660349095,13.01125,83.06373357772827,-0.34864149056375027,83.06373357772827
ft_qwen3,279,41.81311434040557,20.834146341463413,87.09377646446228,23.529663681983948,87.09377646446228
ft_qwen3,280,29.107997265892006,9.209473684210526,84.48688387870789,8.083630353212357,84.48688387870789
ft_qwen3,281,41.226240350128414,10.562500000000004,90.36508798599243,42.912426590919495,90.36508798599243
ft_qwen3,282,29.98063155830146,5.806666666666668,89.645916223526,38.6512815952301,89.645916223526
ft_qwen3,283,66.03174603174602,3.650000000000002,88.23909759521484,30.3157776594162,88.23909759521484
ft_qwen3,284,41.869782701241974,9.825,87.8158450126648,27.807971835136414,87.8158450126648
ft_qwen3,285,33.58418490694032,10.500000000000004,91.05570912361145,47.00441062450409,91.05570912361145
ft_qwen3,286,40.44117647058823,11.752222222222223,92.66871213912964,56.5615713596344,92.66871213912964
ft_qwen3,287,35.36706349206349,10.208888888888893,91.14655256271362,47.54266440868378,91.14655256271362
ft_qwen3,288,51.925161559307895,16.719516129032254,86.97932958602905,22.851556539535522,86.97932958602905
ft_qwen3,289,66.48629148629149,9.341666666666669,88.88891935348511,34.166017174720764,88.88891935348511
ft_qwen3,290,37.5,6.310588235294119,87.85607814788818,28.04635763168335,87.85607814788818
ft_qwen3,291,28.93028268028268,7.190000000000001,87.85966038703918,28.067582845687866,87.85966038703918
ft_qwen3,292,53.46153846153846,5.818461538461541,88.88657689094543,34.152138233184814,88.88657689094543
ft_qwen3,293,39.70135388675345,9.825,87.84462213516235,27.978479862213135,87.84462213516235
ft_qwen3,294,62.5,7.773333333333333,84.59874391555786,8.74640941619873,84.59874391555786
ft_qwen3,295,66.66666666666666,4.964444444444446,86.47845387458801,19.883830845355988,86.47845387458801
ft_qwen3,296,55.55555555555555,6.936363636363637,87.87961006164551,28.185784816741943,87.87961006164551
ft_qwen3,297,51.45511506037822,3.7181818181818187,84.60986018180847,8.812274038791656,84.60986018180847
ft_qwen3,298,51.33257469654527,12.314736842105265,87.69882917404175,27.114644646644592,87.69882917404175
ft_qwen3,299,56.582514807048526,11.706666666666667,91.87855124473572,51.87981128692627,91.87855124473572
ft_deepseek,0,63.019986616040015,15.51727272727273,98.16738963127136,89.14164900779724,98.16738963127136
ft_deepseek,1,41.00755134589721,5.805,90.97796678543091,46.54377996921539,90.97796678543091
ft_deepseek,2,59.022304324028454,8.851428571428574,87.55242824554443,26.247209310531616,87.55242824554443
ft_deepseek,3,51.66666666666667,0.5199999999999996,84.04929041862488,5.490856245160103,84.04929041862488
ft_deepseek,4,38.114316239316246,11.520000000000003,87.03147172927856,23.160502314567566,87.03147172927856
ft_deepseek,5,37.00402414486921,16.67517241379311,84.88932251930237,10.46810895204544,84.88932251930237
ft_deepseek,6,38.246753246753244,12.187142857142856,86.05560064315796,17.378394305706024,86.05560064315796
ft_deepseek,7,43.40360726230292,5.806666666666668,85.04567742347717,11.394523829221725,85.04567742347717
ft_deepseek,8,9.495506535947712,9.081818181818182,88.94841074943542,34.51851010322571,88.94841074943542
ft_deepseek,9,41.61375661375661,11.096666666666668,91.7176365852356,50.9263813495636,91.7176365852356
ft_deepseek,10,38.85469392435337,11.096666666666668,86.57328486442566,20.44571191072464,86.57328486442566
ft_deepseek,11,31.79722525142373,15.030000000000001,89.81809616088867,39.671459794044495,89.81809616088867
ft_deepseek,12,67.01388888888889,14.445454545454545,94.15677785873413,65.37847518920898,94.15677785873413
ft_deepseek,13,92.22222222222221,8.89777777777778,97.28736281394958,83.92742276191711,97.28736281394958
ft_deepseek,14,49.766309143716086,6.310588235294119,90.67068696022034,44.72312331199646,90.67068696022034
ft_deepseek,15,14.538177339901479,14.040000000000003,87.35889196395874,25.10049343109131,87.35889196395874
ft_deepseek,16,9.524249463273854,10.562500000000004,82.13269710540771,-5.8651018887758255,82.13269710540771
ft_deepseek,17,35.18518518518518,12.316666666666666,85.03386378288269,11.324527114629745,85.03386378288269
ft_deepseek,18,56.296897546897554,2.342222222222226,87.39314079284668,25.303420424461365,87.39314079284668
ft_deepseek,19,24.18462556647373,3.653333333333336,87.30314373970032,24.770179390907288,87.30314373970032
ft_deepseek,20,37.35200154536539,16.462500000000002,90.81388711929321,45.571595430374146,90.81388711929321
ft_deepseek,21,33.1255489150226,5.993333333333336,85.34644842147827,13.176614046096802,85.34644842147827
ft_deepseek,22,37.77665995975855,12.286666666666669,85.61810255050659,14.786185324192047,85.61810255050659
ft_deepseek,23,43.79854445071836,12.270000000000003,88.15881609916687,29.840102791786194,88.15881609916687
ft_deepseek,24,26.350409953834948,9.910000000000004,93.71391534805298,62.75448203086853,93.71391534805298
ft_deepseek,25,42.087193851899734,12.55764705882353,86.33207082748413,19.01649981737137,86.33207082748413
ft_deepseek,26,61.36329460013671,9.44923076923077,99.51786398887634,97.14331030845642,99.51786398887634
ft_deepseek,27,38.2940108892922,11.752222222222223,88.48053216934204,31.74629509449005,88.48053216934204
ft_deepseek,28,50.92447452846876,31.830793650793655,86.764657497406,21.57960832118988,86.764657497406
ft_deepseek,29,63.48039215686274,10.350000000000001,85.77157855033875,15.695542097091675,85.77157855033875
ft_deepseek,30,27.884369052847312,10.098571428571429,85.6596827507019,15.032550692558289,85.6596827507019
ft_deepseek,31,7.3774809068926706,2.3114285714285714,89.76884484291077,39.37964141368866,89.76884484291077
ft_deepseek,32,21.3579771531254,11.984444444444446,93.24287176132202,59.9635124206543,93.24287176132202
ft_deepseek,33,29.828135067957852,10.978333333333332,93.44713091850281,61.17376089096069,93.44713091850281
ft_deepseek,34,35.938221766503005,27.093191489361704,98.05523157119751,88.47710490226746,98.05523157119751
ft_deepseek,35,39.28751803751804,16.053636363636368,85.49480438232422,14.055635035037994,85.49480438232422
ft_deepseek,36,43.39417784657722,7.004705882352944,87.29783892631531,24.738748371601105,87.29783892631531
ft_deepseek,37,43.464771589771594,9.32,95.96438407897949,76.08867287635803,95.96438407897949
ft_deepseek,38,51.25925925925926,11.142857142857142,85.98536252975464,16.96222722530365,85.98536252975464
ft_deepseek,39,36.02053140096618,9.081818181818182,85.8388900756836,16.09436720609665,85.8388900756836
ft_deepseek,40,39.30519135258647,13.901739130434787,87.70144581794739,27.13015079498291,87.70144581794739
ft_deepseek,41,53.462745361522536,7.698823529411765,87.57991194725037,26.410052180290222,87.57991194725037
ft_deepseek,42,25.330098841726752,8.370000000000001,86.88130974769592,22.27078229188919,86.88130974769592
ft_deepseek,43,33.33333333333333,20.8875,83.31138491630554,1.118711195886135,83.31138491630554
ft_deepseek,44,62.16450216450217,5.616470588235295,87.0634377002716,23.349903523921967,87.0634377002716
ft_deepseek,45,58.51716576308492,6.305714285714288,83.80520343780518,4.044622555375099,83.80520343780518
ft_deepseek,46,22.124643874643876,11.152000000000001,89.70650434494019,39.010271430015564,89.70650434494019
ft_deepseek,47,59.120825291237175,9.130000000000003,92.96634197235107,58.32505226135254,92.96634197235107
ft_deepseek,48,15.500408496732025,8.756666666666668,86.13826632499695,17.868193984031677,86.13826632499695
ft_deepseek,49,43.01941253093953,10.098571428571429,86.61500215530396,20.692889392375946,86.61500215530396
ft_deepseek,50,34.73819731008053,9.825,86.70024275779724,21.19794636964798,86.70024275779724
ft_deepseek,51,13.307326810616285,9.087500000000002,91.44903421401978,49.33488965034485,91.44903421401978
ft_deepseek,52,38.31102956786907,9.284347826086957,86.54145002365112,20.25708705186844,86.54145002365112
ft_deepseek,53,54.722222222222214,8.400000000000002,92.28904247283936,54.312002658843994,92.28904247283936
ft_deepseek,54,21.69738913944563,13.073333333333338,94.05219554901123,64.75881338119507,94.05219554901123
ft_deepseek,55,33.018218231632865,16.674193548387098,87.54435181617737,26.199355721473694,87.54435181617737
ft_deepseek,56,15.804655870445345,7.612500000000001,92.7976667881012,57.325637340545654,92.7976667881012
ft_deepseek,57,61.03145605723201,13.470000000000002,86.27482652664185,18.677324056625366,86.27482652664185
ft_deepseek,58,51.48269321953533,10.713333333333338,83.55437517166138,2.558446489274502,83.55437517166138
ft_deepseek,59,18.2363315696649,10.441111111111113,90.65371751785278,44.62257921695709,90.65371751785278
ft_deepseek,60,41.335978835978835,6.010000000000002,84.45664644241333,7.904471457004547,84.45664644241333
ft_deepseek,61,46.912244134466356,12.945,93.24332475662231,59.96619462966919,93.24332475662231
ft_deepseek,62,52.81149903360857,4.541111111111114,89.83686566352844,39.78267014026642,89.83686566352844
ft_deepseek,63,31.446713188199254,8.756666666666668,90.71761965751648,45.00120282173157,90.71761965751648
ft_deepseek,64,32.74047113567569,8.740000000000002,87.89170384407043,28.257441520690918,87.89170384407043
ft_deepseek,65,26.969696969696972,5.041428571428572,94.6732223033905,68.43844652175903,94.6732223033905
ft_deepseek,66,39.087823683001346,20.816595744680857,86.89401745796204,22.346076369285583,86.89401745796204
ft_deepseek,67,45.15083737264282,4.238333333333333,94.8977530002594,69.76880431175232,94.8977530002594
ft_deepseek,68,14.65579931502968,9.255714285714287,87.06029653549194,23.33129197359085,87.06029653549194
ft_deepseek,69,24.385324898772332,8.333333333333332,96.24907374382019,77.77548432350159,96.24907374382019
ft_deepseek,70,31.738105445001995,8.412857142857145,91.83518290519714,51.62284970283508,91.83518290519714
ft_deepseek,71,27.77616751074617,21.62258064516129,96.16391658782959,77.27091908454895,96.16391658782959
ft_deepseek,72,38.57457564365459,12.037500000000005,92.47623085975647,55.42110800743103,92.47623085975647
ft_deepseek,73,10.0404110290164,10.310434782608699,91.60074591636658,50.23379325866699,91.60074591636658
ft_deepseek,74,39.47466284781548,7.698823529411765,87.55239844322205,26.24703347682953,87.55239844322205
ft_deepseek,75,29.14245441223168,15.532258064516128,96.37519717216492,78.52277159690857,96.37519717216492
ft_deepseek,76,20.561660561660563,8.333333333333332,88.05882930755615,29.247674345970154,88.05882930755615
ft_deepseek,77,23.804713804713806,6.416666666666668,85.89838147163391,16.446858644485474,85.89838147163391
ft_deepseek,78,9.292095125428459,6.137499999999999,88.34790587425232,30.96047341823578,88.34790587425232
ft_deepseek,79,5.953689617059386,8.588421052631581,83.42535495758057,1.7939921468496323,83.42535495758057
ft_deepseek,80,29.8197489245639,9.080909090909092,88.3837640285492,31.17293417453766,88.3837640285492
ft_deepseek,81,44.46132219891516,11.68,94.26074624061584,65.99449515342712,94.26074624061584
ft_deepseek,82,13.179092512425846,9.92666666666667,87.55732774734497,26.27623975276947,87.55732774734497
ft_deepseek,83,23.61843742979788,13.901739130434787,90.45335650444031,43.43542456626892,90.45335650444031
ft_deepseek,84,46.02858764042975,6.310588235294119,97.8350579738617,87.17255592346191,97.8350579738617
ft_deepseek,85,19.772581597672342,5.863636363636363,87.80373334884644,27.736210823059082,87.80373334884644
ft_deepseek,86,35.26522666137637,11.752222222222223,84.78978276252747,9.878328442573547,84.78978276252747
ft_deepseek,87,53.55699855699856,7.190000000000001,93.90689730644226,63.897913694381714,93.90689730644226
ft_deepseek,88,41.38077200577201,11.520000000000003,89.1309380531311,35.59999763965607,89.1309380531311
ft_deepseek,89,52.5,17.04666666666667,88.52264285087585,31.995803117752075,88.52264285087585
ft_deepseek,90,27.242275698158053,6.790000000000003,90.18114805221558,41.82257056236267,90.18114805221558
ft_deepseek,91,29.211961791938094,15.07619047619048,96.27462029457092,77.92685031890869,96.27462029457092
ft_deepseek,92,40.50099206349206,9.140000000000004,92.93858408927917,58.160585165023804,92.93858408927917
ft_deepseek,93,16.656144781144782,12.172307692307694,92.00865030288696,52.650654315948486,92.00865030288696
ft_deepseek,94,57.30994152046783,13.945882352941176,88.53685259819031,32.07999765872955,88.53685259819031
ft_deepseek,95,31.944444444444443,12.316666666666666,95.9426760673523,75.96005201339722,95.9426760673523
ft_deepseek,96,33.044280358239604,17.861578947368418,83.13249945640564,0.058801466366276145,83.13249945640564
ft_deepseek,97,5.125152625152626,8.009090909090911,88.09483051300049,29.460984468460083,88.09483051300049
ft_deepseek,98,25.81908831908832,8.895238095238096,91.07859134674072,47.13998734951019,91.07859134674072
ft_deepseek,99,30.54571608493177,10.562500000000004,95.41695713996887,72.84513115882874,95.41695713996887
ft_deepseek,100,32.07374293231363,10.153636363636362,91.71143174171448,50.88961720466614,91.71143174171448
ft_deepseek,101,40.532085408064525,19.511538461538468,83.9348316192627,4.812679439783096,83.9348316192627
ft_deepseek,102,10.60090714492596,5.682857142857145,81.66873455047607,-8.614114671945572,81.66873455047607
ft_deepseek,103,34.89767321369695,6.936363636363637,98.73390197753906,92.49827265739441,98.73390197753906
ft_deepseek,104,14.047619047619046,0.6257142857142846,86.43110990524292,19.603314995765686,86.43110990524292
ft_deepseek,105,10.426841676841676,10.823478260869567,89.99074101448059,40.69439470767975,89.99074101448059
ft_deepseek,106,35.255014711536454,9.92666666666667,86.7695689201355,21.608708798885345,86.7695689201355
ft_deepseek,107,38.522012578616355,21.954545454545457,91.49072170257568,49.58189129829407,91.49072170257568
ft_deepseek,108,56.666666666666664,9.180000000000003,98.06777238845825,88.55140805244446,98.06777238845825
ft_deepseek,109,31.187105577349477,8.353333333333339,86.00554466247559,17.081809043884277,86.00554466247559
ft_deepseek,110,12.646316102198455,8.333333333333332,91.71440005302429,50.90720057487488,91.71440005302429
ft_deepseek,111,22.996031746031743,5.041428571428572,89.70171213150024,38.98187577724457,89.70171213150024
ft_deepseek,112,27.646717317769948,5.993333333333336,94.9881374835968,70.30434012413025,94.9881374835968
ft_deepseek,113,45.43350168350168,8.895238095238096,89.62067365646362,38.501718640327454,89.62067365646362
ft_deepseek,114,37.63014802885493,7.566666666666666,97.01080918312073,82.2888195514679,97.01080918312073
ft_deepseek,115,38.66809116809116,13.611538461538462,97.09347486495972,82.77862071990967,97.09347486495972
ft_deepseek,116,21.225594938830238,10.451578947368422,86.61357164382935,20.684413611888885,86.61357164382935
ft_deepseek,117,36.38888888888889,8.009090909090911,96.26179337501526,77.85084843635559,96.26179337501526
ft_deepseek,118,56.90476190476191,13.450000000000003,92.29165315628052,54.32747006416321,92.29165315628052
ft_deepseek,119,12.984098474321529,12.875652173913043,84.41811800003052,7.67618715763092,84.41811800003052
ft_deepseek,120,30.164418914418917,3.653333333333336,93.28409433364868,60.20776033401489,93.28409433364868
ft_deepseek,121,28.179875679875682,18.075555555555557,85.2752685546875,12.754867970943451,85.2752685546875
ft_deepseek,122,23.54090354090354,4.830000000000002,93.15996170043945,59.47226285934448,93.15996170043945
ft_deepseek,123,20.8521573026217,15.45,92.44126081466675,55.21390438079834,92.44126081466675
ft_deepseek,124,28.812257268735824,10.486666666666668,97.6106345653534,85.84282994270325,97.6106345653534
ft_deepseek,125,19.82456140350877,13.860000000000003,89.33913111686707,36.83355748653412,89.33913111686707
ft_deepseek,126,8.988266283524904,7.004705882352944,90.37678837776184,42.98175275325775,90.37678837776184
ft_deepseek,127,8.879731379731382,5.806666666666668,86.18794679641724,18.162554502487183,86.18794679641724
ft_deepseek,128,39.81481481481482,9.655000000000001,92.751544713974,57.05236196517944,92.751544713974
ft_deepseek,129,41.06469102792632,9.785555555555558,95.96297144889832,76.08030438423157,95.96297144889832
ft_deepseek,130,12.258033483839935,5.041428571428572,91.11221432685852,47.33920693397522,91.11221432685852
ft_deepseek,131,5.970810590375807,13.372727272727271,87.06607222557068,23.36551398038864,87.06607222557068
ft_deepseek,132,29.305555555555557,12.605000000000004,90.1600182056427,41.6973739862442,90.1600182056427
ft_deepseek,133,18.570665445665448,7.368571428571428,89.7178053855896,39.07723128795624,89.7178053855896
ft_deepseek,134,56.39440525804162,4.662500000000001,93.69016885757446,62.61377930641174,93.69016885757446
ft_deepseek,135,55.63085063085064,9.55,92.81628727912903,57.4359655380249,92.81628727912903
ft_deepseek,136,8.669108669108667,6.010000000000002,86.57395243644714,20.449666678905487,86.57395243644714
ft_deepseek,137,3.2159357996071996,9.57,87.68084645271301,27.008095383644104,87.68084645271301
ft_deepseek,138,27.280627643321946,6.936363636363637,93.1121826171875,59.189170598983765,93.1121826171875
ft_deepseek,139,33.7962962962963,4.003076923076925,93.5288667678833,61.65805459022522,93.5288667678833
ft_deepseek,140,26.219421101774042,14.9875,93.89346241950989,63.81831169128418,93.89346241950989
ft_deepseek,141,28.644133644133646,8.412857142857145,93.19641590118408,59.68825817108154,93.19641590118408
ft_deepseek,142,33.3937990370945,9.61727272727273,96.72773480415344,80.61158657073975,96.72773480415344
ft_deepseek,143,57.87910382701498,6.310588235294119,86.30297780036926,18.84412169456482,86.30297780036926
ft_deepseek,144,32.35735735735736,19.449696969696976,86.6365909576416,20.820805430412292,86.6365909576416
ft_deepseek,145,5.849770463741052,8.353333333333339,86.07099056243896,17.469580471515656,86.07099056243896
ft_deepseek,146,27.103729603729604,3.997142857142858,93.33776235580444,60.525745153427124,93.33776235580444
ft_deepseek,147,15.994132501485444,17.040000000000003,93.30416917800903,60.326701402664185,93.30416917800903
ft_deepseek,148,42.22957746998667,2.342222222222226,92.73845553398132,56.97481036186218,92.73845553398132
ft_deepseek,149,40.67129629629629,4.19857142857143,91.88125133514404,51.895809173583984,91.88125133514404
ft_deepseek,150,7.877366282538696,8.008181818181821,88.80963325500488,33.69624316692352,88.80963325500488
ft_deepseek,151,7.1355244996549345,4.91076923076923,89.55190181732178,38.09424042701721,89.55190181732178
ft_deepseek,152,55.55555555555555,13.372727272727271,86.76875829696655,21.60390615463257,86.76875829696655
ft_deepseek,153,33.91115854944128,6.8750000000000036,89.23327922821045,36.20637655258179,89.23327922821045
ft_deepseek,154,15.806159420289855,6.726153846153846,93.18170547485352,59.60109829902649,93.18170547485352
ft_deepseek,155,13.59126984126984,14.445454545454545,93.17842125892639,59.581637382507324,93.17842125892639
ft_deepseek,156,14.834267040149394,10.73,88.91319036483765,34.30982530117035,88.91319036483765
ft_deepseek,157,22.519813078210348,5.818461538461541,96.44090533256531,78.91209721565247,96.44090533256531
ft_deepseek,158,49.85312899106003,9.140000000000004,86.29007339477539,18.767662346363068,86.29007339477539
ft_deepseek,159,25.177615086282707,11.07263157894737,95.04771828651428,70.65736055374146,95.04771828651428
ft_deepseek,160,13.19088319088319,7.58666666666667,90.90116620063782,46.08873128890991,90.90116620063782
ft_deepseek,161,32.564484126984134,11.169411764705881,94.42465901374817,66.96568727493286,94.42465901374817
ft_deepseek,162,60.09468114731272,10.208888888888893,84.76719856262207,9.744515269994736,84.76719856262207
ft_deepseek,163,7.475998463901689,7.566666666666666,87.83453106880188,27.91869044303894,87.83453106880188
ft_deepseek,164,5.2445992011209395,8.180000000000003,86.41408085823059,19.502416253089905,86.41408085823059
ft_deepseek,165,33.92909639928081,13.5125,90.1410162448883,41.584786772727966,90.1410162448883
ft_deepseek,166,53.14814814814815,8.350000000000005,96.90448641777039,81.65885210037231,96.90448641777039
ft_deepseek,167,39.277944597905254,6.726153846153846,89.49843645095825,37.777453660964966,89.49843645095825
ft_deepseek,168,13.058574879227052,11.07263157894737,94.36802268028259,66.63011312484741,94.36802268028259
ft_deepseek,169,38.2427969054891,19.092121212121217,94.73690390586853,68.81576180458069,94.73690390586853
ft_deepseek,170,45.66764132553606,15.151612903225807,92.76753664016724,57.14711546897888,92.76753664016724
ft_deepseek,171,31.821134350626185,8.009090909090911,90.4303789138794,43.29928159713745,90.4303789138794
ft_deepseek,172,66.0245141952459,17.88571428571429,98.51488471031189,91.20057821273804,98.51488471031189
ft_deepseek,173,27.774198410808314,5.041428571428572,89.83779549598694,39.7881805896759,89.83779549598694
ft_deepseek,174,46.34013313829051,8.140000000000004,85.81016063690186,15.92414379119873,85.81016063690186
ft_deepseek,175,35.06944444444444,10.713333333333338,85.62527298927307,14.828670024871826,85.62527298927307
ft_deepseek,176,54.77066444904444,9.209473684210526,87.45842576026917,25.690236687660217,87.45842576026917
ft_deepseek,177,78.05023625611861,14.958750000000002,98.78588914871216,92.80630350112915,98.78588914871216
ft_deepseek,178,28.74448221197447,1.2900000000000027,93.31614375114441,60.39765477180481,93.31614375114441
ft_deepseek,179,19.06462733507367,12.26666666666667,92.63591170310974,56.36723041534424,92.63591170310974
ft_deepseek,180,22.051445996458785,13.901739130434787,89.74016904830933,39.20973539352417,89.74016904830933
ft_deepseek,181,63.88888888888889,5.240000000000002,89.67732191085815,38.837361335754395,89.67732191085815
ft_deepseek,182,44.642857142857146,6.620000000000001,88.95317912101746,34.54676270484924,88.95317912101746
ft_deepseek,183,36.23405103668261,5.818461538461541,85.38358807563782,13.396669924259186,85.38358807563782
ft_deepseek,184,63.308269976147876,7.771428571428572,83.32980871200562,1.2278735637664795,83.32980871200562
ft_deepseek,185,51.173941798941804,9.55,85.32705307006836,13.06169480085373,85.32705307006836
ft_deepseek,186,9.583333333333332,3.997142857142858,90.64509868621826,44.571512937545776,90.64509868621826
ft_deepseek,187,57.407407407407405,8.009090909090911,85.88806986808777,16.38576090335846,85.88806986808777
ft_deepseek,188,46.890557641496315,13.611538461538462,86.91447973251343,22.467316687107086,86.91447973251343
ft_deepseek,189,45.88464401708517,18.508571428571432,90.06142020225525,41.113173961639404,90.06142020225525
ft_deepseek,190,38.095238095238095,3.6700000000000017,86.0689103603363,17.457255721092224,86.0689103603363
ft_deepseek,191,20.914900924958392,10.47529411764706,91.51233434677124,49.709948897361755,91.51233434677124
ft_deepseek,192,50.83333333333333,4.450000000000003,89.35331702232361,36.917608976364136,89.35331702232361
ft_deepseek,193,55.55555555555555,8.790000000000003,90.27425050735474,42.37420856952667,90.27425050735474
ft_deepseek,194,61.184754465712096,8.73,85.89475750923157,16.42538607120514,85.89475750923157
ft_deepseek,195,47.63490380991538,9.080909090909092,90.23482203483582,42.14059114456177,90.23482203483582
ft_deepseek,196,56.38888888888888,7.190000000000001,89.43774700164795,37.41786479949951,89.43774700164795
ft_deepseek,197,30.95205220406833,8.541538461538462,86.4850401878357,19.922855496406555,86.4850401878357
ft_deepseek,198,59.88325281803542,6.010000000000002,88.83242607116699,33.831292390823364,88.83242607116699
ft_deepseek,199,57.870370370370374,4.91076923076923,87.36859560012817,25.15798807144165,87.36859560012817
ft_deepseek,200,51.6977466977467,7.612500000000001,86.50858998298645,20.062389969825745,86.50858998298645
ft_deepseek,201,45.83333333333333,2.890000000000004,88.5215163230896,31.98912739753723,88.5215163230896
ft_deepseek,202,42.439427826743575,9.781176470588235,91.76716208457947,51.219820976257324,91.76716208457947
ft_deepseek,203,60.9769705603039,11.264615384615386,83.24809670448303,0.74372380040586,83.24809670448303
ft_deepseek,204,32.718357300168414,2.645454545454548,90.08013010025024,41.224029660224915,90.08013010025024
ft_deepseek,205,59.84432234432234,5.993333333333336,88.16440105438232,29.873192310333252,88.16440105438232
ft_deepseek,206,30.44522483413235,3.11452380952381,90.84555506706238,45.759230852127075,90.84555506706238
ft_deepseek,207,38.54900234741784,12.26666666666667,86.25407814979553,18.554387986660004,86.25407814979553
ft_deepseek,208,47.007955971056646,6.215000000000003,92.44987964630127,55.264973640441895,92.44987964630127
ft_deepseek,209,38.737073112073105,9.825,89.59027528762817,38.32160532474518,89.59027528762817
ft_deepseek,210,52.95933188090051,11.752222222222223,87.44478225708008,25.609397888183594,87.44478225708008
ft_deepseek,211,34.905660377358494,16.791851851851856,87.09078431129456,23.511934280395508,87.09078431129456
ft_deepseek,212,18.59027777777778,9.140000000000004,84.32748913764954,7.139204442501068,84.32748913764954
ft_deepseek,213,36.18340155520356,13.62344827586207,88.43812942504883,31.495055556297302,88.43812942504883
ft_deepseek,214,54.52634793714254,10.690000000000001,93.93457174301147,64.06188607215881,93.93457174301147
ft_deepseek,215,19.503806473997596,9.457142857142859,84.17173027992249,6.216321513056755,84.17173027992249
ft_deepseek,216,50.4097006613366,10.019047619047623,88.4464979171753,31.54463768005371,88.4464979171753
ft_deepseek,217,35.644603934077615,10.154545454545456,89.43755626678467,37.41673231124878,89.43755626678467
ft_deepseek,218,19.212870462870466,4.190000000000001,89.80027437210083,39.56586420536041,89.80027437210083
ft_deepseek,219,22.957140946047037,14.040000000000003,93.40799450874329,60.941874980926514,93.40799450874329
ft_deepseek,220,25.815705388435568,11.22636363636364,90.74631929397583,45.17125189304352,90.74631929397583
ft_deepseek,221,34.216610215836226,5.041428571428572,95.47345042228699,73.17985892295837,95.47345042228699
ft_deepseek,222,36.42266031783805,14.596666666666668,89.07170295715332,35.249024629592896,89.07170295715332
ft_deepseek,223,27.327764827764828,3.9250000000000007,87.14515566825867,23.834088444709778,87.14515566825867
ft_deepseek,224,54.166666666666664,15.45,92.27543473243713,54.23137545585632,92.27543473243713
ft_deepseek,225,36.51210126819883,9.781176470588235,91.09177589416504,47.21810817718506,91.09177589416504
ft_deepseek,226,28.48063973063973,4.450000000000003,84.56454277038574,8.543764799833298,84.56454277038574
ft_deepseek,227,27.34092598947609,8.541538461538462,89.53135013580322,37.97246813774109,89.53135013580322
ft_deepseek,228,44.04122011029905,3.653333333333336,92.2173261642456,53.88707518577576,92.2173261642456
ft_deepseek,229,60.049822300461685,6.936363636363637,95.25561928749084,71.88919186592102,95.25561928749084
ft_deepseek,230,55.61002178649237,5.806666666666668,86.75777316093445,21.538817882537842,86.75777316093445
ft_deepseek,231,47.04288766788767,8.353333333333339,89.85593914985657,39.8956835269928,89.85593914985657
ft_deepseek,232,34.978070175438596,7.967368421052633,90.0647521018982,41.132915019989014,90.0647521018982
ft_deepseek,233,55.344294627448754,14.911666666666669,93.19071173667908,59.65445637702942,93.19071173667908
ft_deepseek,234,23.350694444444446,6.310588235294119,90.84087610244751,45.73150873184204,90.84087610244751
ft_deepseek,235,18.704906204906205,10.941428571428574,87.24318146705627,24.414898455142975,87.24318146705627
ft_deepseek,236,41.13015735049634,7.550000000000001,82.18610882759094,-5.548633635044098,82.18610882759094
ft_deepseek,237,22.090657519046264,3.653333333333336,87.37397193908691,25.18984079360962,87.37397193908691
ft_deepseek,238,31.304957655576853,14.756315789473685,89.05029892921448,35.1222038269043,89.05029892921448
ft_deepseek,239,34.86360832011282,16.293548387096777,86.32083535194397,18.949928879737854,86.32083535194397
ft_deepseek,240,20.73536865402894,5.884285714285717,88.52259516716003,31.995519995689392,88.52259516716003
ft_deepseek,241,18.330610021786494,7.163333333333334,84.96404886245728,10.910868644714355,84.96404886245728
ft_deepseek,242,34.29996573983915,18.493529411764708,83.17084908485413,0.2860258799046278,83.17084908485413
ft_deepseek,243,40.972222222222214,15.638095238095236,87.68221735954285,27.01621949672699,87.68221735954285
ft_deepseek,244,64.93055555555554,8.009090909090911,89.6876335144043,38.89845907688141,89.6876335144043
ft_deepseek,245,35.18178471948435,9.503333333333334,88.10323476791382,29.510778188705444,88.10323476791382
ft_deepseek,246,31.227928468084905,7.163333333333334,83.48239064216614,2.1319327875971794,83.48239064216614
ft_deepseek,247,37.29201423645868,18.468372093023252,87.78339624404907,27.615711092948914,87.78339624404907
ft_deepseek,248,59.692310004810004,7.612500000000001,89.77770805358887,39.432159066200256,89.77770805358887
ft_deepseek,249,44.36617304264363,6.780000000000001,89.96955752372742,40.56887924671173,89.96955752372742
ft_deepseek,250,45.78108672936259,10.451578947368422,87.82117962837219,27.839580178260803,87.82117962837219
ft_deepseek,251,44.25595238095239,14.445454545454545,90.77622294425964,45.348432660102844,90.77622294425964
ft_deepseek,252,62.84722222222222,7.190000000000001,87.15177178382874,23.873290419578552,87.15177178382874
ft_deepseek,253,52.4129172136691,7.190000000000001,88.43700289726257,31.48837983608246,88.43700289726257
ft_deepseek,254,60.0,20.590000000000007,87.38833665847778,25.274953246116638,87.38833665847778
ft_deepseek,255,37.37278244631186,9.55,88.69497776031494,33.01689922809601,88.69497776031494
ft_deepseek,256,49.081574210440195,3.7550000000000026,86.65345907211304,20.920749008655548,86.65345907211304
ft_deepseek,257,57.738095238095234,8.89777777777778,84.73107814788818,9.530499577522278,84.73107814788818
ft_deepseek,258,41.85526607521493,12.314736842105265,88.96422386169434,34.612202644348145,88.96422386169434
ft_deepseek,259,40.50925925925925,8.353333333333339,89.69616293907166,38.94899785518646,89.69616293907166
ft_deepseek,260,36.98710849873641,12.690000000000001,86.99583411216736,22.949346899986267,86.99583411216736
ft_deepseek,261,36.49566905615293,8.895238095238096,91.40036702156067,49.046534299850464,91.40036702156067
ft_deepseek,262,47.91666666666667,8.383333333333333,86.78482174873352,21.699082851409912,86.78482174873352
ft_deepseek,263,57.43055555555555,6.416666666666668,91.28345251083374,48.353806138038635,91.28345251083374
ft_deepseek,264,36.56410256410256,11.624000000000002,89.21206593513489,36.08068525791168,89.21206593513489
ft_deepseek,265,43.44800670411104,13.512,87.75672316551208,27.457672357559204,87.75672316551208
ft_deepseek,266,57.12962962962963,5.230000000000004,84.65739488601685,9.093920886516571,84.65739488601685
ft_deepseek,267,52.896148989899,3.7181818181818187,88.20378184318542,30.106526613235474,88.20378184318542
ft_deepseek,268,39.84301560443692,9.44923076923077,88.5122001171112,31.93393051624298,88.5122001171112
ft_deepseek,269,49.70899470899471,9.655000000000001,88.70296478271484,33.06422531604767,88.70296478271484
ft_deepseek,270,31.63800675419866,9.92666666666667,86.59957647323608,20.601491630077362,86.59957647323608
ft_deepseek,271,34.206649831649834,13.673333333333336,89.50572609901428,37.820643186569214,89.50572609901428
ft_deepseek,272,51.42922278338945,7.600000000000001,88.41435313224792,31.354176998138428,88.41435313224792
ft_deepseek,273,59.72222222222222,24.913333333333338,84.14897322654724,6.081484258174896,84.14897322654724
ft_deepseek,274,43.07540734103365,12.690000000000001,85.86992621421814,16.278259456157684,85.86992621421814
ft_deepseek,275,37.8033388754285,15.940000000000001,88.93030285835266,34.411218762397766,88.93030285835266
ft_deepseek,276,22.63053613053613,4.450000000000003,87.00072765350342,22.978341579437256,87.00072765350342
ft_deepseek,277,54.02369281045751,8.009090909090911,86.30861639976501,18.877531588077545,86.30861639976501
ft_deepseek,278,50.45605849177278,8.733571428571427,84.92570519447327,10.683678835630417,84.92570519447327
ft_deepseek,279,47.45619813204685,23.077837837837837,89.63181972503662,38.56775760650635,89.63181972503662
ft_deepseek,280,31.372195342783577,8.370000000000001,86.84662580490112,22.0652773976326,86.84662580490112
ft_deepseek,281,44.41705508376023,10.562500000000004,90.92826247215271,46.249279379844666,90.92826247215271
ft_deepseek,282,52.265360705293965,2.3114285714285714,88.65495324134827,32.7797532081604,88.65495324134827
ft_deepseek,283,39.58333333333333,6.705000000000002,87.26890683174133,24.567323923110962,87.26890683174133
ft_deepseek,284,40.99994547318371,3.653333333333336,88.76112699508667,33.408838510513306,88.76112699508667
ft_deepseek,285,30.850783475783476,6.780000000000001,94.89573240280151,69.75683569908142,94.89573240280151
ft_deepseek,286,61.9295634920635,6.790000000000003,92.55124926567078,55.86559772491455,92.55124926567078
ft_deepseek,287,47.54503892811877,6.726153846153846,91.13028645515442,47.44628667831421,91.13028645515442
ft_deepseek,288,42.45370370370371,8.009090909090911,89.09356594085693,35.37856638431549,89.09356594085693
ft_deepseek,289,43.492063492063494,14.080000000000002,92.82792210578918,57.50490427017212,92.82792210578918
ft_deepseek,290,59.814814814814824,12.831111111111113,90.63385725021362,44.50490474700928,90.63385725021362
ft_deepseek,291,28.93028268028268,5.240000000000002,88.3228063583374,30.81175684928894,88.3228063583374
ft_deepseek,292,65.21978021978022,7.698823529411765,88.8007640838623,33.6436927318573,88.8007640838623
ft_deepseek,293,37.93463794822491,13.216551724137933,92.27396845817566,54.22268509864807,92.27396845817566
ft_deepseek,294,34.61538461538462,8.333333333333332,83.99400115013123,5.163263157010078,83.99400115013123
ft_deepseek,295,44.44444444444445,4.790909090909089,89.67870473861694,38.84555697441101,89.67870473861694
ft_deepseek,296,54.99999999999999,10.723333333333333,87.48601078987122,25.853681564331055,87.48601078987122
ft_deepseek,297,49.025106837606835,10.098571428571429,84.99721884727478,11.107403039932251,84.99721884727478
ft_deepseek,298,36.25926226679388,15.3275,89.96451497077942,40.539002418518066,89.96451497077942
ft_deepseek,299,39.22192546126786,18.01939393939394,89.96865749359131,40.56354761123657,89.96865749359131
